$MeshFormat
2.2 0 8
$EndMeshFormat
$Nodes
7861
 1 0 0 0
 2 0.037416982887 0 0
 3 0.0387601430917371 0.0289804747395028 0
 4 0.0701338057200001 0 0
 5 0.0815074190456818 0.0363020612678762 0
 6 0.0538052050728836 0.0652833888483083 0
 7 0.0308052248440461 0.0904879251979473 0
 8 0.0690940766569833 0.109004791439996 0
 9 0.114630754159128 0.0405221158659999 0
 10 0.097730165273189 0.0778371113946949 0
 11 0.0363254545618379 0.133678688338204 0
 12 0.131958442274675 0.0649753096348254 0
 13 0.0750942115174679 0.157849231083913 0
 14 0.108057935566703 0.121306245900886 0
 15 0.152707041267319 0.0394561717075819 0
 16 0.140195738405121 0.095705657590488 0
 17 0 0.15239177922 0
 18 0.0385444923365856 0.180303244547355 0
 19 0.176318031794571 0.0251204340466184 0
 20 0.186259779403411 0.0546651587871842 0
 21 0.183304500315 0 0
 22 0.103546598338227 0.187845349257327 0
 23 0.178873414488424 0.0884531941882103 0
 24 0.0747706045359642 0.21394190577542 0
 25 0.13604112929794 0.149559207596349 0
 26 0.173730544743493 0.118428832486781 0
 27 0.21133791465 0 0
 28 0.20695194498142 0.0800691461752873 0
 29 0.207394834903107 0.0280861518099666 0
 30 0.0348730590637153 0.223941496771393 0
 31 0.213464307942137 0.0555776930832489 0
 32 0.232729606815 0 0
 33 0.16972210549851 0.154145300773731 0
 34 0.235150162647518 0.0205603368080345 0
 35 0.140887558839678 0.184522232921635 0
 36 0.234042885948174 0.0455442659595506 0
 37 0.202458720834708 0.108603058882068 0
 38 0.200685275041679 0.138926815230145 0
 39 0.232709846669296 0.0717416841401051 0
 40 0.2530406428665 0 0
 41 0 0.256039130379 0
 42 0.118221356165986 0.218596647819229 0
 43 0.199450672439981 0.16967056904152 0
 44 0.228056246861524 0.0973107298545372 0
 45 0.256734800090497 0.0398025102488457 0
 46 0.173112243512929 0.186920639032807 0
 47 0.0534165787525109 0.261905764725345 0
 48 0.255554882490773 0.0626644468335047 0
 49 0.226337278051994 0.12414096305573 0
 50 0.262630928042242 0.0186992926046711 0
 51 0.252499970058094 0.0861862356512812 0
 52 0.160864284063723 0.218429647935028 0
 53 0.27309936717015 0 0
 54 0.0968182865745669 0.257859373273268 0
 55 0.249734811819547 0.109883389635638 0
 56 0.275589676357379 0.0340815870488398 0
 57 0.199034378200002 0.205119956083006 0
 58 0.274009446356866 0.0772287720631905 0
 59 0.278103018396809 0.0542775216652633 0
 60 0.228091708119693 0.152426260084177 0
 61 0.250203061064768 0.132943821658522 0
 62 0.285311630821692 0.0179229251759114 0
 63 0.135284675798651 0.244677740271534 0
 64 0.032863230954204 0.304131754545099 0
 65 0.271456332053745 0.098328217035631 0
 66 0.293109292931865 0 0
 67 0 0.345965539089 0
 68 0.19298613578078 0.236021874192254 0
 69 0.254306094776938 0.151226956282461 0
 70 0.223543238832526 0.181162849366513 0
 71 0.270699208709277 0.12046646285284 0
 72 0.295457671297692 0.0372138017082221 0
 73 0.292760881615467 0.0706099542714237 0
 74 0.248879675606414 0.17063724297475 0
 75 0.288604885333859 0.108616904805971 0
 76 0.168290784719933 0.255787889674265 0
 77 0.13649347995089 0.273926971907934 0
 78 0.294723815797274 0.0900842233693256 0
 79 0.302942092530232 0.0557016633984724 0
 80 0.22750260299617 0.20442848722147 0
 81 0.112004220079573 0.295315693589865 0
 82 0.308125121287844 0.0196447138759904 0
 83 0.277137611488941 0.141813954358213 0
 84 0.269133668281634 0.162116792055619 0
 85 0.315063362417376 0 0
 86 0.248480449906767 0.192019841198666 0
 87 0.078954367603178 0.305381979008252 0
 88 0.315623000574515 0.0403106235120858 0
 89 0.229400736470719 0.229195377469493 0
 90 0.311712487589525 0.0746273199272489 0
 91 0.294059977494304 0.126215186392119 0
 92 0.214816424443223 0.247637509841745 0
 93 0.272805933390456 0.182426885960043 0
 94 0.307620341612037 0.108890656943617 0
 95 0.248556622970419 0.214264025846933 0
 96 0.323539608873473 0.0590933173122002 0
 97 0.328975171860761 0.0279406463910283 0
 98 0.289347051580261 0.16258764236797 0
 99 0.318813184007913 0.0925892238861282 0
 100 0.205134091522644 0.268427388133448 0
 101 0.333817001393865 0 0
 102 0.301677055698185 0.144530887345421 0
 103 0.269012068906017 0.204927794083911 0
 104 0.247588819762085 0.236875119786154 0
 105 0.334193026172098 0.0449856659182564 0
 106 0.314934052733251 0.127545822252831 0
 107 0.331311651740449 0.076680916285499 0
 108 0.169510555296307 0.287792296404218 0
 109 0.0577236085856766 0.339642782634387 0
 110 0.327285369131632 0.110555880004344 0
 111 0.265157969563007 0.225915715182018 0
 112 0.120319886580417 0.334413458619988 0
 113 0.447313819926707 0.850249304711967 0
 114 0.343767995442396 0.0156051621757453 0
 115 0.297678059940487 0.181493885594377 0
 116 0.343817309933325 0.0610616786279914 0
 117 0.310791180194861 0.16282774302637 0
 118 0.289136449824168 0.20059602699328 0
 119 0.339453549511917 0.0950609255423087 0
 120 0.322672002771133 0.145989362883978 0
 121 0.350521931854171 0 0
 122 0.281374155353363 0.21779912505072 0
 123 0.220650582218174 0.284887481245142 0
 124 0.262045754175026 0.247279064121945 0
 125 0.35035782792721 0.0460469862538222 0
 126 0.333437012438303 0.128738437020391 0
 127 0.140996428813091 0.304809643259044 0
 128 0.347671720218253 0.0779136766622376 0
 129 0.237428779483087 0.261080609287429 0
 130 0.200053117367355 0.297343928151112 0
 131 0.344972614188458 0.113211595724618 0
 132 0.282954870794728 0.235931510861855 0
 133 0.318468295250989 0.179830305463347 0
 134 0.0529658304873353 0.382814001337359 0
 135 0.309580750388793 0.200464613988824 0
 136 0.359081561049145 0.0671281298066532 0
 137 0.262022489961482 0.264982737660476 0
 138 0.0887238435153975 0.357649077581443 0
 139 0.332306662045464 0.163565596830941 0
 140 0.369219417252324 0.0236677316381369 0
 141 0.221032120359867 0.307685924186608 0
 142 0.300052553449406 0.222593041627573 0
 143 0.358252180782262 0.102581312827829 0
 144 0.340542658413128 0.145686737268505 0
 145 0.3792171157774 0 0
 146 0.239456694191351 0.293498460644676 0
 147 0.28099036532134 0.256192795394396 0
 148 0.377111004655793 0.0467534872276361 0
 149 0.348876428248333 0.129864796444325 0
 150 0.257188483858423 0.282877065452234 0
 151 0.203963193951563 0.327853643993538 0
 152 0.360187708478544 0.118576962194058 0
 153 0.381614193505942 0.0208055639277402 0
 154 0.319279997922975 0.219713481774545 0
 155 0.298970498548925 0.246707036101727 0
 156 0.226437612466292 0.331300811304792 0
 157 0.338447961559384 0.182795132349987 0
 158 0.329263031231325 0.204384901601277 0
 159 0.351983836396916 0.157555723892858 0
 160 0.279011023933885 0.27681962007187 0
 161 0.389909723997912 0.038871390212212 0
 162 0.241524468631071 0.316814075015303 0
 163 0.375386715983247 0.101167467396804 0
 164 0.365750945445824 0.147497289184957 0
 165 0.180919818594762 0.354227267547013 0
 166 0.392434466 0 0
 167 0.315626374744836 0.239612719987304 0
 168 0.258557223080514 0.304711189146345 0
 169 0.150235679201195 0.357689256095634 0
 170 0.396756038691329 0.0630326446773063 0
 171 0.296989381606792 0.2681466526495 0
 172 0.376015815328105 0.137606036494375 0
 173 0.124518233507726 0.377594306229596 0
 174 0.391572936052892 0.0850463447302678 0
 175 0.27704302051822 0.296646605578434 0
 176 0.21448485634619 0.351815183366133 0
 177 0.387700190047674 0.120808246670376 0
 178 0.355751759126734 0.183566816528232 0
 179 0.405574751605611 0.0181793618290767 0
 180 0.332489956525959 0.235775250291285 0
 181 0.314223681104708 0.26045219518224 0
 182 0.375190355974275 0.172309999799399 0
 183 0.295217512678384 0.288626236571271 0
 184 0.259054285951754 0.32336531591456 0
 185 0.40036456818011 0.102309526778015 0
 186 0.411196226101194 0.0477776372361511 0
 187 0.392123874659338 0.151456040967686 0
 188 0.414464711 0 0
 189 0.330513162050747 0.253825141367458 0
 190 0.275766448185662 0.316740704901248 0
 191 0.312945241099778 0.280740018467531 0
 192 0.411785029130165 0.0824881803749019 0
 193 0.397383512903028 0.139632005499489 0
 194 0.233837904508795 0.351531087303352 0
 195 0.293331523254618 0.309004922790488 0
 196 0.378560617369926 0.185739310429406 0
 197 0.375565231163599 0.207570481894493 0
 198 0.409260600087504 0.121176099910202 0
 199 0.423639495746135 0.0639892244299229 0
 200 0.249840281101441 0.340189377067572 0
 201 0.42744315616605 0.015769695639668 0
 202 0.346293020012322 0.247445472209729 0
 203 0.329996133783223 0.273087531402639 0
 204 0.393207316850246 0.170118266823589 0
 205 0.197268777721378 0.374078624004848 0
 206 0.0933585053249604 0.404518384322777 0
 207 0.0519417463000749 0.418976072371304 0
 208 0.363139526766082 0.22245905165751 0
 209 0.311076950034292 0.300753218044586 0
 210 0.272091298362987 0.337178134585458 0
 211 0.421273625590576 0.1067464659575 0
 212 0.404134155260256 0.15461197910813 0
 213 0.429493314399768 0.0437647520985433 0
 214 0.434600516174 0 0
 215 0.290787563200385 0.329932836745164 0
 216 0.345379965570381 0.264959984450826 0
 217 0.165701178916812 0.391343574619822 0
 218 0.416681199768325 0.139348185396424 0
 219 0.328790947971869 0.292757901856886 0
 220 0.430873419550655 0.0824392143419437 0
 221 0.134159276040849 0.409778952520941 0
 222 0.383210250731678 0.219902084290424 0
 223 0.392171433993269 0.2010482518201 0
 224 0.249620056795114 0.363480054453576 0
 225 0.402348321592803 0.188210703087984 0
 226 0.308594934628742 0.320994619743573 0
 227 0.229350726620144 0.370750829607374 0
 228 0.426264843701206 0.122640021134472 0
 229 0.441561531053585 0.0630600831167789 0
 230 0.268483376038278 0.356596803744168 0
 231 0.443575777870445 0.0215811624222462 0
 232 0.413461991393546 0.172349376184691 0
 233 0.360349261217704 0.256364259466557 0
 234 0.345780883371815 0.284072017193147 0
 235 0.379917147320076 0.239892056347265 0
 236 0.287916009999057 0.351470708736432 0
 237 0.203918200383236 0.396047387459742 0
 238 0.326144281706334 0.312467506393042 0
 239 0.423850537685049 0.156973430972363 0
 240 0.455613413271689 0.0445250070698937 0
 241 0.443256446054954 0.106419917377436 0
 242 0.395346744559287 0.222722941264428 0
 243 0.43372375855571 0.142911494121199 0
 244 0.305963601516555 0.341606183390953 0
 245 0.45828734216429 0 0
 246 0.359869217617967 0.272389132730619 0
 247 0.449843275632789 0.0753947542049785 0
 248 0.343726423629492 0.305133512087903 0
 249 0.412144883247246 0.206726012766903 0
 250 0.264356627890172 0.375132214397716 0
 251 0.42176590493215 0.190234694150213 0
 252 0.247026344842397 0.384809982309053 0
 253 0.323237626619612 0.332078440151544 0
 254 0.228133126562481 0.397330057147048 0
 255 0.449858242707184 0.128448703509803 0
 256 0.463911316468002 0.0637578694793448 0
 257 0.430561512655577 0.178777187464223 0
 258 0.124045160832991 0.440745773688476 0
 259 0.390641095607643 0.257763156140681 0
 260 0.356355889726922 0.295726837981486 0
 261 0.470205667579642 0.0240849407652215 0
 262 0.283887032352889 0.375419804290764 0
 263 0.404108030418374 0.241521373748407 0
 264 0.0853781308878322 0.445913142855974 0
 265 0.303565407327092 0.362423999318983 0
 266 0.340201996582991 0.324338406362149 0
 267 0.466872076639928 0.0963035101640654 0
 268 0.451243796102016 0.147518611050512 0
 269 0.417933408106887 0.224903060683588 0
 270 0.474387550595082 0.0486284859998525 0
 271 0.190218349234935 0.417923464973785 0
 272 0.428644282841608 0.208130807543532 0
 273 0.320098644810512 0.351105946404457 0
 274 0.376234669334633 0.288068635278149 0
 275 0.481538338728533 0 0
 276 0.163919798343905 0.434565975996051 0
 277 0.807122530351658 0.377247283976124 0
 278 0.0472137076118128 0.460240650279224 0
 279 0.356992330680072 0.319974949256843 0
 280 0.268905296678858 0.395036556417449 0
 281 0.440171900056425 0.193256332325946 0
 282 0.469845871351225 0.115029315359194 0
 283 0.246274284925281 0.407607955378741 0
 284 0.221306146903329 0.423314043828073 0
 285 0.337224491606629 0.342522069217911 0
 286 0.397742160867324 0.27887308530279 0
 287 0.452473979313803 0.178433563584288 0
 288 0.489557892516849 0.0345836445803388 0
 289 0.114960716013226 0.474308618363436 0
 290 0.484506806326988 0.0633790873076052 0
 291 0.303450421635775 0.381788584141045 0
 292 0.413957395286753 0.25808743485525 0
 293 0.424910060216167 0.241160609812626 0
 294 0.461233152480323 0.16480603609273 0
 295 0.372678833614547 0.311394283039549 0
 296 0.483112938444612 0.097160818749204 0
 297 0.491619395853376 0.0181698628504573 0
 298 0.0806885799450428 0.48304568260516 0
 299 0.321163509573398 0.369364216816327 0
 300 0.352507419687675 0.336929117927136 0
 301 0.474513112605186 0.147503395170536 0
 302 0.437016673520418 0.225336867637467 0
 303 0.492876272395293 0.0510794488068289 0
 304 0.290516643326873 0.399542659967378 0
 305 0.492646668006195 0.0812045879252641 0
 306 0.334561021249953 0.35774875677036 0
 307 0.5025487564899 0 0
 308 0.399997299749941 0.299396558982674 0
 309 0 0.4470884769 0
 310 0.153563613440717 0.470778650865774 0
 311 0.265858309919702 0.41750446033824 0
 312 0.462949111958369 0.19308970722337 0
 313 0.248252423626978 0.426286833796878 0
 314 0.376891446763287 0.336110268993324 0
 315 0.501938425430716 0.03400018426415 0
 316 0.488302127674392 0.13161560487529 0
 317 0.471233515560252 0.180571075750299 0
 318 0.423068371357097 0.27559565294209 0
 319 0.350512828585518 0.353740583827908 0
 320 0.410830369552974 0.290025419601192 0
 321 0.432504461812493 0.261119722555495 0
 322 0.503007887071451 0.0681711401243411 0
 323 0.493440192524607 0.113754828976838 0
 324 0.310643755617239 0.399425423590448 0
 325 0.442636340806977 0.244729381209261 0
 326 0.482772862092435 0.164904017097695 0
 327 0.397490462022795 0.322256791349859 0
 328 0.502041477990111 0.0993216087862793 0
 329 0.457883846288975 0.227636018113459 0
 330 0.0512438435685096 0.50249565249226 0
 331 0.512668638354927 0.0170810752602443 0
 332 0.493752438678166 0.148601740524722 0
 333 0.199433626361996 0.443651381187598 0
 334 0.470324706182921 0.211456573306955 0
 335 0.183446869554228 0.462716362484464 0
 336 0.512939855259954 0.0498765213879429 0
 337 0.224062915788769 0.449687621752434 0
 338 0.330048879784629 0.395371250937582 0
 339 0.510964351323351 0.0814772512919982 0
 340 0.244063838974498 0.44361318162872 0
 341 0.390696453669656 0.342117802903062 0
 342 0.502908769573882 0.131010885796385 0
 343 0.522776306006726 0 0
 344 0.285449876493545 0.429738292371316 0
 345 0.41564428388277 0.311254963250952 0
 346 0.136628245010133 0.49803690589828 0
 347 0.266510376936245 0.438063214409876 0
 348 0.302019462499368 0.417877907195311 0
 349 0.485565420265999 0.199012350920638 0
 350 0.348373501686313 0.387514424890153 0
 351 0.441470029704616 0.273529197808817 0
 352 0.379831636903012 0.360221275674578 0
 353 0.429691248224188 0.292406650369072 0
 354 0.492355122595664 0.179853274481069 0
 355 0.108262334502836 0.510962575692442 0
 356 0.362192707116087 0.378303421388149 0
 357 0.320796743147606 0.412175375356748 0
 358 0.512819644781655 0.118545406733346 0
 359 0.455549178434118 0.260091015798991 0
 360 0.463612542593267 0.242031705822459 0
 361 0.406910874329361 0.331016961329248 0
 362 0.522966623104852 0.0658514776720856 0
 363 0.501286489846649 0.162650484496045 0
 364 0.0764948092843163 0.514736359595033 0
 365 0.0248147193805253 0.528444034645161 0
 366 0.480543492143442 0.229807117457033 0
 367 0.531499720012003 0.0167258242160402 0
 368 0.522880817641125 0.101368655637338 0
 369 0.487805231726536 0.210903052447341 0
 370 0.51006091530598 0.151195200933679 0
 371 0.213309165758411 0.471238771045677 0
 372 0.190365464933952 0.491062202590696 0
 373 0.241455576787637 0.465562112908547 0
 374 0.531529975501745 0.0521638941613273 0
 375 0.265326117640791 0.458197338565577 0
 376 0.286261314220609 0.449582884749178 0
 377 0.53227582980048 0.0851358702540563 0
 378 0.318973319034181 0.430046555971404 0
 379 0.502396697132371 0.197363563307751 0
 380 0.30329297116094 0.439118075192275 0
 381 0.448250605764337 0.295000808993478 0
 382 0.364505578000193 0.402515872154089 0
 383 0.522978690400322 0.134431842574797 0
 384 0.439267362964815 0.314838459502454 0
 385 0.42742530438391 0.327946907460952 0
 386 0.54369114960282 0 0
 387 0 0.531231654936 0
 388 0.463097948653637 0.279178253600523 0
 389 0.474174193405812 0.262232506969508 0
 390 0.350916594465785 0.413823597256294 0
 391 0.510777232594602 0.179551123131852 0
 392 0.542360124448996 0.0355271154288279 0
 393 0.33408575656463 0.4224250700653 0
 394 0.533028875701941 0.117249314749599 0
 395 0.484917431323646 0.244882368545409 0
 396 0.392821559439824 0.375642655003481 0
 397 0.418235078759937 0.344645229629358 0
 398 0.405112619687869 0.358827485996183 0
 399 0.496593337046091 0.230539085045937 0
 400 0.52056161370432 0.169427075733448 0
 401 0.544998862536007 0.0691047953974786 0
 402 0.0877075393092102 0.53759812004653 0
 403 0.219469524804343 0.494196736869511 0
 404 0.164643830929106 0.504678111290065 0
 405 0.544436898013784 0.0999964790204908 0
 406 0.341573589740492 0.209081488679454 0
 407 0.554576562508871 0.0203110748263972 0
 408 0.240604620671319 0.486582712653058 0
 409 0.508028093987066 0.213979490339692 0
 410 0.389951836958471 0.394658112463374 0
 411 0.264740460618429 0.478647327630684 0
 412 0.286155514724402 0.469574668544438 0
 413 0.304701716758221 0.459451961019194 0
 414 0.553830314249419 0.0499883548256974 0
 415 0.14063930626851 0.527987698466742 0
 416 0.321092609946425 0.449608850893965 0
 417 0.334476575444269 0.439791833498273 0
 418 0.519213881904215 0.199588537584652 0
 419 0.55168712113803 0.0818002489639039 0
 420 0.459456976259418 0.313516217859477 0
 421 0.541048923633255 0.134993982005475 0
 422 0.376419680375993 0.411009509141308 0
 423 0.448841792291956 0.331723127913878 0
 424 0.43472475406435 0.344773949157086 0
 425 0.471109228232211 0.296867106080137 0
 426 0.482869974327581 0.280963253852946 0
 427 0.0558309077066337 0.543452585758784 0
 428 0.56346293344238 0 0
 429 0.358609934272595 0.426698769158419 0
 430 0.494441527785748 0.264538063786785 0
 431 0.531455538067605 0.183871426409217 0
 432 0.566773959758299 0.0348166117426533 0
 433 0.426709631848805 0.361156870376939 0
 434 0.416143852839805 0.376855574276881 0
 435 0.403009032860578 0.393182023762448 0
 436 0.113160449512312 0.545953620075305 0
 437 0.516055524878918 0.231943506767981 0
 438 0.213982359480746 0.513983991376652 0
 439 0.566728228340179 0.0649675001562702 0
 440 0.542482648823047 0.166106842616176 0
 441 0.351005612566646 0.442569037169394 0
 442 0.56073195295463 0.103101166531836 0
 443 0.191085381086572 0.519926108264292 0
 444 0.16911673718792 0.530307084094057 0
 445 0.551999976215538 0.148268287301223 0
 446 0.285989361789573 0.489534865614517 0
 447 0.264612047307543 0.499100341380278 0
 448 0.305134491358472 0.479774040446627 0
 449 0.529873227756745 0.215294494925011 0
 450 0.242092947940951 0.510353178257816 0
 451 0.340128425267422 0.458255039220131 0
 452 0.572819778099817 0.01705467682139 0
 453 0.32159540775705 0.468520507218072 0
 454 0.0274935514692364 0.570652279668442 0
 455 0.573997513918371 0.0494645094975305 0
 456 0.46603072684067 0.330844368753754 0
 457 0.383273539401966 0.420495152101991 0
 458 0.539717135963333 0.19854928080172 0
 459 0.456180361463737 0.347023500801532 0
 460 0.480614912132646 0.314924028582222 0
 461 0.572950887089389 0.0808598525121415 0
 462 0.493633000949296 0.300323824126224 0
 463 0.503809948425515 0.282412341023798 0
 464 0.56636853069047 0.131890875412309 0
 465 0.514831467570669 0.265953130557588 0
 466 0.053840118955221 0.580878387736645 0
 467 0.583878798638 0 0
 468 0 0.597421326576 0
 469 0.37491767314889 0.446116467887317 0
 470 0.555123932922816 0.183241856759316 0
 471 0.525203033764389 0.248972702451794 0
 472 0.43607292623283 0.382011419331517 0
 473 0.424632561709125 0.39442655590619 0
 474 0.583556904765743 0.0321678250644963 0
 475 0.561383475643447 0.170452610992567 0
 476 0.572183643381331 0.116283561305014 0
 477 0.582170184323073 0.0652848237851304 0
 478 0.413670259724549 0.409991002098718 0
 479 0.2108396855457 0.537827300424333 0
 480 0.536461673668319 0.233153001116301 0
 481 0.360121046391445 0.455473649591912 0
 482 0.188413237133198 0.545051833068516 0
 483 0.286829035339502 0.509439189621896 0
 484 0.305187290104526 0.49981895530428 0
 485 0.581045943602184 0.0996030858236003 0
 486 0.0856113269358318 0.56688613041371 0
 487 0.268000688828753 0.518801228661964 0
 488 0.572936720024236 0.147126235451532 0
 489 0.322535785512369 0.490075369297107 0
 490 0.547388179411753 0.216753097007921 0
 491 0.25383648135 0.529434054162839 0
 492 0.403319910386678 0.42544867420743 0
 493 0.161262845114198 0.552295791005722 0
 494 0.233483914411522 0.532146077102364 0
 495 0.34658404844789 0.476874184354514 0
 496 0.136704267585699 0.555924428963833 0
 497 0.593188018220179 0.0149944394456377 0
 498 0.478358418516247 0.347622179533343 0
 499 0.500920831693302 0.316373113190009 0
 500 0.388292858137471 0.441320018408807 0
 501 0.593358064167937 0.0479544808627144 0
 502 0.488729077641686 0.332604575983292 0
 503 0.561328736057874 0.196769465882703 0
 504 0.512610621195541 0.301554469140864 0
 505 0.46668753373545 0.366435367431108 0
 506 0.522228236280494 0.283549288231387 0
 507 0.590112583059246 0.0823622149443719 0
 508 0.582046431224406 0.133053350912371 0
 509 0.570062586134835 0.182780832009439 0
 510 0.459292449604945 0.378225883739104 0
 511 0.441197162379375 0.395191313036021 0
 512 0.118812511302759 0.577385168337295 0
 513 0.429421732862436 0.411283952197955 0
 514 0.376261278636378 0.458892292791467 0
 515 0.607379639498 0 0
 516 0.578672449669315 0.165991792013573 0
 517 0.546575000233258 0.249194496644818 0
 518 0.595481342515327 0.116712963186396 0
 519 0.606156784769225 0.0291618476412774 0
 520 0.185659811438603 0.565771411482072 0
 521 0.602229592518305 0.0650591710880664 0
 522 0.422329218110855 0.427297947304537 0
 523 0.168440646270799 0.574820099226258 0
 524 0.558538283294457 0.237386928495163 0
 525 0.304841249919843 0.519893611239542 0
 526 0.287901575612782 0.529681547673755 0
 527 0.32185000677028 0.510746214498695 0
 528 0.271101615171787 0.539634785149113 0
 529 0.360407500916854 0.479576450540334 0
 530 0.337909610417139 0.503428708834211 0
 531 0.600110824333379 0.0983004715388437 0
 532 0.147376596921204 0.576106450568157 0
 533 0.251912402436992 0.547718781741527 0
 534 0.591309531402536 0.151726126781842 0
 535 0.41213354023097 0.443868396733343 0
 536 0.210185421999532 0.562396878682107 0
 537 0.487070376891426 0.365162620838925 0
 538 0.231279694113316 0.553930807680738 0
 539 0.516798960457264 0.319798002518202 0
 540 0.499926863809737 0.348923640953431 0
 541 0.509204095218148 0.334219558920753 0
 542 0.352603856976649 0.493975912235745 0
 543 0.611582745721532 0.0188825907406156 0
 544 0.531245072457699 0.302282980621124 0
 545 0.0590630638670605 0.613710731654895 0
 546 0.582099919697862 0.198324235431305 0
 547 0.602214781477448 0.135028031041476 0
 548 0.400639437270314 0.461302161441916 0
 549 0.61671012769795 0.0475665446129453 0
 550 0.54278119399359 0.286243195877241 0
 551 0.465020399375292 0.396108687927655 0
 552 0.478167178380541 0.382012829471614 0
 553 0.58649099645731 0.181163251625485 0
 554 0.452735689847204 0.414354576421017 0
 555 0.611855583485053 0.0834337118201281 0
 556 0.57790660954088 0.221132828185327 0
 557 0.100341455343263 0.596495538298916 0
 558 0.439808510415291 0.426565506874062 0
 559 0.19993617148875 0.579037121449025 0
 560 0.609451100172139 0.113685322374976 0
 561 0.184256031799106 0.587386739600797 0
 562 0.572462438506869 0.24911434669451 0
 563 0.6207147082898 0 0
 564 0.0295599297493983 0.612005674886161 0
 565 0.624162706307843 0.0375995302229852 0
 566 0.305122747737927 0.54012722370124 0
 567 0.164584665284604 0.593846152172229 0
 568 0.321877142770697 0.53054419285797 0
 569 0.597845752697589 0.169425514025334 0
 570 0.431089435425158 0.448359884349119 0
 571 0.560879728561978 0.270075230603117 0
 572 0.288412109942306 0.550072348048688 0
 573 0.624404472937313 0.068972544837779 0
 574 0.338257065561241 0.521553525232543 0
 575 0.27048669642232 0.559055187422376 0
 576 0.389541169112937 0.483547276994586 0
 577 0.353125155853462 0.512169129527673 0
 578 0.142469913013653 0.59756868020187 0
 579 0.251567302446161 0.566983918513246 0
 580 0.622240359101727 0.106207533276786 0
 581 0.508688452195616 0.367327307092499 0
 582 0.365341181553272 0.500494306981515 0
 583 0.495713237208305 0.383694396688469 0
 584 0.420810033568418 0.461372326423577 0
 585 0.531445758358332 0.333601961006405 0
 586 0.232710814749324 0.57480175816786 0
 587 0.540244544626362 0.318606886962351 0
 588 0.52260819481203 0.354187901784595 0
 589 0.122919584827024 0.60738023536345 0
 590 0.550176737352544 0.30037702000677 0
 591 0.605514265612776 0.18744870985375 0
 592 0.483931931503017 0.399465985192755 0
 593 0.217178872013815 0.585456113021712 0
 594 0.474706012998254 0.415390995596038 0
 595 0.640147784441591 0.0148400604443701 0
 596 0.411801413216617 0.477702904344282 0
 597 0.587453303216789 0.24105788639621 0
 598 0.634629528287776 0.0608737132513447 0
 599 0.617019510601164 0.155006737418268 0
 600 0.46222348619678 0.433706306649708 0
 601 0.603054081755356 0.208296438585648 0
 602 0.451776647149224 0.445175480718932 0
 603 0.566976133570181 0.293695488929021 0
 604 0.201605762015099 0.597902981499059 0
 605 0.636325772784611 0.0882679076291643 0
 606 0.18347646629702 0.606576429933961 0
 607 0.322032589861149 0.550452167242306 0
 608 0.305441226007621 0.560529608692343 0
 609 0.337982666275608 0.540627225122588 0
 610 0.105626736344096 0.627407608797075 0
 611 0.2882054001827 0.569937333760148 0
 612 0.588641420586366 0.261338478474234 0
 613 0.163888484922978 0.613679263336669 0
 614 0.647916451587801 0 0
 615 0.353935720259429 0.531383824280793 0
 616 0.270029295911409 0.578123405888688 0
 617 0.648159050562193 0.031637157636501 0
 618 0.441955042128822 0.464329284256558 0
 619 0.634812987398434 0.116507678054309 0
 620 0.647604284921339 0.0678607266294821 0
 621 0.366603639947697 0.520963558639246 0
 622 0.604815900459359 0.229105996783881 0
 623 0.251571525982044 0.585981904940461 0
 624 0.525847216916929 0.36942330702604 0
 625 0.515593366136551 0.384200812522202 0
 626 0.616901679416141 0.179916978378477 0
 627 0.540038282537717 0.35316543047659 0
 628 0.0783771897940186 0.637266513408508 0
 629 0.389761625725315 0.511838625203302 0
 630 0.506382294641507 0.397788874654594 0
 631 0.14504262220153 0.62088851603293 0
 632 0.42883378996815 0.478848765246653 0
 633 0.234608522488251 0.595386091828151 0
 634 0.566576161874009 0.31676164261544 0
 635 0.481632792786605 0.431721917477888 0
 636 0.128235796973758 0.630017684314397 0
 637 0.58731690376113 0.28068776328781 0
 638 0.496462467587257 0.417101809904434 0
 639 0.050565591736343 0.642491734709933 0
 640 0.410267577873784 0.498668770415839 0
 641 0.218485894679883 0.606546109645383 0
 642 0.646026425525492 0.126933797702853 0
 643 0.655914129753314 0.0156801050503248 0
 644 0.622419305430238 0.203303228792455 0
 645 0.201374228562454 0.6168365615321 0
 646 0.606976539752563 0.251249312033922 0
 647 0.474342589492364 0.44948234296789 0
 648 0.642201749101795 0.140629989627834 0
 649 0.182841023000094 0.625542321116472 0
 650 0.46023313187789 0.463722464543024 0
 651 0.32200658103118 0.57018156171328 0
 652 0.338269222121384 0.560373855383542 0
 653 0.269610841694038 0.59700517465602 0
 654 0.305222755936298 0.580880785419146 0
 655 0.588105437818384 0.299745129491904 0
 656 0.352604492908057 0.550141411895521 0
 657 0.629392310521618 0.217358917203193 0
 658 0.0254786970688782 0.652075183464616 0
 659 0.0996619007166726 0.653308712948436 0
 660 0.367458115850592 0.542810738088079 0
 661 0.645149179127322 0.166945553496056 0
 662 0.163918139642556 0.633959934497042 0
 663 0.453378327106936 0.481493711175128 0
 664 0.660461036939029 0.0816949429748803 0
 665 0.60816751426791 0.270932125189796 0
 666 0.665793016658 0 0
 667 0 0.6664750176 0
 668 0.535323938144703 0.387759356897963 0
 669 0.394185647409394 0.525182292239923 0
 670 0.547974495138287 0.370456899726114 0
 671 0.288160306379471 0.589796487623079 0
 672 0.666191697547995 0.0319341088102094 0
 673 0.526279030099278 0.401741544560794 0
 674 0.662097165483273 0.101548841582227 0
 675 0.433238143168107 0.494872627979918 0
 676 0.573428026321341 0.338498767049016 0
 677 0.145084605013442 0.643141320380492 0
 678 0.515754851607879 0.419407841167501 0
 679 0.500299580334378 0.43420367690552 0
 680 0.407506099733505 0.520508936467447 0
 681 0.625927688468931 0.237224690397293 0
 682 0.489171209471128 0.449113854141621 0
 683 0.646435176058671 0.190304476576337 0
 684 0.66093003141857 0.120668328608779 0
 685 0.424748513880238 0.511761537373358 0
 686 0.123235245327498 0.649536974105729 0
 687 0.267706148262551 0.614805078439063 0
 688 0.234454102830719 0.615279305714131 0
 689 0.586218885933278 0.319887247530041 0
 690 0.217923136378764 0.626274270976302 0
 691 0.607356859635074 0.285334516041834 0
 692 0.659150048341148 0.139861755704193 0
 693 0.478022011088989 0.465322862318053 0
 694 0.200234438205011 0.635313657492688 0
 695 0.644004160881648 0.214204428928492 0
 696 0.674149402051253 0.0161871634793147 0
 697 0.618996739092235 0.259286938609495 0
 698 0.1815061394744 0.644513068095506 0
 699 0.468514354537717 0.482283126896842 0
 700 0.674937436064473 0.0510755800776352 0
 701 0.660517274458615 0.160385334195977 0
 702 0.338628780247621 0.579472374755104 0
 703 0.321965443972726 0.589290991268278 0
 704 0.355209629728379 0.569682736903338 0
 705 0.365959656470004 0.556519334004241 0
 706 0.286222964158022 0.60868390241521 0
 707 0.675886374474695 0.0715162591287253 0
 708 0.393462653827564 0.547342581683336 0
 709 0.457439651528722 0.499531161375066 0
 710 0.64143935818162 0.231367460966303 0
 711 0.607953106209978 0.310747704650974 0
 712 0.162765235820249 0.654034783538678 0
 713 0.676173302259358 0.0910779810610107 0
 714 0.567543505855253 0.372339010022425 0
 715 0.509484269433883 0.44669014235602 0
 716 0.547946019102364 0.405245890809297 0
 717 0.658392524356045 0.179911159369534 0
 718 0.53357203154447 0.420744799749496 0
 719 0.406354427292736 0.541073488455982 0
 720 0.589909636385732 0.339768274364501 0
 721 0.631825302904781 0.280496920836121 0
 722 0.520263375959314 0.434936836377534 0
 723 0.305762051013412 0.602592410746127 0
 724 0.0732401964148799 0.663017152861363 0
 725 0.44123350059791 0.51226311336447 0
 726 0.676133874498077 0.110850349538254 0
 727 0.685779763888 0 0
 728 0.142500261415498 0.663671452249769 0
 729 0.683062757356086 0.0325484369299499 0
 730 0.426268729783942 0.530214440750749 0
 731 0.560645300322382 0.389262984358636 0
 732 0.675039407820455 0.130444573580194 0
 733 0.658181115520092 0.201451405447867 0
 734 0.645722413835249 0.24813028120495 0
 735 0.234352222665266 0.634661477081918 0
 736 0.120594486412099 0.672121545252072 0
 737 0.216308485854552 0.645161321059808 0
 738 0.264748705679616 0.631646733814086 0
 739 0.607930110615821 0.328603974897429 0
 740 0.588150426802955 0.360261451258506 0
 741 0.504655181088172 0.465262572735691 0
 742 0.197805210846216 0.651953003305668 0
 743 0.674750677542341 0.1500687703107 0
 744 0.0489542843045918 0.676872383903009 0
 745 0.490609809340661 0.482668990385226 0
 746 0.658504061018864 0.221641468305119 0
 747 0.282093541755979 0.626319957823978 0
 748 0.694006715415426 0.0166722669526509 0
 749 0.33843536234553 0.598242287034494 0
 750 0.354031502379946 0.588836472898344 0
 751 0.692215222115454 0.0625454945607615 0
 752 0.47662637767072 0.501602404220028 0
 753 0.323478230004249 0.605849456279428 0
 754 0.643688585526799 0.273165693316632 0
 755 0.368606236503003 0.580748041817887 0
 756 0.0958278313169633 0.674322976733396 0
 757 0.674698148331532 0.170517879527179 0
 758 0.384926492536221 0.575061558351275 0
 759 0.692681964840566 0.0809788209345561 0
 760 0.180523304204408 0.663341507827122 0
 761 0.300210325623776 0.622313876018831 0
 762 0.407536997818517 0.561056434335567 0
 763 0.565271848991473 0.403938679820382 0
 764 0.554075035596186 0.420589660559417 0
 765 0.161238652393116 0.673376948682997 0
 766 0.692282569444703 0.100237114024023 0
 767 0.586985240910323 0.379228753868415 0
 768 0.525844439469694 0.453554784860906 0
 769 0.607263666393858 0.349936136767099 0
 770 0.540279187342752 0.438344628707466 0
 771 0.659014827775389 0.240444770133039 0
 772 0.617867601554512 0.320220401649639 0
 773 0.425888100962011 0.550146201417262 0
 774 0.674063078802875 0.190804993391808 0
 775 0.691854240892742 0.120124780410987 0
 776 0.644048482586308 0.290683421828854 0
 777 0.465716816997709 0.521143881800798 0
 778 0.317726262900528 0.621504392542221 0
 779 0.705795592388 0 0
 780 0.440031897711218 0.537408778801748 0
 781 0.251200577558854 0.64313888729075 0
 782 0.703976844410473 0.0330715334279932 0
 783 0.231091254205101 0.650981879364337 0
 784 0.143798442706931 0.685357763971553 0
 785 0.691593994352124 0.140171505617635 0
 786 0.510965244743001 0.48461042614698 0
 787 0.674543638487078 0.211097605462442 0
 788 0.21041407099035 0.661366254383342 0
 789 0.659122136382867 0.260586902594931 0
 790 0.0787440902625719 0.690538712004131 0
 791 0.277841718522347 0.642665670115039 0
 792 0.584084392251763 0.399199833959511 0
 793 0.335652221480918 0.617760657257746 0
 794 0.605668624313674 0.370533267517964 0
 795 0.690983347355172 0.160190040153822 0
 796 0.105516821648104 0.691637551278956 0
 797 0.190650796048621 0.678769881922316 0
 798 0.50006125647792 0.500117100032756 0
 799 0.645155523763396 0.308264676866821 0
 800 0.353256674873437 0.607235101461342 0
 801 0.294885246975897 0.638886596732508 0
 802 0.367415982515083 0.596559317835874 0
 803 0.52948921812742 0.471540248328073 0
 804 0.125085157610412 0.691158846241989 0
 805 0.711095828509869 0.069995893500027 0
 806 0.675632325874133 0.230694598479031 0
 807 0.0609574236911446 0.702756253315976 0
 808 0.394648980010119 0.584851902718607 0
 809 0.709631113079246 0.0512427702173259 0
 810 0.487220059148311 0.517575156938561 0
 811 0.715573057093947 0.0180950600021562 0
 812 0.406929711246526 0.580784407186369 0
 813 0.659289972562274 0.280750580045331 0
 814 0.710678871920446 0.0894373702798018 0
 815 0.690627923523573 0.180674986969559 0
 816 0.426521279318589 0.570463290571922 0
 817 0.311621481381796 0.6390207297227 0
 818 0.546849894650374 0.457120558783312 0
 819 0.710314731471592 0.109682592140838 0
 820 0.164066502664442 0.693792238933425 0
 821 0.584811738428841 0.420105398359336 0
 822 0.440950543500366 0.55825309034694 0
 823 0.67637189269665 0.250335665865885 0
 824 0.626548726951575 0.363227396080287 0
 825 0.691603093312106 0.200784452740233 0
 826 0.645498461748403 0.324387713113242 0
 827 0.605150164599841 0.390203797603734 0
 828 0.254043655071604 0.669540613628342 0
 829 0.709928786546169 0.13033463953951 0
 830 0.513560735579488 0.500131482297661 0
 831 0.230760074107171 0.673881596179105 0
 832 0.264867848388741 0.669273846071934 0
 833 0.568065255675866 0.440791347638029 0
 834 0.463094529389987 0.549022044861662 0
 835 0.660085854453717 0.299771313552055 0
 836 0.329216235490872 0.638195107049064 0
 837 0.041372085998731 0.709965815145661 0
 838 0.183458090789432 0.69186254676163 0
 839 0.726042233228 0 0
 840 0.709148494185308 0.150734368260694 0
 841 0.118855907845245 0.708793871027585 0
 842 0.481028565762627 0.538292217488365 0
 843 0.693645204521126 0.220487286792799 0
 844 0.676213242719504 0.270105804703185 0
 845 0.531185646331265 0.489652167045953 0
 846 0.289831230864333 0.664553366014377 0
 847 0.7246500523191 0.0368872741813885 0
 848 0.213020445601312 0.689462286955378 0
 849 0.0984220270967876 0.71175347045103 0
 850 0.369924101101738 0.610761296771156 0
 851 0.730065827099528 0.0570109704529704 0
 852 0.510305243231235 0.518236347304271 0
 853 0.707630596439247 0.170246152181934 0
 854 0.0787213917908796 0.71884917840379 0
 855 0.393834476999535 0.609702404718343 0
 856 0.644163134405484 0.351712933996579 0
 857 0.628363131925111 0.384047736565075 0
 858 0.151444956751885 0.70886725585431 0
 859 0.497837627065839 0.531793401165638 0
 860 0.731254408622937 0.0780455695608396 0
 861 0.404460094767667 0.602205130162651 0
 862 0.660025619319555 0.319164221989816 0
 863 0.35463858137089 0.633965746376569 0
 864 0.606179368317853 0.410311929820924 0
 865 0.0593742671084048 0.725854123168767 0
 866 0.694244381207721 0.240324056130263 0
 867 0.425335140100963 0.590482279068455 0
 868 0.303760665690795 0.655966832252675 0
 869 0.549862633482327 0.478764687411687 0
 870 0.730479830408502 0.0990397391038488 0
 871 0.739871340907487 0.0202605319044641 0
 872 0.708895452790327 0.190564217571231 0
 873 0.261129590235982 0.681917806185269 0
 874 0.676889022558771 0.289910400893531 0
 875 0.586238649484482 0.440743863533353 0
 876 0.441498572941792 0.583007170591788 0
 877 0.251345849635569 0.687659965187935 0
 878 0.729609068514733 0.120838478625359 0
 879 0.135742157682726 0.72161191515748 0
 880 0.272700121870147 0.680108096112476 0
 881 0.461826123229597 0.569824574915779 0
 882 0.693881841823092 0.260033001159251 0
 883 0.320991127741612 0.656231221164463 0
 884 0.642559954006725 0.371222342793734 0
 885 0.711885869965215 0.210024155000184 0
 886 0.167671738469189 0.716288133550383 0
 887 0.729612475873135 0.142573674689038 0
 888 0.570602929110877 0.472135518762907 0
 889 0.65783022657065 0.339346038086987 0
 890 0.630462086629665 0.397606744957273 0
 891 0.5314778444239 0.50986193732488 0
 892 0.284691313499415 0.677791622986026 0
 893 0.297685909332795 0.674107733789311 0
 894 0.67681466087928 0.309897055077575 0
 895 0.605909927257211 0.431845158088703 0
 896 0.747727847258001 0 0
 897 0.237027765231968 0.700345442052104 0
 898 0.728703109548738 0.16300827872262 0
 899 0.219342730420999 0.715046693805193 0
 900 0.116001428965514 0.728665110707374 0
 901 0.25996080050715 0.694387219079174 0
 902 0.497670705457915 0.549984502101802 0
 903 0.713170155553336 0.229794527819846 0
 904 0.748660093428097 0.0413179900772806 0
 905 0.2503712564 0.6989104412 0
 906 0.0955016453128145 0.736085049764305 0
 907 0.3677751434649 0.633821898904961 0
 908 0.269791683344971 0.692190723187775 0
 909 0.694454856517909 0.279947706180362 0
 910 0.550017178778209 0.499461993238688 0
 911 0.336355233990724 0.655590070582286 0
 912 0.75196817479409 0.0650957558547576 0
 913 0.586942173074842 0.461539001825876 0
 914 0.0726953259542416 0.745386789336443 0
 915 0.279208513399264 0.690616471020289 0
 916 0.723699644745671 0.18030087958448 0
 917 0.154647931585704 0.731770690774755 0
 918 0.310488812908355 0.671613118070466 0
 919 0.425967021843105 0.610009447946552 0
 920 0.752805836314646 0.0881903683028341 0
 921 0.65799988512202 0.360322735832697 0
 922 0.514551188542273 0.539643442364199 0
 923 0.643665394291733 0.389153991894995 0
 924 0.391490278826238 0.636055326647431 0
 925 0.290756167859992 0.689053241566493 0
 926 0.447011421577075 0.60172944718323 0
 927 0.676117640723861 0.330165958729334 0
 928 0.751508579262793 0.110691548509267 0
 929 0.713596533431084 0.24995361978663 0
 930 0.57281804827787 0.489701783641096 0
 931 0.461524460734337 0.589600804257235 0
 932 0.729758754552539 0.198019779808019 0
 933 0.303146744871948 0.68766969650303 0
 934 0.258583349832258 0.705368394200218 0
 935 1 0.4998259121095 0
 936 0.243782392849239 0.709138828636873 0
 937 0.693858358370209 0.299954659810866 0
 938 0.531486209827184 0.529516364972534 0
 939 0.605207982627693 0.449500424256076 0
 940 0.751270021056096 0.134763950073474 0
 941 0.0460395949125747 0.74578249261501 0
 942 0.234466718761846 0.71455858830867 0
 943 0.134370278009879 0.741551295349129 0
 944 0.361538077098108 0.656763274101196 0
 945 0.316305209740858 0.686431578549267 0
 946 0.480211223630135 0.579829890923922 0
 947 0.216932124366613 0.731056111566575 0
 948 0.193415281535375 0.736596779615442 0
 949 0.751291481423634 0.158718670339627 0
 950 0.71408725978555 0.270049646710244 0
 951 0.733829110553524 0.218421775926356 0
 952 0.267264091163128 0.707341747774372 0
 953 0.175697888790576 0.735089293796165 0
 954 0.658601007929553 0.379837300318623 0
 955 0.587149448473801 0.480487482352839 0
 956 0.550871563903449 0.51996386522698 0
 957 0.497681679202134 0.569986601969646 0
 958 0.674981457631325 0.350197823544703 0
 959 0.644953748995044 0.405109761474834 0
 960 0.334788392552694 0.67007063411491 0
 961 0.769178503747855 0.0216979881693268 0
 962 0.693405293485561 0.32027294450947 0
 963 0.616332577486283 0.441575548690061 0
 964 0.74452491733932 0.180532499514532 0
 965 0.113573525725589 0.750753126981889 0
 966 0.329269102325714 0.685389907652493 0
 967 0.772927017951291 0.0507160596705609 0
 968 0.770672942097801 0 0
 969 0.411868397079592 0.637357858752487 0
 970 0.515026445563136 0.559990579606605 0
 971 0.277052053325942 0.709050613361995 0
 972 0.259206046057361 0.715032029977561 0
 973 0.734447549412453 0.239099782330912 0
 974 0.777295628494902 0.0777987330681531 0
 975 0.375066894924209 0.657039653892619 0
 976 0.427438113926986 0.627885011802741 0
 977 0.572918827014314 0.511542918547173 0
 978 0.712861421448193 0.289863129666271 0
 979 0.608218936778426 0.471631648833413 0
 980 0.440263379117536 0.619765480473927 0
 981 0.777103123360823 0.102965314376026 0
 982 0.247570501032422 0.722214083088965 0
 983 0.270032101246355 0.717058438144324 0
 984 0.5325317591907 0.550527396883426 0
 985 0.111860390872295 0.159184202630804 0
 986 0.288316254437952 0.710642532188393 0
 987 0.462794904814003 0.610704794045678 0
 988 0.152082285936001 0.753407630510363 0
 989 0.674869234547312 0.370153879121941 0
 990 0.659289205472276 0.39912284733588 0
 991 0.771062436354101 0.124783463237869 0
 992 0.0914680208519287 0.760850894733132 0
 993 0.342243093768822 0.684485097591342 0
 994 0.693389879465546 0.340529317652986 0
 995 0.642298332835631 0.430893574153523 0
 996 0.734817346668863 0.259897800877106 0
 997 0.22700738056244 0.74107839223203 0
 998 0.367156116006506 0.669730456492053 0
 999 0.480369346925562 0.599811108310219 0
 1000 0.586832949554522 0.500268407835413 0
 1001 0.752840578512988 0.203020847322485 0
 1002 0.773775260220861 0.148773242816956 0
 1003 0.551663817443509 0.539984851591874 0
 1004 0.399830633087856 0.655133068362984 0
 1005 0.299384107643201 0.711935611073231 0
 1006 0.71190918327116 0.310327342005801 0
 1007 0.208957087571327 0.746624677476562 0
 1008 0.0430700854174211 0.774989606853454 0
 1009 0.497668362779916 0.59073403776742 0
 1010 0.281554726321744 0.719214934035303 0
 1011 0.188704045599338 0.753313004625082 0
 1012 0.133144920512191 0.762822757629895 0
 1013 0.37787562823068 0.67446807412219 0
 1014 0.0669787735888641 0.772939296623618 0
 1015 0.759929978169745 0.228896920223776 0
 1016 0.73515302455113 0.280020823673224 0
 1017 0.312733259736941 0.713252133879299 0
 1018 0.358270353361916 0.683524935497141 0
 1019 0.515038869171899 0.580105860766734 0
 1020 0.603249314295519 0.490583817413941 0
 1021 0.675178626123079 0.38985625867231 0
 1022 0.572245975283266 0.531676511132602 0
 1023 0.267237083245602 0.733234447250702 0
 1024 0.293711664550962 0.723175850375805 0
 1025 0.69254220455549 0.360593389306132 0
 1026 0.658276986451424 0.418371943797586 0
 1027 0.388758883967445 0.673657913033526 0
 1028 0.771566272753198 0.180322833573749 0
 1029 0.711685987031247 0.330770487434195 0
 1030 0.645177311139378 0.44438688849603 0
 1031 0.170723424959406 0.764574673731043 0
 1032 0.11273320153434 0.773354505805147 0
 1033 0.371506995030963 0.68284401826692 0
 1034 0.439678855748897 0.638720252660426 0
 1035 0.532156260153449 0.569593999889825 0
 1036 0.798483228800001 0 0
 1037 0.755807112136012 0.249406464722808 0
 1038 0.23928714633695 0.752211894323794 0
 1039 0.58791599523761 0.520400827815968 0
 1040 0.798629831138801 0.127191119779777 0
 1041 0.731826237674152 0.300201316066831 0
 1042 0.621735799357498 0.47857351953306 0
 1043 0.425862391974364 0.658441712982682 0
 1044 0.306251999995413 0.726944062568075 0
 1045 0.397559179756024 0.674501062074825 0
 1046 0.479107309112212 0.620047894789672 0
 1047 0.38217695333764 0.682360565075891 0
 1048 0.550687394615919 0.56055974974401 0
 1049 0.325930660958248 0.714355652154161 0
 1050 0.15239985675121 0.773856558144308 0
 1051 0.693240541341735 0.380730275989001 0
 1052 0.675641381302076 0.409693998206647 0
 1053 0.224016329580967 0.758061510875326 0
 1054 0.0916448035933447 0.785293950563023 0
 1055 0.40723586901691 0.67199783043599 0
 1056 0.712117212335999 0.3512318115035 0
 1057 0.658389254737451 0.435364329973106 0
 1058 0.761306445397541 0.268948378498157 0
 1059 0.606678824757671 0.511522572747249 0
 1060 0.779451088871952 0.214044707662105 0
 1061 0.392164865802427 0.681956304061773 0
 1062 0.795981585756556 0.161694808643388 0
 1063 0.206826624448601 0.764964135152257 0
 1064 0.464408137634909 0.635565701637443 0
 1065 0.0249688108536533 0.793577655356372 0
 1066 0.731423048660499 0.321292972897797 0
 1067 0.515031265640243 0.601680668687287 0
 1068 0.499015641824668 0.617646004238141 0
 1069 0.320633555609539 0.72845066197322 0
 1070 0.050750575271791 0.803553891906256 0
 1071 0.133005546539765 0.784538570186631 0
 1072 0.295747726352607 0.739236398673789 0
 1073 0.189188754593928 0.774059766835024 0
 1074 0.792625161146905 0.0342058480489307 0
 1075 0.402691171134472 0.681577314196337 0
 1076 0.417825769180824 0.672897445091817 0
 1077 0.652130627010172 0.469337261282588 0
 1078 0.800356647553234 0.0651999193411369 0
 1079 0.340106488575739 0.715374254178419 0
 1080 0.532625079017281 0.590820463252936 0
 1081 0.0731561212204619 0.802019035780364 0
 1082 0.758149070541281 0.292569313072496 0
 1083 0.586696983235117 0.541554099598781 0
 1084 0.265740310117693 0.754579681359628 0
 1085 0.692987620706114 0.399905013066598 0
 1086 0.712576320477278 0.371866658962691 0
 1087 0.676947633128537 0.42974078263793 0
 1088 0.624835951021507 0.493085991526896 0
 1089 0.427256339944644 0.669961611576805 0
 1090 0.451872632972514 0.656250556202382 0
 1091 0.805104627883598 0.0940460373527307 0
 1092 0.411899640844872 0.681283082438352 0
 1093 0.733249250151126 0.341167857252238 0
 1094 0.170761956099237 0.784566389390827 0
 1095 0.550874142401948 0.580219719950704 0
 1096 0.112722093153562 0.796987159257088 0
 1097 0.313203766680381 0.741781187012326 0
 1098 0.239204790722172 0.769106195806121 0
 1099 0.334948566768051 0.72913118850541 0
 1100 0.486606418446772 0.637564475664994 0
 1101 0.610186557948425 0.523060594550067 0
 1102 0.750771182683896 0.31215917044224 0
 1103 0.668081369547189 0.461185679528413 0
 1104 0.422577180963001 0.680983304089203 0
 1105 0.568806806307773 0.567844560726879 0
 1106 0.35555803643885 0.716323524997025 0
 1107 0.223925188415425 0.776825645819932 0
 1108 0.152466945025736 0.795022837342357 0
 1109 0.649755356701617 0.487174592004601 0
 1110 0.515902581428636 0.620148609081127 0
 1111 0.714195158888844 0.392408841953258 0
 1112 0.694513664077818 0.419243161129318 0
 1113 0.0918763361963724 0.812592898441366 0
 1114 0.732608429295231 0.36196852985357 0
 1115 0.783068544953502 0.282195985717105 0
 1116 0.207323209587239 0.784899154800565 0
 1117 0.429671508449245 0.680807744710928 0
 1118 0.328732016189415 0.744351883689549 0
 1119 0.634610556796649 0.51503606538679 0
 1120 0.45107828394874 0.672363793354776 0
 1121 0.368908126960087 0.717029655232025 0
 1122 0.816554588184154 0.0229101424783091 0
 1123 0.473940505502254 0.655695037809602 0
 1124 0.284475581352308 0.766568117977434 0
 1125 0.757165438110485 0.332140179593526 0
 1126 0.350019317906568 0.728820384387585 0
 1127 0.133275680402358 0.806973256328757 0
 1128 0.79836244086939 0.194514394237268 0
 1129 0.189334584848276 0.794211390223305 0
 1130 0.683405006202752 0.449665221848666 0
 1131 0.461519870361305 0.672092408630121 0
 1132 0.551307336318176 0.60095832494546 0
 1133 0.444459947240539 0.68049981040983 0
 1134 0.506495341218634 0.637656022877085 0
 1135 0.787605659225704 0.249838154910591 0
 1136 0.665884454285338 0.478304648046312 0
 1137 0.381227871703669 0.717598696672538 0
 1138 0.362094117195106 0.726524447130205 0
 1139 0.301642295400898 0.765904457682737 0
 1140 0.534007295170493 0.615739759934027 0
 1141 0.592578876154307 0.562256483783215 0
 1142 0.71158104172941 0.409440561122903 0
 1143 0.734013228510383 0.38338929871609 0
 1144 0.649835435276808 0.505836500447702 0
 1145 0.609915441724715 0.547595401789631 0
 1146 0.344355670539226 0.743229968727179 0
 1147 0.171237850151287 0.80497130552247 0
 1148 0.753497442036282 0.350955222172023 0
 1149 0.113404130971828 0.82138108635447 0
 1150 0.454588113483779 0.680332737611182 0
 1151 0.391334094877935 0.71801180827466 0
 1152 0.823599636378781 0.147492546943896 0
 1153 0.241341306484626 0.787834417326701 0
 1154 0.835377035252001 0 0
 1155 0 0.808186801728 0
 1156 0.273732186090693 0.780299022563172 0
 1157 0.471708053717878 0.671857229901405 0
 1158 0.0333538439710703 0.829548727716998 0
 1159 0.373522229401775 0.728794121649677 0
 1160 0.576717990514243 0.589610268055492 0
 1161 0.225393946932444 0.797174903308797 0
 1162 0.319049667456555 0.760392629631981 0
 1163 0.633627739995892 0.530270619572361 0
 1164 0.698637660323583 0.437784235619588 0
 1165 0.805336867341469 0.224026383952771 0
 1166 0.0675146309540196 0.833865489054225 0
 1167 0.68275260684835 0.46861457553839 0
 1168 0.496095847001712 0.658342224835811 0
 1169 0.384999228934942 0.728403354444212 0
 1170 0.40134119148109 0.718376715319223 0
 1171 0.481964579708691 0.671924643985448 0
 1172 0.464988700625069 0.680197100232267 0
 1173 0.152812577136456 0.817113912568724 0
 1174 0.664785313860368 0.49665327211133 0
 1175 0.207370756687439 0.805430705905708 0
 1176 0.0934360221519742 0.837257469473429 0
 1177 0.526484518242444 0.637802246969005 0
 1178 0.818718028814091 0.178387454514527 0
 1179 0.292239606565028 0.779952189148265 0
 1180 0.361051175868318 0.740027989791195 0
 1181 0.758257523949738 0.369581641913669 0
 1182 0.84934679387638 0.0361957221367902 0
 1183 0.592113743096635 0.582639802872403 0
 1184 0.647998759101755 0.522325884030164 0
 1185 0.396862733254258 0.727661245790539 0
 1186 0.413033722699022 0.71875088995681 0
 1187 0.336980756746248 0.759546299781164 0
 1188 0.475116260020022 0.68009932259239 0
 1189 0.83778121022066 0.0758172219725558 0
 1190 0.133463778399291 0.829960396266328 0
 1191 0.189251062093518 0.814318513174397 0
 1192 0.717534705663432 0.426228119537297 0
 1193 0.700371065982716 0.45811924768674 0
 1194 0.493237116874802 0.672494771417715 0
 1195 0.260434211008569 0.793732422993715 0
 1196 0.570487612511693 0.614508546136623 0
 1197 0.68136434864707 0.487160479675379 0
 1198 0.311096643800684 0.778041427801739 0
 1199 0.776160300428695 0.314592602456069 0
 1200 0.423140807935093 0.719031372695145 0
 1201 0.558716392758128 0.6224507210579 0
 1202 0.855053896749963 0.1394414918818 0
 1203 0.614818755691397 0.573571387328769 0
 1204 0.407686373895072 0.727415916844849 0
 1205 0.484871168359275 0.680036656871635 0
 1206 0.832545197235167 0.209960134254138 0
 1207 0.753652678968157 0.390855005771776 0
 1208 0.499129621879 0.672092984228938 0
 1209 0.517822886403579 0.655647824862649 0
 1210 0.663552011303208 0.515512182101067 0
 1211 0.39005532277894 0.737523627526481 0
 1212 0.171040726291871 0.826982053926986 0
 1213 0.353222289946585 0.755772247302307 0
 1214 0.112567911050199 0.847787090989723 0
 1215 0.630492165189462 0.559648158514783 0
 1216 0.28081912605343 0.79469525104132 0
 1217 0.816974183572284 0.276641414257613 0
 1218 0.737271289172618 0.409469846272404 0
 1219 0.431716458883216 0.71923951076197 0
 1220 0.545612702274181 0.639255983910389 0
 1221 0.418376854668941 0.727381688971142 0
 1222 0.224453617201193 0.817550709876092 0
 1223 0.589753393081256 0.602398865621874 0
 1224 0.328926601741252 0.776275025450379 0
 1225 0.494821462788956 0.680004291274248 0
 1226 0.717530881171708 0.446581410972758 0
 1227 0.245155204101579 0.808468089404437 0
 1228 0.510065624084352 0.671879882279402 0
 1229 0.700259380696117 0.477350493049713 0
 1230 0.153367527396542 0.840850860111116 0
 1231 0.649191294184044 0.547260781598513 0
 1232 0.680100645948281 0.506302214545589 0
 1233 0.439847790415293 0.719412417482623 0
 1234 0.20649393448377 0.826533908693305 0
 1235 0.425782097752379 0.729348537532089 0
 1236 0.300590834308053 0.794131294547742 0
 1237 0.826744822057564 0.247034704312736 0
 1238 0.378846814961447 0.759439170209557 0
 1239 0.506108472059619 0.680005970218242 0
 1240 0.61320191367537 0.593669638691128 0
 1241 0.538000619144522 0.656986524721635 0
 1242 0.520868393810374 0.671485640885119 0
 1243 0.34739102907783 0.77422430717552 0
 1244 0.0250222987806392 0.862695612914997 0
 1245 0.782988744478258 0.350029027041548 0
 1246 0.66141057957675 0.534548328186166 0
 1247 0.452333505789117 0.719633093042606 0
 1248 0.436719116586561 0.731135748054523 0
 1249 0.133846472245971 0.851409264453922 0
 1250 0.187755883896534 0.8338463259964 0
 1251 0.0550223023098762 0.865659761926053 0
 1252 0.585854805246958 0.623542127368681 0
 1253 0.721235308555978 0.468022612481927 0
 1254 0.738330481378013 0.434620649632719 0
 1255 0.319335551616087 0.793543098051391 0
 1256 0.268132256222917 0.810061057687816 0
 1257 0.516717938550125 0.680044767767331 0
 1258 0.698531446686506 0.496461472079948 0
 1259 0.56262404788118 0.641343507937623 0
 1260 0.0881717325310348 0.867821264937762 0
 1261 0.767128342092275 0.405153274532709 0
 1262 0.531569449838747 0.670790755249912 0
 1263 0.623653873014512 0.584667444117565 0
 1264 0.421799578263147 0.743214627246626 0
 1265 0.463461858651004 0.719785242345074 0
 1266 0.392922060521101 0.756778257778168 0
 1267 0.67835358432575 0.52574500223445 0
 1268 0.448434853654483 0.729561664341099 0
 1269 0.362286562406316 0.778923673211879 0
 1270 0.52761984225853 0.680122434139196 0
 1271 0.289288691004322 0.810141778507037 0
 1272 0.222579589263955 0.842253418549876 0
 1273 0.8666957588 0 0
 1274 0 0.8788251231892 0
 1275 0.605335993304683 0.615848692388479 0
 1276 0.647566874545405 0.576689658153411 0
 1277 0.2390034444854 0.82764089220404 0
 1278 0.847132423480443 0.175969455932335 0
 1279 0.337535924828938 0.792316646536877 0
 1280 0.459243403178847 0.728769387725298 0
 1281 0.737557406161096 0.456194557651829 0
 1282 0.542247709297564 0.67165018065125 0
 1283 0.474475382866056 0.719895490306511 0
 1284 0.821234677896906 0.346267947836693 0
 1285 0.562855352117442 0.657865530850896 0
 1286 0.762926786724371 0.424999065004799 0
 1287 0.720059401828004 0.486399138729793 0
 1288 0.881268381073104 0.0661980369702671 0
 1289 0.148501719639401 0.866914252785754 0
 1290 0.696034097917745 0.516548301676431 0
 1291 0.537601551199639 0.680227518250107 0
 1292 0.77903830368355 0.383454299058704 0
 1293 0.257877205511872 0.826425324336701 0
 1294 0.309123982258516 0.809905252032035 0
 1295 0.443656857417645 0.745662435130491 0
 1296 0.585309407165712 0.643582067820162 0
 1297 0.172690136050752 0.852887446249527 0
 1298 0.867821093325293 0.101870043243211 0
 1299 0.198588533320017 0.848617805457428 0
 1300 0.385496409729851 0.776586679661353 0
 1301 0.554871021085309 0.669499685019668 0
 1302 0.484562055804791 0.719961833615358 0
 1303 0.628103056864687 0.60633811435536 0
 1304 0.469807714672621 0.728265212165592 0
 1305 0.677250801113188 0.54442821518761 0
 1306 0.674844079273557 0.561749421165094 0
 1307 0.353093585688581 0.791882830171199 0
 1308 0.547923726903326 0.680370920853431 0
 1309 0.480076243011836 0.72834970169099 0
 1310 0.758152434177258 0.451920589422441 0
 1311 0.278097658678009 0.826944755532174 0
 1312 0.327869311223685 0.809711038014368 0
 1313 0.494529998229387 0.719995213192888 0
 1314 0.714805702378796 0.506848140232936 0
 1315 0.602235320386334 0.63817384515472 0
 1316 0.562591068134241 0.670333293471128 0
 1317 0.461621808305545 0.746483578690599 0
 1318 0.644001927799331 0.60121532719141 0
 1319 0.579609512263218 0.658503542887732 0
 1320 0.881426568371162 0.168667796878489 0
 1321 0.694282739432112 0.536794175830528 0
 1322 0.40681879331524 0.775210205649482 0
 1323 0.120264039961863 0.872998806327218 0
 1324 0.558867360024319 0.680562379674323 0
 1325 0.378090327670155 0.794889118042773 0
 1326 0.504809572358107 0.719996298546553 0
 1327 0.490139037950783 0.728279427005328 0
 1328 0.88314113809501 0.0297137852723099 0
 1329 0.298483693274976 0.826676406268173 0
 1330 0.245867075624538 0.844803645170052 0
 1331 0.571870980067525 0.670625148630104 0
 1332 0.749120463117547 0.477427221600252 0
 1333 0.346671960049929 0.809451559825891 0
 1334 0.623221227472183 0.629801676024433 0
 1335 0.734697901143216 0.497286775787506 0
 1336 0.779438806792355 0.438951308067178 0
 1337 0.658883229624471 0.589729154604551 0
 1338 0.425832367065716 0.770376683445692 0
 1339 0.500706467543921 0.728091580423569 0
 1340 0.187918825877646 0.867651448156819 0
 1341 0.51489828384784 0.719964455125503 0
 1342 0.713080195274824 0.526637480828444 0
 1343 0.571804459279223 0.680842750732524 0
 1344 0.481971579626097 0.746044333315024 0
 1345 0.859589787775253 0.275170584440287 0
 1346 0.267188751960894 0.844286114081861 0
 1347 0.317719996997104 0.826548410221837 0
 1348 0.834098942777597 0.310296787386736 0
 1349 0.397762108958264 0.792904305070402 0
 1350 0.582541243144206 0.673282326407815 0
 1351 0.646723225211795 0.616501058430576 0
 1352 0.691906852162603 0.558144457457041 0
 1353 0.506462058506284 0.727592325665873 0
 1354 0.887754206223021 0.130832520214302 0
 1355 0.5975219367737 0.660319622118802 0
 1356 0.874154886679289 0.207682872806245 0
 1357 0.209719174838506 0.866638081624265 0
 1358 0.364789358534501 0.804067128612296 0
 1359 0.840659252967066 0.370907249998338 0
 1360 0.524949052292973 0.719900156708515 0
 1361 0.140037126419405 0.895216748651568 0
 1362 0.450819575982133 0.768433774081936 0
 1363 0.580967495582751 0.681078036773589 0
 1364 0.677881115785157 0.579501054164966 0
 1365 0.287735783751421 0.844144184872717 0
 1366 0.733655806311372 0.516320550316048 0
 1367 0.335711647521046 0.826548002683784 0
 1368 0.592846102791098 0.670739022417793 0
 1369 0.798266862044037 0.41075586309424 0
 1370 0.232447963550733 0.863737117698723 0
 1371 0.659411483588843 0.608537717548026 0
 1372 0.517692132945036 0.728080493977476 0
 1373 0.53542177653827 0.719798225567652 0
 1374 0.710854391241538 0.546516781453988 0
 1375 0.418264134681302 0.792504672988593 0
 1376 0.503824444674552 0.74228088533817 0
 1377 0.16649843800105 0.881861438059935 0
 1378 0.590777430047336 0.681365153064036 0
 1379 0.391202360923846 0.812665385494241 0
 1380 0.307721919960408 0.843967436036468 0
 1381 0.255687195849316 0.862405185062474 0
 1382 0.528091689948686 0.72826917616294 0
 1383 0.0343463613466605 0.897102861916795 0
 1384 0.619787607728224 0.654845565775222 0
 1385 0.604502152076938 0.670378673755398 0
 1386 0.472106688566505 0.767062545915063 0
 1387 0.91458506718314 0.0990313069984894 0
 1388 0.782894755214143 0.466833564363844 0
 1389 0.351672235613994 0.828376558816623 0
 1390 0.547204466441079 0.719640229763499 0
 1391 0.754487122862633 0.503804837971834 0
 1392 0.0721994633464109 0.900258329786091 0
 1393 0.674558329585442 0.599967405403415 0
 1394 0.190686353863785 0.890379016452416 0
 1395 0.800993993135573 0.441788854528345 0
 1396 0.695467768197957 0.576108798659265 0
 1397 0.645081330513041 0.640966171509396 0
 1398 0.731046284902872 0.535951937258911 0
 1399 0.600362494393853 0.681682458710687 0
 1400 0.277502927814955 0.861676595888962 0
 1401 0.107220556659069 0.901881936062307 0
 1402 0.435512302521566 0.793758573232142 0
 1403 0.326473821711177 0.84392254522597 0
 1404 0.657681587266092 0.627584884813142 0
 1405 0.538629787868545 0.730259192904953 0
 1406 0.405860281538309 0.810071364060996 0
 1407 0.833736731989836 0.399443731027467 0
 1408 0.553942122858695 0.719528895412446 0
 1409 0.616302796091237 0.668659425480245 0
 1410 0.710303330139094 0.565774119799044 0
 1411 0.216471034415188 0.88830553823685 0
 1412 0.525131516255495 0.744208378102485 0
 1413 0.548053415647113 0.728339148068544 0
 1414 0.609723304711872 0.682029321930083 0
 1415 0.691687074864761 0.59329866640679 0
 1416 0.298130889973449 0.861343999731339 0
 1417 0.773876115220637 0.490828647336532 0
 1418 0.494841231543084 0.767006810074967 0
 1419 0.753863940424625 0.52558406882303 0
 1420 0.242081786401729 0.882530374874671 0
 1421 0.568126703290937 0.719243037548085 0
 1422 0.343939538804032 0.843872967448314 0
 1423 0.857873169108508 0.344484804373958 0
 1424 0.460553809666319 0.78797063749683 0
 1425 0.923354576074232 0.044251990217456 0
 1426 0.673103921578534 0.619324018073926 0
 1427 0.627346330446592 0.672958707159716 0
 1428 0.826180386043246 0.431325460305492 0
 1429 0.728150287768369 0.555665005317433 0
 1430 0.42774985871657 0.809842250387313 0
 1431 0.514589169059444 0.759255562830149 0
 1432 0.914704845629214 0.199334204210717 0
 1433 0.395725213204191 0.824836535575318 0
 1434 0.559129832493183 0.731715372785507 0
 1435 0.620847872949303 0.682492072494228 0
 1436 0.31766368090278 0.861221052662464 0
 1437 0.868609940890032 0.311866894342075 0
 1438 0.266139687742174 0.879611604720333 0
 1439 0.57674562239225 0.719034268435343 0
 1440 0.645863077005007 0.656546656980149 0
 1441 0 0.914934731932 0
 1442 0.709590914504043 0.585281730129426 0
 1443 0.546112018085163 0.743351306420343 0
 1444 0.361334650904696 0.843171691136913 0
 1445 0.689735721292639 0.611129059581657 0
 1446 0.573840536409923 0.730304219471994 0
 1447 0.747781829999752 0.545993790657245 0
 1448 0.47990905630792 0.789335436088965 0
 1449 0.726408737723653 0.57558641109704 0
 1450 0.288022633260198 0.878842073106022 0
 1451 0.632677164596202 0.683049187590438 0
 1452 0.586012997521627 0.718778994525669 0
 1453 0.921378014609945 0.15029558597568 0
 1454 0.336188983469659 0.861094671054889 0
 1455 0.451876070747756 0.811120626066661 0
 1456 0.671589810255185 0.638435355962096 0
 1457 0.417725700955291 0.826994695107095 0
 1458 0.855771540588359 0.419321111360405 0
 1459 0.901035806396402 0.24797416411844 0
 1460 0.227956219066745 0.905304954976809 0
 1461 0.817227216381901 0.461399086331149 0
 1462 0.133147053629767 0.931772604116015 0
 1463 0.166485907068022 0.909448521122604 0
 1464 0.389565809451662 0.844359681150798 0
 1465 0.639218586702337 0.670820473376399 0
 1466 0.662528010265867 0.656272132792232 0
 1467 0.533417729031932 0.764358308072582 0
 1468 0.582965980922464 0.729694748098929 0
 1469 0.707467573401151 0.603450051221116 0
 1470 0.0565498925375574 0.932954037192532 0
 1471 0.595921250786623 0.718469257747967 0
 1472 0.308365670688926 0.878579624404244 0
 1473 0.644280278626248 0.683666995957315 0
 1474 0.254534965150858 0.897953374702689 0
 1475 0.771175027399394 0.539671297260522 0
 1476 0.353143246013976 0.858904318304719 0
 1477 0.498231550795776 0.790819451602005 0
 1478 0.514819686830188 0.779019648519407 0
 1479 0.653181116316055 0.67015698896098 0
 1480 0.471972383226429 0.810596239193925 0
 1481 0.725364366087576 0.594711410405537 0
 1482 0.743885515827308 0.566054331454088 0
 1483 0.591558159940505 0.727445639618491 0
 1484 0.435279696293684 0.825826586052294 0
 1485 0.569636312954211 0.741958192604796 0
 1486 0.199007057898832 0.915919617453244 0
 1487 0.606253424454845 0.718103688266635 0
 1488 0.553282938306608 0.760600212519743 0
 1489 0.403694112660099 0.844680136496628 0
 1490 0.688226823869169 0.628265655697345 0
 1491 0.327814933093692 0.878275799947409 0
 1492 0.277428852379936 0.89636454912123 0
 1493 0.877708700312966 0.384442278806637 0
 1494 0.77974057713 0.516142180644866 0
 1495 0.225012520691637 0.929057790815682 0
 1496 0.705774181220761 0.621062884232766 0
 1497 0.601023767878853 0.727081276854426 0
 1498 0.760468976827534 0.557758415295707 0
 1499 0.802512363298851 0.491051174104628 0
 1500 0.616204365386979 0.717708073564925 0
 1501 0.743034493448172 0.585359954408005 0
 1502 0.902448756254552 0.293251593316864 0
 1503 0.298420720591568 0.896045782431268 0
 1504 0.0923246715892537 0.93399088354554 0
 1505 0.347244453775043 0.877871061307651 0
 1506 0.458827088436967 0.826132046177413 0
 1507 0.677442743559592 0.65626615784939 0
 1508 0.244958311233513 0.916057677015176 0
 1509 0.427632006933023 0.843921048709108 0
 1510 0.723782744506522 0.612653828574632 0
 1511 0.494183462812188 0.808660170266649 0
 1512 0.170190476019501 0.940039179217291 0
 1513 0.391721526512799 0.866468272188247 0
 1514 0.626618131792037 0.717245042761669 0
 1515 0.612206296270825 0.726568317018715 0
 1516 0.0257350514734713 0.932469386184388 0
 1517 0.953371969850636 0.0794468619122039 0
 1518 0.669019607902841 0.671287285212385 0
 1519 0.514683330940663 0.79983746827543 0
 1520 0.318187508007281 0.895675427693798 0
 1521 0.593115957057679 0.743727833112746 0
 1522 0.806599851067217 0.517988849236862 0
 1523 0.832374740173476 0.481550097895257 0
 1524 0.266161845227568 0.914719812576127 0
 1525 0.532428744949942 0.788468825741623 0
 1526 0.364037686869705 0.882328209038502 0
 1527 0.760795204049826 0.575777236891897 0
 1528 0.550810982646777 0.778767237368606 0
 1529 0.703319460418279 0.63809748284263 0
 1530 0.480820396362579 0.826971337895298 0
 1531 0.742004087708517 0.603646767942735 0
 1532 0.572615750622244 0.769459364668052 0
 1533 0.444593238850897 0.843891786875266 0
 1534 0.853430678854978 0.454983425696097 0
 1535 0.957459290412257 0.123296681590439 0
 1536 0.287896322736669 0.91353201316346 0
 1537 0.417149409110467 0.861385948535199 0
 1538 0.336462496450485 0.895270342099099 0
 1539 0.58887922220076 0.76134708529161 0
 1540 0.166096367523406 0.324416082782327 0
 1541 0 0.956212779268 0
 1542 0.39180909789511 0.880004840389924 0
 1543 0.721781736276243 0.62980934922186 0
 1544 0.6928631524995 0.654732796655879 0
 1545 0.778412198891292 0.561386861810274 0
 1546 0.308331865625721 0.913273037635108 0
 1547 0.760070705238977 0.594821732089313 0
 1548 0.354479177179934 0.896317017795473 0
 1549 0.894200965455261 0.339327310469842 0
 1550 0.47009639907445 0.844128457127357 0
 1551 0.499328772240246 0.827387770301538 0
 1552 0.950299791613119 0.276625585610677 0
 1553 0.250804954404161 0.93348297636375 0
 1554 0.686086192404284 0.67116323258236 0
 1555 0.740625842952984 0.62030992655998 0
 1556 0.435456033504269 0.861279312435805 0
 1557 0.625944818307746 0.73925255894206 0
 1558 0.514907596822836 0.819417777149638 0
 1559 0.532616592979715 0.809962076243579 0
 1560 0.67498812480655 0.685714210747576 0
 1561 0.406205909421581 0.878853591575315 0
 1562 0.54993816502423 0.800277789113976 0
 1563 0.203740579399916 0.94597024852937 0
 1564 0.326824098820636 0.912953315500428 0
 1565 0.275654805736717 0.9314940217608 0
 1566 0.830974213972741 0.507028928149654 0
 1567 0.572781316608607 0.790476989887095 0
 1568 0.37101693435791 0.893661539675695 0
 1569 0.778005474176248 0.58413369311974 0
 1570 0.586619557961238 0.780679402257188 0
 1571 0.657583242066021 0.715527173661875 0
 1572 0.946445483882659 0.2309410254807 0
 1573 0.147811199073749 0.968218605196961 0
 1574 0.758711909877854 0.613630083915163 0
 1575 0.492666324928651 0.842830117521835 0
 1576 0.458299688154854 0.861700156699327 0
 1577 0.688502932718242 0.686861394974866 0
 1578 0.604315232537782 0.76969733175837 0
 1579 0.932092306633 0.324488386871221 0
 1580 0.297814599981783 0.930665067485357 0
 1581 0.716437924651892 0.662338054313766 0
 1582 0.343540605015506 0.912542472777646 0
 1583 0.428069031918021 0.878502478240804 0
 1584 0.885914089119348 0.430098941121504 0
 1585 0.660923308662599 0.731094768770922 0
 1586 0.625410008016385 0.759381409360787 0
 1587 0.827240045572849 0.533621162728631 0
 1588 0.233619732555453 0.953390407049747 0
 1589 0.032172604466001 0.966400251461621 0
 1590 0.396246522566904 0.893377543087769 0
 1591 0.730627549848817 0.64210385798733 0
 1592 0.183482043252657 0.968937742527975 0
 1593 0.653232550664493 0.741704814912417 0
 1594 0.701339047684717 0.678148337051802 0
 1595 0.969509035506486 0.0426508326801364 0
 1596 0.796399406679213 0.570475568570312 0
 1597 0.0695620740450614 0.966921378499288 0
 1598 0.317649558481485 0.930612600304561 0
 1599 0.700972116711873 0.688103007336748 0
 1600 0.77666327825643 0.604953101413705 0
 1601 0.514075297025688 0.839538359658442 0
 1602 0.357983194025181 0.913654650079993 0
 1603 0.262906041061268 0.949146124250528 0
 1604 0.532363513572029 0.830121149125517 0
 1605 0.481503404347778 0.861210895768522 0
 1606 0.550889221123611 0.819210930959704 0
 1607 0.887857997158715 0.468823288720185 0
 1608 0.756919551047582 0.632063387210628 0
 1609 0.573221607558084 0.809686799825613 0
 1610 0.418181773524156 0.895761445085275 0
 1611 0.716491257473774 0.678363935019419 0
 1612 0.587986053645574 0.799928454947318 0
 1613 0.335710936320032 0.93034071791197 0
 1614 0.286903325913333 0.94805799507327 0
 1615 0.674516927874024 0.727564774078537 0
 1616 0.711151694476586 0.689289794593544 0
 1617 0.609006937132627 0.788035056564384 0
 1618 0.818012929308304 0.558444343599009 0
 1619 0.387438410937949 0.917297880181877 0
 1620 0.68513359146209 0.713443097033828 0
 1621 0.794612125297486 0.594932720571132 0
 1622 0.639692658459471 0.763508859568094 0
 1623 0.774920965614705 0.624300647187125 0
 1624 0.623454893540844 0.783626992383197 0
 1625 0.860684875606019 0.490881993469054 0
 1626 0.737465818653765 0.665994417083011 0
 1627 0.469562415384934 0.878757923440773 0
 1628 0.856816667757902 0.522214148619226 0
 1629 0.308172169650089 0.947902483430843 0
 1630 0.35148753831927 0.928683973035325 0
 1631 0.433995930396469 0.895850294570248 0
 1632 0.668889510073214 0.745166532377719 0
 1633 0.727938109710054 0.681803275534141 0
 1634 0.50759676905923 0.859442367732923 0
 1635 0.697958048418048 0.71221656503885 0
 1636 0.255218242769382 0.965749867080424 0
 1637 1 0 0
 1638 0 1 0
 1639 1 0.043022304819 0
 1640 0.721590016717519 0.690736195552516 0
 1641 0.759465025341791 0.648866967579497 0
 1642 0.407735765412661 0.912808154972463 0
 1643 0.918476891053816 0.409842918507453 0
 1644 0.812468343817947 0.584496124195463 0
 1645 1 0.0924619101 0
 1646 0.0396119646 1 0
 1647 0.655985022556616 0.758233885120446 0
 1648 0.531396624584569 0.850954826652533 0
 1649 0.077255046 1 0
 1650 0.327569055032177 0.947923390974209 0
 1651 0.550280680245444 0.840088847198565 0
 1652 0.691186738621401 0.727343068194033 0
 1653 0.793002496948855 0.616174295663194 0
 1654 0.277024044535171 0.965635862499938 0
 1655 0.573566304018007 0.830012759408748 0
 1656 0.378713571066244 0.92976825974754 0
 1657 0.683957546752065 0.741852063645584 0
 1658 0.709379891502613 0.710930151063338 0
 1659 0.587461412783434 0.819924228668634 0
 1660 0.491423140941074 0.87851210074631 0
 1661 0.774099604942779 0.641736305762321 0
 1662 0.459394232791304 0.89475492918882 0
 1663 0.73070856291359 0.692286772977819 0
 1664 0.607849207989517 0.810827332249801 0
 1665 0.704772935899456 0.72481332504558 0
 1666 0.213547595417872 0.973734473617077 0
 1667 0.745186750429793 0.682971131736564 0
 1668 0.427708913682483 0.91346168916127 0
 1669 0.1161385938 1 0
 1670 0.831520251335389 0.574326452159641 0
 1671 0.346450544487864 0.947238910278611 0
 1672 0.968605456922266 0.319715358176012 0
 1673 0.298156233649503 0.965273623226778 0
 1674 0.630035869217651 0.805700912024932 0
 1675 0.720380290927238 0.709444787235495 0
 1676 0.755879189698924 0.677035283818233 0
 1677 0.393256837996653 0.92910158494069 0
 1678 0.811553780018523 0.606658442148737 0
 1679 0.238961118268226 0.979039554839226 0
 1680 0.643275303591655 0.796110302995273 0
 1681 0.791638841852664 0.635444590215414 0
 1682 0.17368041546 1 0
 1683 0.479939975884565 0.89604589851328 0
 1684 0.318022851241199 0.965352810299099 0
 1685 0.717530987169588 0.722231939227236 0
 1686 0.730407420669594 0.707770884304405 0
 1687 0.655469218393823 0.786240540758741 0
 1688 0.741409396658376 0.694629532747665 0
 1689 0.362935364402284 0.952666404462701 0
 1690 0.771759469494377 0.656680268031862 0
 1691 0.26371496397099 0.982883054524793 0
 1692 0.700723800056564 0.740578358386712 0
 1693 0.848273102964537 0.551871688209672 0
 1694 0.530724904930243 0.870189774244637 0
 1695 0.550906663922616 0.859997572110298 0
 1696 0.680616303549335 0.761010304048281 0
 1697 0.41688837718692 0.930864483358447 0
 1698 0.668359750347573 0.774316613238998 0
 1699 0.83016560736548 0.596373975173388 0
 1700 0.572971947496122 0.851393028280064 0
 1701 0.753982085785591 0.689910382162988 0
 1702 0.740064042766354 0.705604759684205 0
 1703 0.729146549344487 0.720063495440367 0
 1704 0.587287702576783 0.839830223886717 0
 1705 0.336493405125872 0.96534090715677 0
 1706 0.286584152075834 0.982762128753897 0
 1707 0.809923710116746 0.627013025677277 0
 1708 0.608274871859739 0.828276771233756 0
 1709 0.390900403836869 0.950735841430371 0
 1710 0.501818681038321 0.896063631116769 0
 1711 0.7496318344 0.7010850173 0
 1712 0.788627171837526 0.65351169497334 0
 1713 0.469696798130841 0.913423914293044 0
 1714 0.764135219576555 0.682628957893794 0
 1715 0.619895258634979 0.819095105590643 0
 1716 0.224262757566 1 0
 1717 0.879303106815244 0.539307973434317 0
 1718 0.739224018051669 0.716788626834466 0
 1719 0.434719567781474 0.930910155754201 0
 1720 0.850164739943272 0.579897137067705 0
 1721 0.645253909942008 0.81143331198425 0
 1722 0.352477169810987 0.965691397323341 0
 1723 0.963790340678267 0.360113606371319 0
 1724 0.307547725004994 0.982833256015145 0
 1725 0.405498713111905 0.948270114370502 0
 1726 0.658381468420979 0.802685829058273 0
 1727 1 0.250314472 0
 1728 0.24966079213094 1 0
 1729 0.829048350340944 0.616764711843182 0
 1730 0.7274953283038 0.732315464539945 0
 1731 0.748251974275896 0.711661253446662 0
 1732 0.759841869959092 0.698914936974976 0
 1733 0.808156380553391 0.64632231358286 0
 1734 0.788878805207783 0.671501563215793 0
 1735 0.672363411838611 0.792002821618012 0
 1736 0.919431264081643 0.482919655499414 0
 1737 0.490635641475774 0.913513150440986 0
 1738 0.327027648474684 0.98293976217328 0
 1739 0.528594877058522 0.891793461837124 0
 1740 0.550138789210103 0.880180872135035 0
 1741 0.458026661856559 0.931020226047482 0
 1742 0.921850708532934 0.448880826488623 0
 1743 0.572500320320182 0.870424283755996 0
 1744 0.27224255186 1 0
 1745 0.871289583052379 0.565796625368499 0
 1746 0.586528748814302 0.860000946778336 0
 1747 0.687680268939885 0.780779710912388 0
 1748 0.427342957625623 0.947969877880477 0
 1749 0.606868409215677 0.849896186553234 0
 1750 0.847712984277068 0.606097375784011 0
 1751 0.344087123363742 0.983040569106296 0
 1752 0.628072681612786 0.840601381624362 0
 1753 0.29394786672 1 0
 1754 0.707395942645055 0.775309972721241 0
 1755 0.779149959138247 0.694842693593213 0
 1756 0.755579951435151 0.732374637674947 0
 1757 0.395577477135217 0.96342367859171 0
 1758 0.828001087676694 0.635845946529603 0
 1759 0.645696275784606 0.82765177206076 0
 1760 0.801306546427933 0.662341208537602 0
 1761 0.479961882292718 0.930716108411285 0
 1762 0.73167944332774 0.758433527092471 0
 1763 0.659160675130015 0.820223851262275 0
 1764 0.451140147934683 0.949150563508559 0
 1765 0.866391447968918 0.593564110571123 0
 1766 1 0.3511438795 0
 1767 0.31420227312 1 0
 1768 0.360468311424475 0.980425099978579 0
 1769 0.513652971468783 0.915978904461075 0
 1770 0.772125812701032 0.718158125850849 0
 1771 0.673843217893768 0.810547938065618 0
 1772 0.417721916662571 0.965232568531142 0
 1773 0.846578461106822 0.627470264778432 0
 1774 0.53200649624736 0.910031375187672 0
 1775 0.550130496790268 0.899082988468125 0
 1776 0.569182681281113 0.889102881061258 0
 1777 0.689116197338051 0.800564743048439 0
 1778 0.805825683973223 0.687063094545998 0
 1779 0.748062285461673 0.756632478228035 0
 1780 0.33420650112 1 0
 1781 0.586114326783563 0.880119571581307 0
 1782 0.908089451163022 0.533589676084375 0
 1783 0.498842682454731 0.930068418628007 0
 1784 0.392353618982216 0.982916004159401 0
 1785 0.605165089841553 0.870128315382771 0
 1786 0.469475252370905 0.947650524685597 0
 1787 0.8852475389956 0.582583416744194 0
 1788 0.705154361178965 0.792504831339235 0
 1789 0.628610331562935 0.863208438033235 0
 1790 0.833253412790306 0.665854530612355 0
 1791 0.43525690182752 0.963746694125462 0
 1792 0.960805372753428 0.434402920012843 0
 1793 0.865504784155693 0.616349951068644 0
 1794 0.642978650657974 0.843605561257839 0
 1795 0.35369008497 1 0
 1796 0.72159885203628 0.78660881420771 0
 1797 0.766464739891653 0.74071148152638 0
 1798 0.658377257862024 0.839143797967564 0
 1799 0.800055124063236 0.713546339672969 0
 1800 0.405861194256227 0.982180294845471 0
 1801 0.846033055174416 0.649007919658046 0
 1802 0.821608452094841 0.681102229825991 0
 1803 0.491633740725271 0.948497435357023 0
 1804 0.673760390612801 0.829922468398034 0
 1805 0.900303479259448 0.561311098022795 0
 1806 0.744581921627585 0.772789428109445 0
 1807 0.459118794059701 0.966255672285596 0
 1808 0.884917193094378 0.605014711160351 0
 1809 0.3707795241828 1 0
 1810 0.689660832325528 0.820200705090972 0
 1811 0.532195611648295 0.929145751566482 0
 1812 0.550872592630096 0.919107217232268 0
 1813 0.514379896380115 0.939630125213135 0
 1814 0.573008332534662 0.910403683873436 0
 1815 0.781943192938244 0.736778262219371 0
 1816 0.427579368884016 0.982344294753119 0
 1817 0.586290502689916 0.900115332514615 0
 1818 0.864809342838341 0.637805320969589 0
 1819 0.706128639165897 0.81107459521871 0
 1820 0.606234715319809 0.890163074225072 0
 1821 0.47391244841971 0.964337616778194 0
 1822 0.815911462486709 0.709304215382724 0
 1823 0.76245031040414 0.767245717099976 0
 1824 1 0.456043411045 0
 1825 0.39630987266762 1 0
 1826 0.850310377362469 0.670312448137836 0
 1827 0.642481334856759 0.869824639080776 0
 1828 0.955081468410295 0.473718736943384 0
 1829 0.723323749505296 0.802493038725839 0
 1830 0.90443491779753 0.589742332459943 0
 1831 0.656240687431135 0.859023338703344 0
 1832 0.446296472989492 0.980292207322079 0
 1833 0.884221537098579 0.62644766102043 0
 1834 0.741290625306685 0.792498027355029 0
 1835 0.673218280586077 0.8500394982126 0
 1836 0.831240957606638 0.700312673826735 0
 1837 0.811020067004364 0.722268039278036 0
 1838 0.418791719 1 0
 1839 0.849236392131815 0.691438423915807 0
 1840 0.865678146959215 0.65871308229561 0
 1841 0.689923942321859 0.840344214159595 0
 1842 0.931617640733527 0.550443486178885 0
 1843 0.759413246907851 0.784652220711931 0
 1844 0.470394977549722 0.980882403696946 0
 1845 0.55014493609828 0.939609373016648 0
 1846 0.532489084810162 0.950741385939957 0
 1847 0.572678359034917 0.931559809445775 0
 1848 0.780760773551608 0.760173687400411 0
 1849 0.706575995745307 0.830696209525692 0
 1850 0.512690383032865 0.96082458119809 0
 1851 0.905039219810532 0.61361144612712 0
 1852 0.586509306662099 0.920289745741614 0
 1853 0.605416009172197 0.910851375520043 0
 1854 0.434189819 1 0
 1855 0.884393863761074 0.647899707123822 0
 1856 0.723422144732602 0.821108939500092 0
 1857 0.493157104200165 0.977691401756841 0
 1858 0.643660681265729 0.894800725704954 0
 1859 0.777049180111973 0.777529435563648 0
 1860 0.656612074893782 0.880581590510343 0
 1861 0.828686447469214 0.721803670529229 0
 1862 0.936243895184656 0.513575457284561 0
 1863 0.950803183153923 0.577681390715207 0
 1864 0.740844167770383 0.811433553165659 0
 1865 0.86602009530608 0.680322681062561 0
 1866 0.927463276582249 0.599725776918353 0
 1867 0.673197154151011 0.870240543908029 0
 1868 0.813551520401976 0.753297216676756 0
 1869 0.460585629356596 1 0
 1870 0.904234309219453 0.636609143371249 0
 1871 0.690584230082197 0.860838379178561 0
 1872 0.758515993262649 0.802600917174939 0
 1873 0.846596011117862 0.711327715658211 0
 1874 0.707491603510567 0.851104919108541 0
 1875 0.884060502218981 0.669259151755669 0
 1876 0.550673126418016 0.96080666552534 0
 1877 0.57315890131309 0.951037976774417 0
 1878 0.776409367339294 0.794651379881307 0
 1879 0.586496308424849 0.940096749682533 0
 1880 0.515474541903724 0.981976893270738 0
 1881 0.605064236792039 0.932049592121662 0
 1882 0.724098872820575 0.841135937263179 0
 1883 0.532364884885339 0.970055734405497 0
 1884 0.48140206495 1 0
 1885 0.829521106902637 0.742253580266831 0
 1886 0.925368564998316 0.624667105475326 0
 1887 0.865578768339424 0.701264033949531 0
 1888 0.643487827011039 0.911894560317774 0
 1889 0.794105423580015 0.786130953414521 0
 1890 0.741092462116904 0.831310561206434 0
 1891 0.658248131145747 0.90074980993899 0
 1892 0.90357015354241 0.658822230518585 0
 1893 0.673687689082926 0.89023980954697 0
 1894 0.845913905329045 0.731263409726809 0
 1895 0.758675300546241 0.822155946654401 0
 1896 0.691776881271878 0.881067586805899 0
 1897 0.810967605608525 0.773321830493716 0
 1898 0.883217642632402 0.690630562157377 0
 1899 0.501261898561495 1 0
 1900 0.949411082008475 0.613125978018322 0
 1901 0.709910233949717 0.872215167535198 0
 1902 0.776466454807399 0.813863302025483 0
 1903 0.924537831783802 0.649154741198093 0
 1904 0.828902971510755 0.762560896908958 0
 1905 0.86422811512944 0.721304633114795 0
 1906 0.726428793514317 0.862579917321188 0
 1907 0.551264139877527 0.980929627551614 0
 1908 0.586829349428669 0.95983333453125 0
 1909 0.568601700359293 0.97491131284745 0
 1910 0.604833263287215 0.948820221994941 0
 1911 0.902652034004086 0.679782603842491 0
 1912 0.616418462011181 0.940766714680568 0
 1913 0.793911986735512 0.804542532319654 0
 1914 0.962097931886794 0.542604709619821 0
 1915 0.645996889040163 0.930717661678105 0
 1916 0.742119221672426 0.851982044663945 0
 1917 0.519559117413601 1 0
 1918 0.658811621422305 0.919798704421091 0
 1919 0.845984793166094 0.75170882706166 0
 1920 0.943897598749277 0.637981938598979 0
 1921 0.883383518181433 0.711527883100278 0
 1922 0.674123582638067 0.909924860216188 0
 1923 0.811205887030695 0.793786983659701 0
 1924 0.759072337065267 0.842346357809455 0
 1925 0.925021907511206 0.671815474326635 0
 1926 0.691734051145248 0.900470402658867 0
 1927 0.776968785554566 0.834958445560087 0
 1928 0.863665458839457 0.741307293872574 0
 1929 0.711360437666639 0.892379095224024 0
 1930 0.54012243921181 1 0
 1931 0.974771662710653 0.600028993177555 0
 1932 0.828382914998197 0.782854239611215 0
 1933 0.902264909160599 0.701066457884355 0
 1934 0.730469802606422 0.884287648950438 0
 1935 0.794184971438023 0.825214454208921 0
 1936 0.58674321860385 0.979176139918053 0
 1937 0.947770445227706 0.662223322777886 0
 1938 0.604546879627417 0.970157960282988 0
 1939 0.623113522069884 0.953214264975131 0
 1940 0.747771446838935 0.874897842254455 0
 1941 0.883269586057416 0.731739492999324 0
 1942 0.84601293570137 0.772476568307194 0
 1943 0.64637773682775 0.948461518293606 0
 1944 0.920203860758127 0.690804085187746 0
 1945 0.659807607584136 0.938940443595983 0
 1946 0.811596515964637 0.814896971396633 0
 1947 0.760006972170477 0.862650039705533 0
 1948 0.566336027022222 1 0
 1949 0.674234601099764 0.929335377876019 0
 1950 0.863485660494396 0.761977728192411 0
 1951 0.691315375057485 0.919799583718005 0
 1952 0.903998470187413 0.72203043547664 0
 1953 0.777134881057808 0.857606691845399 0
 1954 0.82855716708527 0.803895282813937 0
 1955 0.711556595929368 0.911994482889612 0
 1956 0.945605040448733 0.691615351822772 0
 1957 0.73252845288461 0.905152952088374 0
 1958 0.79513486203721 0.847838585600507 0
 1959 0.881845979317746 0.751743635903231 0
 1960 0.584489531935422 1 0
 1961 0.846165436413253 0.793613009626769 0
 1962 0.923987413520567 0.710188463228139 0
 1963 0.754701199293745 0.897374619453925 0
 1964 0.625434624138678 0.97983894903717 0
 1965 0.812399733991911 0.837215771214092 0
 1966 0.660627840546957 0.957354966432581 0
 1967 0.647617537569243 0.965508431761693 0
 1968 0.864461834316679 0.783336085806344 0
 1969 0.903737024092997 0.743157751257776 0
 1970 0.674803786440106 0.948752763157599 0
 1971 0.830225279191581 0.826306450871119 0
 1972 0.690427927989873 0.939465470828845 0
 1973 0.772781405888988 0.883135883770373 0
 1974 0.60542414516466 1 0
 1975 0.709347504672306 0.930775794858858 0
 1976 0.883086583505269 0.773156300711459 0
 1977 0.794842485173162 0.871147647759793 0
 1978 0.925464418675816 0.734480264605853 0
 1979 0.969804832019135 0.677245720614067 0
 1980 0.847833379649473 0.816434678248422 0
 1981 0.731085928820626 0.925482153585474 0
 1982 0.75405100448376 0.920104079296249 0
 1983 0.815320369613935 0.861801870653447 0
 1984 0.899379037387882 0.761578866040991 0
 1985 0.866414760758575 0.805405896590351 0
 1986 0.944296078119609 0.718471835271565 0
 1987 0.66082760375412 0.974018049720194 0
 1988 0.831140623779128 0.848171476317422 0
 1989 0.690337614295834 0.959307129808929 0
 1990 0.886071545697716 0.795142495028564 0
 1991 0.923317522867993 0.760463507475695 0
 1992 0.707287174826081 0.949643524854101 0
 1993 0.849834929150176 0.842014746192351 0
 1994 0.6759361944402 0.968037801004979 0
 1995 0.795284688829813 0.89317846211214 0
 1996 0.724919487801548 0.942430326373597 0
 1997 0.649836520515 1 0
 1998 0.904888572187329 0.781254199786244 0
 1999 0.818668721429257 0.886762656224412 0
 2000 0.86806106610787 0.830047062807349 0
 2001 0.970792521417751 0.711194085702343 0
 2002 0.845679028794207 0.871155219672401 0
 2003 0.888707946468978 0.819474680532529 0
 2004 0.782420010075266 0.913029265462399 0
 2005 0.66725188701084 1 0
 2006 0.693703064396883 0.980897088487489 0
 2007 0.706627785854196 0.966795951648711 0
 2008 0.90817772163897 0.807921629247485 0
 2009 0.726667235128535 0.96061015628001 0
 2010 0.870590302769502 0.85982922791827 0
 2011 0.748093606011124 0.945822548272705 0
 2012 0.773870136047391 0.935367406701407 0
 2013 0.92649537661887 0.78978735380932 0
 2014 0.88874456991633 0.843396504493141 0
 2015 0.686069708436 1 0
 2016 0.94538777455649 0.773686734957967 0
 2017 0.911956304746368 0.838608872920224 0
 2018 0.951293462076692 0.744475862740517 0
 2019 0.813527068586442 0.91205553864311 0
 2020 0.744886190644671 0.974375424178233 0
 2021 0.7068027119706 1 0
 2022 0.929056094955199 0.817605691050456 0
 2023 0.773996006266574 0.958044426735982 0
 2024 0.84685056116772 0.901697181457267 0
 2025 0.973172031773143 0.775758539352863 0
 2026 0.807197391466075 0.942560708204382 0
 2027 0.875779029209245 0.889808846028471 0
 2028 0.727131389166 1 0
 2029 0.838055645071187 0.926438841706361 0
 2030 0.772287986574476 0.982444344372189 0
 2031 0.897219860792106 0.869300978341091 0
 2032 0.796187407304052 0.97121318343336 0
 2033 0.7505655110406 1 0
 2034 0.952934842730947 0.80636872811501 0
 2035 0.943988478392087 0.845587021226307 0
 2036 0.773626677066 1 0
 2037 0.877098955915262 0.923773466967337 0
 2038 0.828808817491922 0.974778913106152 0
 2039 0.79877104326 1 0
 2040 0.912165387744025 0.902860116875557 0
 2041 0.848466935644969 0.949641909598805 0
 2042 0.979734292501415 0.811428420527002 0
 2043 0.969945647815239 0.836497473980612 0
 2044 0.973632186967598 0.868695316424844 0
 2045 1 0.7590301000525 0
 2046 0.946153450845791 0.886764067744188 0
 2047 0.918097905490042 0.939000988950864 0
 2048 0.864685134217071 0.976118763289365 0
 2049 0.86270499126 1 0
 2050 0.886855277681068 0.959210399300202 0
 2051 0.952813662396111 0.926465560512461 0
 2052 1 0.8990591608 0
 2053 0.894767587866 1 0
 2054 0.919450913995659 0.971432653106885 0
 2055 0.959998711540592 0.965109587626894 0
 2056 1 0.946397359 0
 2057 0.934705037008 1 0
 2058 0.964734375566801 1 0
 2059 1 1 0
 2060 0.379352631442425 0.346190666864514 0
 2061 0.366242940521475 0.346372276380427 0
 2062 0.372172331582555 0.266046845198505 0
 2063 0.38458894912543 0.272713865999277 0
 2064 0.359807438947605 0.239661443492199 0
 2065 0.507901157850923 0.675890257153985 0
 2066 0.513105310453789 0.675857554312543 0
 2067 0.497209719474862 0.724139784208114 0
 2068 0.550741920533885 0.674815412723255 0
 2069 0.456398405999605 0.724215496179093 0
 2070 0.468620909705913 0.675935076290729 0
 2071 0.541645154147009 0.724351368936087 0
 2072 0.536666092654861 0.724545565381549 0
 2073 0.4883725502515 0.676078254432261 0
 2074 0.521011259211126 0.724105190404442 0
 2075 0.515914836285385 0.724067939609265 0
 2076 0.528962400018626 0.675538745633378 0
 2077 0.534056792072228 0.67555142292515 0
 2078 0.477559582648054 0.724054309072884 0
 2079 0.562994607042394 0.725286297422553 0
 2080 0.502569445028266 0.676014375366271 0
 2081 0.545433159132943 0.675394183048913 0
 2082 0.472220225719992 0.723998388366326 0
 2083 0.46694242669586 0.724073626581229 0
 2084 0.458515818912745 0.676204826243205 0
 2085 0.463616945480434 0.676093752208185 0
 2086 0.450559989015299 0.724373755172274 0
 2087 0.444103670093311 0.72463667198619 0
 2088 0.478366173942083 0.67590453277676 0
 2089 0.483410018084146 0.675919479459809 0
 2090 0.531423657275351 0.724173158814765 0
 2091 0.523723340259309 0.675748651907724 0
 2092 0.492202000182731 0.724172263729575 0
 2093 0.487357593447771 0.724247282858042 0
 2094 0.539880754173436 0.662156442548758 0
 2095 0.465545123999532 0.737022466584083 0
 2096 0.460320947513894 0.737511027731823 0
 2097 0.485956062556181 0.736635042437274 0
 2098 0.4807904500528 0.736797048541296 0
 2099 0.514319639521923 0.663867054086232 0
 2100 0.519672319132764 0.663468288603001 0
 2101 0.423830581151308 0.735784714186121 0
 2102 0.559229295491623 0.664351611215839 0
 2103 0.443061470259278 0.739976713908382 0
 2104 0.439745891637303 0.73596590763336 0
 2105 0.413712187958019 0.736195207316714 0
 2106 0.588350072705483 0.65965265908704 0
 2107 0.526554428758595 0.736320291676604 0
 2108 0.521592150542764 0.736051054277813 0
 2109 0.4727941124283 0.663895824586259 0
 2110 0.478017712385622 0.663912843841002 0
 2111 0.506173895787615 0.736372873581027 0
 2112 0.501446266681973 0.736534711257778 0
 2113 0.493729569204212 0.663872633578024 0
 2114 0.498516916750915 0.663829133644514 0
 2115 0.422319236596125 0.664769093426095 0
 2116 0.451462228869052 0.664354089840159 0
 2117 0.456964946737825 0.6641525925333 0
 2118 0.546534801081892 0.735610904980433 0
 2119 0.541306860508625 0.735230151347183 0
 2120 0.569183715611053 0.735717154045319 0
 2121 0.563029957361258 0.738317608283324 0
 2122 0.43094324643717 0.663433835168892 0
 2123 0.588603404094575 0.736555578705826 0
 2124 0.487365218762461 0.672057936313099 0
 2125 0.488398419286348 0.664333982815347 0
 2126 0.474942789504742 0.728249057594856 0
 2127 0.475716551323297 0.736937467679366 0
 2128 0.504650171178806 0.671971363405481 0
 2129 0.503875898368461 0.664248737431532 0
 2130 0.495345806380614 0.728211070838873 0
 2131 0.496176830367618 0.736218998592658 0
 2132 0.466600421216021 0.671963211390494 0
 2133 0.467569819101779 0.663944198619083 0
 2134 0.432675888221397 0.737192494136629 0
 2135 0.445452454104844 0.663779367232699 0
 2136 0.454518771688294 0.739783963887556 0
 2137 0.533310925814665 0.728612493755347 0
 2138 0.53135390249797 0.736725729204693 0
 2139 0.567032197996802 0.664523871780185 0
 2140 0.512261568657927 0.727989510286835 0
 2141 0.511411388434985 0.735740594793668 0
 2142 0.526206352443841 0.671120871301215 0
 2143 0.525067944318692 0.661756679850327 0
 2144 0.552683667107893 0.735405255244955 0
 2145 0.413771462037691 0.664326795912242 0
 2146 0.545767360911653 0.663332532053286 0
 2147 0.575758402197286 0.736521235260995 0
 2148 0.527706265081142 0.656903290636517 0
 2149 0.429806154058682 0.742995152433148 0
 2150 0.536545771194723 0.742598063857829 0
 2151 0.492496905235306 0.745477703640352 0
 2152 0.549165527578713 0.658644410814052 0
 2153 0.471601166232403 0.746410636042162 0
 2154 0.558331997633198 0.743174708193396 0
 2155 0.450550802324085 0.74527681736231 0
 2156 0.41031066089872 0.654906665146943 0
 2157 0.50750625863327 0.655921780463497 0
 2158 0.463267821209978 0.655722313417884 0
 2159 0.515172874131404 0.74375256256743 0
 2160 0.57127867991368 0.658679333282642 0
 2161 0.484639796421952 0.655929875949828 0
 2162 0.254990698912705 0.734700094488965 0
 2163 0.2329351013943 0.687274292709725 0
 2164 0.224974963083032 0.694463203734211 0
 2165 0.777577771123848 0.70731117115208 0
 2166 0.27947041624503 0.737915543561686 0
 2167 0.281186110552248 0.749539158726165 0
 2168 0.787093384274982 0.716441701339475 0
 2169 0.200725146762594 0.692744431225345 0
 2170 0.522178790038129 0.647141874807047 0
 2171 0.532080649374937 0.647616214542065 0
 2172 0.501026059496507 0.647375492683933 0
 2173 0.511848999319236 0.647074621323569 0
 2174 0.498924538157064 0.754303873211655 0
 2175 0.488246527741918 0.75608516170772 0
 2176 0.519825423830591 0.751951561460375 0
 2177 0.509291194026848 0.752053382133996 0
 2178 0.539026417836977 0.752664370698987 0
 2179 0.530208228712091 0.752568997802243 0
 2180 0.458646666435548 0.646887563719565 0
 2181 0.4696664485539 0.646638393909751 0
 2182 0.477387044757523 0.756463242555982 0
 2183 0.466829555523795 0.756598634209644 0
 2184 0.480477057863426 0.646963291225033 0
 2185 0.491450669164684 0.647417865392652 0
 2186 0.422369813200223 0.991095841166232 0
 2187 0.431716497090687 0.991183867359809 0
 2188 0.42689909 1 0
 2189 0.412640442734458 0.990830459392748 0
 2190 0.417306876221981 0.982288046268667 0
 2191 0.436550889739638 0.982197301293797 0
 2192 0.439061700877896 0.989263520378311 0
 2193 0.408622025 1 0
 2194 0.432355174507717 0.973427548776886 0
 2195 0.441020501541658 0.975387866843322 0
 2196 0.422496051569249 0.973752434986087 0
 2197 0.427330177573225 0.964933348995101 0
 2198 0.449780384957714 0.967015558798454 0
 2199 0.453443364472115 0.976921425885435 0
 2200 0.411980508639092 0.973767247234328 0
 2201 0.465351518160456 0.974012142128188 0
 2202 0.45815772654215 0.980971534269362 0
 2203 0.407223982546872 0.965053693809188 0
 2204 0.467852246687784 0.964962639016021 0
 2205 0.474576122365268 0.972464975996907 0
 2206 0.412609890931445 0.956580526390769 0
 2207 0.461979622301926 0.956378817968547 0
 2208 0.472522145558397 0.955438961871589 0
 2209 0.45531898932212 0.95490464238231 0
 2210 0.457830354028908 0.949125918384357 0
 2211 0.439607515545304 0.95643013971924 0
 2212 0.431560701093277 0.956183902202767 0
 2213 0.436283190496802 0.948503797463922 0
 2214 0.422238891517493 0.956501382724059 0
 2215 0.431636929155374 0.939625236877881 0
 2216 0.43937422191414 0.942045407018702 0
 2217 0.416800598858765 0.947967185983543 0
 2218 0.421905213016599 0.939566572791773 0
 2219 0.426968258279273 0.930833455800529 0
 2220 0.410883788098663 0.939515376657849 0
 2221 0.422449238899144 0.922250467677831 0
 2222 0.432164898999966 0.922180086146475 0
 2223 0.405284728117569 0.930523371279541 0
 2224 0.411854443794835 0.922079707553139 0
 2225 0.418001510412788 0.913402505088421 0
 2226 0.436289888212213 0.913352521004976 0
 2227 0.439907303837647 0.91987554723755 0
 2228 0.431707093888828 0.904756281222343 0
 2229 0.439613008217599 0.906200265873645 0
 2230 0.422703509393777 0.904696099685131 0
 2231 0.427117174917697 0.895836170478598 0
 2232 0.447856240773954 0.897401090938625 0
 2233 0.452444470376132 0.902915861257226 0
 2234 0.413139667175952 0.904319204259057 0
 2235 0.422900126148051 0.887075326248683 0
 2236 0.432047451111689 0.887118393906306 0
 2237 0.440379139122062 0.886726764754024 0
 2238 0.40821043980376 0.895154498363643 0
 2239 0.413076677265206 0.886928179633958 0
 2240 0.417863570798289 0.87844508974203 0
 2241 0.436959876382228 0.879061196890554 0
 2242 0.451289862038151 0.929512858035997 0
 2243 0.451193143731066 0.941499173282095 0
 2244 0.452976063516548 0.923556059354687 0
 2245 0.463671995489781 0.939625799438897 0
 2246 0.458627641970717 0.913548163222841 0
 2247 0.464341025314702 0.922242819466461 0
 2248 0.469470699919629 0.930845808532857 0
 2249 0.474766345137578 0.939250110766498 0
 2250 0.464448036676722 0.904451867582527 0
 2251 0.474891067394157 0.922084632291415 0
 2252 0.485333267497981 0.939426568335897 0
 2253 0.479964684475887 0.947799819028246 0
 2254 0.480132150275488 0.913416913565133 0
 2255 0.48511558440745 0.922030597842301 0
 2256 0.489904729112486 0.930583495013784 0
 2257 0.49580032641607 0.938482934518308 0
 2258 0.475051267687588 0.904806335859102 0
 2259 0.485392497102332 0.90477331028975 0
 2260 0.495414690205058 0.922127789722959 0
 2261 0.470225201207519 0.896651531152459 0
 2262 0.501860701298112 0.914097865965915 0
 2263 0.505655402680401 0.923899937887015 0
 2264 0.461707394549585 0.885912433070915 0
 2265 0.473808550276646 0.887707899914556 0
 2266 0.496387181136304 0.904975798767582 0
 2267 0.508022673869746 0.905258295080614 0
 2268 0.458969028433241 0.880818041217831 0
 2269 0.48030671220338 0.878736378300291 0
 2270 0.485171264205376 0.887352556449971 0
 2271 0.490737336323775 0.896067223635716 0
 2272 0.450849524546128 0.871339617123952 0
 2273 0.46407290331398 0.870337960010383 0
 2274 0.475521546059041 0.869992566391781 0
 2275 0.486886072534928 0.86979377248124 0
 2276 0.442175182794487 0.872289043404956 0
 2277 0.446361268816984 0.861989879484772 0
 2278 0.470051375990278 0.861446405051316 0
 2279 0.433152742294343 0.87021961180437 0
 2280 0.46438673673761 0.852792608947686 0
 2281 0.475811813900249 0.852685423517291 0
 2282 0.422875830946323 0.869923276717609 0
 2283 0.427416376663632 0.861259938803608 0
 2284 0.45249166752071 0.851468030582782 0
 2285 0.45840245869357 0.843892968499088 0
 2286 0.481179752443854 0.843893373114501 0
 2287 0.487418975489665 0.852317540480209 0
 2288 0.412181948288997 0.870226545993037 0
 2289 0.440240446210204 0.850150038771006 0
 2290 0.475261364477251 0.835510860182674 0
 2291 0.485332151318157 0.834394044652051 0
 2292 0.431379649361071 0.852415690368171 0
 2293 0.435817117098592 0.843799634447313 0
 2294 0.464591973821356 0.835288779304275 0
 2295 0.470115173724813 0.826831825833478 0
 2296 0.490994417248476 0.825960455758811 0
 2297 0.49511293295892 0.83434377353924 0
 2298 0.422096999429581 0.852676379231953 0
 2299 0.45310590544568 0.835148118031292 0
 2300 0.485770239924522 0.817321188902126 0
 2301 0.49689555283367 0.818977238263684 0
 2302 0.410431180979919 0.853093380402777 0
 2303 0.416604166460795 0.844196986832937 0
 2304 0.441253896656888 0.83740924088 0
 2305 0.445955087399609 0.824617238420583 0
 2306 0.473808678682187 0.819022413189239 0
 2307 0.482620999977117 0.808511346675579 0
 2308 0.405036005102595 0.862409209316212 0
 2309 0.432661007551083 0.835198318219474 0
 2310 0.462617346826387 0.817476651070829 0
 2311 0.456437650401267 0.820601830724447 0
 2312 0.458873421137928 0.808386029019059 0
 2313 0.440399781297388 0.818544538419459 0
 2314 0.431984709203381 0.817921088901505 0
 2315 0.437154542080982 0.810326551260727 0
 2316 0.426992034056425 0.826721608060735 0
 2317 0.422611024361326 0.818173315495714 0
 2318 0.432657970099077 0.802203494495278 0
 2319 0.441357775306267 0.80317795268927 0
 2320 0.422374579321809 0.835618186769004 0
 2321 0.42256190982667 0.801719556391926 0
 2322 0.428009683092548 0.794876160773334 0
 2323 0.411552025527661 0.835784244003014 0
 2324 0.417094020547955 0.809809543564766 0
 2325 0.412149897984325 0.801353080982897 0
 2326 0.407206083382959 0.826816183109796 0
 2327 0.41240451076897 0.8183273699065 0
 2328 0.407713209564702 0.792764724517728 0
 2329 0.596261026296142 0.24576000615265 0
 2330 0.596235970533672 0.255796472320558 0
 2331 0.586779702093413 0.250724809918427 0
 2332 0.596802679818491 0.266432065474091 0
 2333 0.580466873014446 0.25863562649972 0
 2334 0.578474102314739 0.243324503569688 0
 2335 0.588789518902095 0.271150199531825 0
 2336 0.572238350855483 0.264168237467466 0
 2337 0.564464348858041 0.260674428938412 0
 2338 0.574365758254708 0.273573655863115 0
 2339 0.578302636546023 0.282459040146964 0
 2340 0.55965689721086 0.282771456638755 0
 2341 0.586013098185322 0.290460355259772 0
 2342 0.57633841813444 0.297574130677932 0
 2343 0.588472722308016 0.309683235867064 0
 2344 0.596336940791132 0.32467232799379 0
 2345 0.588537248470218 0.330215748414932 0
 2346 0.596744623880399 0.35506144754809 0
 2347 0.58831528165813 0.350068000122725 0
 2348 0.596190358841207 0.365175587676589 0
 2349 0.595710212986439 0.374929858483519 0
 2350 0.587305173918391 0.36955906697841 0
 2351 0.595184942207031 0.384951586721602 0
 2352 0.594747836677466 0.395084751194025 0
 2353 0.587216740162459 0.389056740292127 0
 2354 0.594468381106112 0.404999661129977 0
 2355 0.594665977829807 0.44565750388763 0
 2356 0.594972124607963 0.435547620177371 0
 2357 0.595723903073437 0.455696077654048 0
 2358 0.586208246425507 0.451493113378875 0
 2359 0.596618696346437 0.466156935665848 0
 2360 0.597060103680986 0.475922878701772 0
 2361 0.587442229730979 0.470981248722291 0
 2362 0.595756156633868 0.485378442716682 0
 2363 0.579622458423866 0.47576729449751 0
 2364 0.578715135230273 0.467272876098451 0
 2365 0.57925606299594 0.485213859913683 0
 2366 0.573449674673701 0.478936841853753 0
 2367 0.587177150040015 0.490288731598743 0
 2368 0.57885841613033 0.49514704724645 0
 2369 0.59552918337232 0.495412237453405 0
 2370 0.57907332812198 0.505353694621513 0
 2371 0.572833864525057 0.500226639139157 0
 2372 0.58687298310426 0.510032598456261 0
 2373 0.579422790746882 0.515523757201062 0
 2374 0.561003475406662 0.503033528160146 0
 2375 0.559768998931037 0.49618830630892 0
 2376 0.596306856790653 0.505030427855153 0
 2377 0.595173582667531 0.513643719007875 0
 2378 0.562136504700179 0.515238535396538 0
 2379 0.550773419482687 0.509650748548491 0
 2380 0.570228417971341 0.519168308725683 0
 2381 0.563128963678417 0.524021069308825 0
 2382 0.577792761663322 0.524916614673043 0
 2383 0.562490334595373 0.535371225937654 0
 2384 0.550953099261191 0.530317707483221 0
 2385 0.5699930675419 0.539357876805911 0
 2386 0.563406498468532 0.544950368745069 0
 2387 0.54115765873712 0.535516073673135 0
 2388 0.541024131905655 0.525053096903134 0
 2389 0.578399903223823 0.535583393396589 0
 2390 0.577436361617005 0.543888349896309 0
 2391 0.541263555695331 0.544702082383098 0
 2392 0.532004855735426 0.539865719746131 0
 2393 0.585293090468689 0.530726468709606 0
 2394 0.550577441152525 0.54944296231266 0
 2395 0.542106891158473 0.554996655858031 0
 2396 0.559898802100834 0.554623140082522 0
 2397 0.541329219609249 0.565551409089893 0
 2398 0.532627906369847 0.559342192632099 0
 2399 0.551650745480514 0.57064871615933 0
 2400 0.543665077730684 0.575374525559471 0
 2401 0.523713998946737 0.564893566332646 0
 2402 0.523574060072434 0.554924539027616 0
 2403 0.562242430345388 0.565471935713307 0
 2404 0.556275723062365 0.5735020113206 0
 2405 0.523693200061531 0.574990490901708 0
 2406 0.515034024977184 0.569999458516995 0
 2407 0.567416353301501 0.561558587504043 0
 2408 0.532739946131407 0.579767459055575 0
 2409 0.523822305792563 0.585353577224293 0
 2410 0.541462100537655 0.584829320516266 0
 2411 0.524017709241812 0.596390354867082 0
 2412 0.515110687659783 0.590611483498628 0
 2413 0.533081868464068 0.602556227534884 0
 2414 0.524420711825917 0.607762314377524 0
 2415 0.506246657040283 0.595793635287283 0
 2416 0.506342695242448 0.585335045335893 0
 2417 0.541578898626448 0.596098691216606 0
 2418 0.542546589697536 0.607881631109398 0
 2419 0.506802760201754 0.605771485832638 0
 2420 0.497707000769721 0.601722923973604 0
 2421 0.550662330793529 0.590030337714661 0
 2422 0.514258213778801 0.611371913307343 0
 2423 0.508290852171832 0.61795537586647 0
 2424 0.523683968053629 0.618389669290166 0
 2425 0.509733692625224 0.628746741956553 0
 2426 0.501105692799274 0.627794118140102 0
 2427 0.520655596942526 0.62846322859065 0
 2428 0.516628365876264 0.637885089300335 0
 2429 0.717918721040808 0.646633800714271 0
 2430 0.638129557848112 0.474340403113049 0
 2431 0.633429198449523 0.545240338950055 0
 2432 0.596703327958194 0.608966370586798 0
 2433 0.599759034612428 0.598330352983741 0
 2434 0.601145303874467 0.58839484054454 0
 2435 0.601692271428781 0.57786361001863 0
 2436 0.594995165684619 0.619634621121315 0
 2437 0.586948823448916 0.612744000209797 0
 2438 0.591500775129051 0.592612255363566 0
 2439 0.603266635880079 0.626993821549219 0
 2440 0.593352617331163 0.630494035073285 0
 2441 0.582462629474548 0.596238475357398 0
 2442 0.584721778917341 0.587092382722874 0
 2443 0.584356613134459 0.634351305476635 0
 2444 0.581572714046222 0.604919504272735 0
 2445 0.574577576192749 0.600410910978259 0
 2446 0.600510758655107 0.649387853697332 0
 2447 0.591131932981847 0.650918522621886 0
 2448 0.574687142980905 0.651323151460077 0
 2449 0.577122711547411 0.642496309393887 0
 2450 0.563224332184481 0.649622421863468 0
 2451 0.55293499412124 0.649036850603705 0
 2452 0.555055257652747 0.643219881044521 0
 2453 0.574722906527393 0.634056081738729 0
 2454 0.54291833402691 0.647575505652763 0
 2455 0.535906837424104 0.6379679575201 0
 2456 0.552859844332933 0.632602187605727 0
 2457 0.559795939646171 0.633551619866544 0
 2458 0.529553878104847 0.628109248974642 0
 2459 0.540415646710844 0.627931101432579 0
 2460 0.546275916978212 0.620186687127346 0
 2461 0.569995026163533 0.627447856597984 0
 2462 0.57908734817702 0.618451510074167 0
 2463 0.562327687175547 0.606418354105386 0
 2464 0.562274876801298 0.594185290471267 0
 2465 0.564803163479057 0.620223462377616 0
 2466 0.552999194533512 0.612022913490354 0
 2467 0.635723289143062 0.988249104315426 0
 2468 0.615921438963914 0.986380896621945 0
 2469 0.604326623376539 0.981590305462414 0
 2470 0.595070121693928 0.925658878497469 0
 2471 0.595044797953728 0.915429520918364 0
 2472 0.595024210279292 0.935383025925379 0
 2473 0.586587313454733 0.930178193642685 0
 2474 0.586619321559959 0.91020816102389 0
 2475 0.595460481106255 0.905300977464514 0
 2476 0.595011410151138 0.945039875655388 0
 2477 0.578781361404644 0.915336198870674 0
 2478 0.578895185730576 0.905172511197918 0
 2479 0.57898695148347 0.92556466394107 0
 2480 0.573058011042052 0.920438965624554 0
 2481 0.579504260260648 0.935185438887854 0
 2482 0.556955202090995 0.927163227630321 0
 2483 0.561836107309291 0.916118721091811 0
 2484 0.560112947589996 0.932812853477366 0
 2485 0.550522844776755 0.929313949202561 0
 2486 0.551778684572085 0.9097790436632 0
 2487 0.560938441433084 0.90383814299572 0
 2488 0.57297064740391 0.938797102239553 0
 2489 0.560635003523087 0.944731392582441 0
 2490 0.541266314988446 0.914614279747976 0
 2491 0.539981077465827 0.906323827411341 0
 2492 0.579040177671252 0.944913407767344 0
 2493 0.531192802838622 0.902418236039615 0
 2494 0.53935572264372 0.89698672677907 0
 2495 0.587138425584898 0.949842613657581 0
 2496 0.579704851220425 0.954626830577747 0
 2497 0.522774026183247 0.913104184622191 0
 2498 0.51964509794432 0.904294291866515 0
 2499 0.595599692957697 0.954725749557601 0
 2500 0.578786164488051 0.964234634588716 0
 2501 0.568998880675112 0.962712020737542 0
 2502 0.595058978094412 0.964977990114236 0
 2503 0.586258268202069 0.969588210042662 0
 2504 0.578179599651167 0.974362732443197 0
 2505 0.594935204369057 0.974828626384182 0
 2506 0.598071305099345 0.991352535146745 0
 2507 0.597194860970202 0.824730305891557 0
 2508 0.596920222591025 0.814910246019328 0
 2509 0.59714563681467 0.834436314499555 0
 2510 0.587504067172136 0.829869419861037 0
 2511 0.59658795560706 0.844677961711797 0
 2512 0.597076255756165 0.804992846330647 0
 2513 0.597251593359598 0.794638105506276 0
 2514 0.587759775334559 0.809868480730654 0
 2515 0.587529839039921 0.79012797658619 0
 2516 0.596285937281239 0.785194417576283 0
 2517 0.57970085738324 0.814913577597197 0
 2518 0.57996389336358 0.805009150100486 0
 2519 0.579905093747196 0.794992236424679 0
 2520 0.578570492628054 0.78516109918161 0
 2521 0.595112758007575 0.775658967365881 0
 2522 0.579830866311502 0.824993435454325 0
 2523 0.573093266711706 0.81984015875071 0
 2524 0.574367265059941 0.800041836196528 0
 2525 0.57958651859338 0.835091707508875 0
 2526 0.561336641273415 0.823722645811069 0
 2527 0.559814295266908 0.81365240379468 0
 2528 0.579316409940137 0.845210749813279 0
 2529 0.573378375057878 0.840197469133865 0
 2530 0.560632913286754 0.834791887670383 0
 2531 0.550334723300452 0.829641947326064 0
 2532 0.587454788301696 0.849858817141478 0
 2533 0.578854055410774 0.855212001034161 0
 2534 0.560807155797458 0.845183673233723 0
 2535 0.596191599942616 0.854947666748374 0
 2536 0.562127722868923 0.855573945983507 0
 2537 0.550586774843567 0.850136108842658 0
 2538 0.595331626568432 0.865007362784132 0
 2539 0.569939077332267 0.858972358620884 0
 2540 0.56319928881488 0.86481493447829 0
 2541 0.595109024976337 0.875060370866306 0
 2542 0.586201993948037 0.869925726142794 0
 2543 0.578315275005323 0.864759651350161 0
 2544 0.595194403649405 0.885203646222101 0
 2545 0.578508740514591 0.875373228790617 0
 2546 0.578694080662184 0.885502910182331 0
 2547 0.572480573428446 0.881598721782915 0
 2548 0.586359276206837 0.890143195380483 0
 2549 0.577961791077151 0.89475361285004 0
 2550 0.595725856371078 0.895196009535038 0
 2551 0.573106596553241 0.900431675118893 0
 2552 0.562935843013152 0.896332776543176 0
 2553 0.553458973123922 0.890624434688277 0
 2554 0.561646198613911 0.885414065875126 0
 2555 0.538945954979169 0.886023876518162 0
 2556 0.562719337070064 0.87560572355239 0
 2557 0.529630220213165 0.880994786871487 0
 2558 0.540094052748019 0.875440636921498 0
 2559 0.551996615281032 0.870702083104468 0
 2560 0.518789236251648 0.885650548578866 0
 2561 0.520664438179101 0.875272517669001 0
 2562 0.540763024071021 0.864816853339866 0
 2563 0.510230074697176 0.870769393177508 0
 2564 0.520499674660633 0.865234672780089 0
 2565 0.530928725893589 0.859689477387108 0
 2566 0.541437239371697 0.855104029510677 0
 2567 0.502597558622215 0.879981631302386 0
 2568 0.498618328521225 0.869927526643186 0
 2569 0.520842066768367 0.855201007040791 0
 2570 0.511458115148972 0.849652785758438 0
 2571 0.522344467237528 0.845305639437941 0
 2572 0.499482306593373 0.851931488533356 0
 2573 0.504011847460169 0.842800389210734 0
 2574 0.523471319569234 0.835124275868176 0
 2575 0.531999751483045 0.840503524583985 0
 2576 0.515144229602579 0.829482357681937 0
 2577 0.523764145378709 0.824904292636843 0
 2578 0.54105627617902 0.83520009384927 0
 2579 0.540681080833789 0.845624147472834 0
 2580 0.506048062927965 0.833350456203755 0
 2581 0.506647796437626 0.823582923626231 0
 2582 0.505215068404298 0.813969509220337 0
 2583 0.541244986906965 0.824762192879074 0
 2584 0.532500009376977 0.819922072687935 0
 2585 0.542212531260685 0.815405103153989 0
 2586 0.523671719346492 0.814860440610625 0
 2587 0.514467270388918 0.809657198185986 0
 2588 0.523602088867182 0.80486643308815 0
 2589 0.505034921083713 0.804482525675474 0
 2590 0.523775995750458 0.794405674280661 0
 2591 0.532419702125205 0.799388920589014 0
 2592 0.514981384493405 0.789439668549994 0
 2593 0.523902216554705 0.783416108634561 0
 2594 0.541361578619913 0.794467943746544 0
 2595 0.540400939214208 0.804483380603939 0
 2596 0.506170602099118 0.794671948003006 0
 2597 0.505893746209257 0.784293295457786 0
 2598 0.540831939780832 0.784482480833417 0
 2599 0.550911521445938 0.78945261640944 0
 2600 0.496702312822916 0.798274597490827 0
 2601 0.496862936810959 0.779156314030859 0
 2602 0.505303499750312 0.773363853975797 0
 2603 0.532612051102821 0.776958833572466 0
 2604 0.541443385870625 0.772540547955799 0
 2605 0.54129352272688 0.924425866572801 0
 2606 0.532053659931399 0.919177629551957 0
 2607 0.539288306804711 0.935168265225832 0
 2608 0.523078676001384 0.92360308916305 0
 2609 0.541148903746589 0.945679939103613 0
 2610 0.534234026043766 0.939492270817178 0
 2611 0.550654296904976 0.950105448974025 0
 2612 0.54212669856597 0.955594037511918 0
 2613 0.523621982774423 0.944830739250983 0
 2614 0.523734513987371 0.934392759402888 0
 2615 0.560306694912617 0.955299717973912 0
 2616 0.522957961321219 0.955314250031798 0
 2617 0.513415610885818 0.94996184865182 0
 2618 0.514602273977302 0.928565258289611 0
 2619 0.532524624536212 0.959666761740374 0
 2620 0.523603748768723 0.96554790052032 0
 2621 0.502508916390685 0.953629638534541 0
 2622 0.503825016615589 0.944450284791828 0
 2623 0.539408556017471 0.965095170781207 0
 2624 0.524482535027808 0.975849785949203 0
 2625 0.514256896404269 0.971676738436905 0
 2626 0.550692180935635 0.969742614188746 0
 2627 0.540136336857165 0.974502231603471 0
 2628 0.537207313887833 0.984767615046135 0
 2629 0.5285741772 1 0
 2630 0.526252086693176 0.984742904011969 0
 2631 0.561972979799115 0.96541428437724 0
 2632 0.561265385443853 0.976850168097528 0
 2633 0.544983884432568 0.990593992700269 0
 2634 0.566302214723353 0.987428827558426 0
 2635 0.55819656250934 0.989132074759247 0
 2636 0.633342345866783 0.749424449547935 0
 2637 0.5048579337089 0.979682326196654 0
 2638 0.503715361801051 0.969857724245412 0
 2639 0.507312484828379 0.989946709184835 0
 2640 0.497055653977711 0.988985493308751 0
 2641 0.492628915896697 0.962846693080569 0
 2642 0.496176053573762 0.887242343584969 0
 2643 0.50725179770315 0.887734827740079 0
 2644 0.489089583617818 0.606765242299597 0
 2645 0.489256857703413 0.595906165090648 0
 2646 0.487711219829815 0.617662979968598 0
 2647 0.480086991308751 0.610458231596102 0
 2648 0.492279969842541 0.627104502510707 0
 2649 0.482675176070383 0.62828613322151 0
 2650 0.471503916337017 0.616039416127657 0
 2651 0.471617470195666 0.604716055694149 0
 2652 0.472771837699735 0.627357819042035 0
 2653 0.46320351687737 0.622592938958086 0
 2654 0.462389887974012 0.599502148547964 0
 2655 0.470776830728274 0.59423619492499 0
 2656 0.452767569468347 0.604600152905767 0
 2657 0.451845239462333 0.593711599782021 0
 2658 0.47147073799863 0.585741007811814 0
 2659 0.480394041982428 0.590744757878577 0
 2660 0.452800444229064 0.615805901735369 0
 2661 0.440803729622445 0.61197387242704 0
 2662 0.461899424693685 0.580180256611873 0
 2663 0.471440775475656 0.57475312196142 0
 2664 0.453385905218492 0.627398291135661 0
 2665 0.450423846957438 0.584402931127576 0
 2666 0.45218347785129 0.574206889990914 0
 2667 0.471458512380086 0.565889684663267 0
 2668 0.480853231930659 0.5699760206045 0
 2669 0.439917712035603 0.59081570742689 0
 2670 0.441282354868005 0.570293147183682 0
 2671 0.451171967857327 0.563038563795566 0
 2672 0.462855736934905 0.559740947030979 0
 2673 0.473247342651749 0.555267016218833 0
 2674 0.432539750331016 0.595241766995066 0
 2675 0.433271533744475 0.585470058514837 0
 2676 0.434708917806587 0.575618121941086 0
 2677 0.434902026079469 0.564997754463849 0
 2678 0.453204035640473 0.556760513602717 0
 2679 0.433936525238885 0.605086809464165 0
 2680 0.425321062283615 0.600484378817773 0
 2681 0.425730292850981 0.580544501938605 0
 2682 0.426131040041627 0.560376618118796 0
 2683 0.433710776186749 0.554945186656812 0
 2684 0.433804150651596 0.614625277794555 0
 2685 0.415874928807381 0.606089600160348 0
 2686 0.415433479669924 0.59602497438223 0
 2687 0.41737745653048 0.565650741850331 0
 2688 0.417109857194136 0.555530668647489 0
 2689 0.433900570883807 0.545176643107454 0
 2690 0.44045337285525 0.5508448000822 0
 2691 0.416654812523727 0.615967247110845 0
 2692 0.416084349675253 0.585882774207602 0
 2693 0.416980710763995 0.575666675408258 0
 2694 0.425185205022573 0.540520203703797 0
 2695 0.432642437198602 0.536712915838451 0
 2696 0.426433790954379 0.619060291101173 0
 2697 0.41977646035358 0.623911048771009 0
 2698 0.433976612161562 0.623563632021929 0
 2699 0.440751206913515 0.627066084362837 0
 2700 0.434988444095054 0.632355060140407 0
 2701 0.452769927227517 0.638300596203149 0
 2702 0.38847920632766 0.623693894411503 0
 2703 0.398406194256476 0.628314704537906 0
 2704 0.418864101617614 0.631445033465526 0
 2705 0.425423434268505 0.643834989174634 0
 2706 0.416398856422763 0.647141405930641 0
 2707 0.416559393861373 0.545591785099982 0
 2708 0.416532717915367 0.535536089863257 0
 2709 0.416766903248562 0.525717830346431 0
 2710 0.38387309081971 0.646273528292254 0
 2711 0.39568885955906 0.646059332137237 0
 2712 0.40008456939665 0.503577350572076 0
 2713 0.40916580311677 0.509592524105175 0
 2714 0.389956526521201 0.497729868952887 0
 2715 0.400284822528546 0.49179116048922 0
 2716 0.378580912365431 0.492279389567565 0
 2717 0.431579298421342 0.64781916060525 0
 2718 0.591368485397842 0.065255209641041 0
 2719 0.587184819652999 0.056862618665683 0
 2720 0.594317752325922 0.0309371212247167 0
 2721 0.588167692589947 0.0235778306554833 0
 2722 0.5961285134918 0 0
 2723 0.582409021232244 0.0161926438012543 0
 2724 0.577347433340929 0.00830100051874066 0
 2725 0.595765408687888 0.0737717927599968 0
 2726 0.585999291904443 0.0738114626893829 0
 2727 0.578356417247709 0.057090014517609 0
 2728 0.583117776946133 0.0487003368833984 0
 2729 0.578094951939151 0.0246652570365979 0
 2730 0.574241787872789 0.0331626926052986 0
 2731 0.568658778914581 0.0254666986647193 0
 2732 0.578960176152462 0.0408449818672753 0
 2733 0.57062799616231 0.0419216273101488 0
 2734 0.588964659606659 0.039856924477231 0
 2735 0.565783358012164 0.0502438000512155 0
 2736 0.563309578141157 0.0422150500371162 0
 2737 0.570014494385909 0.0575449512208749 0
 2738 0.562361832010178 0.0585698909229202 0
 2739 0.553199719202024 0.0364637433318476 0
 2740 0.560464767461887 0.0244062561837415 0
 2741 0.563625801087408 0.0176255961184634 0
 2742 0.569273932248775 0.00976430069773411 0
 2743 0.5735421326438 0 0
 2744 0.540640257669244 0.0537183699827839 0
 2745 0.538586654348717 0.0442003848428674 0
 2746 0.548803912707713 0.0254287159311804 0
 2747 0.537629167478735 0.0256431663856923 0
 2748 0.541949093992578 0.0172767532247286 0
 2749 0.600501970887439 0.0824951349078744 0
 2750 0.581013726027898 0.0823380494220555 0
 2751 0.577648423319464 0.0734554714181946 0
 2752 0.531945538341145 0.0345523648945596 0
 2753 0.527185314025056 0.0256865775519798 0
 2754 0.53731075950135 0.0090410813396295 0
 2755 0.547327019124603 0.00987677452624721 0
 2756 0.526664973227004 0.00840722309511011 0
 2757 0.532759527872521 0 0
 2758 0.56076037909379 0.0104531561526099 0
 2759 0.550377634961584 0 0
 2760 0.550055507814707 0.0602556985899918 0
 2761 0.53818732287348 0.0592387496373983 0
 2762 0.527393732627981 0.0433013302292713 0
 2763 0.624012246114129 0.0820366321883459 0
 2764 0.585124332655796 0.0908908647720274 0
 2765 0.575773772459376 0.0907076044820522 0
 2766 0.552129949657777 0.0672929655582649 0
 2767 0.570125061180163 0.0725592930015488 0
 2768 0.57400992861939 0.0652337653327988 0
 2769 0.557717014076542 0.0798680963828319 0
 2770 0.557586729418739 0.0731213768947225 0
 2771 0.568080494990553 0.0936897494921668 0
 2772 0.545443632890941 0.0740020944475193 0
 2773 0.540035693919209 0.0822099059597899 0
 2774 0.537875676934017 0.0773467456806259 0
 2775 0.547678299441491 0.090971861693761 0
 2776 0.538124221214782 0.0910543327204688 0
 2777 0.529025931402232 0.0736824738975483 0
 2778 0.532950303486194 0.0688432405700637 0
 2779 0.550387756712175 0.099355495493468 0
 2780 0.559050479856147 0.10922180720534 0
 2781 0.550681737330207 0.109265669689582 0
 2782 0.567590777582817 0.108470416796823 0
 2783 0.563091851312505 0.116167402406409 0
 2784 0.539728770468701 0.117773766822861 0
 2785 0.537996708234289 0.107820989682242 0
 2786 0.534388255241092 0.102993345026306 0
 2787 0.526530895752336 0.0912306212634415 0
 2788 0.521454532535465 0.0823517400607014 0
 2789 0.517509851867065 0.0748286101897983 0
 2790 0.528854205136941 0.0564918033266633 0
 2791 0.518900015885862 0.0564024228009823 0
 2792 0.520432355399836 0.0511065668057995 0
 2793 0.512234319509562 0.0652200601991822 0
 2794 0.510285755923267 0.060105695391548 0
 2795 0.517614411592456 0.0416908935821908 0
 2796 0.50793023445781 0.0411646454014703 0
 2797 0.511061397199189 0.0362986730707196 0
 2798 0.503434820478877 0.0513672238252727 0
 2799 0.496841861628131 0.0423973692233377 0
 2800 0.509398559838236 0.0269830107871285 0
 2801 0.515568697759852 0.0254267528257994 0
 2802 0.573122948687196 0.100329282084936 0
 2803 0.508343446734877 0.0762204835810999 0
 2804 0.500509080145391 0.0804656244160725 0
 2805 0.496048702896729 0.0759868146165838 0
 2806 0.506114595389964 0.0904181386478842 0
 2807 0.500907440941754 0.0902678268720071 0
 2808 0.487587803662069 0.0731156336140903 0
 2809 0.492882476133299 0.0663240359278955 0
 2810 0.497533580411112 0.0581378566220738 0
 2811 0.488214523191115 0.058458806296175 0
 2812 0.484393737841907 0.0506355100356424 0
 2813 0.47441699535025 0.0632308334620451 0
 2814 0.469665707252039 0.0553658483192498 0
 2815 0.494422874285749 0.0341386454604094 0
 2816 0.490939634774653 0.0430396300434546 0
 2817 0.576892963315852 0.10828659024882 0
 2818 0.587504999714139 0.108011914330535 0
 2819 0.582795970080459 0.116257725885107 0
 2820 0.590758027017643 0.0992484149549991 0
 2821 0.58702252361503 0.124764662599746 0
 2822 0.577176029188187 0.124218171530078 0
 2823 0.480031522326246 0.0731086222129727 0
 2824 0.471462163651838 0.0719282496187968 0
 2825 0.457891314861538 0.0557358338107925 0
 2826 0.463518421314159 0.0488804109413579 0
 2827 0.516480018568495 0.0911446796825938 0
 2828 0.512330275960295 0.100195678696906 0
 2829 0.546758686008568 0.128255228743809 0
 2830 0.497264232783341 0.0261762694524857 0
 2831 0.50250202059848 0.017718411103744 0
 2832 0.482692651644371 0.0817199378982303 0
 2833 0.484335666041912 0.0925142283068319 0
 2834 0.480012840505414 0.0897811017951193 0
 2835 0.492328269487925 0.0997500356070161 0
 2836 0.472666330377661 0.0975408277035686 0
 2837 0.470149962522308 0.0868337167074668 0
 2838 0.567931224562622 0.124216444083131 0
 2839 0.559645419372808 0.122493661322333 0
 2840 0.526111291158285 0.10657212059265 0
 2841 0.521201681975352 0.115255952765749 0
 2842 0.518282655678832 0.110357177140351 0
 2843 0.52391070860047 0.125114251198907 0
 2844 0.518169736162522 0.127794080090666 0
 2845 0.508019298380456 0.108768303310998 0
 2846 0.52105747973832 0.0174063098718763 0
 2847 0.518274155260563 0.0087838012549341 0
 2848 0.507205310987815 0.00859430900102251 0
 2849 0.5127142713291 0 0
 2850 0.596849443258107 0.144041346035455 0
 2851 0.586251273452523 0.142351768466936 0
 2852 0.608178831263634 0.144530055857615 0
 2853 0.603357475927016 0.154329674879831 0
 2854 0.581437995186656 0.149666270957396 0
 2855 0.577449936659764 0.140594188102378 0
 2856 0.595867840550645 0.160970310095597 0
 2857 0.585002771467746 0.158657380102269 0
 2858 0.575581255361869 0.15605996455711 0
 2859 0.569331294492353 0.138936777859886 0
 2860 0.573512673163723 0.132013989766534 0
 2861 0.559462187498077 0.148539136185255 0
 2862 0.559014166002451 0.14227388068339 0
 2863 0.567399904032822 0.159144167114825 0
 2864 0.556753306116499 0.158215012324432 0
 2865 0.544403838459862 0.139085427322836 0
 2866 0.553422910477208 0.132056312777519 0
 2867 0.539882998153337 0.148333372879189 0
 2868 0.533035082860842 0.142510891095064 0
 2869 0.546411302604715 0.157497170216301 0
 2870 0.537190743336879 0.157794466940379 0
 2871 0.527388657925357 0.142485605368635 0
 2872 0.532824363511217 0.133285354533865 0
 2873 0.516829951730129 0.143503500490438 0
 2874 0.522097700926258 0.158030732745218 0
 2875 0.5166793863873 0.15874005399258 0
 2876 0.506224356677452 0.141871928096335 0
 2877 0.512820579360352 0.134780320490722 0
 2878 0.568681615706108 0.167899940967453 0
 2879 0.573545652018842 0.174529844849934 0
 2880 0.565600868899668 0.176010896211198 0
 2881 0.549073737109318 0.166901024217458 0
 2882 0.556841460904731 0.176522295736175 0
 2883 0.550167295414325 0.173542873755869 0
 2884 0.56194174612847 0.182992326764101 0
 2885 0.566267847240095 0.190157235640711 0
 2886 0.558218571143038 0.189468086677913 0
 2887 0.542704543983204 0.1817049332777 0
 2888 0.538076416771847 0.176988180204653 0
 2889 0.575401126367454 0.190357629635651 0
 2890 0.570942813629431 0.197570894931036 0
 2891 0.546962519469107 0.198665806150121 0
 2892 0.546976987753438 0.191711877575517 0
 2893 0.534571943836456 0.188336408185586 0
 2894 0.528173841180463 0.19705602986114 0
 2895 0.525983286278151 0.192048483481379 0
 2896 0.531333413721702 0.206809639586431 0
 2897 0.523928330069255 0.20678133818581 0
 2898 0.520558338782617 0.181793242919309 0
 2899 0.578392271250933 0.182167691234433 0
 2900 0.584857327214547 0.188988845769752 0
 2901 0.555264062651105 0.208726319908732 0
 2902 0.545493373321439 0.205587843785489 0
 2903 0.526676822643419 0.175224591930989 0
 2904 0.530960682311319 0.166543503545192 0
 2905 0.516633718840677 0.172790323207646 0
 2906 0.506526635176085 0.169623392879233 0
 2907 0.510828166207182 0.165869036490577 0
 2908 0.498562523128645 0.17785193218305 0
 2909 0.497718597742558 0.172432654452 0
 2910 0.507703568345512 0.155321195954097 0
 2911 0.496914288932582 0.152797701160417 0
 2912 0.501109481397774 0.149115872514215 0
 2913 0.490572848948928 0.161096534510195 0
 2914 0.488133149564363 0.156076431885928 0
 2915 0.497220276349589 0.13884398816213 0
 2916 0.491819457650075 0.140741816549372 0
 2917 0.493957183016797 0.131154664944769 0
 2918 0.483790004163202 0.145967123420672 0
 2919 0.480141886236155 0.139088729781154 0
 2920 0.489762247274473 0.122489153457646 0
 2921 0.499850540817654 0.122217553828706 0
 2922 0.508286494552512 0.189544776951411 0
 2923 0.495994849548035 0.187744474668444 0
 2924 0.486571013126856 0.169700907649914 0
 2925 0.479777053627097 0.179110821440043 0
 2926 0.478215928585803 0.173796634593254 0
 2927 0.487542260546405 0.188106754917388 0
 2928 0.477573221635941 0.188633275941781 0
 2929 0.469532939848218 0.169564519457581 0
 2930 0.472087393805334 0.164624883659447 0
 2931 0.477444984915088 0.155419320300884 0
 2932 0.568435514491477 0.212191712440369 0
 2933 0.588130855862168 0.167179294030793 0
 2934 0.593618391570606 0.193584933353547 0
 2935 0.506973217876372 0.12703283167906 0
 2936 0.502142513827722 0.117151621872286 0
 2937 0.498819656108896 0.107420936060314 0
 2938 0.486534078565244 0.105955912140278 0
 2939 0.482602409946129 0.114346475501361 0
 2940 0.475580575925298 0.106867208446423 0
 2941 0.465563112174007 0.105306247701822 0
 2942 0.518295567162564 0.215206066935666 0
 2943 0.51583689614181 0.20719237299454 0
 2944 0.459255521844171 0.0873258022579087 0
 2945 0.464644271494159 0.0792585722868536 0
 2946 0.535850338919141 0.215067833890497 0
 2947 0.542751423224197 0.224122850045993 0
 2948 0.533966912072077 0.224730840722826 0
 2949 0.552358464152831 0.227239844016622 0
 2950 0.545719720777284 0.235158307848267 0
 2951 0.52562061014259 0.232116078154957 0
 2952 0.523042588254897 0.222589295104493 0
 2953 0.508502771679785 0.197843989027132 0
 2954 0.505084652579413 0.205275007241625 0
 2955 0.498202303689599 0.211068588644966 0
 2956 0.495415125669176 0.206156535775294 0
 2957 0.500402371700373 0.22215875096434 0
 2958 0.494869760112858 0.219984969980716 0
 2959 0.485192884440814 0.204744621808799 0
 2960 0.493538817791692 0.195142948624608 0
 2961 0.476550701376728 0.204651729958449 0
 2962 0.481309478640865 0.220179068602948 0
 2963 0.473094937970528 0.21983433616755 0
 2964 0.465149621728964 0.20432381385183 0
 2965 0.471076412762214 0.196780614102784 0
 2966 0.486323053229236 0.228465459289059 0
 2967 0.488667580885547 0.237673283614083 0
 2968 0.482260253583377 0.23927666716746 0
 2969 0.498820997779843 0.240486666382625 0
 2970 0.494328150579506 0.248408222752657 0
 2971 0.474139236505352 0.244621972588875 0
 2972 0.472307164110307 0.235556591609823 0
 2973 0.46895138232972 0.230646536012906 0
 2974 0.46403910967427 0.219176229500082 0
 2975 0.459421574304734 0.207897640247619 0
 2976 0.454326517492957 0.198239171558261 0
 2977 0.468608341380337 0.184745975500399 0
 2978 0.458278284300413 0.184288519108163 0
 2979 0.461373377115273 0.179765391768689 0
 2980 0.4528895833932 0.192171832545488 0
 2981 0.445329802993297 0.186485105000757 0
 2982 0.458478841859249 0.169354219018084 0
 2983 0.449195597404174 0.166623614764096 0
 2984 0.451754024171347 0.161543350570512 0
 2985 0.442019254116277 0.174881536250656 0
 2986 0.436256904271415 0.169229200938638 0
 2987 0.447885375143354 0.152718102569564 0
 2988 0.455324646686887 0.156901639113732 0
 2989 0.442220730727479 0.201289037140588 0
 2990 0.437536721096478 0.208197524308751 0
 2991 0.434483733931331 0.20025600542998 0
 2992 0.442519168576271 0.214076698915954 0
 2993 0.433566910260886 0.216564323622218 0
 2994 0.425980373040811 0.19859847895759 0
 2995 0.430863245131435 0.192096456093921 0
 2996 0.43418465248248 0.186164173781351 0
 2997 0.41776126837716 0.181324458729425 0
 2998 0.423299841514381 0.173689610038935 0
 2999 0.412611582013564 0.189005116621629 0
 3000 0.407909039140101 0.180241722127655 0
 3001 0.432457056603552 0.157023726029425 0
 3002 0.428211235967243 0.164871875531592 0
 3003 0.416911462604285 0.197503146241972 0
 3004 0.403202431522403 0.171106256963631 0
 3005 0.450371439995948 0.217258172823821 0
 3006 0.445487645342165 0.225971323617631 0
 3007 0.447554926797963 0.235468247952131 0
 3008 0.440002311286193 0.23748094368067 0
 3009 0.460124790590458 0.237159686055294 0
 3010 0.433708786179876 0.241852801775899 0
 3011 0.431212407281045 0.233596955186937 0
 3012 0.45755838549578 0.250492451163951 0
 3013 0.451992681978078 0.251808276704729 0
 3014 0.427701370143013 0.225165256958045 0
 3015 0.424467341636929 0.217211165700831 0
 3016 0.414383752321034 0.216591260408899 0
 3017 0.406976757129921 0.224209806842688 0
 3018 0.404428857158737 0.214925134915621 0
 3019 0.436439061042715 0.150472563357959 0
 3020 0.439986673848114 0.145341241719485 0
 3021 0.464145396402011 0.148547005944735 0
 3022 0.46564657462838 0.15468005317521 0
 3023 0.458634813648419 0.121099684893752 0
 3024 0.468607005974911 0.131128802450395 0
 3025 0.459804613994193 0.137805641073143 0
 3026 0.506565706477176 0.230456362201824 0
 3027 0.509938828022782 0.240020681146443 0
 3028 0.520258977709438 0.24068105250474 0
 3029 0.51460838759948 0.24803362394982 0
 3030 0.531993114163748 0.241723479295721 0
 3031 0.542707172496826 0.239891196481473 0
 3032 0.535334489200823 0.250890735085312 0
 3033 0.518380431689195 0.257672559040852 0
 3034 0.508430601911829 0.255340734282976 0
 3035 0.549657188598573 0.243911480684175 0
 3036 0.540923222983652 0.259394122611392 0
 3037 0.529393127999742 0.258484370401041 0
 3038 0.500578082837897 0.256506472391738 0
 3039 0.491529605510749 0.253840343194301 0
 3040 0.47880092193818 0.254060878802037 0
 3041 0.472761077436328 0.252844952370287 0
 3042 0.464314712390335 0.26060347163021 0
 3043 0.466079658448869 0.269871033476414 0
 3044 0.459260659055059 0.271183087229434 0
 3045 0.476337457482344 0.272480688333647 0
 3046 0.473851244129493 0.278159766326613 0
 3047 0.453622857070169 0.274831032867763 0
 3048 0.446753417133035 0.26762923600898 0
 3049 0.444930434651111 0.260129120844311 0
 3050 0.438648810074024 0.255791409623595 0
 3051 0.484226151369789 0.263284424013977 0
 3052 0.487988013532516 0.272639974368343 0
 3053 0.498891958604931 0.273507446561138 0
 3054 0.493355908734851 0.280568458384828 0
 3055 0.474997690326771 0.287121222207033 0
 3056 0.470941127371082 0.288599046104852 0
 3057 0.453405219933328 0.284714969851725 0
 3058 0.446422204919851 0.284637565333224 0
 3059 0.435474714364006 0.26840868400061 0
 3060 0.432147741973572 0.275865145887706 0
 3061 0.427643153060378 0.267624604486704 0
 3062 0.434310198207 0.282497464022016 0
 3063 0.426337528464087 0.284218533332905 0
 3064 0.419233368870508 0.266498336896013 0
 3065 0.424135891188849 0.257964017210884 0
 3066 0.427773052866602 0.248839037193441 0
 3067 0.414884244117856 0.241432427772173 0
 3068 0.410953622809457 0.232969206550801 0
 3069 0.418895833132739 0.249637283694242 0
 3070 0.392612162948936 0.24089282960827 0
 3071 0.387089334854924 0.231283469684347 0
 3072 0.442067764043481 0.293896283471816 0
 3073 0.439755296033594 0.306267168971248 0
 3074 0.433519527565983 0.303972071638071 0
 3075 0.453333485723277 0.305025725931275 0
 3076 0.450404484453104 0.310106864735479 0
 3077 0.424997803805271 0.312263567336725 0
 3078 0.42156594589462 0.303500797791463 0
 3079 0.404069939302972 0.271353956868786 0
 3080 0.479371014546551 0.123202594924497 0
 3081 0.420659494616914 0.292862936540143 0
 3082 0.417073948117365 0.283275131805469 0
 3083 0.562246689351823 0.242573029963945 0
 3084 0.559048522977926 0.248338129630623 0
 3085 0.572500728296309 0.235575791645436 0
 3086 0.451981191228173 0.320456645366351 0
 3087 0.443947609272369 0.321725930143809 0
 3088 0.414080240916594 0.299998862879426 0
 3089 0.459978669230609 0.296062767091127 0
 3090 0.466011956842892 0.306676432387791 0
 3091 0.477831047005701 0.304812093566896 0
 3092 0.470215504658592 0.311503137286452 0
 3093 0.430899058341751 0.319287699400965 0
 3094 0.421791020155476 0.320133263014336 0
 3095 0.52437189322204 0.266695804822073 0
 3096 0.528516890461221 0.276436927104395 0
 3097 0.519442517634129 0.275000357288415 0
 3098 0.539732746645801 0.277237647679652 0
 3099 0.532047708605158 0.280839720092096 0
 3100 0.512249309869031 0.282752904624696 0
 3101 0.509194372988761 0.273606779531191 0
 3102 0.515567149495492 0.292530098857916 0
 3103 0.50566821614157 0.290565165097224 0
 3104 0.524265465682983 0.294457129173443 0
 3105 0.521945059917217 0.300347832954847 0
 3106 0.501448787682942 0.300512503367767 0
 3107 0.497661794503044 0.290871482533135 0
 3108 0.488168035562962 0.288997680694663 0
 3109 0.562626696261723 0.219103136628169 0
 3110 0.566668897669461 0.227825462004023 0
 3111 0.511906506730074 0.223030857337361 0
 3112 0.414506496739108 0.155975377261762 0
 3113 0.418802697625543 0.164703779547717 0
 3114 0.411087829185312 0.147298200171802 0
 3115 0.420160976540087 0.148418043012854 0
 3116 0.428424257269467 0.149508196526938 0
 3117 0.425172496028896 0.141149892268786 0
 3118 0.422427689996037 0.13147811961186 0
 3119 0.413185720025474 0.130351784042465 0
 3120 0.418396449237073 0.122265082111717 0
 3121 0.439533959010421 0.127055107616046 0
 3122 0.440576711757645 0.132773448255536 0
 3123 0.407486912147975 0.138472903102983 0
 3124 0.403482577452459 0.129967530788213 0
 3125 0.414686038739698 0.113051447525512 0
 3126 0.423612176704359 0.114854196930872 0
 3127 0.4388427747073 0.116952886362282 0
 3128 0.446099005569652 0.117869568763497 0
 3129 0.447835917747276 0.138591061153481 0
 3130 0.504995895691722 0.264950285319299 0
 3131 0.452596025167586 0.0643451545312158 0
 3132 0.447271446522134 0.054280592028187 0
 3133 0.352377002784991 0.19813051741516 0
 3134 0.429624976477164 0.108712754007959 0
 3135 0.553365368726999 0.259293493010055 0
 3136 0.548126651778384 0.268272988694394 0
 3137 0.505658812589139 0.307583342830102 0
 3138 0.496054576413445 0.307838226319432 0
 3139 0.488215430351062 0.0268980262070328 0
 3140 0.480016673052847 0.299422233738679 0
 3141 0.48650965945402 0.307192323195911 0
 3142 0.490791453981347 0.316293355171887 0
 3143 0.40495900995465 0.111711678614324 0
 3144 0.411596569803982 0.102812315834878 0
 3145 0.4587396775996 0.0715605518683816 0
 3146 0.446566554172579 0.0712432536214935 0
 3147 0.442701995424028 0.0836113480569401 0
 3148 0.436695870566345 0.0741484521741717 0
 3149 0.446528876958216 0.0938039892671477 0
 3150 0.435592224566222 0.0969352399504793 0
 3151 0.424304374012732 0.0719993621096428 0
 3152 0.433340113699343 0.0618524983698697 0
 3153 0.421825032788959 0.0795674872945286 0
 3154 0.415372740868151 0.0720567128004946 0
 3155 0.425503926478422 0.0560255143034106 0
 3156 0.434838078458215 0.0544823692866648 0
 3157 0.592669998095933 0.203264324911962 0
 3158 0.593480464333907 0.213629172303631 0
 3159 0.456399496438227 0.111425526126808 0
 3160 0.496549074126316 0.00903085209634392 0
 3161 0.485916868806819 0.00966775946235424 0
 3162 0.492763469034006 0 0
 3163 0.538153136471742 0.294542448468723 0
 3164 0.548044171214081 0.294480291313289 0
 3165 0.554933136232249 0.288063332092423 0
 3166 0.559105666998947 0.298082776967948 0
 3167 0.548129469690651 0.307479928204734 0
 3168 0.537238759172051 0.308652663956203 0
 3169 0.559609794204067 0.309334571928361 0
 3170 0.552352177607409 0.317029178152614 0
 3171 0.529322687055192 0.316378847663093 0
 3172 0.526474114130196 0.31113968901857 0
 3173 0.399118694035309 0.120616945077275 0
 3174 0.46192986462862 0.034048664034867 0
 3175 0.4719258871618 0.0370495279715322 0
 3176 0.515862510310825 0.30989711915185 0
 3177 0.509048848349168 0.317651209922656 0
 3178 0.514533116083495 0.324669659626346 0
 3179 0.5052454140477 0.326545300845921 0
 3180 0.52538820591268 0.325104916740372 0
 3181 0.519659390514788 0.334240248416535 0
 3182 0.498673568231475 0.335478249565289 0
 3183 0.495614373690604 0.326386725586787 0
 3184 0.472419248845987 0.321893235842948 0
 3185 0.466151801367034 0.321926261928824 0
 3186 0.525427119877145 0.343654494485465 0
 3187 0.514258350697142 0.344848523190276 0
 3188 0.620215825659287 0.167532739768365 0
 3189 0.406601374130169 0.0928887357449051 0
 3190 0.393566739684247 0.075066079561592 0
 3191 0.404274549571294 0.0731829677964867 0
 3192 0.384680349983595 0.0686091779505706 0
 3193 0.40771664783362 0.0635109017689213 0
 3194 0.484260334536177 0.324021141209599 0
 3195 0.456333683130989 0.100932691078718 0
 3196 0.533572759459069 0.327804664441995 0
 3197 0.545560960134043 0.328139515174506 0
 3198 0.542069376655787 0.333011448598991 0
 3199 0.557973218849183 0.326584637318187 0
 3200 0.5717561279502 0.328217841062566 0
 3201 0.559857019574046 0.337813306404665 0
 3202 0.546206731528888 0.344511196259748 0
 3203 0.53457977506826 0.344011264794766 0
 3204 0.57507059102957 0.315742818003671 0
 3205 0.580527632626043 0.328043432905273 0
 3206 0.564877312825367 0.350116106085295 0
 3207 0.552463115813911 0.346492920882372 0
 3208 0.5471044017711 0.354408450563396 0
 3209 0.549986289294585 0.36453427496343 0
 3210 0.543826391988691 0.362792862442896 0
 3211 0.562648330816318 0.365952196837796 0
 3212 0.558448417739104 0.369466367164184 0
 3213 0.535961263333006 0.369741952959426 0
 3214 0.532364333392042 0.361186246002426 0
 3215 0.527939016237045 0.352600743546811 0
 3216 0.522649224987857 0.359819243214674 0
 3217 0.514452383604207 0.36680379395675 0
 3218 0.514005688704836 0.360566547947343 0
 3219 0.517132356633235 0.377966059409511 0
 3220 0.512479199246235 0.376042810896157 0
 3221 0.502383721152469 0.353280985456086 0
 3222 0.511270372654776 0.349682651417604 0
 3223 0.531206046255498 0.377681847885719 0
 3224 0.524771587366393 0.384851824032562 0
 3225 0.505459756276093 0.382005173568761 0
 3226 0.502018414454936 0.378142317389791 0
 3227 0.495307772109578 0.363510765475188 0
 3228 0.494541756550342 0.35814289697266 0
 3229 0.505535845661287 0.340685622691758 0
 3230 0.49484456537377 0.33918049958091 0
 3231 0.489243516134986 0.348789290230012 0
 3232 0.483440030664549 0.340735525912032 0
 3233 0.579237334033584 0.350454219122553 0
 3234 0.574703996637351 0.357391765040191 0
 3235 0.579271018730522 0.364797425965816 0
 3236 0.564356567611885 0.381467974173868 0
 3237 0.55549236184786 0.379959540642018 0
 3238 0.541789506624895 0.378062877279218 0
 3239 0.547260572824772 0.388259977417018 0
 3240 0.414993524073599 0.0929378786861796 0
 3241 0.459696143073551 0.330489722903879 0
 3242 0.460008972282397 0.339182148554388 0
 3243 0.45358720391257 0.341386032308313 0
 3244 0.470817971672381 0.341467814477601 0
 3245 0.468820576796124 0.347745718743124 0
 3246 0.442564883208055 0.347385371347729 0
 3247 0.441080035824226 0.333521611402487 0
 3248 0.477802876545437 0.332154858843241 0
 3249 0.483200757071354 0.356486247305089 0
 3250 0.476752232443455 0.362572990602988 0
 3251 0.472431988348444 0.358168888217366 0
 3252 0.481475634736131 0.37282644317886 0
 3253 0.476006353359449 0.372692174290583 0
 3254 0.461402118135771 0.356649256783966 0
 3255 0.492049548987749 0.373810024587491 0
 3256 0.486110696117006 0.381907477076274 0
 3257 0.488467999292436 0.391012675045938 0
 3258 0.4821527183834 0.390455183156315 0
 3259 0.499970028502408 0.393097824785171 0
 3260 0.496739383746692 0.397712257167949 0
 3261 0.474625377520415 0.399063431802694 0
 3262 0.508714421772396 0.393265817721958 0
 3263 0.519306457747515 0.395012682174255 0
 3264 0.515584664238959 0.399438223913285 0
 3265 0.531370758533477 0.392684558842041 0
 3266 0.540280672595181 0.397293702824052 0
 3267 0.536430855567881 0.401992220192276 0
 3268 0.518546815303002 0.409812705551935 0
 3269 0.50813025193615 0.407952995989177 0
 3270 0.552188373612409 0.398409315020216 0
 3271 0.562548496150189 0.39633248464183 0
 3272 0.541106128257144 0.412748280187268 0
 3273 0.529816769325049 0.41053814583093 0
 3274 0.574966270874014 0.395695261694098 0
 3275 0.57540063508195 0.404929783104299 0
 3276 0.560593077567848 0.415550344783043 0
 3277 0.547277980224582 0.413237344757887 0
 3278 0.502633432297606 0.408131879733165 0
 3279 0.491155955385901 0.407952903566442 0
 3280 0.480490779573687 0.407786084458139 0
 3281 0.471471350000579 0.404963573124861 0
 3282 0.46239718726679 0.386725078292944 0
 3283 0.469818417370752 0.379926084866038 0
 3284 0.522046769228237 0.41958921599191 0
 3285 0.527061385849149 0.429185525788079 0
 3286 0.5169772098343 0.429712769324262 0
 3287 0.537895316924654 0.428438969179183 0
 3288 0.531416546267153 0.435538521477492 0
 3289 0.510531264512007 0.434901939722412 0
 3290 0.507659846038528 0.42818207015094 0
 3291 0.502677039812213 0.417313916534563 0
 3292 0.498649442644871 0.425715408804851 0
 3293 0.491947501627031 0.431612638529847 0
 3294 0.489015660164215 0.426352125094437 0
 3295 0.496271986349348 0.442492212786683 0
 3296 0.486272956663977 0.440176697694961 0
 3297 0.478073264057801 0.42291377189041 0
 3298 0.485537299822154 0.416362483925067 0
 3299 0.470739472974578 0.430145344988623 0
 3300 0.469240702517134 0.424765735779944 0
 3301 0.476370096116321 0.440201324845512 0
 3302 0.470534626899514 0.439460711708719 0
 3303 0.45665067972809 0.424389789581723 0
 3304 0.464282278951606 0.414921661147505 0
 3305 0.479756367087972 0.448444753563045 0
 3306 0.483867110191837 0.457034806001038 0
 3307 0.477977410306483 0.457961055070092 0
 3308 0.495867224332665 0.456803231777458 0
 3309 0.491616018063704 0.465643802679985 0
 3310 0.468506634017677 0.467125499356526 0
 3311 0.466188871881467 0.456912708228582 0
 3312 0.498737292512316 0.447368071522737 0
 3313 0.506644092956736 0.454686668873553 0
 3314 0.49630421180824 0.474426612878954 0
 3315 0.485514350611353 0.474333598220723 0
 3316 0.474975042161675 0.474510153668458 0
 3317 0.466449606479286 0.4719237908625 0
 3318 0.455183273809023 0.453621177854923 0
 3319 0.463571427164342 0.446951453669823 0
 3320 0.459163320725355 0.438650841842663 0
 3321 0.44957162960113 0.434693994908686 0
 3322 0.452154249022531 0.42908483855867 0
 3323 1 0.80115175135 0
 3324 0.434202422122182 0.435911220284146 0
 3325 0.448474100870346 0.419006911201682 0
 3326 0.435613964389737 0.421213623300531 0
 3327 0.441775606719472 0.415816679531441 0
 3328 0.431378423912789 0.428078222541276 0
 3329 0.427505243285226 0.419542603240942 0
 3330 0.438224321469186 0.402327828835433 0
 3331 0.446482335760124 0.404282359513094 0
 3332 0.444445062537722 0.451882376997906 0
 3333 0.437605987770321 0.453710475341617 0
 3334 0.425779160167133 0.435274769040362 0
 3335 0.459568609202012 0.405312925106491 0
 3336 0.539890833488677 0.42298270564872 0
 3337 0.548584593573938 0.431412451336039 0
 3338 0.559700148006364 0.430698928406181 0
 3339 0.554257870465177 0.440446432166059 0
 3340 0.567829007446226 0.419284629899574 0
 3341 0.572652519335704 0.434129138186309 0
 3342 0.557666001993312 0.451643568531168 0
 3343 0.546678839875625 0.447706970299873 0
 3344 0.504342427134784 0.440484983533481 0
 3345 0.513415736695761 0.442968330468485 0
 3346 0.521638339739477 0.446702320066812 0
 3347 0.517202779654599 0.449618306936324 0
 3348 0.535429135421096 0.447593302050157 0
 3349 0.516196429096063 0.459420641602853 0
 3350 0.466425095726947 0.37131890233699 0
 3351 0.454174576346842 0.369393556877292 0
 3352 0.45658745338076 0.364696941303367 0
 3353 0.448879369538453 0.378916560553146 0
 3354 0.438850543611158 0.369923038813165 0
 3355 0.450523385488882 0.356197791379143 0
 3356 0.439796511423588 0.35503888938102 0
 3357 0.450545841417291 0.38553327205435 0
 3358 0.438571654918745 0.388970727118833 0
 3359 0.433387501614368 0.395339570121222 0
 3360 0.429943756161802 0.387271412789916 0
 3361 0.428586263488389 0.402752582703355 0
 3362 0.422426052066117 0.410641058427027 0
 3363 0.419057776837096 0.402030337028093 0
 3364 0.420356177122007 0.385598213303328 0
 3365 0.426917824613016 0.377910715601354 0
 3366 0.418303313481401 0.41879177435961 0
 3367 0.408829197475236 0.40134520071196 0
 3368 0.414485548403893 0.393351495311206 0
 3369 0.430760614499794 0.369099189875635 0
 3370 0.436327038002358 0.361914979314224 0
 3371 0.409648327224915 0.384849788864322 0
 3372 0.410785433462407 0.367873928092731 0
 3373 0.416951322911771 0.360338292346768 0
 3374 0.404710991060548 0.376035990662326 0
 3375 0.411683409968373 0.351998878852701 0
 3376 0.422425476319766 0.352796713601909 0
 3377 0.374562168939415 0.389151007376849 0
 3378 0.378113228800619 0.377801787112887 0
 3379 0.392610066433943 0.35898439528603 0
 3380 0.413092230450566 0.337076015991865 0
 3381 0.431418735363021 0.35350099882178 0
 3382 0.423333590537277 0.336420919810475 0
 3383 0.432947535271985 0.336139416520727 0
 3384 0.41767728693533 0.328844710906722 0
 3385 0.399131852495072 0.349501108599437 0
 3386 0.412514389932577 0.321490104835729 0
 3387 0.436009928018256 0.327240021246985 0
 3388 0.408992421635999 0.417850707763887 0
 3389 0.417424219750213 0.435660479755064 0
 3390 0.407817152180508 0.434826870121637 0
 3391 0.422171256948449 0.444460175185178 0
 3392 0.401072112371696 0.442763984442425 0
 3393 0.406163055046973 0.315832986595254 0
 3394 0.416363534568254 0.452671555642699 0
 3395 0.411494174652354 0.46100165894696 0
 3396 0.424844923107167 0.453645835274481 0
 3397 0.428851255908864 0.461603908687614 0
 3398 0.416255068975639 0.469368357848262 0
 3399 0.406187141981168 0.47012357950485 0
 3400 0.394705727866497 0.471718908581299 0
 3401 0.382935821675819 0.470807090063024 0
 3402 0.453877530503946 0.396577422722659 0
 3403 0.425930407523471 0.469729906453616 0
 3404 0.421065717546973 0.476894999629461 0
 3405 0.401214821758363 0.48049930633346 0
 3406 0.576091115669771 0.414013395924515 0
 3407 0.584878555256934 0.409544754513207 0
 3408 0.479591659469926 0.483655465453519 0
 3409 0.44925148404524 0.462095463245696 0
 3410 0.454479074518227 0.472528624165985 0
 3411 0.458499294094361 0.480533988492052 0
 3412 0.461131916307763 0.489637402233361 0
 3413 0.451313415497868 0.491022612924886 0
 3414 0.43958469599584 0.477583849235856 0
 3415 0.434349605959764 0.467042706257957 0
 3416 0.472546983924602 0.493343379052983 0
 3417 0.467684450719973 0.496451860669676 0
 3418 0.447150704664532 0.495876255750883 0
 3419 0.431119766737914 0.487216288446894 0
 3420 0.420176128103264 0.499094678269842 0
 3421 0.417385542869941 0.491733819812799 0
 3422 0.483772339001812 0.491878293199082 0
 3423 0.471209861767173 0.510561371762117 0
 3424 0.459885985779733 0.510516836540358 0
 3425 0.446252150807113 0.506624587877911 0
 3426 0.437626273663109 0.506554748728006 0
 3427 0.535789868725029 0.455939523013411 0
 3428 0.509142792861812 0.476177723351774 0
 3429 0.501738930330702 0.483075715900841 0
 3430 0.587384141399209 0.430309442768402 0
 3431 0.576233722141809 0.440853203603152 0
 3432 0.57152480772144 0.455758261687353 0
 3433 0.562708133217526 0.463205360928025 0
 3434 0.375210975247566 0.480238897962617 0
 3435 0.409191646732261 0.487784582811883 0
 3436 0.432526695060284 0.513266120442577 0
 3437 0.42881083261891 0.503618068153476 0
 3438 0.452226890886822 0.519020659203277 0
 3439 0.481635206182813 0.509660200578595 0
 3440 0.476584623766545 0.519709242963195 0
 3441 0.423474894291947 0.0936568640657933 0
 3442 0.481590075613455 0.0410298066715788 0
 3443 0.479657238225829 0.0292430972194752 0
 3444 0.481425860489187 0.0195738531843129 0
 3445 0.517528902168957 0.468902581817861 0
 3446 0.520738908491589 0.477243112674619 0
 3447 0.415569648984439 0.0560191691731027 0
 3448 0.421000357213725 0.0474580193861736 0
 3449 0.574999348833469 0.307461940139446 0
 3450 0.569814679157889 0.303765705306252 0
 3451 0.506030335901789 0.492773959424848 0
 3452 0.497250374700397 0.491215201047566 0
 3453 0.373224767576281 0.0609197022454539 0
 3454 0.443147977239538 0.0433297386831215 0
 3455 0.553003577233968 0.277636414479202 0
 3456 0.475295339103883 0.0112287751540265 0
 3457 0.360249262586015 0.0122221833916516 0
 3458 0.44990945672172 0.033193102285404 0
 3459 0.456281333738423 0.0220281703347515 0
 3460 0.572711292980011 0.38643742914493 0
 3461 0.432427311327046 0.522930786283328 0
 3462 0.424932899779814 0.520412595316796 0
 3463 0.487118465967401 0.500393933717398 0
 3464 0.492774443868101 0.508246767028806 0
 3465 0.455535361740358 0.799150462695786 0
 3466 0.465964974828889 0.799454811894468 0
 3467 0.449071379961812 0.790576113884063 0
 3468 0.469934785529227 0.788284600564629 0
 3469 0.475453358849954 0.800904638623986 0
 3470 0.443558429052911 0.780228726067707 0
 3471 0.455699348825807 0.778747936261324 0
 3472 0.466347163150755 0.777558886522079 0
 3473 0.476769620349078 0.777626661562611 0
 3474 0.486530911853265 0.798967426812987 0
 3475 0.429568850578495 0.781728018691407 0
 3476 0.43860426882118 0.768565314869724 0
 3477 0.461569671980372 0.76739568181573 0
 3478 0.49082038376939 0.788609941155389 0
 3479 0.487033825406307 0.77791178166836 0
 3480 0.420619389784694 0.782947803740213 0
 3481 0.431480114146795 0.756164970873791 0
 3482 0.445902062937935 0.756929619887471 0
 3483 0.412173023833826 0.783702239486075 0
 3484 0.417345298260143 0.774346999162024 0
 3485 0.401485035498079 0.784325304405207 0
 3486 0.414654197437504 0.758906821086326 0
 3487 0.423724922316674 0.757535521942119 0
 3488 0.395816964909504 0.776024414672845 0
 3489 0.399365203430613 0.76672987994975 0
 3490 0.410613037076285 0.751856590036961 0
 3491 0.406303394153836 0.743740813013736 0
 3492 0.561148802888677 0.482331928963152 0
 3493 0.561550961086661 0.474671533324941 0
 3494 0.550434935454663 0.48915423086393 0
 3495 0.549947732505462 0.467707754574452 0
 3496 0.540823255479928 0.494548015340171 0
 3497 0.539696102571536 0.485570465593433 0
 3498 0.540919508876929 0.504781786910658 0
 3499 0.531659044880047 0.499508648803366 0
 3500 0.531248515256674 0.481419039976394 0
 3501 0.539987244884002 0.474781176322104 0
 3502 0.54096493564719 0.514957475298086 0
 3503 0.522373187573925 0.504462648624435 0
 3504 0.521559117139327 0.493950315424156 0
 3505 0.521009007404556 0.48527599882068 0
 3506 0.531093468243038 0.519657000951077 0
 3507 0.510392975725524 0.491464603983285 0
 3508 0.509038787251932 0.500034039277639 0
 3509 0.511106741932452 0.507710099858841 0
 3510 0.505235828092243 0.509180028055352 0
 3511 0.521120586119948 0.51416794347209 0
 3512 0.498194697154436 0.516877536993501 0
 3513 0.52127286310183 0.523980657792668 0
 3514 0.538621464673459 0.465003720457524 0
 3515 0.482958791550352 0.76696236781505 0
 3516 0.613590788936616 0.490529739149167 0
 3517 0.580109377963386 0.374134164588355 0
 3518 0.52351748389133 0.544781389072662 0
 3519 0.522659747167831 0.534323358113315 0
 3520 0.514978866074328 0.549900714167972 0
 3521 0.512931441641898 0.529061539073268 0
 3522 0.506349613220897 0.554990314946163 0
 3523 0.506320065240496 0.544987693051662 0
 3524 0.506353191857649 0.564997688261064 0
 3525 0.497580327553403 0.559944159368243 0
 3526 0.497761249327227 0.540327161596487 0
 3527 0.505722587302372 0.535009243704517 0
 3528 0.506359653734607 0.57506627433723 0
 3529 0.488663980513928 0.564785447977198 0
 3530 0.488463530447408 0.554882604006917 0
 3531 0.488887379055579 0.544712278924744 0
 3532 0.489902735769295 0.534657461376161 0
 3533 0.497696492104255 0.580198711054975 0
 3534 0.480079970783459 0.549288781857775 0
 3535 0.489019168869009 0.585288550005934 0
 3536 0.489055116865516 0.574993747500545 0
 3537 0.473003741619928 0.543174492752811 0
 3538 0.4633844265804 0.537158139362746 0
 3539 0.473091758987881 0.530965918288312 0
 3540 0.503055479949599 0.525312140532086 0
 3541 0.492820970728868 0.525005660282103 0
 3542 0.483079559402895 0.527566980755184 0
 3543 0.505794863496676 0.762603808654593 0
 3544 0.587163997880362 0.990452278678139 0
 3545 0.594376782826162 1 0
 3546 0.513452669772372 0.895432037483606 0
 3547 0.483277716950127 0.957435181618471 0
 3548 0.484186492460421 0.968992996453236 0
 3549 0.481465299860167 0.979781551550202 0
 3550 0.411108491424766 0.00864201400311213 0
 3551 0.404397248 0 0
 3552 0.421127500158118 0.00797055740528319 0
 3553 0.417157532137091 0.0163804238944054 0
 3554 0.42445359752 0 0
 3555 0.430506838166985 0.0072270723515784 0
 3556 0.418769840524615 0.0318266826665077 0
 3557 0.409291400852211 0.0337696301129738 0
 3558 0.400536180836304 0.0294177541402072 0
 3559 0.439209754102006 0.007369134628781 0
 3560 0.436353257041134 0.0194443695107265 0
 3561 0.436230381500464 0.0328547896117834 0
 3562 0.428403169867729 0.0306556043746094 0
 3563 0.40211530542076 0.0418145494104937 0
 3564 0.403573051826477 0.0537181553968253 0
 3565 0.392494074142908 0.0498858949423479 0
 3566 0.570733182290832 0.779772985069641 0
 3567 0.578584721973626 0.775877752952952 0
 3568 0.563132770891961 0.783791601660061 0
 3569 0.580092673209764 0.766828644444539 0
 3570 0.586972098138816 0.771242411724094 0
 3571 0.559810135554525 0.7971266100677 0
 3572 0.551713654136861 0.769889945639654 0
 3573 0.564472589921206 0.766049068062626 0
 3574 0.572712733206814 0.755858797813419 0
 3575 0.578188216647081 0.7512064124815 0
 3576 0.560587407993662 0.803473562898753 0
 3577 0.560702433226931 0.752796157037519 0
 3578 0.550280875963859 0.810442269252366 0
 3579 0.595524944968679 0.767028189289231 0
 3580 0.593442524666036 0.752326108644953 0
 3581 0.601943662649781 0.758883017018917 0
 3582 0.585280494000937 0.745964352671907 0
 3583 0.543861640242777 0.761830479914259 0
 3584 0.549509385179628 0.751926887635323 0
 3585 0.629920355532769 0.161206346143725 0
 3586 0.581350044207317 0.336418762481423 0
 3587 0.592193976192401 0.572703146183005 0
 3588 0.583342555396036 0.577300085632114 0
 3589 0.584032875200534 0.567501283289303 0
 3590 0.600571065226864 0.555491961374713 0
 3591 0.610396434424958 0.560470019486116 0
 3592 0.591752389733158 0.551398998247607 0
 3593 0.599341515821818 0.543172316881304 0
 3594 0.517365895625124 0.991699047923154 0
 3595 0.51080433254112 1 0
 3596 0.593693123292093 0.22443196497549 0
 3597 0.583080846146533 0.226329708830066 0
 3598 0.452681753832243 0.0112617550401243 0
 3599 0.464558463920865 0.0117893944514086 0
 3600 0.704593424898631 0.757725006076209 0
 3601 0.493357085331335 0.860946036506111 0
 3602 0.621967173228576 0.642134059476975 0
 3603 0.613125714828495 0.754234018314972 0
 3604 0.595599875703382 0.425502088757121 0
 3605 0.456115195503806 0.756583526931375 0
 3606 0.575949200231353 0.988463911943271 0
 3607 0.577715149239176 0.452188600029134 0
 3608 0.440699147358649 0.524244080068577 0
 3609 0.5522909174197 1 0
 3610 0.4466691315398 0 0
 3611 0.45263969993753 0.544087424200352 0
 3612 0.452486827289239 0.531829039151487 0
 3613 0.595011568195569 0.415259845401118 0
 3614 0.496613561522786 0.637091666797399 0
 3615 0.476058854695495 0.637470608535078 0
 3616 0.465166913052183 0.990237035206346 0
 3617 0.47560068692043 0.989992357478032 0
 3618 0.4715922035095 1 0
 3619 0.452184220677848 0.993390796623568 0
 3620 0.44806752043355 1 0
 3621 0.486725747565628 0.989129900068226 0
 3622 0.4914423061495 1 0
 3623 0.523791274001704 0.771978367724692 0
 3624 0.610866562081473 0.535280817473939 0
 3625 0.599598014043668 0.521009805456462 0
 3626 0.505984060321623 0.934500124986852 0
 3627 0.5750976446238 1 0
 3628 0.446196165703974 0.647294339437951 0
 3629 0.438906403529518 0.656449197830564 0
 3630 0.615783398111658 0.502461839969151 0
 3631 0.60193534973712 0.531197619578779 0
 3632 0.561781495572264 0.584217602906605 0
 3633 0.523437166682083 0.76119711362497 0
 3634 0.574345265899089 0.578327345182631 0
 3635 0.470813290310556 0 0
 3636 0.61076171200362 0.646390172205624 0
 3637 0.515077658719711 0.768453398307841 0
 3638 0.614291514981161 0.743482258788868 0
 3639 0.397712905574263 0.250355136800606 0
 3640 0.402721086307148 0.260016677141967 0
 3641 0.71500817268954 0.749467806802935 0
 3642 0.527238589897415 0.462593649646596 0
 3643 0.48723862851596 0.745880930702822 0
 3644 0.46658084998413 0.746466815198438 0
 3645 0.512717252743893 0.65569770498598 0
 3646 0.462323130009679 0.664042710204763 0
 3647 0.516579486968076 0.735846318190399 0
 3648 0.483203037122647 0.664104267521664 0
 3649 0.73119009475549 0.655657488335101 0
 3650 0.529972435292998 0.652196886818094 0
 3651 0.535130037892975 0.652349413129667 0
 3652 0.509551364491373 0.651475458422644 0
 3653 0.514855223994049 0.651417062202147 0
 3654 0.490428580218285 0.750709099317792 0
 3655 0.485084083756527 0.751012448405082 0
 3656 0.506515154331513 0.747620775462045 0
 3657 0.509752859838127 0.743517389032443 0
 3658 0.532729490960404 0.746771415731066 0
 3659 0.527641740376598 0.748271307150337 0
 3660 0.466453743164069 0.651166310420081 0
 3661 0.471859657098612 0.651295468912605 0
 3662 0.468615388047841 0.655672537687922 0
 3663 0.469309365559924 0.751518202179748 0
 3664 0.464177588374 0.751475767651543 0
 3665 0.488093474343692 0.651824788780499 0
 3666 0.493415180812509 0.653035306137777 0
 3667 0.490075444084847 0.656566497302767 0
 3668 0.461671639007514 0.926709383917041 0
 3669 0.469274841246761 0.939348027058208 0
 3670 0.472098081071755 0.943414101686171 0
 3671 0.46674584412454 0.943697644538573 0
 3672 0.466986410699424 0.90900441989403 0
 3673 0.472236351118816 0.92644340087651 0
 3674 0.477421323398653 0.926400851182403 0
 3675 0.474812971808067 0.930730922083121 0
 3676 0.477466475734069 0.943444161740351 0
 3677 0.474740162619429 0.947376760200537 0
 3678 0.480003737458219 0.922050287216387 0
 3679 0.482491534199048 0.926368310682953 0
 3680 0.490573048291358 0.939246932356215 0
 3681 0.493868413481145 0.943257632327135 0
 3682 0.488314140365274 0.943876616393466 0
 3683 0.482791669044583 0.909098764212837 0
 3684 0.488048067300448 0.909144500438318 0
 3685 0.485326197942927 0.913437321876705 0
 3686 0.487506394581722 0.926310721337329 0
 3687 0.484990203018926 0.930685584312151 0
 3688 0.472498502861585 0.900613719241769 0
 3689 0.474839427994926 0.896206656459076 0
 3690 0.477540639370942 0.900427063314394 0
 3691 0.500623033123508 0.922630319068654 0
 3692 0.502113305416475 0.92724105442551 0
 3693 0.497360901463018 0.926275177233773 0
 3694 0.505117785392489 0.909838205452973 0
 3695 0.511122726954333 0.910260146386671 0
 3696 0.507699192791639 0.914801930581012 0
 3697 0.479577007821843 0.88747103631095 0
 3698 0.482425498286233 0.891708592826989 0
 3699 0.493600803814709 0.900483698105655 0
 3700 0.496265655038533 0.896030820623688 0
 3701 0.499120648158346 0.900567059844887 0
 3702 0.467144720125364 0.87434722210921 0
 3703 0.483588474799201 0.874237902464949 0
 3704 0.489257592818932 0.874136895436679 0
 3705 0.485863320965268 0.878576994474595 0
 3706 0.469857036838648 0.870052164664818 0
 3707 0.472537063830298 0.874392866581708 0
 3708 0.472975348963944 0.857049646806834 0
 3709 0.478677078326335 0.856940573663265 0
 3710 0.475770730850084 0.861333174413816 0
 3711 0.467363910167658 0.848434062447863 0
 3712 0.481581428796092 0.852536911437579 0
 3713 0.484529050373581 0.85679406855237 0
 3714 0.483381601201559 0.839348285277866 0
 3715 0.488345894021002 0.838789666903732 0
 3716 0.486780672305399 0.843536930918891 0
 3717 0.472594065984697 0.831201622139459 0
 3718 0.475507290818618 0.827115476443587 0
 3719 0.477721840826299 0.831220109470935 0
 3720 0.489838245491671 0.833661266153872 0
 3721 0.461835875425483 0.830722550118581 0
 3722 0.493529462128701 0.822330121554358 0
 3723 0.495318146645894 0.82667314205269 0
 3724 0.488197313593842 0.808243995925962 0
 3725 0.490363749572925 0.813116502099117 0
 3726 0.468342410532557 0.817505217242373 0
 3727 0.550524992621938 0.504473871010496 0
 3728 0.55090562757561 0.525103493967316 0
 3729 0.53177452811782 0.534582328319083 0
 3730 0.541235531544121 0.550225719986647 0
 3731 0.55035322306369 0.555036552223533 0
 3732 0.531771065361022 0.554955515441285 0
 3733 0.540479555775427 0.571084048854679 0
 3734 0.527869678025756 0.557411599107779 0
 3735 0.527830952439031 0.552451814118234 0
 3736 0.519367554997721 0.5674675995604 0
 3737 0.515032323588383 0.564990717207461 0
 3738 0.519358706153697 0.562477918908633 0
 3739 0.523776443187325 0.580144725984291 0
 3740 0.519413904035922 0.582722863606693 0
 3741 0.519372953244266 0.577563141609675 0
 3742 0.532546021936251 0.585204623755308 0
 3743 0.519486252713553 0.588058368518856 0
 3744 0.515068584904633 0.585305760099964 0
 3745 0.524290805835958 0.602058896757524 0
 3746 0.519993744126892 0.604413108849281 0
 3747 0.519610133794492 0.598952830946868 0
 3748 0.510715419362793 0.587947950497648 0
 3749 0.510706354073793 0.582716046563234 0
 3750 0.538414042515222 0.611606033384378 0
 3751 0.533504506862858 0.608850544315649 0
 3752 0.501908629822486 0.598658492362772 0
 3753 0.49764787299318 0.596251930055975 0
 3754 0.501929112843716 0.593349279450123 0
 3755 0.550799274723505 0.595413375274656 0
 3756 0.923029693437873 0.576021260069279 0
 3757 0.502930924309701 0.609223684968328 0
 3758 0.518770706824486 0.615270945945191 0
 3759 0.500073518454665 0.622866187910566 0
 3760 0.513669860253572 0.633373242592234 0
 3761 0.511592282950517 0.638149723620814 0
 3762 0.538793021890635 0.643059668078058 0
 3763 0.537868235733543 0.632930496375054 0
 3764 0.542795451368018 0.633771647028826 0
 3765 0.550008826168306 0.626239881381002 0
 3766 0.550117836114316 0.904037967665206 0
 3767 0.545102208621766 0.897291099886416 0
 3768 0.522201239133757 0.899084009980719 0
 3769 0.550080907434895 0.824402387612029 0
 3770 0.55014854074604 0.845159895141511 0
 3771 0.543817060073876 0.888071302624523 0
 3772 0.544580357848068 0.883106808680581 0
 3773 0.549861693536086 0.885643877168473 0
 3774 0.539550611776757 0.880812027876333 0
 3775 0.52524490838439 0.878124984856622 0
 3776 0.525614020958714 0.872800033651981 0
 3777 0.530345738560469 0.875553161679687 0
 3778 0.550883746536177 0.864994107798052 0
 3779 0.525718934601137 0.867645233951615 0
 3780 0.540621240504582 0.85952240905665 0
 3781 0.502086727346848 0.865637827215357 0
 3782 0.525583125773039 0.857762831523083 0
 3783 0.525968097247566 0.85284445579389 0
 3784 0.530190027968857 0.855322803942438 0
 3785 0.521430242050113 0.850261913632968 0
 3786 0.526801156132069 0.848021345041405 0
 3787 0.507507045063815 0.846294905509937 0
 3788 0.509068464389758 0.841312306272232 0
 3789 0.512923536258509 0.844561789290768 0
 3790 0.527279059655069 0.842970230272548 0
 3791 0.531697816510163 0.845742675113489 0
 3792 0.523676427015055 0.829990723015511 0
 3793 0.528058577917847 0.827541583958795 0
 3794 0.527953875080601 0.832650426602494 0
 3795 0.51094891852673 0.826516612016801 0
 3796 0.515165985238016 0.824436675672843 0
 3797 0.51022376400891 0.816656220469359 0
 3798 0.550089896578687 0.834944984775967 0
 3799 0.500681137916004 0.834962588877001 0
 3800 0.502439177066627 0.830344244006995 0
 3801 0.540708883738258 0.820127806101526 0
 3802 0.52815054938448 0.817386912601739 0
 3803 0.528133004647382 0.812424190310903 0
 3804 0.532680871984634 0.814894116782113 0
 3805 0.528075627457136 0.807387756584962 0
 3806 0.509742632430647 0.807058902753698 0
 3807 0.509977386608901 0.802246597000535 0
 3808 0.514496261460455 0.804802435302651 0
 3809 0.528061676952118 0.802158849111013 0
 3810 0.532412179818766 0.804780349696383 0
 3811 0.523832946809785 0.788942626938152 0
 3812 0.528172002631976 0.785860472457442 0
 3813 0.528182184318781 0.791486521863308 0
 3814 0.51049710447733 0.786833069834948 0
 3815 0.510316312903775 0.781655700377275 0
 3816 0.514986749917063 0.784210990305488 0
 3817 0.54999369482422 0.79490538752229 0
 3818 0.501735995429151 0.797017692498832 0
 3819 0.502233435476455 0.792168349085318 0
 3820 0.505681492613575 0.778800771567914 0
 3821 0.510071955718608 0.776322976342454 0
 3822 0.541155971395771 0.778357616836169 0
 3823 0.545533161039937 0.776190774322225 0
 3824 0.532103860107361 0.914342074664047 0
 3825 0.540930391628411 0.929543481533625 0
 3826 0.527454456244884 0.916327499963714 0
 3827 0.54124328279623 0.950926942061922 0
 3828 0.528711991893684 0.93708464891571 0
 3829 0.528112830449012 0.931869134856615 0
 3830 0.550535859685042 0.955471405186331 0
 3831 0.518546532021625 0.947450226065334 0
 3832 0.513891777169653 0.944815048020925 0
 3833 0.518949332333305 0.942241304758173 0
 3834 0.523378474882533 0.928997448358113 0
 3835 0.527658739768832 0.926561613840467 0
 3836 0.52310508955865 0.96047621696691 0
 3837 0.518370435113773 0.963148455802271 0
 3838 0.518032464439747 0.957936855091652 0
 3839 0.508579415080998 0.947168576530333 0
 3840 0.509283848637178 0.942189016145061 0
 3841 0.533574339748611 0.96519556769926 0
 3842 0.518873757074032 0.968444072691627 0
 3843 0.513738476428978 0.966455490551613 0
 3844 0.54167488636513 0.969257178985956 0
 3845 0.523919814168 1 0
 3846 0.521563607679029 0.994973516831073 0
 3847 0.550346056870305 0.975148405650091 0
 3848 0.540351982990669 0.980285886965498 0
 3849 0.535848390553169 0.97783495149579 0
 3850 0.558914651632007 0.982960050270526 0
 3851 0.553511682067506 0.985692140503113 0
 3852 0.509023439982288 0.970644277834831 0
 3853 0.508476557109471 0.965773735293015 0
 3854 0.500670286251254 0.984144043326357 0
 3855 0.49518138357642 0.983428269764053 0
 3856 0.499270004673606 0.978829148273117 0
 3857 0.502345574956567 0.961198627490779 0
 3858 0.507211694628378 0.95732609981387 0
 3859 0.485270443098179 0.896046353540994 0
 3860 0.504527799834996 0.89152336160342 0
 3861 0.493459262642528 0.598890164163046 0
 3862 0.493430723445581 0.593403973615851 0
 3863 0.480285953508564 0.605166885767594 0
 3864 0.484782224046093 0.603349953363191 0
 3865 0.485477028495179 0.623156450469989 0
 3866 0.467498764568608 0.619391101347994 0
 3867 0.462919420465889 0.616602615719609 0
 3868 0.471639185050263 0.599102202579375 0
 3869 0.462510559144206 0.594162896806344 0
 3870 0.481218227835656 0.595356288183005 0
 3871 0.471563983369184 0.580167608310183 0
 3872 0.452820057209551 0.621391866017453 0
 3873 0.447213275771032 0.623993574524789 0
 3874 0.462068113574421 0.575004062169902 0
 3875 0.463281143709379 0.554483850141114 0
 3876 0.448928617196549 0.634649824697048 0
 3877 0.534119387750978 0.00432823554806744 0
 3878 0.5377672797252 0 0
 3879 0.534774379612077 0.0393750995594663 0
 3880 0.52995788258499 0.0477461283179925 0
 3881 0.509203308080679 0.095219441249255 0
 3882 0.507758575799527 0.0175317965170229 0
 3883 0.515309778174095 0.105289223513437 0
 3884 0.528345970147064 0.0127149344664437 0
 3885 0.518072727990573 0 0
 3886 0.536615084870993 0.166879880229516 0
 3887 0.483994070505929 0.135825006914269 0
 3888 0.485697099036233 0.150834717166037 0
 3889 0.532009988319848 0.157384685161858 0
 3890 0.510462403127658 0.113693157680558 0
 3891 0.482632830973052 0.106440159407409 0
 3892 0.466204903733279 0.0836154768830181 0
 3893 0.464485546354062 0.134135516956931 0
 3894 0.470832345903309 0.138948610067271 0
 3895 0.467182648283914 0.143071715079583 0
 3896 0.530498403172233 0.249948134089242 0
 3897 0.532537960801315 0.254682659817137 0
 3898 0.482459506952863 0.272287782879477 0
 3899 0.478496700263319 0.131176745992624 0
 3900 0.483126965713824 0.127631975959275 0
 3901 0.484487434583912 0.122704102832959 0
 3902 0.480055900315541 0.160028945944885 0
 3903 0.459710007757247 0.305146095579614 0
 3904 0.5235581788152 0.0869813892268765 0
 3905 0.512430100602205 0.269676228100109 0
 3906 0.485422467411301 0.285307381322242 0
 3907 0.559532291032481 0.226317453925871 0
 3908 0.502134003935947 0.232286766877036 0
 3909 0.456292127292066 0.142900055253795 0
 3910 0.501756922582195 0.269252423737336 0
 3911 0.461859266418384 0.213824040857855 0
 3912 0.544371193624758 0.263944947325137 0
 3913 0.542161501127607 0.268752264360985 0
 3914 0.537633803637425 0.264392838079422 0
 3915 0.561974144470195 0.210414100319927 0
 3916 0.488468429462148 0.293704910734006 0
 3917 0.48566460471172 0.315753835484147 0
 3918 0.436112012520616 0.0882504511431807 0
 3919 0.452614118528673 0.119473020839725 0
 3920 0.454070938712128 0.124493976818003 0
 3921 0.504717283426701 0.0131551200409284 0
 3922 0.509813100948465 0.0128118458969232 0
 3923 0.494280382286949 0.00462431064616539 0
 3924 0.49771405739475 0 0
 3925 0.499309970039271 0.00446481895231511 0
 3926 0.545827897133161 0.31849987212768 0
 3927 0.46852116345472 0.0409412535021913 0
 3928 0.473002859013182 0.0430066472492034 0
 3929 0.460403750093514 0.286766673529238 0
 3930 0.479194024217223 0.263056597282352 0
 3931 0.493123962546599 0.32099494484334 0
 3932 0.495866226230605 0.316467952527204 0
 3933 0.460490310145728 0.104419194575475 0
 3934 0.645060234603346 0.260405770224885 0
 3935 0.451763291497068 0.0922837750546243 0
 3936 0.447985157231506 0.0876338404134298 0
 3937 0.456184482806165 0.0826463744003897 0
 3938 0.551821216799704 0.326230878629348 0
 3939 0.553687376331875 0.331140367926644 0
 3940 0.489096542515388 0.34048284510281 0
 3941 0.551415667522855 0.375019834244501 0
 3942 0.544528054664994 0.383306703529457 0
 3943 0.541097182051246 0.387806521665185 0
 3944 0.477377717748053 0.341733356841578 0
 3945 0.483745849521137 0.348670086323796 0
 3946 0.469586640716817 0.353401630951917 0
 3947 0.484196265340314 0.377165572552629 0
 3948 0.545779938543479 0.397297844688849 0
 3949 0.547993623350705 0.401229269236375 0
 3950 0.490959411767239 0.417105747585894 0
 3951 0.487847104860139 0.461425165851521 0
 3952 0.48599371778335 0.465870173879156 0
 3953 0.500028800735365 0.460972393887425 0
 3954 0.488690529013625 0.469973219725474 0
 3955 0.467627314046919 0.410070211441139 0
 3956 0.551086141165504 0.435852479798393 0
 3957 0.54821397112944 0.439756818625729 0
 3958 0.529894240163409 0.449450243346865 0
 3959 0.511803170723608 0.45178609124637 0
 3960 0.462739099941414 0.362500908701417 0
 3961 0.45635226236851 0.40986721170024 0
 3962 0.473825481968446 0.483205159802515 0
 3963 0.48011175212408 0.415566989842473 0
 3964 0.478429432932868 0.49257481722762 0
 3965 0.464009264969067 0.506432185947777 0
 3966 0.459469811393874 0.504101295033373 0
 3967 0.540937664536222 0.447111447838246 0
 3968 0.537013068769722 0.44256566051108 0
 3969 0.493009622925094 0.478522715323165 0
 3970 0.559262005162231 0.457633212009629 0
 3971 0.831051245482454 0.113066544815676 0
 3972 0.453711355319041 0.50808085626087 0
 3973 0.471197180634209 0.520842647971544 0
 3974 0.468439379911701 0.515857486807421 0
 3975 0.489437231076908 0.369531920499683 0
 3976 0.480576526001956 0.0357338244482978 0
 3977 0.4843580926855 0.0288259510194174 0
 3978 0.514684428578227 0.476731809261026 0
 3979 0.475259415308206 0.327209005743793 0
 3980 0.472271096442341 0.331516738103168 0
 3981 0.54543373646182 0.277434413500698 0
 3982 0.547369359797206 0.282363016112607 0
 3983 0.483431316880283 0.014666845030395 0
 3984 0.488646735379265 0.0140795856004619 0
 3985 0.486244480149322 0.0189829414223841 0
 3986 0.459658895746533 0.0281799871133622 0
 3987 0.463631509885135 0.0232489284237333 0
 3988 0.465682430942879 0.0291366440557484 0
 3989 0.486943127094609 0.509235721878597 0
 3990 0.489911442968278 0.512923062225111 0
 3991 0.464106573690332 0.804339237371549 0
 3992 0.956308135879926 0.178541118603271 0
 3993 0.458269363682272 0.793398035576648 0
 3994 0.473208200423852 0.805990376165146 0
 3995 0.452513762162714 0.78455866171508 0
 3996 0.458115400217861 0.783583164244896 0
 3997 0.473480643446148 0.782706097259243 0
 3998 0.478751733621293 0.783073522428858 0
 3999 0.479002524303689 0.804653154881226 0
 4000 0.477378318469994 0.809486646225059 0
 4001 0.447620273659359 0.774179861924863 0
 4002 0.463310922684954 0.782614715545214 0
 4003 0.490180901938273 0.8036954257949 0
 4004 0.493399748176256 0.783498772066048 0
 4005 0.49780206255857 0.783897408390611 0
 4006 0.442440877413015 0.762505582648054 0
 4007 0.447989735754491 0.763167903401575 0
 4008 0.420330538896325 0.76542588497172 0
 4009 0.55013552492955 0.483969677500329 0
 4010 0.531721063742479 0.494402221685328 0
 4011 0.544906343453799 0.476747100368886 0
 4012 0.540928683080256 0.509903565761127 0
 4013 0.526811902067451 0.496738040694468 0
 4014 0.526389886782358 0.47957472404074 0
 4015 0.525408874722722 0.474687643091253 0
 4016 0.531237919301382 0.514793305300829 0
 4017 0.516211940654404 0.511185399537415 0
 4018 0.515687037222183 0.516093282207881 0
 4019 0.498692056521119 0.508778400492771 0
 4020 0.496396479925383 0.50399346250596 0
 4021 0.526117343487992 0.516936554073569 0
 4022 0.526434603635482 0.512108768499507 0
 4023 0.544865370664607 0.471368074605133 0
 4024 0.549963891448898 0.473280658726773 0
 4025 0.482774542471256 0.756354532711213 0
 4026 0.47973510515354 0.751152299416127 0
 4027 0.527410210766772 0.537053693975215 0
 4028 0.526949322630837 0.531847682409465 0
 4029 0.519226549730999 0.547304231490363 0
 4030 0.514863991009029 0.544803630097885 0
 4031 0.51905401587339 0.542162403507197 0
 4032 0.521982240557551 0.529115516823902 0
 4033 0.526431781916904 0.526769273818115 0
 4034 0.510633891076874 0.547418014419155 0
 4035 0.510478214591609 0.542345787387385 0
 4036 0.501982921174849 0.557482901775615 0
 4037 0.497598900057524 0.554971580250895 0
 4038 0.502021574368874 0.552489176278864 0
 4039 0.506146610138116 0.540022588750849 0
 4040 0.510070965859189 0.537222123315057 0
 4041 0.506354752241591 0.570022836073568 0
 4042 0.502025054538311 0.572537769984596 0
 4043 0.502011472044166 0.567494191693983 0
 4044 0.493026908950312 0.557407339678215 0
 4045 0.493137496506719 0.552427648439543 0
 4046 0.497825800844098 0.535727412222568 0
 4047 0.502027727981185 0.577652895237241 0
 4048 0.497700523699095 0.575068614586521 0
 4049 0.488675014647228 0.549781900737025 0
 4050 0.493363016694986 0.577616270593125 0
 4051 0.493362684576717 0.572492591369834 0
 4052 0.476605731618998 0.539553986452338 0
 4053 0.484715667347719 0.587877372101659 0
 4054 0.480323688266802 0.585281474960536 0
 4055 0.484620758488132 0.582584238680804 0
 4056 0.488983875405486 0.569885605305863 0
 4057 0.493261494343639 0.56739856289534 0
 4058 0.472494097786334 0.536962966344227 0
 4059 0.477208144640289 0.534493073999165 0
 4060 0.513893156300163 0.534378979408108 0
 4061 0.503907983169816 0.517556981861907 0
 4062 0.484896672488085 0.522464031467824 0
 4063 0.54055432085488 0.850779010905636 0
 4064 0.504100423532596 0.75300333476025 0
 4065 0.501264047959824 0.748376443887175 0
 4066 0.488396846360185 0.490417779675546 0
 4067 0.512535448156549 0.886134710090197 0
 4068 0.507071998208325 0.883425408743457 0
 4069 0.515868434764789 0.882266828309509 0
 4070 0.478221443778764 0.956159687788596 0
 4071 0.479179414929162 0.961183091967783 0
 4072 0.484213050451044 0.963058948186775 0
 4073 0.479574832115681 0.966006292369089 0
 4074 0.479522869448232 0.97106824896326 0
 4075 0.550973264548455 0.784065832811538 0
 4076 0.550736485677102 0.805298194240503 0
 4077 0.547197671484102 0.765967237581468 0
 4078 0.552115835417805 0.764972109051271 0
 4079 0.546167000673129 0.756717809172065 0
 4080 0.554546997747261 0.752358696566564 0
 4081 0.556375532318931 0.757252358878288 0
 4082 0.513226345550038 0.995362059381767 0
 4083 0.517359026340486 0.996302340733424 0
 4084 0.5148803924832 1 0
 4085 0.461303904078548 0.0173369733072593 0
 4086 0.467243593725416 0.0179024938008196 0
 4087 0.492714444181978 0.869774945752191 0
 4088 0.494992781153707 0.874197555747641 0
 4089 0.496649490614136 0.856447993328126 0
 4090 0.503178807093619 0.856302909533384 0
 4091 0.499169753380558 0.860920386113038 0
 4092 0.45895990701629 0.75122366920283 0
 4093 0.572414695445573 0.981377859300024 0
 4094 0.565335478151027 0.980806390438691 0
 4095 0.423917703818419 0.0385296824214495 0
 4096 0.458367824593361 0.540568561004955 0
 4097 0.463257345506855 0.54322086164346 0
 4098 0.498887492681903 0.653039648809138 0
 4099 0.475028733992365 0.646732938666637 0
 4100 0.477213190770261 0.651372883319096 0
 4101 0.517098189951291 0.647020158913999 0
 4102 0.520049895351037 0.651587430227754 0
 4103 0.473582405648391 0.99545910528281 0
 4104 0.47871891090726 0.994808220600747 0
 4105 0.476558791045 1 0
 4106 0.467209253984235 0.984802630547665 0
 4107 0.478716151029113 0.984971152461781 0
 4108 0.473246616883558 0.984921719313984 0
 4109 0.47604428704634 0.98061041763055 0
 4110 0.489173667937797 0.994481726461185 0
 4111 0.486440161495 1 0
 4112 0.484055144879358 0.994660371668079 0
 4113 0.528200518149951 0.780085710866529 0
 4114 0.53229054615299 0.782691869410146 0
 4115 0.513938868190664 0.905155767787525 0
 4116 0.517312036369898 0.910138365162188 0
 4117 0.506309612735077 0.929213271839025 0
 4118 0.501059351074988 0.936893852272172 0
 4119 0.497490164064893 0.934053567997602 0
 4120 0.474377955831413 0.525254839539445 0
 4121 0.468712379938931 0.526997150856965 0
 4122 0.461954896782979 0.641680428514582 0
 4123 0.556094721349524 0.592373237882164 0
 4124 0.55643639253075 0.597654987129032 0
 4125 0.447838232685814 0.750443133104678 0
 4126 0.442513705932766 0.751577147722913 0
 4127 0.522487992828657 0.623512421227871 0
 4128 0.51789237930713 0.624526302761274 0
 4129 0.524394171217077 0.980350945303453 0
 4130 0.52877880603131 0.973329500267879 0
 4131 0.52978756795064 0.979153745920988 0
 4132 0.467349769650317 0.00593168291845173 0
 4133 0.461852351857095 0.005775982391763 0
 4134 0.555951952261671 0.582160602747607 0
 4135 0.544075504449258 0.613971845328508 0
 4136 0.539929041385307 0.617424882442346 0
 4137 0.479867533302211 0.772300071760705 0
 4138 0.474563363865753 0.772289120305217 0
 4139 0.477476063866745 0.766988431829894 0
 4140 0.505236422809281 0.767953177883304 0
 4141 0.50025462954305 0.770283269194556 0
 4142 0.500598492373932 0.764548709216573 0
 4143 0.51936642017124 0.776108428014918 0
 4144 0.51450684643447 0.77386062320263 0
 4145 0.499231021593496 0.632292957126414 0
 4146 0.504612644510544 0.631810214060131 0
 4147 0.477746270274157 0.628311309453398 0
 4148 0.47624380932474 0.623537336779713 0
 4149 0.54116692978578 0.4564777051187 0
 4150 0.54299359999341 0.461278024176528 0
 4151 0.521638212855155 0.461194672697176 0
 4152 0.521254694844601 0.456627183833465 0
 4153 0.439035992332291 0.662960490334543 0
 4154 0.447114440646036 0.523609302278357 0
 4155 0.46237787572137 0.732953082501804 0
 4156 0.524815769847493 0.732255337093418 0
 4157 0.49108041869645 0.736438486641127 0
 4158 0.49794684828858 0.744529447067835 0
 4159 0.470635184063822 0.736940587746486 0
 4160 0.47674871683779 0.746236600514701 0
 4161 0.552226618105481 0.741937803227165 0
 4162 0.50907777347382 0.664060657815649 0
 4163 0.502111385467285 0.656557747345379 0
 4164 0.457751483511444 0.655908457847611 0
 4165 0.520332907016616 0.743952382662621 0
 4166 0.479268305395307 0.655710825608875 0
 4167 0.525053666067217 0.651927384167359 0
 4168 0.524319833726553 0.642497348656955 0
 4169 0.529156779128511 0.642742973808139 0
 4170 0.504188371617347 0.651863001650392 0
 4171 0.503912705556498 0.642372651736302 0
 4172 0.50904491562483 0.642538399899464 0
 4173 0.506495903416269 0.647163905779162 0
 4174 0.495819450650912 0.749826248601086 0
 4175 0.496803363181086 0.760425457896758 0
 4176 0.491405629418343 0.761404270092118 0
 4177 0.493617222637781 0.755487986015895 0
 4178 0.517407629082179 0.747811062628731 0
 4179 0.512035384535806 0.755959653888963 0
 4180 0.514573004022322 0.751744497754356 0
 4181 0.542646747330179 0.747848634310274 0
 4182 0.537834591677354 0.74730418668793 0
 4183 0.536404622681078 0.758601082313071 0
 4184 0.531520260467022 0.758483369291259 0
 4185 0.455220325381846 0.651660608122373 0
 4186 0.46105155174897 0.651403578752094 0
 4187 0.467277859661989 0.641468450011717 0
 4188 0.464268848538763 0.646566742113158 0
 4189 0.474496386800739 0.75135209090947 0
 4190 0.474826125620548 0.761767768477978 0
 4191 0.469509815860168 0.761842832354704 0
 4192 0.472062393722441 0.756546453531389 0
 4193 0.482629795723597 0.65150428534167 0
 4194 0.483601336845882 0.642400652562634 0
 4195 0.488842195563401 0.642413933665661 0
 4196 0.48592987102475 0.647143990275078 0
 4197 0.460885859036587 0.935368606678483 0
 4198 0.467091930845646 0.917801558303776 0
 4199 0.466598885325124 0.935210893789652 0
 4200 0.47735007377552 0.935011644125706 0
 4201 0.472070551881199 0.935053793921676 0
 4202 0.462325929779721 0.899471111428705 0
 4203 0.467051941216342 0.926558914063931 0
 4204 0.472304490455077 0.917776593583252 0
 4205 0.469647488169683 0.922142596217169 0
 4206 0.482543904980779 0.935052993940676 0
 4207 0.480048481208539 0.939301551817946 0
 4208 0.485512659827411 0.94822806309012 0
 4209 0.482827275179026 0.943695329375978 0
 4210 0.474960099302923 0.913431964474931 0
 4211 0.477474593148368 0.917744701976332 0
 4212 0.487857370647442 0.917750514499969 0
 4213 0.482639251574284 0.917723555391279 0
 4214 0.487625280073354 0.935004150936366 0
 4215 0.494583600972687 0.930348342726435 0
 4216 0.492598999909709 0.934728633136668 0
 4217 0.472387148660843 0.909094594030557 0
 4218 0.477584643710162 0.909103160108536 0
 4219 0.48273257995751 0.900398186111967 0
 4220 0.48018480156505 0.904760085267966 0
 4221 0.493158063191818 0.917847150210713 0
 4222 0.490251683940847 0.922038090181542 0
 4223 0.492464563009758 0.926250005340196 0
 4224 0.469803999303285 0.904713902861002 0
 4225 0.467310705029549 0.900099587242272 0
 4226 0.496178893123148 0.913711336230514 0
 4227 0.498602711554451 0.918168732262916 0
 4228 0.509431655239044 0.920139620318106 0
 4229 0.504098205437643 0.918859992317818 0
 4230 0.493566617762826 0.909263319220077 0
 4231 0.499187110323501 0.909499385432004 0
 4232 0.504961424440312 0.900591066713013 0
 4233 0.502128063290514 0.905138069098848 0
 4234 0.474796564457101 0.878879945677326 0
 4235 0.477007487301339 0.883252377974686 0
 4236 0.490841046822155 0.904844811324758 0
 4237 0.488087707412636 0.900433063592829 0
 4238 0.461163763487348 0.866107522054003 0
 4239 0.477989870414673 0.87437257540863 0
 4240 0.47853095196105 0.865600010457789 0
 4241 0.484308847528031 0.865485335388062 0
 4242 0.481149492900037 0.869911003888643 0
 4243 0.467034421170226 0.86585924178209 0
 4244 0.472808926019731 0.865693430849886 0
 4245 0.461402700574604 0.857194165163822 0
 4246 0.46732003258252 0.857144316886132 0
 4247 0.472934725570971 0.84842556076406 0
 4248 0.470114426943784 0.852764516641603 0
 4249 0.475646725852731 0.844090160282711 0
 4250 0.478565270700516 0.848309411680608 0
 4251 0.490138270811927 0.84771302948975 0
 4252 0.484298801782002 0.848085254140202 0
 4253 0.472767645459675 0.839826978546029 0
 4254 0.478104995709226 0.839742851955642 0
 4255 0.482328764342961 0.831147108277343 0
 4256 0.480337852681705 0.83538350517962 0
 4257 0.467250776024725 0.839751873823946 0
 4258 0.470032040764764 0.835470322933233 0
 4259 0.467339442537679 0.831013259489788 0
 4260 0.492358890539267 0.830085384315517 0
 4261 0.483406596806066 0.822648402346342 0
 4262 0.491547327977994 0.817941507488759 0
 4263 0.479869686401549 0.818248260742846 0
 4264 0.550579479222691 0.514855087448527 0
 4265 0.550431019463259 0.535616852875702 0
 4266 0.541114726175517 0.530222897937875 0
 4267 0.540348178571111 0.540067954383153 0
 4268 0.532307611580818 0.545225371499332 0
 4269 0.550581784905566 0.544246551928684 0
 4270 0.550759814054129 0.565902800465742 0
 4271 0.528023143067782 0.567249178504269 0
 4272 0.528123514513877 0.562262031824435 0
 4273 0.519323383705961 0.557467456286078 0
 4274 0.527992093792241 0.572348323112957 0
 4275 0.523690477931557 0.569910149694739 0
 4276 0.519361110723769 0.572496798563429 0
 4277 0.532406864439365 0.57477426509711 0
 4278 0.528103858776777 0.577456969968006 0
 4279 0.528223323758575 0.588068101053724 0
 4280 0.52821104912236 0.582641868408102 0
 4281 0.541165237384062 0.579863724023631 0
 4282 0.528318152826547 0.593675285754651 0
 4283 0.523889888737849 0.590795874039142 0
 4284 0.515154041323903 0.59605853072233 0
 4285 0.519543517288184 0.593451418806878 0
 4286 0.532773741234456 0.596560275538689 0
 4287 0.528546529498125 0.59943808965245 0
 4288 0.529092458674771 0.611444782407232 0
 4289 0.528853349202271 0.605388178619433 0
 4290 0.510684555495118 0.598220479693487 0
 4291 0.510713558851975 0.593139306816071 0
 4292 0.501989722407823 0.588029487640979 0
 4293 0.506317168045514 0.590580294995394 0
 4294 0.537260551691124 0.59934324525277 0
 4295 0.546849774024356 0.604283162135269 0
 4296 0.54191451927332 0.601923546987822 0
 4297 0.510226178661744 0.602608968519521 0
 4298 0.506138889506038 0.600846819961554 0
 4299 0.497973147034717 0.607134570397737 0
 4300 0.502149641728992 0.604009300590284 0
 4301 0.541433818048407 0.59039201241915 0
 4302 0.55065458505344 0.584757161010193 0
 4303 0.509667568967788 0.613951126008136 0
 4304 0.52409250667803 0.613279999513945 0
 4305 0.508425408563186 0.623135453536144 0
 4306 0.515517433906932 0.62894483473769 0
 4307 0.521722018461634 0.637560474723995 0
 4308 0.528894780611205 0.633609413741941 0
 4309 0.53314375341996 0.632846619502705 0
 4310 0.531930377396927 0.622098765711733 0
 4311 0.53682913064396 0.62208553207986 0
 4312 0.546524042646438 0.630160410503705 0
 4313 0.552153421029877 0.606649350101408 0
 4314 0.549842496020959 0.934561689692413 0
 4315 0.550038466545626 0.914579510588806 0
 4316 0.541851082011747 0.910280620114187 0
 4317 0.537382019959428 0.902068185120057 0
 4318 0.533608808872799 0.894185844792521 0
 4319 0.528742131512585 0.906731296037743 0
 4320 0.550561406446905 0.85500266472501 0
 4321 0.549387836470652 0.894403141667647 0
 4322 0.543655886773128 0.893107360839992 0
 4323 0.533705502273362 0.888932136285118 0
 4324 0.538661337731705 0.891344280682802 0
 4325 0.528722732204262 0.886487125075624 0
 4326 0.534890147532609 0.878246682359279 0
 4327 0.549767926256114 0.875433535402254 0
 4328 0.522840669551026 0.889433985103062 0
 4329 0.524289748450947 0.88366223782375 0
 4330 0.515963970764657 0.877703415694447 0
 4331 0.520373278618153 0.880410827365036 0
 4332 0.54060611726013 0.870109549546159 0
 4333 0.515654269021181 0.872762045591938 0
 4334 0.515356106621781 0.862864984379783 0
 4335 0.515025618115227 0.867744847622015 0
 4336 0.530836766428915 0.864889647231061 0
 4337 0.50600433552871 0.874827437646215 0
 4338 0.52572332967326 0.862611774880416 0
 4339 0.515741380768745 0.857501256388608 0
 4340 0.520555466704748 0.860240311048205 0
 4341 0.510049705881103 0.854944854599527 0
 4342 0.515961778356032 0.852561420847122 0
 4343 0.518083605810802 0.842506469038582 0
 4344 0.517023909125134 0.847544227774608 0
 4345 0.505603097412892 0.851261576471701 0
 4346 0.495923960750691 0.847585640448978 0
 4347 0.498497897864089 0.843372291455515 0
 4348 0.501839040311817 0.847336210816165 0
 4349 0.518839481292609 0.837444314533189 0
 4350 0.523024458518287 0.840244830363875 0
 4351 0.532215897450824 0.83530628137269 0
 4352 0.527702764000761 0.837818516880953 0
 4353 0.514758389736752 0.834497767580754 0
 4354 0.519280701237551 0.832342756605159 0
 4355 0.519401067659704 0.822193978615477 0
 4356 0.519439221059241 0.827252818601451 0
 4357 0.540886646245244 0.840424021670236 0
 4358 0.51007802430545 0.836400519585644 0
 4359 0.506726063034651 0.828526256604904 0
 4360 0.501968977349952 0.820955077561223 0
 4361 0.499889707388599 0.811388085477114 0
 4362 0.541149932057559 0.829966889436165 0
 4363 0.81289550168848 0.736289367719425 0
 4364 0.528108487643869 0.822444115922838 0
 4365 0.519254471956187 0.817196913107261 0
 4366 0.523737703036713 0.819838752377076 0
 4367 0.519114848899967 0.812266572133123 0
 4368 0.519131189829201 0.80233485166973 0
 4369 0.51906337793623 0.80733639156973 0
 4370 0.509834352669631 0.811859804115212 0
 4371 0.49979296956764 0.80652226141807 0
 4372 0.504836978413974 0.809220256323802 0
 4373 0.51928242332949 0.797198851964056 0
 4374 0.523687478566369 0.79970540611357 0
 4375 0.532664178750417 0.793854223962159 0
 4376 0.528159782860156 0.796857518813311 0
 4377 0.51489044699019 0.794650709627266 0
 4378 0.519401740238627 0.791939153668379 0
 4379 0.519471602646833 0.781198923220673 0
 4380 0.519466125434751 0.786574613772774 0
 4381 0.541026482466501 0.799731931286442 0
 4382 0.510354212794827 0.797215109337822 0
 4383 0.510527299909149 0.792077828339349 0
 4384 0.501326866003407 0.787045576743866 0
 4385 0.50612666952764 0.78943042922782 0
 4386 0.542159265292633 0.789555342364793 0
 4387 0.500640146312381 0.801650071404436 0
 4388 0.501560343756261 0.781472098626556 0
 4389 0.495847471153525 0.773532025591954 0
 4390 0.500897205633094 0.775981275592731 0
 4391 0.536743137087451 0.780245097742609 0
 4392 0.532937259748181 0.770944771114098 0
 4393 0.53748756673303 0.768562758867912 0
 4394 0.541184787936783 0.919508684747539 0
 4395 0.532065983067771 0.924128434119411 0
 4396 0.518407541244911 0.920325024318069 0
 4397 0.523059617205277 0.91841479998385 0
 4398 0.532746953304036 0.945317492290619 0
 4399 0.550386180199398 0.94480238609521 0
 4400 0.528093279501613 0.947586907657211 0
 4401 0.528685579929575 0.942207578337122 0
 4402 0.519138333785334 0.936963712338621 0
 4403 0.527562890729241 0.952720478964052 0
 4404 0.52320973759439 0.950063429287303 0
 4405 0.512884629678473 0.955262415930358 0
 4406 0.518209394056394 0.952688941764317 0
 4407 0.514658639983506 0.934220057057024 0
 4408 0.519079670035951 0.931516692248662 0
 4409 0.514156988779308 0.922569133127262 0
 4410 0.518766400359002 0.925911283684118 0
 4411 0.531614233269905 0.955214371238802 0
 4412 0.527644455895778 0.957843709062449 0
 4413 0.528443238770732 0.96788602563385 0
 4414 0.52835114748961 0.962890782192427 0
 4415 0.507985182787101 0.952145580190468 0
 4416 0.49726876582402 0.951020335687576 0
 4417 0.497993218225409 0.946423558050582 0
 4418 0.502972425421973 0.949139447329619 0
 4419 0.541291785711068 0.960281056629928 0
 4420 0.523985491670811 0.970708419891368 0
 4421 0.519706888092802 0.978566463103296 0
 4422 0.514661260346415 0.976818416686594 0
 4423 0.519362078079435 0.97353437922107 0
 4424 0.551462960276701 0.965223563681562 0
 4425 0.53143281545699 0.984884566758075 0
 4426 0.53913491974487 0.992133640528905 0
 4427 0.534591686311 1 0
 4428 0.533893171599939 0.992561185334292 0
 4429 0.548199521605259 0.985951174912482 0
 4430 0.511492752356487 0.431233144991992 0
 4431 0.542819700168597 0.995648437007092 0
 4432 0.562540143100896 0.99404320286975 0
 4433 0.510217527720974 0.980640366661361 0
 4434 0.509508366679219 0.975524587897846 0
 4435 0.498844804096898 0.973919910866377 0
 4436 0.504196758174748 0.974675970701417 0
 4437 0.511269762651305 0.985718180918998 0
 4438 0.505973024363875 0.984816528811835 0
 4439 0.504114693498291 0.994740788397435 0
 4440 0.499186946551405 0.994544099948719 0
 4441 0.502193419834791 0.989425733064719 0
 4442 0.49329250956741 0.968022276436322 0
 4443 0.497701334500736 0.964508621371391 0
 4444 0.492349560246557 0.953810207748405 0
 4445 0.490685378115173 0.887312126351395 0
 4446 0.493462235344534 0.891652784770846 0
 4447 0.498394800875864 0.883021589890246 0
 4448 0.493475404190787 0.610042582918252 0
 4449 0.493490127792077 0.604466405828504 0
 4450 0.485068358208739 0.59822020931424 0
 4451 0.489217373632758 0.60135658323525 0
 4452 0.488806075737041 0.612244197396168 0
 4453 0.479695821539096 0.61550036901415 0
 4454 0.48411567854208 0.613826228316256 0
 4455 0.495174224809926 0.621677529714733 0
 4456 0.489515008845691 0.632437570826207 0
 4457 0.471543855894801 0.610383632015546 0
 4458 0.471841442587178 0.62172416713591 0
 4459 0.468860522463605 0.631357670157671 0
 4460 0.463892778616488 0.628867669658049 0
 4461 0.46268635756885 0.604984610407016 0
 4462 0.472370766125807 0.590588276507635 0
 4463 0.462197626192778 0.585223302764341 0
 4464 0.457934454381991 0.61908273152496 0
 4465 0.459036292945784 0.631235155585488 0
 4466 0.470573808570056 0.57026702800877 0
 4467 0.479714343239426 0.565504415683126 0
 4468 0.531497171547668 0.00838988100964462 0
 4469 0.522800086047616 0.00520356172597178 0
 4470 0.527771619177252 0 0
 4471 0.524573907161854 0.0383481569610724 0
 4472 0.519747233212849 0.0462052449183598 0
 4473 0.513714103215457 0.0860845034548839 0
 4474 0.519492345902005 0.0962269597620692 0
 4475 0.5029280592318 0.0264519626410726 0
 4476 0.497095784361198 0.0177681008053236 0
 4477 0.505182301356118 0.103852393409624 0
 4478 0.518954870984196 0.0131704200228815 0
 4479 0.5126270244888 0.00842004778193993 0
 4480 0.504731629156274 0.00437092689530042 0
 4481 0.50776350088311 0 0
 4482 0.53207324344476 0.175483043286778 0
 4483 0.525355643375652 0.166932579414929 0
 4484 0.487370306746759 0.142390992708348 0
 4485 0.478555281114098 0.143934047264726 0
 4486 0.47471838674371 0.15176435314948 0
 4487 0.500835390670344 0.111681919848646 0
 4488 0.48843410582547 0.113887757070729 0
 4489 0.476587427359345 0.114829811144289 0
 4490 0.462724071515627 0.0920077012108443 0
 4491 0.455088088361362 0.222415966909375 0
 4492 0.456051366100744 0.134262498224673 0
 4493 0.46359246741004 0.117714436028303 0
 4494 0.469926120574011 0.122984847000101 0
 4495 0.465689924910078 0.125568516618633 0
 4496 0.511060794757582 0.231195044564442 0
 4497 0.540269601462164 0.248878887255378 0
 4498 0.543773785788125 0.254199433368544 0
 4499 0.534840309086406 0.259540557442739 0
 4500 0.489336928853366 0.263829025338021 0
 4501 0.474522530295795 0.13489195858004 0
 4502 0.474495386001334 0.119614538175033 0
 4503 0.486298211879642 0.118342877804019 0
 4504 0.469123322754924 0.159795500433492 0
 4505 0.45413366223227 0.295352176858434 0
 4506 0.465801329547497 0.296767234068966 0
 4507 0.515535567410862 0.27869301795747 0
 4508 0.506133965474016 0.277714160406651 0
 4509 0.495872857620058 0.285974711951559 0
 4510 0.553829623974594 0.218204659793324 0
 4511 0.555493782712751 0.222546657967811 0
 4512 0.570335419559046 0.220306918478832 0
 4513 0.506340115334776 0.222509723801286 0
 4514 0.549944867213961 0.254099775312053 0
 4515 0.547160148577673 0.259266704691533 0
 4516 0.557327890199473 0.214165409006663 0
 4517 0.479413297349858 0.293999415072935 0
 4518 0.491085459793801 0.307758777418111 0
 4519 0.442898274538939 0.0891868381430538 0
 4520 0.443380168746179 0.0998982686558094 0
 4521 0.450006807037853 0.109117756667355 0
 4522 0.45109342041481 0.114408300194174 0
 4523 0.462873818863731 0.113293626296528 0
 4524 0.494033745998138 0.0135883918581098 0
 4525 0.499402299036508 0.0133407900885413 0
 4526 0.501896043798854 0.00881827201207061 0
 4527 0.491196732716227 0.00928733001293995 0
 4528 0.483753350819004 0.0049995612559358 0
 4529 0.487210003929404 0 0
 4530 0.488909831097624 0.00475130069710375 0
 4531 0.548848077216421 0.288598374502686 0
 4532 0.458568831300662 0.0392247599101442 0
 4533 0.463656945695388 0.0395873653088114 0
 4534 0.470666417983475 0.0309698894688762 0
 4535 0.485251984967367 0.253857615361915 0
 4536 0.486317329062172 0.328441851700404 0
 4537 0.489859507976683 0.324715227874559 0
 4538 0.482293972435159 0.319535910486532 0
 4539 0.461436369033951 0.108707070690058 0
 4540 0.455299095359691 0.0960214944415833 0
 4541 0.548849677669703 0.322484673044818 0
 4542 0.494562272877406 0.348808687227182 0
 4543 0.548318441326813 0.379341975735919 0
 4544 0.48327383118291 0.332486407048757 0
 4545 0.488759149680869 0.357112834924087 0
 4546 0.459161882865884 0.351743403370887 0
 4547 0.493696204920366 0.37867202293229 0
 4548 0.543644842385142 0.392609989714658 0
 4549 0.483567366656827 0.424169736171008 0
 4550 0.492359413488462 0.452608639043037 0
 4551 0.490134574330115 0.457177511951294 0
 4552 0.497874086953442 0.465636529885998 0
 4553 0.502273662330604 0.451469620323505 0
 4554 0.500705142648504 0.47043067359892 0
 4555 0.490958567787992 0.474127754641309 0
 4556 0.462759399725422 0.400648769467803 0
 4557 0.552290881516115 0.448482723310552 0
 4558 0.527212339699828 0.440849463517575 0
 4559 0.510727463841273 0.462226257422262 0
 4560 0.480098979539824 0.474461494645288 0
 4561 0.485194478357557 0.482540523389141 0
 4562 0.48585876592253 0.407800046159304 0
 4563 0.475600512506664 0.488126621830585 0
 4564 0.473855483542696 0.505493389803975 0
 4565 0.469006533693599 0.505606588535429 0
 4566 0.462961643496691 0.516104181940607 0
 4567 0.749572988209076 0.722284766398853 0
 4568 0.53053974095573 0.454774051607323 0
 4569 0.504649653148169 0.478547806688027 0
 4570 0.45885992652997 0.521903569971677 0
 4571 0.448752010989731 0.512840208868494 0
 4572 0.47636782269702 0.510139195012829 0
 4573 0.481877063431811 0.518592337027663 0
 4574 0.479042480242921 0.51448295163409 0
 4575 0.499498585144734 0.370312339173142 0
 4576 0.476907939686835 0.0228079499987528 0
 4577 0.511289288905738 0.467065599491407 0
 4578 0.51239918887407 0.471951025651639 0
 4579 0.524012414248273 0.4699230542272 0
 4580 0.478524856413031 0.323259091073235 0
 4581 0.62667442156336 0.726973004755412 0
 4582 0.472854223945416 0.0176682557422432 0
 4583 0.478096071855006 0.0161443006276278 0
 4584 0.478514977151713 0.00533045047214483 0
 4585 0.480577201528939 0.0103750508763743 0
 4586 0.45290673973489 0.0387475258260734 0
 4587 0.456296856400527 0.033622247043428 0
 4588 0.453352898535768 0.0281213043875778 0
 4589 0.48139381150501 0.50084112539254 0
 4590 0.484056355188879 0.504998600030975 0
 4591 0.49327940333409 0.498899825134293 0
 4592 0.561697343188966 0.676169175218752 0
 4593 0.468050393019969 0.794145111670139 0
 4594 0.47766969987409 0.79548470196342 0
 4595 0.322505312463274 0.673228334934449 0
 4596 0.439594081750573 0.786764128130234 0
 4597 0.453287738326493 0.773646491466351 0
 4598 0.46853855082754 0.782514315502454 0
 4599 0.469274583718686 0.772340369815677 0
 4600 0.483146550903205 0.794247646390991 0
 4601 0.481075969692743 0.799636127536486 0
 4602 0.484613117255497 0.803894979683092 0
 4603 0.433338587384045 0.774544034457933 0
 4604 0.458682048035501 0.773050962166812 0
 4605 0.463964806798218 0.772557241706716 0
 4606 0.493785673575915 0.793344862588235 0
 4607 0.483617623286064 0.783554511321499 0
 4608 0.488662318814827 0.783457176351985 0
 4609 0.490690513372438 0.772431077524791 0
 4610 0.42845727619578 0.763141396394417 0
 4611 0.435580315348618 0.749201483817997 0
 4612 0.549903670178665 0.494361146485166 0
 4613 0.555321385417772 0.470245440750786 0
 4614 0.548941132086309 0.462194980582354 0
 4615 0.541396197082826 0.490013904786906 0
 4616 0.540788746661388 0.49963926342335 0
 4617 0.531648749459578 0.504739166280235 0
 4618 0.536101869782947 0.482239734987312 0
 4619 0.534770548187413 0.473087065186889 0
 4620 0.526830193855719 0.507122849346838 0
 4621 0.527023845134464 0.50200163887576 0
 4622 0.51816279312623 0.501924515365458 0
 4623 0.509849877182753 0.7199844741509 0
 4624 0.522305986814552 0.499259369578951 0
 4625 0.657844032445575 0.68449033458424 0
 4626 0.515779533521442 0.484856259753915 0
 4627 0.540959996445046 0.519980969316976 0
 4628 0.531196478968507 0.524552978913817 0
 4629 0.515515090385471 0.492913794808475 0
 4630 0.672588634264097 0.714472275596176 0
 4631 0.517406865101738 0.50675578852441 0
 4632 0.501218473967965 0.513008073914304 0
 4633 0.492624901402732 0.516925822310686 0
 4634 0.526091437804226 0.521815902160376 0
 4635 0.51597353551857 0.521121684359977 0
 4636 0.520939572029534 0.519013054607491 0
 4637 0.534000266485396 0.468366076723554 0
 4638 0.539459254343194 0.469802398837402 0
 4639 0.544292716516024 0.466218795121747 0
 4640 0.488651807080629 0.766921546911632 0
 4641 0.485761581538135 0.761559593051816 0
 4642 0.480247983403746 0.761662283190009 0
 4643 0.527986342510121 0.547504682184708 0
 4644 0.527793185108577 0.542320849679902 0
 4645 0.518551061681238 0.536917380898825 0
 4646 0.52321179873077 0.539569720943119 0
 4647 0.523577199599485 0.549875382583232 0
 4648 0.515005190752991 0.554954351253669 0
 4649 0.519290818954847 0.55240835303759 0
 4650 0.517789440385565 0.531626588767941 0
 4651 0.511731831253355 0.523732960565216 0
 4652 0.516871161665533 0.526347234396979 0
 4653 0.51069319728415 0.557483580657782 0
 4654 0.510684024846876 0.552462130265481 0
 4655 0.502033767894999 0.547522177906494 0
 4656 0.506357686184703 0.549988323880591 0
 4657 0.510695549516265 0.562492161349108 0
 4658 0.502002225875442 0.562483917158634 0
 4659 0.497709861876665 0.545082349980881 0
 4660 0.50203104697981 0.542611282943811 0
 4661 0.501565947581887 0.533173820899695 0
 4662 0.501917733780673 0.537823025198895 0
 4663 0.510695324470289 0.567499816301355 0
 4664 0.510697886558399 0.577605585324718 0
 4665 0.510693114334485 0.572527578608852 0
 4666 0.493105955450283 0.562371363473199 0
 4667 0.483640247185088 0.562298968334616 0
 4668 0.483527607837425 0.557356102081645 0
 4669 0.489296505772135 0.539685558516262 0
 4670 0.506360220889439 0.580190305303182 0
 4671 0.497682936148682 0.585424659370472 0
 4672 0.50201692213941 0.582801455269436 0
 4673 0.484248217899576 0.546870203406235 0
 4674 0.4933876783916 0.588026707590658 0
 4675 0.493355676565919 0.582761109177645 0
 4676 0.484600195578638 0.57741277091874 0
 4677 0.48899154110227 0.580097920925177 0
 4678 0.47600340889925 0.551347797943637 0
 4679 0.467907589999561 0.545985799952941 0
 4680 0.472010394732623 0.549163465523964 0
 4681 0.489160831907756 0.590547704876669 0
 4682 0.485055648988313 0.592996012286823 0
 4683 0.484813929656225 0.572421112817018 0
 4684 0.484555627066481 0.567346303088572 0
 4685 0.468081689951796 0.540039495763286 0
 4686 0.46342283664119 0.531124104329053 0
 4687 0.468227909252822 0.533731686730658 0
 4688 0.504742576706332 0.530091540069809 0
 4689 0.508074457580345 0.526915920326284 0
 4690 0.497900823989451 0.524647811307246 0
 4691 0.490985990220654 0.529677217914969 0
 4692 0.481877287291673 0.532864881235663 0
 4693 0.510490081885088 0.760858001974784 0
 4694 0.507157147345609 0.757167558950779 0
 4695 0.502117971983523 0.758689728171669 0
 4696 0.251588946678916 0.710516924437286 0
 4697 0.519131362587196 0.894643838781136 0
 4698 0.516250420778798 0.890354686196589 0
 4699 0.507661442567961 0.895919643969802 0
 4700 0.510401431911137 0.891271301340011 0
 4701 0.476733219197017 0.951753859992359 0
 4702 0.487217755583431 0.953044834564364 0
 4703 0.488470433488148 0.958375838164983 0
 4704 0.489043778636429 0.972680184571873 0
 4705 0.488577305981372 0.96686801286603 0
 4706 0.487100210607355 0.978568258302445 0
 4707 0.47826801507204 0.975894338779307 0
 4708 0.549877417551726 0.774136178990628 0
 4709 0.562081572472544 0.758964494341603 0
 4710 0.542315469933549 0.76704853370722 0
 4711 0.553378135834629 0.747226087462738 0
 4712 0.446633061658306 0.0382565072869014 0
 4713 0.508711230434359 0.99490787061848 0
 4714 0.5063001436992 1 0
 4715 0.516603347556538 0.986909201181965 0
 4716 0.512354346442444 0.990519599479482 0
 4717 0.455639042515377 0.0161054683789594 0
 4718 0.456096941078234 0.00570284538790073 0
 4719 0.458936858100234 0.011331714014335 0
 4720 0.487417191652621 0.861066038121337 0
 4721 0.490197899480962 0.865385358867432 0
 4722 0.496121333803038 0.865402939491976 0
 4723 0.490515146529809 0.856609710971337 0
 4724 0.493387589780009 0.852116481572298 0
 4725 0.46426108666555 0.761924224289048 0
 4726 0.453848924877387 0.762966077048383 0
 4727 0.459041806447181 0.762080418980709 0
 4728 0.570056390770366 0.994134700333019 0
 4729 0.548847808169176 0.995184899374059 0
 4730 0.447550081528445 0.535519101309031 0
 4731 0.453090420925876 0.538013189266243 0
 4732 0.458070709756573 0.528477857340577 0
 4733 0.493811514281923 0.641885347964179 0
 4734 0.499050981776404 0.641809651109683 0
 4735 0.470391638029121 0.636756185201945 0
 4736 0.472772945991977 0.641982192879367 0
 4737 0.481441394527328 0.637666021897757 0
 4738 0.478225844932028 0.642299613430198 0
 4739 0.514285041682464 0.642570333934275 0
 4740 0.519381639082447 0.642428829722906 0
 4741 0.462776989211021 0.995243363491291 0
 4742 0.467927830868646 0.995505621292212 0
 4743 0.489764568869825 0.983471146378802 0
 4744 0.48422903295117 0.98418183759473 0
 4745 0.48130891103355 0.98961562930415 0
 4746 0.491972003704576 0.98887208580901 0
 4747 0.49641898561495 1 0
 4748 0.494257843365453 0.994518810739111 0
 4749 0.52394255490414 0.777728868806326 0
 4750 0.52864323080806 0.768383563847385 0
 4751 0.528369019477157 0.77423484031836 0
 4752 0.510801672486344 0.900390236121242 0
 4753 0.51652214215956 0.899829732476292 0
 4754 0.510436160654117 0.931578364512833 0
 4755 0.504989170071862 0.939538620193585 0
 4756 0.479742853649465 0.523775426236894 0
 4757 0.478147785852094 0.529109550094897 0
 4758 0.450288444428303 0.643038284223182 0
 4759 0.444967507897462 0.65769794712648 0
 4760 0.442872533884178 0.651742564325542 0
 4761 0.555718805174189 0.587168689932785 0
 4762 0.45364144282128 0.75047756739051 0
 4763 0.521956618852524 0.756382138772602 0
 4764 0.527144932792035 0.622585475261319 0
 4765 0.5221323550228 0.988924996543641 0
 4766 0.520719125521364 0.983671934688633 0
 4767 0.472933904672526 0.0056824912184684 0
 4768 0.47625652739128 0 0
 4769 0.547765449158936 0.610081003249521 0
 4770 0.485247987021083 0.772333001487789 0
 4771 0.48193216919082 0.777768975555748 0
 4772 0.51471093777195 0.763501239829641 0
 4773 0.510186798392632 0.765887374191625 0
 4774 0.510061114987711 0.770963291994691 0
 4775 0.519389792319446 0.764627058827416 0
 4776 0.524255782746966 0.766239467478671 0
 4777 0.494345895808597 0.632189759271732 0
 4778 0.479461401918121 0.633001662962876 0
 4779 0.532963335748256 0.46381653324936 0
 4780 0.531756883766606 0.459343203976051 0
 4781 0.522411886998267 0.465655435954658 0
 4782 0.452482767145195 0.525820936166441 0
 4783 0.726695960415956 0.669889033519228 0
 4784 0.43643536209044 0.103792786807008 0
 4785 0.830398345866 1 0
 4786 0.399325798241213 0.31155733345443 0
 4787 0.385952390109921 0.316367560054577 0
 4788 0.386429084874347 0.304840454984542 0
 4789 0.394685555657809 0.332153738204437 0
 4790 0.385913215786825 0.351168141604479 0
 4791 0.373638169192858 0.32323383693892 0
 4792 0.372124675991418 0.298498639574168 0
 4793 0.365172816233728 0.332308624024542 0
 4794 0.359858095452134 0.306732090079438 0
 4795 0.363092364676348 0.285826626004554 0
 4796 0.568284985801031 0.25578546132249 0
 4797 0.373779523293402 0.277573225533628 0
 4798 0.319250572457437 0.385251928496078 0
 4799 0.374866931222823 0.253970532449256 0
 4800 0.111532992315 0 0
 4801 0.348774293001918 0.230758509638814 0
 4802 0.337000924660881 0.220616336787229 0
 4803 0.511662968867594 0.880840445867025 0
 4804 0.39949153433952 0.289968521956906 0
 4805 0.386871471446289 0.2829970182272 0
 4806 0.364390070438834 0.359331834774266 0
 4807 0.372999863620819 0.231661937857415 0
 4808 0.341262632374321 0.369734725293011 0
 4809 0.578622700592156 0.724484795511299 0
 4810 0.433315894451967 0.675092985512468 0
 4811 0.502255157879962 0.724028126313731 0
 4812 0.55342483316911 0.6804620128981 0
 4813 0.461665685075687 0.724112506929381 0
 4814 0.469960274717056 0.6801449024939 0
 4815 0.567366869105473 0.675568097915603 0
 4816 0.431929431240012 0.72640613679432 0
 4817 0.489828733271031 0.680016556838301 0
 4818 0.482523785173774 0.724186620755512 0
 4819 0.45365488628375 0.676274461309223 0
 4820 0.560566237026842 0.719404201880589 0
 4821 0.497366707833105 0.676116140121745 0
 4822 0.511085320874823 0.723954840392989 0
 4823 0.539513408551659 0.675834412368192 0
 4824 0.551023854892815 0.72422309390834 0
 4825 0.56404672746981 0.680667464206295 0
 4826 0.52937938972605 0.719861420023525 0
 4827 0.518495435404419 0.675849692792081 0
 4828 0.439725476261564 0.674646962726976 0
 4829 0.756209347523117 0.707018624495903 0
 4830 0.242758106854294 0.691341934690101 0
 4831 0.261141567228168 0.724549384771446 0
 4832 0.535224694936632 0.660838328635463 0
 4833 0.463846852484732 0.741675031609943 0
 4834 0.484022644892249 0.74120391980131 0
 4835 0.515900417493344 0.65977419179972 0
 4836 0.426210452862167 0.72409237425708 0
 4837 0.556426453652931 0.674934637683287 0
 4838 0.43773164531177 0.724826568746832 0
 4839 0.583861189227173 0.665766902451921 0
 4840 0.522903543153179 0.728166197092929 0
 4841 0.5234115558577 0.740109266796759 0
 4842 0.381871110297912 0.665563574190439 0
 4843 0.597748420751865 0.736333690633134 0
 4844 0.476803396637065 0.671840408263497 0
 4845 0.475973840188567 0.659877664320858 0
 4846 0.506765409003718 0.723276950574204 0
 4847 0.60732619423166 0.736009994937053 0
 4848 0.49273679943379 0.676719473864574 0
 4849 0.456331553188353 0.672172057886869 0
 4850 0.454850171088089 0.660194689631042 0
 4851 0.543353150340544 0.728000764478898 0
 4852 0.543820903638851 0.739433538582888 0
 4853 0.736709860636221 0.676266878557407 0
 4854 0.565864930606428 0.730940086975007 0
 4855 0.435579529859281 0.669000672223405 0
 4856 0.490806898840386 0.668239181414723 0
 4857 0.472679103428649 0.732550820899849 0
 4858 0.276905617105335 0.668131374925068 0
 4859 0.700676172461085 0.664914099584503 0
 4860 0.274015902816115 0.726540800636486 0
 4861 0.506931304683445 0.668048311474915 0
 4862 0.285578266229836 0.729683036743707 0
 4863 0.493163310848069 0.732253887472612 0
 4864 0.46966094932835 0.667912816040958 0
 4865 0.449612817419788 0.66042894484279 0
 4866 0.459270809356591 0.742037858227059 0
 4867 0.740813324773972 0.730657500111377 0
 4868 0.376422222076842 0.739470783584701 0
 4869 0.147735857817176 0.125904267285751 0
 4870 0.575884502615228 0.665394493289153 0
 4871 0.52967436907723 0.732467795054412 0
 4872 0.401713463732262 0.736208302739923 0
 4873 0.617094100150138 0.734207980536494 0
 4874 0.509001807326925 0.731882041573475 0
 4875 0.350142546896897 0.66745369945251 0
 4876 0.528723400195804 0.666338956714753 0
 4877 0.556515433309037 0.725007445921089 0
 4878 0.548484956097326 0.739185978401988 0
 4879 0.630215933807033 0.661683156813072 0
 4880 0.49741641018379 0.29891779038651 0
 4881 0 0.1035329016 0
 4882 0.395519281262167 0.665321043206164 0
 4883 0.638582178534392 0.734822813942816 0
 4884 0.767322023622672 0.691002887543786 0
 4885 0.249642404270173 0.677070293839633 0
 4886 0.160454019823739 0.0689707107930378 0
 4887 0.226706369862995 0.705247464066035 0
 4888 0.747002694014385 0.670792417643742 0
 4889 0.235897362867172 0.727346334189988 0
 4890 0.767583643459236 0.671878822197067 0
 4891 0.530550662288871 0.661633425016678 0
 4892 0.536423270653554 0.736678967989824 0
 4893 0.48916502636934 0.741002150533515 0
 4894 0.555679824165202 0.659107776823725 0
 4895 0.468697792006046 0.741567080909464 0
 4896 0.557132563676357 0.737943398432089 0
 4897 0.608452876045632 0.658516169098977 0
 4898 0.448551852539364 0.740190568844201 0
 4899 0.418664138989514 0.656648902119357 0
 4900 0.510898211484721 0.659949598215313 0
 4901 0.459263089442977 0.668126786980395 0
 4902 0.519703324039472 0.732032298517291 0
 4903 0.480035155786405 0.667955012011056 0
 4904 0.388850338748105 0.656098192049757 0
 4905 0 0.1994222082 0
 4906 0.714177549926711 0.735250561708963 0
 4907 0.254647433286278 0.657834545583908 0
 4908 0.75875838806248 0.71551641832212 0
 4909 0.241148963747082 0.679842970792665 0
 4910 0.746670331930588 0.657867232404939 0
 4911 0.226452722745716 0.725748368072049 0
 4912 0.777480331057415 0.681585522764832 0
 4913 0.770036439828544 0.699984525171261 0
 4914 0.765898579277022 0.708390633347452 0
 4915 0.240720235594916 0.664790630012196 0
 4916 0.269028926988528 0.6569374513006 0
 4917 0.241175704872042 0.736667228989312 0
 4918 0.758434609046407 0.663707306880129 0
 4919 0.761288492951798 0.723808069135222 0
 4920 0.218782426564541 0.671574524673275 0
 4921 0.254723897030227 0.748988100367002 0
 4922 0.205855196723834 0.708327513264399 0
 4923 0.790774984723409 0.688595945796104 0
 4924 0.205116198916013 0.731631175331966 0
 4925 1 0.298932134455 0
 4926 0.221424492520446 0.682287415166982 0
 4927 0.242383347634842 0.650371203318059 0
 4928 0.263497138271595 0.646389202777364 0
 4929 0.280318519060558 0.65650971489629 0
 4930 0.769314104561332 0.730007404818563 0
 4931 0.751173661947027 0.742828341424366 0
 4932 0.252740810322141 0.762000621532789 0
 4933 0.744979491407919 0.645057951371904 0
 4934 0.19707896920953 0.719642810042605 0
 4935 0.214500409296403 0.701133825382494 0
 4936 0.802108777649253 0.699937581077674 0
 4937 1 0.1454824387 0
 4938 0.206732328564419 0.677672343710931 0
 4939 0.249923662489682 0.632757697828068 0
 4940 0.183804205950865 0.724619328484593 0
 4941 0.778065735129639 0.747352515033292 0
 4942 0.737814278115519 0.744533430713718 0
 4943 0.192596956230242 0.704430768731264 0
 4944 0.290003349320331 0.651339693824927 0
 4945 0.816786545775095 0.662987144743321 0
 4946 0.250230432356109 0.621125461229468 0
 4947 0.795685155536614 0.745552332140788 0
 4948 0.544830999130077 0.482153325679503 0
 4949 0.183445766443478 0.713666383977596 0
 4950 0.438605279522225 0.994743859637271 0
 4951 0.448630395391339 0.973580771265258 0
 4952 0.452615835405985 0.982208807449311 0
 4953 0.46856857308267 0.977168900725088 0
 4954 0.400466234558082 0.973461823687911 0
 4955 0.470400653312807 0.960478859355011 0
 4956 0.402218494732617 0.99097941069127 0
 4957 0.402146900507068 0.956557855037893 0
 4958 0.467117858057339 0.952538091253186 0
 4959 0.385754530361467 0.962455377542246 0
 4960 0.399345831607838 0.939835324724523 0
 4961 0.447594293401829 0.955939165876394 0
 4962 0.388489643564326 0.972795242985642 0
 4963 0.388045924021784 0.938775106019331 0
 4964 0.376728802387759 0.944401961797526 0
 4965 0.381842047519972 0.990889841978222 0
 4966 0.376433643731618 0.956775373915252 0
 4967 0.392328831314654 0.992644353585668 0
 4968 0.365188782193611 0.965591399472995 0
 4969 0.365589121287169 0.925416179527635 0
 4970 0.375470106444276 0.970430409880616 0
 4971 0.367812964377516 0.990440344608597 0
 4972 0.443688798344958 0.951045487065838 0
 4973 0.444609501022744 0.945298016350406 0
 4974 0.439458173339129 0.925777799266638 0
 4975 0.443706678599622 0.910214146596464 0
 4976 0.398222842878016 0.911823227986116 0
 4977 0.446563538960681 0.904496014718309 0
 4978 0.452885814955279 0.89582819193729 0
 4979 0.444484758659853 0.883136382557332 0
 4980 0.391192999804653 0.90392040365794 0
 4981 0.379436925341907 0.904855809361838 0
 4982 0.373587445633696 0.916207778567212 0
 4983 0.385447378030887 0.892809318006449 0
 4984 0.36710359709119 0.904689059334369 0
 4985 0.378034030601122 0.883336890408565 0
 4986 0.377752960115224 0.870710676939518 0
 4987 0.444622122840959 0.938593403476001 0
 4988 0.456699002616917 0.926761242864519 0
 4989 0.45567270895123 0.944843586741089 0
 4990 0.458931028875899 0.922466082450171 0
 4991 0.461527448868172 0.908958559130846 0
 4992 0.476934576315041 0.891817084851281 0
 4993 0.465651123915239 0.882775445084785 0
 4994 0.461250295872904 0.875045553563074 0
 4995 0.454986463426452 0.866422126946956 0
 4996 0.440771197466662 0.865562730367406 0
 4997 0.464541000310789 0.8440893826885 0
 4998 0.455448548540882 0.830748822466724 0
 4999 0.448041645199502 0.831770744643845 0
 5000 0.440671188556692 0.830636125309395 0
 5001 0.467075120033874 0.813237459803971 0
 5002 0.400758964091088 0.871671140976376 0
 5003 0.449387969590723 0.817654511834078 0
 5004 0.402593882183386 0.886570250509889 0
 5005 0.384216965622735 0.857166624605488 0
 5006 0.444597360123373 0.813096927791508 0
 5007 0.44616220908574 0.807340995392418 0
 5008 0.368915579439896 0.857711881956361 0
 5009 0.400040752918844 0.835361113416201 0
 5010 0.400417988822049 0.802228618831758 0
 5011 0.396984025925322 0.854513921660891 0
 5012 0.40207785456568 0.818189452157396 0
 5013 0.389475564159754 0.799625424881461 0
 5014 0.385326384518803 0.824035132459344 0
 5015 0.379571009194558 0.80629920793125 0
 5016 0.389563983315689 0.833270356576594 0
 5017 0.374733536829609 0.817876174064795 0
 5018 0.365292326107224 0.828850544288918 0
 5019 0.376453096035866 0.834404456463534 0
 5020 0.267332498779051 0.76786759083664 0
 5021 0.2750504964322 0.759652144400835 0
 5022 0.293286596518305 0.754582149710597 0
 5023 0.64954772559558 0.15226871474595 0
 5024 0.641905039847473 0.180009367439024 0
 5025 0.630001369893826 0.190027344596068 0
 5026 0.642435500007747 0.200443860160982 0
 5027 0.63292570738067 0.205160541789779 0
 5028 0.614607739071608 0.212553281247938 0
 5029 0.625263449177186 0.227973014783093 0
 5030 0.614730911373939 0.233960908443331 0
 5031 0 0.63189638976 0
 5032 0.616647312777329 0.245611813597035 0
 5033 0.605726389026443 0.24031851746047 0
 5034 0.63129943304921 0.246857011083248 0
 5035 0.605562815510455 0.260786460837905 0
 5036 0.634603244949615 0.259213482034938 0
 5037 0.618149856244481 0.274435048308732 0
 5038 0.628044162972406 0.269091225799761 0
 5039 0.0222838803125206 0.724634857995785 0
 5040 0.598249279784604 0.276777346048107 0
 5041 0.56728262895839 0.271981595632697 0
 5042 0.629368771883455 0.290951484975927 0
 5043 0.620313282412645 0.284998643365631 0
 5044 0.568473059599431 0.280135796786435 0
 5045 0.632065828945406 0.301651694356622 0
 5046 0.617590085419023 0.295371317386702 0
 5047 0.571795795401085 0.28844833512102 0
 5048 0.631387589770371 0.314986752898902 0
 5049 0.618963028538463 0.307364728237589 0
 5050 0.597711996759701 0.294154728599343 0
 5051 0.607598390787567 0.299233696399294 0
 5052 0.61845090401353 0.333192026804822 0
 5053 0.604926815463879 0.319696633648208 0
 5054 0.596399174896817 0.314888639347961 0
 5055 0.630852821401068 0.341174421081963 0
 5056 0.628556450641888 0.351960586677203 0
 5057 0.61767832693481 0.344780623083541 0
 5058 0.63503578955173 0.359710901644905 0
 5059 0.616509919169885 0.355861315370317 0
 5060 0.607852711700158 0.339233148235608 0
 5061 0.108201744604119 0.966420232973577 0
 5062 0.626370232051673 0.372790751589308 0
 5063 0.615413948663544 0.366276832071935 0
 5064 0.616339636522144 0.376537177261387 0
 5065 0.614274033171574 0.385029061661903 0
 5066 0.617961358224745 0.393788390486408 0
 5067 0.629457121273038 0.410318322804737 0
 5068 0.617142233544584 0.416124371269145 0
 5069 0.616341165491599 0.427950679382087 0
 5070 0.617712058075141 0.404662639150667 0
 5071 0.62848791460401 0.422778788375639 0
 5072 0.603275178489519 0.440558400202817 0
 5073 0.613599645664298 0.453801362922179 0
 5074 0.623999406313463 0.454237432405502 0
 5075 0.632007483105599 0.444218258533101 0
 5076 0.61700186729991 0.464952332250787 0
 5077 0.607277261055162 0.481557368238718 0
 5078 0.627374606715125 0.466477589294551 0
 5079 0.571037769849884 0.495086943536532 0
 5080 0.565681029455438 0.498208241720206 0
 5081 0.555692211543384 0.506633829105836 0
 5082 0.556386187778181 0.522341011995157 0
 5083 0.568852137436489 0.526402901548101 0
 5084 0.55677061620817 0.52728766967248 0
 5085 0.556396516097798 0.542446755213388 0
 5086 0.545785168311523 0.522581849329857 0
 5087 0.57088460891017 0.54750018629118 0
 5088 0.536257067393497 0.537402576634771 0
 5089 0.536806268026858 0.548308171355583 0
 5090 0.555122905084146 0.557640062580548 0
 5091 0.536682305921342 0.567165674247163 0
 5092 0.54932371185397 0.575292449681076 0
 5093 0.536914169033554 0.587784561909499 0
 5094 0.545944892827661 0.592924502228986 0
 5095 0.662292644944116 0.571726311522776 0
 5096 0.6866280277887 0.642879687800929 0
 5097 0.739262215445422 0.633219277663918 0
 5098 0.634232137691014 0.486180294804943 0
 5099 0.656849176115314 0.643731768263923 0
 5100 0.655073402026918 0.453117447861467 0
 5101 0.639063185498786 0.458382916410265 0
 5102 0.643522590917565 0.629037308594996 0
 5103 0.637686735813493 0.499010646248356 0
 5104 0.644847324513698 0.535819727410873 0
 5105 0.0219700116546194 0.75898673238994 0
 5106 0.640358891252716 0.555632553110825 0
 5107 0.632952421387593 0.636348165362386 0
 5108 0.636192513226036 0.612665003993951 0
 5109 0.628198874693086 0.595507562774253 0
 5110 0.618100258770233 0.602089708033912 0
 5111 0.616398032072157 0.611888876994861 0
 5112 0.610465792419808 0.583740751455812 0
 5113 0.611902449884974 0.634443994431355 0
 5114 0.573473995064694 0.594382327709052 0
 5115 0.569277144252952 0.646102861695718 0
 5116 0.558401220203943 0.6470948415018 0
 5117 0.548418197899479 0.645058662381508 0
 5118 0.543285150849818 0.642871597222853 0
 5119 0.556518212629121 0.637906982632539 0
 5120 0.555971779043108 0.627554546830478 0
 5121 0.566400210795727 0.633907262985021 0
 5122 0.578304675930466 0.611620237114399 0
 5123 0.567906946146645 0.596439719634516 0
 5124 0.572129775365038 0.621245228744312 0
 5125 0.56293172353136 0.613332041936269 0
 5126 0.717852991924346 0.980914510345004 0
 5127 0.674755213411888 0.984863097909756 0
 5128 0.632275566232634 0.941006051564478 0
 5129 0.647556456437875 0.98171447287513 0
 5130 0.634740798639977 0.957742753629049 0
 5131 0.612687032654615 0.95278836493873 0
 5132 0.634803911417029 0.925209398870003 0
 5133 0.636010522308444 0.973259808822232 0
 5134 0.61455615969877 0.963193235589481 0
 5135 0.627906288703199 0.914920550122985 0
 5136 0.624848134379241 0.967008239607697 0
 5137 0.615999864391569 0.918179342915618 0
 5138 0.516692162187571 0.303576883716799 0
 5139 0.613190353192235 0.928470240155437 0
 5140 0.629033841818088 0.889139227988407 0
 5141 0.623714904911933 0.928714272406078 0
 5142 0.617276128439043 0.895464095484372 0
 5143 0.617614559640983 0.906872940958884 0
 5144 0.603895958467682 0.940424942192186 0
 5145 0.569043716969225 0.915405156404414 0
 5146 0.628760941370466 0.851147619423481 0
 5147 0.551222635402206 0.924253237910563 0
 5148 0.5585281817973 0.910222951924223 0
 5149 0.627855747035281 0.875756305756802 0
 5150 0.555225981268352 0.941953628455874 0
 5151 0.89262977388525 0.506894288755261 0
 5152 0.571251991779107 0.944973125800562 0
 5153 0.525466447244986 0.902905015179459 0
 5154 0.566510651748437 0.955246784153789 0
 5155 0.572599333884851 0.969003643645471 0
 5156 0.593557979897156 0.983666246303775 0
 5157 0.632071448981607 0.830376643464187 0
 5158 0.617156664536347 0.855946321527639 0
 5159 0.616512869499855 0.866504803726861 0
 5160 0.614040643053911 0.875388456652945 0
 5161 0.733610019274006 0.780752146003809 0
 5162 0.69449782005087 0.766481212675437 0
 5163 0.651573822286997 0.772311029650381 0
 5164 0.634096682984275 0.818584417054398 0
 5165 0.618458322738372 0.832894357345853 0
 5166 0.617331882849347 0.844862421666494 0
 5167 0.606133429119102 0.819600306235598 0
 5168 0.616974814379633 0.806572980540513 0
 5169 0.607010010969504 0.799814910091081 0
 5170 0.619160411217864 0.795714430487303 0
 5171 0.603778337508392 0.779098976423526 0
 5172 0.571031547034825 0.814916967846227 0
 5173 0.571316751849578 0.795726999619912 0
 5174 0.565554745758414 0.81780177629264 0
 5175 0.571613346983648 0.83503026271897 0
 5176 0.555310795697835 0.826983841747026 0
 5177 0.566145165078596 0.837601926167184 0
 5178 0.555373816685995 0.847648666159634 0
 5179 0.556247476184019 0.862282039736149 0
 5180 0.569759988418852 0.86535807576148 0
 5181 0.617421726276761 0.884519878598924 0
 5182 0.569527673042342 0.875788838548516 0
 5183 0.569889649499023 0.895895802436221 0
 5184 0.566367734037447 0.901764697349543 0
 5185 0.560464629987609 0.890807815346019 0
 5186 0.566203372761302 0.881540706596104 0
 5187 0.559130430585942 0.870773307568683 0
 5188 0.545630668199919 0.862370831508124 0
 5189 0.504613949245992 0.869959866664039 0
 5190 0.536045643953461 0.848817153853419 0
 5191 0.505986492668085 0.818757321884234 0
 5192 0.545561496540017 0.832397632481896 0
 5193 0.536816730975861 0.80734370315136 0
 5194 0.545976869708388 0.792248561497509 0
 5195 0.536607924091509 0.916726888548573 0
 5196 0.536599102523115 0.926625554169077 0
 5197 0.533183874124883 0.934340284806135 0
 5198 0.536851634881915 0.948911700260217 0
 5199 0.555874432817622 0.957951584909482 0
 5200 0.536972669082899 0.969861749177808 0
 5201 0.61384247430194 0.00888299216850783 0
 5202 0.555277934691328 0.977914781225014 0
 5203 0.566928823976125 0.968684431938228 0
 5204 0.631282171316869 0.792179834623663 0
 5205 0.638949925888595 0.780265265121132 0
 5206 0.626678180952618 0.77136545041941 0
 5207 0.644265783533624 0.749719040281709 0
 5208 0.507034860360407 0.96192385693878 0
 5209 0.483101214724266 0.618967626623516 0
 5210 0.475998917332035 0.601652613788168 0
 5211 0.45752860507115 0.591933579549779 0
 5212 0.446921107523146 0.607646409636912 0
 5213 0.475954401215294 0.582650250086819 0
 5214 0.457009444925817 0.571924523867511 0
 5215 0.480192300068545 0.574462298436197 0
 5216 0.446895895904403 0.589058475303148 0
 5217 0.449911220982765 0.568797227183188 0
 5218 0.4723003505674 0.560625384323207 0
 5219 0.443972183293149 0.564336349725337 0
 5220 0.45816017547594 0.552301343336479 0
 5221 0.405117271799088 0.591154656147648 0
 5222 0.398220326635955 0.575547867226395 0
 5223 0.442764748163066 0.633469741445604 0
 5224 0.519797639611741 0.00252010170447825 0
 5225 0.393399168608836 0.596793473467905 0
 5226 0.382305131094307 0.614039406097965 0
 5227 0.362059106510312 0.621467140263365 0
 5228 0.40669515175306 0.612952217852029 0
 5229 0.402577331631877 0.636492324524852 0
 5230 0.375006279214318 0.623308761265603 0
 5231 0.419993725083424 0.639271853477237 0
 5232 0.407002980563339 0.550651194214324 0
 5233 0.406545642033982 0.530495582564948 0
 5234 0.398705952979694 0.556794235618832 0
 5235 0.396591114125983 0.536203433855106 0
 5236 0.396779946814443 0.566752408454667 0
 5237 0.387235982300838 0.560840681136361 0
 5238 0.349443048120834 0.621844871936307 0
 5239 0.342407189921506 0.632721021131756 0
 5240 0.383542914040158 0.537237238104282 0
 5241 0.378726137859536 0.551404877394006 0
 5242 0.381872233919746 0.52395944597422 0
 5243 0.37068039628216 0.53150153771121 0
 5244 0.378123099150377 0.514465266051648 0
 5245 0.400077909417257 0.514280094399222 0
 5246 0.368208127279438 0.510272163112586 0
 5247 0.338773033668219 0.488551988276092 0
 5248 0.333656476708894 0.475553021114812 0
 5249 0.251358673015347 0.604329551840119 0
 5250 0.792504219377553 0.771690895483429 0
 5251 0.440859763090356 0.471169213901115 0
 5252 0.836479130878786 0.682124365829024 0
 5253 0.427001561798876 0.635783932282466 0
 5254 0.625184040821565 0.0134841264649939 0
 5255 0.632458096401762 0.0265373201524601 0
 5256 0.630533504034145 0.0491836934189745 0
 5257 0.618926556534464 0.0267074065455136 0
 5258 0.648860969591647 0.0946874181213289 0
 5259 0.660798615529491 0.0622951663337155 0
 5260 0.658911984242767 0.0457186744987244 0
 5261 0.64582569438167 0.0811913291400555 0
 5262 0.645938780056358 0.0510783939917638 0
 5263 0.635081035250052 0.0743635151025721 0
 5264 0.621386670531225 0.0579328276232365 0
 5265 0.612989799104237 0.0656634576025254 0
 5266 0.611843898952689 0.0377368287741429 0
 5267 0.604636553860912 0.0473475566666141 0
 5268 0.599489593131235 0.0217226108175861 0
 5269 0.609277223073576 0.0564843048416425 0
 5270 0.597863032479931 0.00692916247656491 0
 5271 0.559201438322379 0.0366211138287485 0
 5272 0.539409751205778 0.0392230234410954 0
 5273 0.556865450991466 0.0308646559979355 0
 5274 0.546673338213529 0.0207053788353879 0
 5275 0.528944608382573 0.0213404309204086 0
 5276 0.556514761160615 0.00478942026803262 0
 5277 0.534777943701424 0.0551790180007024 0
 5278 0.615955809821371 0.074878281223095 0
 5279 0.563798393637705 0.0711948036334982 0
 5280 0.555558647030581 0.0858039384846545 0
 5281 0.540649447084598 0.0730738430423645 0
 5282 0.536633696466856 0.0863586192104185 0
 5283 0.535209135837116 0.0729187905138835 0
 5284 0.545877717644685 0.0958190388906421 0
 5285 0.547659102642447 0.104027668620423 0
 5286 0.555693875925127 0.11358832386994 0
 5287 0.543671450740595 0.107519089959006 0
 5288 0.53220736991485 0.0908471236830395 0
 5289 0.522957992583289 0.0741580595813918 0
 5290 0.541267192943162 0.0640744879723761 0
 5291 0.523941194161538 0.0536809892274939 0
 5292 0.512724944564312 0.0554076584996704 0
 5293 0.524549071397597 0.0479224457802359 0
 5294 0.515994435756334 0.0365699626681288 0
 5295 0.502781957997846 0.042018240222735 0
 5296 0.514489032921964 0.0311540345477292 0
 5297 0.562315978324112 0.0966727139110333 0
 5298 0.510595504435121 0.0706727569052576 0
 5299 0.502170544645234 0.0746145999708435 0
 5300 0.496788561613117 0.0856630024809325 0
 5301 0.495489120089885 0.0705058577714954 0
 5302 0.507261227506705 0.0554744125377644 0
 5303 0.488873252143197 0.0530294388127818 0
 5304 0.473673748099039 0.0544804925348668 0
 5305 0.494718299854564 0.0471252323564211 0
 5306 0.520821334110033 0.380880272582769 0
 5307 0.467493444503026 0.0676216455092884 0
 5308 0.466761117051683 0.0524157609927507 0
 5309 0.503999890812935 0.0948980106220502 0
 5310 0.536188733593889 0.122329573976438 0
 5311 0.481795407172418 0.0678700785236357 0
 5312 0.47910449513511 0.0847158976630515 0
 5313 0.487902152240806 0.0971453798509637 0
 5314 0.475117264536621 0.0884126245843862 0
 5315 0.554393287312659 0.118763891073501 0
 5316 0.540547039225741 0.102898907875705 0
 5317 0.520533780024103 0.106039494459877 0
 5318 0.518073605597211 0.119056350486085 0
 5319 0.524031930837868 0.0291401880659081 0
 5320 0.595149537703644 0.0904950430282778 0
 5321 0.609355984985862 0.102147146113157 0
 5322 0.616567735134905 0.09327062987457 0
 5323 0.599101428016621 0.107157866609466 0
 5324 0.604823306917445 0.124454813075318 0
 5325 0.615671407071473 0.12461998942278 0
 5326 0.591187970064759 0.134588931024082 0
 5327 0.622810437475819 0.118299060387733 0
 5328 0.619097049921648 0.142289788684037 0
 5329 0.454204487758824 0.329808793987486 0
 5330 0.561241402532581 0.136317259939532 0
 5331 0.55521028554717 0.153040523438681 0
 5332 0.538945295317459 0.142268310440444 0
 5333 0.536174043178309 0.152943056615656 0
 5334 0.53576208632596 0.137431615821437 0
 5335 0.520002139261364 0.138698034900535 0
 5336 0.51798522476162 0.153489540413347 0
 5337 0.514879129538974 0.138617375614275 0
 5338 0.561221976498509 0.163301244161737 0
 5339 0.551713248019584 0.157289154265487 0
 5340 0.54527126547805 0.170823589957458 0
 5341 0.544250847952025 0.176154298997024 0
 5342 0.551435068513198 0.187559853812154 0
 5343 0.537072381893423 0.183303762924132 0
 5344 0.528936025913219 0.187988598829797 0
 5345 0.524553530753222 0.201348589644646 0
 5346 0.523657256012519 0.187056481734159 0
 5347 0.541437445649443 0.203211336692366 0
 5348 0.534592729562842 0.171466399742339 0
 5349 0.521059078509218 0.175489752728524 0
 5350 0.516011242694155 0.16754860783929 0
 5351 0.501100659325606 0.167870991735351 0
 5352 0.515005505412361 0.16306163308963 0
 5353 0.505647139263835 0.150595180208231 0
 5354 0.491094810684686 0.152159009225812 0
 5355 0.504421436439464 0.146084765284177 0
 5356 0.495191534758345 0.215001784214128 0
 5357 0.497981146579992 0.127775050673052 0
 5358 0.49633151318923 0.182996581725457 0
 5359 0.495919729155676 0.16805273434889 0
 5360 0.480768521756861 0.16955760542884 0
 5361 0.473716785145766 0.184883293866885 0
 5362 0.475253248230148 0.169036130778968 0
 5363 0.566004330566918 0.204029647203532 0
 5364 0.582499666019296 0.1740907235831 0
 5365 0.603482457989602 0.177359732083341 0
 5366 0.615760808385768 0.192748745164994 0
 5367 0.611679388142705 0.202843363741423 0
 5368 0.512064276649814 0.127308699427907 0
 5369 0.504938607241904 0.121899033403116 0
 5370 0.505458437788055 0.112920522520786 0
 5371 0.496813841239323 0.0994831135607284 0
 5372 0.468977248525858 0.101314118409172 0
 5373 0.505690087257068 0.444081689624998 0
 5374 0.51571849703781 0.20277582413753 0
 5375 0.533014076703013 0.211268331721626 0
 5376 0.532442910528767 0.219761540888802 0
 5377 0.539086698790867 0.228309122266825 0
 5378 0.528669072753784 0.223687422372477 0
 5379 0.508547119431179 0.184238751703903 0
 5380 0.506016006949626 0.201176866700319 0
 5381 0.49999208466578 0.205994735585274 0
 5382 0.490717992223688 0.21634167811877 0
 5383 0.49823277548052 0.201594661297135 0
 5384 0.480356872871232 0.200100382037005 0
 5385 0.499109309902744 0.192203432977287 0
 5386 0.474508474721513 0.214275196327845 0
 5387 0.474510813151248 0.200530872907946 0
 5388 0.483135583603763 0.224964926064721 0
 5389 0.484818853918949 0.23382572803724 0
 5390 0.490507334762249 0.243686893980821 0
 5391 0.477578082600856 0.23500510515791 0
 5392 0.468320668559095 0.215612680746091 0
 5393 0.465390801373331 0.198122294216687 0
 5394 0.479097741924928 0.193850925670158 0
 5395 0.466575892901602 0.180440276392372 0
 5396 0.456266511637558 0.181223878170093 0
 5397 0.464741488568107 0.176602097461217 0
 5398 0.455424661892159 0.165316414747914 0
 5399 0.443088161785105 0.16822643224897 0
 5400 0.458074591293555 0.161003476628531 0
 5401 0.44757139470594 0.196582381277466 0
 5402 0.447867898787694 0.179883161451111 0
 5403 0.430504996389641 0.172060739066525 0
 5404 0.444418631288785 0.220587034214568 0
 5405 0.443183525460417 0.23096476343987 0
 5406 0.447199844964001 0.240684919634209 0
 5407 0.466688654993198 0.236852666053781 0
 5408 0.437903484347099 0.231737713414187 0
 5409 0.451175912665377 0.245885357179374 0
 5410 0.44389670375853 0.149675516943628 0
 5411 0.460690850603449 0.156935286826815 0
 5412 0.472829407514334 0.143008970396367 0
 5413 0.502562857224267 0.243732153947559 0
 5414 0.510608123745751 0.245593756094784 0
 5415 0.526361686093151 0.241050217144438 0
 5416 0.510500429015932 0.251113100841517 0
 5417 0.543791130136107 0.244547737911173 0
 5418 0.488493318414071 0.249114088340271 0
 5419 0.468420278130791 0.245567866226662 0
 5420 0.460618287906547 0.256454573714474 0
 5421 0.462081581557282 0.26613091758509 0
 5422 0.470158231758755 0.274195353242355 0
 5423 0.456701162734779 0.265699540585041 0
 5424 0.445968840746318 0.252154299660548 0
 5425 0.479620885665371 0.276552634196887 0
 5426 0.489680323823437 0.276999507844688 0
 5427 0.470489933681527 0.28357542827081 0
 5428 0.447907202249082 0.278884778601371 0
 5429 0.451128895609896 0.263468318779311 0
 5430 0.440125934159442 0.286897158691149 0
 5431 0.436190048274982 0.298381694542485 0
 5432 0.446947972680924 0.305141091154482 0
 5433 0.42818545741501 0.298975355653568 0
 5434 0.410946977540993 0.2659596282317 0
 5435 0.482989017806676 0.132018639238675 0
 5436 0.474682052373989 0.159981995165918 0
 5437 0.431661116483186 0.254498984297612 0
 5438 0.402046976690666 0.205265769083933 0
 5439 0.552674245589936 0.248689879672656 0
 5440 0.569454383483135 0.24247282642607 0
 5441 0.447224579421092 0.315759287942589 0
 5442 0.407001318792389 0.281289165117967 0
 5443 0.456280915793851 0.309530375846704 0
 5444 0.465044168281002 0.312632599541366 0
 5445 0.399089670641912 0.196013188681511 0
 5446 0.390730480298217 0.188823999458345 0
 5447 0.489586182040189 0.436217929402187 0
 5448 0.397246555328719 0.179652693182647 0
 5449 0.385145674524074 0.208079198746493 0
 5450 0.38134530542381 0.197265359700605 0
 5451 0.361043061902452 0.170308561773959 0
 5452 0.384234825978293 0.162728319787484 0
 5453 0.348142683930999 0.171430398545456 0
 5454 0.369575569896946 0.160047088467855 0
 5455 0.397071743194267 0.161615480706331 0
 5456 0.522097215585592 0.261433472032998 0
 5457 0.518614970519846 0.269567637503973 0
 5458 0.527187090965652 0.282537947167141 0
 5459 0.507861707374682 0.286312115561727 0
 5460 0.519695651840445 0.29561759457507 0
 5461 0.501639885012073 0.287023163798882 0
 5462 0.555327745997858 0.232024530928511 0
 5463 0.50385600541516 0.226740374420225 0
 5464 0.517453810960407 0.223624583607032 0
 5465 0.408605781245852 0.163373034319542 0
 5466 0.441203145980044 0.156286111178274 0
 5467 0.429947447108878 0.135466746636111 0
 5468 0.448127796416391 0.122875566974302 0
 5469 0.441217705479515 0.139698304093138 0
 5470 0.504199142441592 0.252449054317558 0
 5471 0.49962562257017 0.265000063260861 0
 5472 0.457791282591999 0.0502114809823415 0
 5473 0.437316392455327 0.11061449587357 0
 5474 0.497484688758594 0.303294105150094 0
 5475 0.494701081884512 0.0219466985796409 0
 5476 0.479140301233072 0.310221574559475 0
 5477 0.539895018078412 0.138471649279202 0
 5478 0.463192372001366 0.0743464769637645 0
 5479 0.458359157364837 0.0654951817380091 0
 5480 0.439483962479643 0.0687194904363507 0
 5481 0.437089205716782 0.0805364335114583 0
 5482 0.440803178372939 0.0580550546105429 0
 5483 0.584729795751602 0.217838922931585 0
 5484 0.532436299204947 0.294931700378304 0
 5485 0.553528401058937 0.293955226302798 0
 5486 0.53663577592518 0.303310454391682 0
 5487 0.548757320273772 0.31341610984818 0
 5488 0.531343281795454 0.310673364623403 0
 5489 0.519885778890646 0.305994492660773 0
 5490 0.509011091418852 0.305158928572599 0
 5491 0.504151829527102 0.320850379012199 0
 5492 0.514165362115304 0.334318455938984 0
 5493 0.500688308897115 0.325084979980888 0
 5494 0.468225206865186 0.317151986293574 0
 5495 0.546442550969926 0.133558780411347 0
 5496 0.516827645149293 0.339441839200407 0
 5497 0.482312792069773 0.258462421356887 0
 5498 0.402181722180972 0.146436906483198 0
 5499 0.387257895469565 0.140659555829981 0
 5500 0.384003097110387 0.130330657700576 0
 5501 0.374972371272199 0.123028232665576 0
 5502 0.364423128654494 0.132662795206118 0
 5503 0.382333820792266 0.111678986631662 0
 5504 0.354001868719348 0.142740772452876 0
 5505 0.370067199894642 0.11126963599353 0
 5506 0.370328404241407 0.089396373764926 0
 5507 0.361080523494944 0.0795370246350584 0
 5508 0.381862102110653 0.0807327270593108 0
 5509 0.388619095734137 0.102109330618102 0
 5510 0.383481849028864 0.0922068132629474 0
 5511 0.401819725907889 0.083690700108164 0
 5512 0.372227480532028 0.218293126656128 0
 5513 0.449394263694153 0.0815755846077076 0
 5514 0.393945279301801 0.212575344338284 0
 5515 0.363576485964895 0.208642265436658 0
 5516 0.362041417463762 0.0532621236158822 0
 5517 0.528278994321012 0.328842980039661 0
 5518 0.536631121441251 0.331672765307623 0
 5519 0.554120395904119 0.336401129938442 0
 5520 0.532999093855487 0.33888409851582 0
 5521 0.566568659220401 0.335387629411015 0
 5522 0.556109525363533 0.342381383175823 0
 5523 0.543079038256137 0.349161659340384 0
 5524 0.542187050052477 0.357844672274725 0
 5525 0.553381766788166 0.369637276750239 0
 5526 0.538402969270158 0.361577474236425 0
 5527 0.530053152814957 0.342598414939911 0
 5528 0.527203259170518 0.357956702527229 0
 5529 0.517935950590788 0.35683253800614 0
 5530 0.511295598320013 0.371556942583433 0
 5531 0.512989447680264 0.354898912975197 0
 5532 0.507036072943546 0.376064338292233 0
 5533 0.496969654956109 0.353250806108267 0
 5534 0.517418495324838 0.350402681306084 0
 5535 0.503496394868743 0.335435097021687 0
 5536 0.490943109722045 0.336365090749672 0
 5537 0.568050130041779 0.356044612846323 0
 5538 0.569232712522512 0.363482940587794 0
 5539 0.557591635210221 0.375395959913597 0
 5540 0.527049100572286 0.374537705301958 0
 5541 0.419949958032574 0.0995717846159599 0
 5542 0.46290233317861 0.31750470212046 0
 5543 0.455201186087807 0.335182326028522 0
 5544 0.46508034595728 0.343161319031637 0
 5545 0.447665779505582 0.337241236741299 0
 5546 0.47386490072638 0.346020140565993 0
 5547 0.480286448001187 0.352360442621126 0
 5548 0.477578962995203 0.356748998573017 0
 5549 0.471109620741772 0.36957199609484 0
 5550 0.479292744974444 0.377037217989174 0
 5551 0.482066600983081 0.385314212974197 0
 5552 0.492103980641155 0.398654579039338 0
 5553 0.476831338706876 0.387326934827705 0
 5554 0.504294148807833 0.393890377762649 0
 5555 0.510585317768551 0.398697430023577 0
 5556 0.525073592178113 0.393573471836327 0
 5557 0.531437165907159 0.399130145137146 0
 5558 0.511822563789126 0.403761662627465 0
 5559 0.553266287771093 0.404138878602682 0
 5560 0.526677193299511 0.40663932629224 0
 5561 0.568978996970422 0.398498398499018 0
 5562 0.551400931355776 0.409135197225464 0
 5563 0.494003778972373 0.403415125619159 0
 5564 0.468734227407683 0.400302957708407 0
 5565 0.471068154809519 0.385379354249601 0
 5566 0.520071643586884 0.414868459217315 0
 5567 0.519564039465197 0.424496816876821 0
 5568 0.525822700127357 0.435421265154162 0
 5569 0.512289066802368 0.427293005499281 0
 5570 0.506395640835015 0.402916131195166 0
 5571 0.502046799459032 0.422057157059699 0
 5572 0.493388016326131 0.42218402772603 0
 5573 0.484294255262039 0.435650341162498 0
 5574 0.472594441473539 0.420474047463279 0
 5575 0.468177487022515 0.434999322271566 0
 5576 0.46704087194234 0.419548217229187 0
 5577 0.476926288555462 0.444969336591296 0
 5578 0.478884140760221 0.453292057254997 0
 5579 0.47006945940964 0.453228583238348 0
 5580 0.505745284529488 0.459645978264348 0
 5581 0.463333351449977 0.468116729032155 0
 5582 0.464934135407055 0.451894295673306 0
 5583 0.46491334496821 0.43852424595305 0
 5584 0.45616180398591 0.433625468481374 0
 5585 0.442667408587925 0.437651759268815 0
 5586 0.458825063600216 0.429264472840371 0
 5587 0.447376405245866 0.413629014968174 0
 5588 0.434568069619809 0.414835821402999 0
 5589 0.443871805626187 0.408875484507924 0
 5590 0.439096292724632 0.448182613699599 0
 5591 0.438489862279379 0.431915441842834 0
 5592 0.53745933672815 0.417214668592426 0
 5593 0.534816214613087 0.424974703582674 0
 5594 0.5649121601739 0.433996585903676 0
 5595 0.543657937020243 0.442296613126886 0
 5596 0.493318523133754 0.447031212775635 0
 5597 0.509055090336085 0.441782564807571 0
 5598 0.51394252239339 0.44726047093763 0
 5599 0.471072842146828 0.374549844859209 0
 5600 0.461053083903086 0.36859297887527 0
 5601 0.447003037674922 0.371653123490147 0
 5602 0.458065624689761 0.360178871863437 0
 5603 0.450101161810358 0.347071266402667 0
 5604 0.443942407218977 0.383747984914582 0
 5605 0.443588031083618 0.365665401517547 0
 5606 0.398195142592446 0.384875112021599 0
 5607 0.398590965180167 0.401380731906545 0
 5608 0.385927201162092 0.367962877699806 0
 5609 0.409042466036606 0.344391127030689 0
 5610 0.530926875380213 0.404360057922829 0
 5611 0.440676927346292 0.340147379882476 0
 5612 0.399612969735385 0.416247118816974 0
 5613 0.389991520812474 0.40886654345374 0
 5614 0.403553423480255 0.324817169164902 0
 5615 0.397284383545391 0.433030172629516 0
 5616 0.39324138681146 0.421796882048111 0
 5617 0.371855144230865 0.423528399060465 0
 5618 0.378762643714568 0.433306684647358 0
 5619 0.364648445508962 0.414658994265961 0
 5620 0.388581791709378 0.430144671972028 0
 5621 0.385051990792994 0.451565039833596 0
 5622 0.395354670355752 0.451534302638453 0
 5623 0.366062589186758 0.43565325525684 0
 5624 0.346190860535304 0.429013637010003 0
 5625 0.368707695848114 0.468439978260512 0
 5626 0.363347484449691 0.444964572984508 0
 5627 0.527796895939762 0.396890955797422 0
 5628 0.453525070261427 0.405052394802085 0
 5629 0.461467554421577 0.39129353562357 0
 5630 0.560382487600714 0.421604157366102 0
 5631 0.477112170199835 0.478938335042216 0
 5632 0.48308581867124 0.411919083279706 0
 5633 0.455241430428522 0.44881501725793 0
 5634 0.446385124966587 0.467373637615512 0
 5635 0.455814788865164 0.476968076525201 0
 5636 0.455784876570526 0.486354911641579 0
 5637 0.462333916609813 0.49869550426163 0
 5638 0.449377229853692 0.486125735492547 0
 5639 0.435714756684573 0.481786009582515 0
 5640 0.424216717501967 0.485532606415118 0
 5641 0.443130877884101 0.500831133962174 0
 5642 0.495545776200721 0.483053090593105 0
 5643 0.37931994038854 0.400468500607428 0
 5644 0.360548499565408 0.391094194476532 0
 5645 0.347393502329208 0.400273773653382 0
 5646 0.416907746438596 0.483770960639413 0
 5647 0.436701269484051 0.500263346371458 0
 5648 0.4340328012898 0.474112243169321 0
 5649 0.354723825703385 0.467005037543631 0
 5650 0.362708505003909 0.0377243368915546 0
 5651 0.41968508645461 0.0869259015632559 0
 5652 0.34564904078564 0.0324822333084374 0
 5653 0.494954679724853 0.369217865123701 0
 5654 0.486121554096807 0.0432712263650932 0
 5655 0.484304921468288 0.033378092621861 0
 5656 0.428949267584738 0.0500692572585285 0
 5657 0.497925695611596 0.486761016461241 0
 5658 0.446201786784237 0.0487022907590744 0
 5659 0.4164312332587 0.515943283450071 0
 5660 0.425793628919779 0.493999132452174 0
 5661 0.604002159149534 0.0118904148798492 0
 5662 0.45516603415071 0.789290846053633 0
 5663 0.445217943259949 0.768613758097753 0
 5664 0.495406793026782 0.803164236140226 0
 5665 0.425862448736378 0.776731727194948 0
 5666 0.523552487410469 0.39768855053333 0
 5667 0.388716733140431 0.787046479783365 0
 5668 0.37610040682959 0.782966295596242 0
 5669 0.388195288776999 0.767068052497825 0
 5670 0.410615972586761 0.766857334927186 0
 5671 0.375222615042353 0.771232329734178 0
 5672 0.383603976415649 0.748492041589514 0
 5673 0.414278888527813 0.744943763987066 0
 5674 0.368812618755158 0.751330529439482 0
 5675 0.363712172129696 0.764901813275533 0
 5676 0.489800078035475 0.394951351614216 0
 5677 0.305328518906318 0.752274750701129 0
 5678 0.366324100079079 0.790870054631004 0
 5679 0.255279228784246 0.77776761054763 0
 5680 0.474988270871324 0.367504110070616 0
 5681 0.135525844266594 0.703241107636342 0
 5682 0.566756244920778 0.47921962401543 0
 5683 0.555472466642309 0.486106973435455 0
 5684 0.565389350120833 0.468470910779058 0
 5685 0.53625507211747 0.496806928994392 0
 5686 0.536272208517226 0.507387112681961 0
 5687 0.506853994266518 0.487203338623343 0
 5688 0.505745226499196 0.503589840402128 0
 5689 0.325805012489411 0.0127852826103138 0
 5690 0.572270589852418 0.378284127227582 0
 5691 0.494074224788791 0.532949031937947 0
 5692 0.500757207965303 0.520991610830456 0
 5693 0.487923697931454 0.526128859459746 0
 5694 0.282321232401823 0.412257870031874 0
 5695 0.336160456960505 0.408662274051913 0
 5696 0.725581485443478 0.772027635650966 0
 5697 0.648453513025799 0.110832629254067 0
 5698 0.629040754432343 0.131395140769953 0
 5699 0.427363254314915 0.7499972420141 0
 5700 0.639830787861273 0.587346934244121 0
 5701 0.175631150154739 0.680003580998956 0
 5702 0.562054255872275 0.254114311019089 0
 5703 0.799049770960446 0.760360732730214 0
 5704 0.399720364021369 0.00910764455264929 0
 5705 0.411789646662566 0.025223408411879 0
 5706 0.394697527042171 0.0190704100681514 0
 5707 0.387495655165178 0.0100090941789708 0
 5708 0.435190897179075 0.0130064970832119 0
 5709 0.43023452011419 0.0233167411314834 0
 5710 0.377705157964816 0.0332848697072604 0
 5711 0.374015712072562 0.0111683448401439 0
 5712 0.566861958368066 0.773059575028282 0
 5713 0.556209142158231 0.786654149885911 0
 5714 0.561011158547841 0.77189582005014 0
 5715 0.579464631062827 0.759204582096583 0
 5716 0.555434701354972 0.802141222934691 0
 5717 0.567254573936987 0.75975337128403 0
 5718 0.555755689405588 0.808218609841092 0
 5719 0.49946572243966 0.356885523236895 0
 5720 0.548506723523408 0.761067247345502 0
 5721 0.668905335343265 0.445357107625443 0
 5722 0.638735356693997 0.154084509098247 0
 5723 0.576250714478212 0.343789593623679 0
 5724 0.620877566331958 0.564966433925638 0
 5725 0.621901060867988 0.539270727351437 0
 5726 0.446366415665846 0.0277436985452446 0
 5727 0.826799518052591 0.651294969066502 0
 5728 0.604105625916498 0.218561142120935 0
 5729 0.692535278325704 0.752940399407286 0
 5730 0.366118063414932 0.489332511655288 0
 5731 0.633281523010012 0.649132265200643 0
 5732 0.61456425896429 0.764938846947287 0
 5733 0.603122353589453 0.746846238741594 0
 5734 0.581547562044236 0.304892105709463 0
 5735 0.512731780491291 0.306520929847539 0
 5736 0.692409957874095 0.0462912682460982 0
 5737 0.579797231463475 0.446391344589181 0
 5738 0.53743271746436 0.336075392361033 0
 5739 0.555109208406287 0.994729276151115 0
 5740 0.566739077389914 0.299167236654953 0
 5741 0.444893535309527 0.00505534475643528 0
 5742 0.446832825472453 0.553740660508759 0
 5743 0.355382268907096 0.0896656923464573 0
 5744 0.624771637380734 0.991513131512653 0
 5745 0.668408150568868 0.759689517758471 0
 5746 0.578809032266117 0.458970062527027 0
 5747 0.634156390483194 0.623821840236626 0
 5748 0.464088312702454 0.979867882377949 0
 5749 0.449431756091265 0.98719379529649 0
 5750 0.516925985214308 0.329340766418656 0
 5751 0.622132278014867 0.525874770079336 0
 5752 0.619195736705138 0.514332242307477 0
 5753 0.651490606600903 0.562081084103544 0
 5754 0.630635788117766 0.574641060209011 0
 5755 0.578341624342337 0.994560631567263 0
 5756 0.458667104264882 0.637186427457528 0
 5757 0.43915484874277 0.64567421317878 0
 5758 0.662961033303538 0.552999859547267 0
 5759 0.636798107797899 0.10253136132345 0
 5760 0.593182050007255 0.535476213556314 0
 5761 0.796628707770744 0.729145919700137 0
 5762 0.168307309177459 0.747726840942904 0
 5763 0.360673588065886 0.644408483638134 0
 5764 0.575703195276916 0.562328858049084 0
 5765 0.522595535307709 0.748084248042471 0
 5766 0.37975170453494 0.634651218749063 0
 5767 0.371709381396931 0.645790253562725 0
 5768 0.196718422037738 0.666387096007133 0
 5769 0.561098183043227 0.577768747518955 0
 5770 0.61813436982903 1 0
 5771 0.177041633833814 0.703544846668596 0
 5772 0.533094800906549 0.306386759645774 0
 5773 0.624835289740129 0.61797795381027 0
 5774 0.577203639629148 0.553115007415465 0
 5775 0.326339372337075 0.192547994892876 0
 5776 0.406085286433224 0.646089592528792 0
 5777 0.62228977205676 0.749218842605947 0
 5778 1 0.683827365432572 0
 5779 0.338404579879191 0.196738184186056 0
 5780 0.706222123164362 0.653275596545187 0
 5781 0.725191301009413 0.744053216118431 0
 5782 0.581955137311347 0.738539676156237 0
 5783 0.640200439011988 0.56658374455749 0
 5784 0.565179672226118 0.236179007176679 0
 5785 0.346972453285818 0.647997751454007 0
 5786 0 0.0486393444 0
 5787 0.394659844886836 0.267770824004324 0
 5788 0.511738657545074 0.680022055945904 0
 5789 0.499435730229414 0.719999952459254 0
 5790 0.458377408152437 0.719720866135946 0
 5791 0.473593885482099 0.675844906230842 0
 5792 0.540944926524646 0.719729936736884 0
 5793 0.520046751971762 0.719935600204357 0
 5794 0.532614069893821 0.680170915900028 0
 5795 0.480405351237848 0.719938477224962 0
 5796 0.500749423768827 0.68000008648256 0
 5797 0.542685498067426 0.680293682856124 0
 5798 0.468517148104882 0.719840783365085 0
 5799 0.459823397567513 0.680259952750124 0
 5800 0.446703186295877 0.719540223758921 0
 5801 0.479937379563887 0.680064502827013 0
 5802 0.526065828711009 0.724180696789434 0
 5803 0.521773101922048 0.68007599156176 0
 5804 0.489655856153649 0.719982876197603 0
 5805 0.536963089716376 0.671029537859609 0
 5806 0.534892026281297 0.665921511323316 0
 5807 0.464634479770121 0.728413928298854 0
 5808 0.467619875038915 0.732656024629677 0
 5809 0.485086740088072 0.728339774415946 0
 5810 0.48801094560268 0.732424219909482 0
 5811 0.482906383113393 0.732535423606885 0
 5812 0.515444334579651 0.671782184247628 0
 5813 0.512296739078857 0.667898437948566 0
 5814 0.517694776496001 0.667610747875287 0
 5815 0.534193708431232 0.298698115916326 0
 5816 0.442392172662343 0.730067294538372 0
 5817 0.445737866227874 0.734900627372981 0
 5818 0.474838803431189 0.66787612455572 0
 5819 0.503742080618464 0.732057689852468 0
 5820 0.496109018273095 0.668168974562549 0
 5821 0.453822329004869 0.668248719982792 0
 5822 0.546328217840812 0.724557634984437 0
 5823 0.544180179168053 0.731703658325939 0
 5824 0.570680836459776 0.724754631883061 0
 5825 0.466716067987495 0.0718347653216382 0
 5826 0.485322275500245 0.668127347711782 0
 5827 0.491131255968687 0.66061224730793 0
 5828 0.477773724962381 0.732581212662229 0
 5829 0.478849522204902 0.741494003745977 0
 5830 0.501468401050143 0.668059739819444 0
 5831 0.50108214679127 0.660545042110941 0
 5832 0.498487461599348 0.732240921380527 0
 5833 0.498924918018198 0.74013470403555 0
 5834 0.464488542312709 0.668017059262096 0
 5835 0.470710979107994 0.659881322947719 0
 5836 0.483599896625436 0.295183572974385 0
 5837 0.442047250152225 0.668671717437232 0
 5838 0.447942574329459 0.668482596457878 0
 5839 0.453864705813174 0.729183745575673 0
 5840 0.456877083280736 0.733842350756943 0
 5841 0.534121028447471 0.732915262442 0
 5842 0.528100687387813 0.740336638083879 0
 5843 0.15317464965 0 0
 5844 0.51446000667844 0.731897758667456 0
 5845 0.508722043509229 0.739603184592829 0
 5846 0.52322987773813 0.666914611974833 0
 5847 0.520469997311078 0.659473152239198 0
 5848 0.553340110501451 0.729552502288583 0
 5849 0.549157611733352 0.732185503158195 0
 5850 0.547713427848918 0.669322068923236 0
 5851 0.541261189336964 0.667121019971703 0
 5852 0.522914980043346 0.656218053604803 0
 5853 0.430538291650738 0.732311820604428 0
 5854 0.54115394801312 0.743516438151961 0
 5855 0.532696124699154 0.741102610424568 0
 5856 0.539732529936507 0.739452759230848 0
 5857 0.551970480745651 0.664210834166193 0
 5858 0.543432749605106 0.657613438820105 0
 5859 0.564088347963043 0.746289003454211 0
 5860 0.536185362455485 0.270115338278257 0
 5861 0.451332556375374 0.734703635413797 0
 5862 0.456306886171717 0.745789635825064 0
 5863 0.405724043453048 0.662620447601556 0
 5864 0.465471425726089 0.659886580792728 0
 5865 0.51344592655138 0.739721408362849 0
 5866 0.486333400308757 0.660219924433428 0
 5867 0.267115693784114 0.74311545721078 0
 5868 0.781818630196147 0.72623356348092 0
 5869 0.789764492845452 0.70329178402092 0
 5870 0.443344145525896 0.986108545459275 0
 5871 0.439273051686394 0.968941774839886 0
 5872 0.455502005192086 0.970864893652253 0
 5873 0.444650357853887 0.969454153633945 0
 5874 0.462881787763711 0.969605361678772 0
 5875 0.459746324092531 0.975275398249114 0
 5876 0.462876056021263 0.96437916577045 0
 5877 0.469664942497388 0.969318816948774 0
 5878 0.470296443894523 0.973707782255326 0
 5879 0.458565556372492 0.960580041794097 0
 5880 0.472044801595164 0.951055482500057 0
 5881 0.464799047480911 0.960582621270729 0
 5882 0.461191320494871 0.952298645520307 0
 5883 0.454715323025981 0.965033718951212 0
 5884 0.451528692851259 0.960736019504237 0
 5885 0.438827482576408 0.936233885375413 0
 5886 0.445113937852059 0.915840851293628 0
 5887 0.400130951538461 0.920971248178761 0
 5888 0.438065778327614 0.900322921762591 0
 5889 0.442294105516485 0.894155598498702 0
 5890 0.457255273041497 0.899537013176007 0
 5891 0.443083597986743 0.900450172345985 0
 5892 0.437333980277742 0.890913292856957 0
 5893 0.451334880124298 0.881620034776713 0
 5894 0.448182518471862 0.889374971352 0
 5895 0.402595585480801 0.903192203072778 0
 5896 0.443683703589629 0.931180992862172 0
 5897 0.45483124252664 0.935468957465118 0
 5898 0.446016730681598 0.923858477210878 0
 5899 0.450182718899249 0.919151498686337 0
 5900 0.461072225374958 0.944271965358205 0
 5901 0.457727498260123 0.940041153044986 0
 5902 0.452344621785918 0.914127121781243 0
 5903 0.464410159899356 0.913453139288372 0
 5904 0.455747601044802 0.918408372167097 0
 5905 0.449494773033032 0.909423578522692 0
 5906 0.455430277234776 0.908762460965002 0
 5907 0.465729259481145 0.894532917348801 0
 5908 0.463011597782205 0.890698512564594 0
 5909 0.449006593833964 0.875825224764969 0
 5910 0.455165126625661 0.876103244117438 0
 5911 0.444571429697124 0.878203425487722 0
 5912 0.442569655759838 0.857363392932776 0
 5913 0.447915494044375 0.866972102110026 0
 5914 0.458197582637436 0.852693932544064 0
 5915 0.451630684391252 0.84463983862929 0
 5916 0.45626385224294 0.848105395297687 0
 5917 0.455132033831941 0.857092880367878 0
 5918 0.437985354685592 0.85546075710858 0
 5919 0.449067205650372 0.856889057772496 0
 5920 0.461685692577491 0.839635416086525 0
 5921 0.455263529320758 0.839681805727111 0
 5922 0.440839619685591 0.824789022656091 0
 5923 0.448767677129679 0.838715596957254 0
 5924 0.477911745835298 0.822757148814298 0
 5925 0.46482041707239 0.826472537474024 0
 5926 0.462209742498428 0.82232296426803 0
 5927 0.456671191324842 0.814714204493428 0
 5928 0.462164552277405 0.812289910467677 0
 5929 0.452629834109651 0.826494940441015 0
 5930 0.451217979516333 0.822226190379909 0
 5931 0.439537196006086 0.797753395665989 0
 5932 0.61516409530827 0.222910805066835 0
 5933 0.596582089978704 0.235386761814149 0
 5934 0.436158850227899 0.136565536348112 0
 5935 0.564910911871244 0.266172373782937 0
 5936 0.581823588111835 0.275121644028182 0
 5937 0.580829063393801 0.267082335156877 0
 5938 0.565250978892451 0.286883427847085 0
 5939 0.594846661560361 0.285731014912548 0
 5940 0.597627438640556 0.304618891505802 0
 5941 0.597969832892839 0.334447157266976 0
 5942 0.59804138375051 0.344741972228141 0
 5943 0.606247232727909 0.360332564524931 0
 5944 0.604948352963712 0.380288298603328 0
 5945 0.606029159399027 0.40001887980891 0
 5946 0.605685773437198 0.46049147747805 0
 5947 0.571608639148727 0.483997663088511 0
 5948 0.571863263293124 0.505728269952562 0
 5949 0.566314578948436 0.507725808129228 0
 5950 0.555552180096388 0.501179548569953 0
 5951 0.567376245788498 0.502866182421888 0
 5952 0.56692669351584 0.512990092220237 0
 5953 0.555995459001611 0.517344552365658 0
 5954 0.561056220009674 0.509448681343493 0
 5955 0.605695476557714 0.49982485109623 0
 5956 0.561568499950046 0.519624503487044 0
 5957 0.567230840764632 0.532677946226657 0
 5958 0.556324715909333 0.537557649950686 0
 5959 0.562179423043353 0.529583899240141 0
 5960 0.565321802730813 0.551141427038908 0
 5961 0.561760359932314 0.53994844126725 0
 5962 0.545777727991 0.533448382332447 0
 5963 0.54602154080536 0.552207348091699 0
 5964 0.555914141971529 0.546939670536509 0
 5965 0.559875545423529 0.549714397536476 0
 5966 0.541315316097357 0.559794894348896 0
 5967 0.532485964165916 0.56452570487171 0
 5968 0.536976241414094 0.561638079179367 0
 5969 0.545840854816452 0.563401775818423 0
 5970 0.55653236281917 0.568287479056935 0
 5971 0.562368079199957 0.571388375222415 0
 5972 0.56084325691179 0.560055084603109 0
 5973 0.570603618364148 0.555427368628677 0
 5974 0.564997233237997 0.556566887905241 0
 5975 0.449626087315806 0.68041021941014 0
 5976 0.509131865652463 0.633813145993479 0
 5977 0.504764539573778 0.625726482932296 0
 5978 0.607688738720874 0.604951145258086 0
 5979 0.613591321795779 0.622845669390909 0
 5980 0.593151237605502 0.640853536015287 0
 5981 0.573109632192194 0.607137628271072 0
 5982 0.58273530502523 0.651176764338863 0
 5983 0.977748101613514 0.742027271266784 0
 5984 0.971580233439822 0.63702139023983 0
 5985 0.568154110915566 0.652889328701637 0
 5986 0.55783077364225 0.653133588491735 0
 5987 0.551043606233977 0.63902591193161 0
 5988 0 0.702572601504001 0
 5989 0.502147520953619 0.292092844902917 0
 5990 0.552361791097093 0.65439999647763 0
 5991 0.540774608633895 0.652484028845579 0
 5992 0.547029233299906 0.652056397971743 0
 5993 0.534049766022815 0.642962141741955 0
 5994 0.547848802749601 0.634946798052645 0
 5995 0.562838920421062 0.6275072704176 0
 5996 0.567231925139659 0.609002231268564 0
 5997 0.556791454686841 0.603529948020909 0
 5998 0.567942260933649 0.602976508877189 0
 5999 0.578075064981101 0.626800093016344 0
 6000 0.557319580409527 0.616586703185445 0
 6001 0.557413219251994 0.60988587785091 0
 6002 0.61490892216868 0.974891238882891 0
 6003 0.0279127928955835 0.356775015516043 0
 6004 0.604732797256185 0.921426423529751 0
 6005 1 0.2008333864 0
 6006 0.977566242277755 0.566498757993052 0
 6007 0.57108917030117 0.925730974590179 0
 6008 0.564804527600209 0.928334944408291 0
 6009 0.556403981207221 0.920707669159533 0
 6010 0.566399814854474 0.921365644377794 0
 6011 0 0.4926544284 0
 6012 0.554502559952704 0.931981628279197 0
 6013 0.516188592647256 0.606784663031933 0
 6014 0.974301736108207 0.503792968464834 0
 6015 0.566326921196781 0.948322866193154 0
 6016 0.560419958243823 0.93874627039179 0
 6017 0.546156956162934 0.912153673144025 0
 6018 0.528368739328104 0.89766460773423 0
 6019 0.52326510985421 0.908037924629281 0
 6020 0.518806584361796 0.915433143752336 0
 6021 0.573371373448437 0.957918582632112 0
 6022 0.604354387006772 0.959482128522868 0
 6023 0.5232441501834 0.489165541664673 0
 6024 0.607536225105778 0.839094876908749 0
 6025 0.53654408773747 0.145307091372897 0
 6026 0.572131888350537 0.825005339088838 0
 6027 0.572017836740991 0.804334923506098 0
 6028 0.566356246445021 0.827351842142913 0
 6029 0.55542276394379 0.81748049263559 0
 6030 0.567314851833368 0.822538432567998 0
 6031 0.571684674540191 0.845588530961898 0
 6032 0.56619095302175 0.832324957426979 0
 6033 0.555111024558981 0.83741647329942 0
 6034 0.560736292296386 0.829454901182106 0
 6035 0.566691176142672 0.848108821136587 0
 6036 0.560547565100647 0.839992040231422 0
 6037 0.566397676959767 0.842713144616202 0
 6038 0.56691406993319 0.853161013933931 0
 6039 0.556072845664313 0.857546728391937 0
 6040 0.561016197336126 0.85036309152319 0
 6041 0.606294696175854 0.860293194449214 0
 6042 0.572642336108039 0.162354157719069 0
 6043 0.561836173951984 0.859892959978731 0
 6044 0.605153511191921 0.880238693898168 0
 6045 0.571224606981287 0.905530509288819 0
 6046 0.606307346883259 0.900522337843567 0
 6047 0.454454829670705 1 0
 6048 0.556099286928076 0.900422661590551 0
 6049 0.546568483384669 0.807842191814208 0
 6050 0.545607996416396 0.811878209160806 0
 6051 0.555280139677721 0.882178166890668 0
 6052 0.560221036174497 0.880066465268214 0
 6053 0.553405441962252 0.813790102912091 0
 6054 0.54575146407687 0.852587612249708 0
 6055 0.463587245419051 0.494014838545114 0
 6056 0.504390760012366 0.47414910586064 0
 6057 0.496996797134085 0.87869004955325 0
 6058 0.536517988362526 0.837931014309894 0
 6059 0.466036170023146 0.462442469131746 0
 6060 0.498272173081205 0.823399955759158 0
 6061 0.495561870415442 0.81418420576598 0
 6062 0.536753586506776 0.827548152044628 0
 6063 0.532394872212661 0.82503284356516 0
 6064 0.537017186450025 0.817391412022609 0
 6065 0.536844291820775 0.796561280483921 0
 6066 0.471568327644065 0.45853726836953 0
 6067 0.545744783376 0.781548691967163 0
 6068 0.475831238350439 0.461896729333199 0
 6069 0.545910228839693 0.926965915803639 0
 6070 0.545085691138821 0.932218867757025 0
 6071 0.540232544021759 0.940339095758855 0
 6072 0.536984820496409 0.94384620397134 0
 6073 0.545337931470157 0.942481483488923 0
 6074 0.546113501968941 0.953026533989967 0
 6075 0.555560620112922 0.947389858875889 0
 6076 0.561055005598061 0.950533873609263 0
 6077 0.464779050554945 0.423376899698836 0
 6078 0.545684108087416 0.96503486289176 0
 6079 0.545651376133126 0.971753772391064 0
 6080 0.386378547082061 0.176636806059327 0
 6081 0.531275626141077 0.995776116222134 0
 6082 0.4969827772409 0.430975604410619 0
 6083 0.556429265057821 0.967989983112531 0
 6084 0.561911689608831 0.971403127115323 0
 6085 0.545580289690228 0.981820439764484 0
 6086 0.444796181416227 0.310467148520584 0
 6087 0.5426675644902 0.985311343655145 0
 6088 0.562187867416424 0.960007311523961 0
 6089 0.436623034624525 0.291983837597586 0
 6090 0.498539760953228 0.968997820191463 0
 6091 0.497293405581363 0.955515307512227 0
 6092 0.501521964328773 0.957498686231487 0
 6093 0.50202590901227 0.886308063102442 0
 6094 0.49322819617554 0.616053358769135 0
 6095 0.487561273315745 0.627631676385893 0
 6096 0.47570910339741 0.61292083576361 0
 6097 0.466860771445142 0.59638407961402 0
 6098 0.457645522786451 0.602113572688371 0
 6099 0.452106780184593 0.599025581241518 0
 6100 0.466908175131343 0.375907858312066 0
 6101 0.457992426518147 0.613285486562842 0
 6102 0.44648362634182 0.617672479072985 0
 6103 0.453119668245767 0.609987093215994 0
 6104 0.466901798307322 0.577766739941853 0
 6105 0.456268547185501 0.58210351637198 0
 6106 0.44944965660538 0.57916434599532 0
 6107 0.46612851002662 0.383577855834198 0
 6108 0.466550844576534 0.567626644823796 0
 6109 0.47555259765966 0.564449616502004 0
 6110 0.471980981444151 0.390165859780799 0
 6111 0.452577216927812 0.589114434736326 0
 6112 0.446105070925251 0.59539293489494 0
 6113 0.44726272609488 0.559275238960557 0
 6114 0.447228666661709 0.573627603597201 0
 6115 0.462009114439802 0.564758258091761 0
 6116 0.467929197151554 0.557402937379517 0
 6117 0.467235998012031 0.562646463552554 0
 6118 0.439753261882611 0.598788792704522 0
 6119 0.442440315323134 0.576568900588049 0
 6120 0.456322161295742 0.566774793706225 0
 6121 0.458920620165081 0.557040408010259 0
 6122 0.441423239899784 0.605190285049908 0
 6123 0.441585650757866 0.544285062077462 0
 6124 0.496543378486484 0.408672689560317 0
 6125 0.498459467738647 0.401491296298346 0
 6126 0.407455545319022 0.57076140767688 0
 6127 0.763868227634106 0.752759662521515 0
 6128 0.453764742344807 0.633015132604619 0
 6129 0.399232970256798 0.619534293008843 0
 6130 0.525931280687287 0.415152618500659 0
 6131 0.409535741641801 0.625499078351852 0
 6132 0.45992974380411 0.261756400241752 0
 6133 0.424572892706328 0.651219672853987 0
 6134 0.513493136147891 0.408679185499363 0
 6135 0.51020234489275 0.412256442043953 0
 6136 0.378742190976038 0.503913854720621 0
 6137 0.470989550748393 0.395342756279564 0
 6138 0.433247065555043 0.640592027457657 0
 6139 0.598077353479806 0.0563361135004315 0
 6140 0.476360744553436 0.39294104412635 0
 6141 0.587629462855102 0.00776084091940763 0
 6142 0.472044778193908 0.248554139525092 0
 6143 0.600179104994012 0.0387569769328655 0
 6144 0.536421139952377 0.374684844462687 0
 6145 0.555249074212837 0.042930439638047 0
 6146 0.547434585667437 0.0360574864541753 0
 6147 0.549820434373864 0.0408751940400744 0
 6148 0.562460513915159 0.0301642968035787 0
 6149 0.543762699513814 0.0481588869078746 0
 6150 0.535408357146142 0.0493642130016091 0
 6151 0.539608916840159 0.0488927467248379 0
 6152 0.545315854501758 0.0306339021363932 0
 6153 0.554284299739055 0.0261360672491335 0
 6154 0.550864660858137 0.0310129937921008 0
 6155 0.539978251556946 0.0304270970304728 0
 6156 0.535580923130007 0.0202937873519375 0
 6157 0.543266143599563 0.0258249981794872 0
 6158 0.60627105903645 0.0740995150139347 0
 6159 1 0.72274624389371 0
 6160 0.537097178633766 0.0347293697286065 0
 6161 0.529413624124751 0.0299167060314207 0
 6162 0.532266886903898 0.0253369926703418 0
 6163 0.53313409324034 0.0122999038887118 0
 6164 0.539065047647004 0.00406751686843862 0
 6165 0.537090154034106 0.0147469226401924 0
 6166 0.556261259762407 0.0148597493117094 0
 6167 0.548713316657985 0.0152429983421232 0
 6168 0.5432112249827 0.00649425503800382 0
 6169 0.553258022360577 0.00998438014366518 0
 6170 0.544017237661641 0.0587929026976279 0
 6171 0.499658566804351 0.365801831032563 0
 6172 0.529632034266076 0.0389444395270814 0
 6173 0.554371463938834 0.0564446259279359 0
 6174 0.559724795352901 0.0661766013388944 0
 6175 0.555723015074443 0.0618992267245595 0
 6176 0.564659495994311 0.0782877444204251 0
 6177 0.553295039960012 0.0769886154554102 0
 6178 0.523846235784207 0.244578698373777 0
 6179 0.560761264139311 0.0903908765693315 0
 6180 0.548240781792925 0.0778166342175922 0
 6181 0.55062951287649 0.0725813334621914 0
 6182 0.545745682928427 0.0824144651276802 0
 6183 0.534958160318268 0.0813825252956815 0
 6184 0.542818083689885 0.077934917977407 0
 6185 0.549379313179653 0.0865236426403611 0
 6186 0.540508771814551 0.0966950300352046 0
 6187 0.542718878258078 0.0872080055414697 0
 6188 0.529734261156422 0.0803396465622231 0
 6189 0.527926863274257 0.0675972191129558 0
 6190 0.533134837687126 0.0770242764864239 0
 6191 0.553910851847257 0.090941502088032 0
 6192 0.55634080322735 0.0969530451768747 0
 6193 0.549503577820427 0.114622272353974 0
 6194 0.535797930765927 0.112517231984067 0
 6195 0.524429979877605 0.0964363452784565 0
 6196 0.532510092919653 0.0975575752129513 0
 6197 0.57437460577175 0.256229826333881 0
 6198 0.516457823285033 0.0811354200876444 0
 6199 0.525253223282993 0.0782359927752556 0
 6200 0.526815475490977 0.0619471242356032 0
 6201 0.532587565150307 0.0600297838099065 0
 6202 0.535914714555846 0.064160067181915 0
 6203 0.520872923749145 0.0613919895877214 0
 6204 0.516323469357964 0.0526885863424077 0
 6205 0.523930947447924 0.0580160172307868 0
 6206 0.517708081487551 0.0653461774421425 0
 6207 0.506689169275591 0.0639231509987785 0
 6208 0.51544028580475 0.0605345731350003 0
 6209 0.514915252070617 0.0453326626034472 0
 6210 0.52026219083993 0.0384376869020269 0
 6211 0.510317717665851 0.0456363886317813 0
 6212 0.505686487446496 0.0364666190117234 0
 6213 0.512885528972809 0.0409201138293274 0
 6214 0.50863549357098 0.0507834777917597 0
 6215 0.500137055513418 0.0469789275315443 0
 6216 0.505468946363029 0.0463542433569052 0
 6217 0.504781292127868 0.030752463465134 0
 6218 0.511327127715203 0.0218607267996743 0
 6219 0.509183168763979 0.0321984743376521 0
 6220 0.975526392841418 0.214652091519765 0
 6221 0.526239282927121 0.445230186182828 0
 6222 0.520020462015857 0.0700281401111168 0
 6223 0.513286582110675 0.0776576985542181 0
 6224 0.51527780744491 0.0697559518324199 0
 6225 0.506000936302969 0.0815785108910272 0
 6226 0.496509306442026 0.08082461411001 0
 6227 0.504251876153696 0.078150204525342 0
 6228 0.508435186656137 0.0860435470054445 0
 6229 0.498854285895247 0.0951030937053483 0
 6230 0.502818910378537 0.0856438214633967 0
 6231 0.49010498637032 0.0768931375246432 0
 6232 0.487486759759515 0.0679365649384471 0
 6233 0.501479348116696 0.0623694661162234 0
 6234 0.49794979945132 0.0523405819819801 0
 6235 0.502010445251045 0.0564140438548672 0
 6236 0.498272902967326 0.0667724876158412 0
 6237 0.489150316322683 0.0633614161586391 0
 6238 0.496630068193968 0.0628340572145156 0
 6239 0.482345604375265 0.059089859103127 0
 6240 0.479503619059306 0.0493529718926215 0
 6241 0.480905739748884 0.0543630958741241 0
 6242 0.47926102241576 0.0635461636564932 0
 6243 0.469014158841961 0.0629599279597097 0
 6244 0.477107203879975 0.0584632404495336 0
 6245 0.492068080404411 0.0386852187657514 0
 6246 0.500624276315955 0.0382604631983471 0
 6247 0.49633546092746 0.0379494561496736 0
 6248 0.507651286353871 0.353944331915553 0
 6249 0.476439764482924 0.0685980959523331 0
 6250 0.473048226012199 0.0775993546471857 0
 6251 0.475856089767772 0.0739551755340504 0
 6252 0.460743529627494 0.059857282487888 0
 6253 0.460609581866656 0.0446106073989016 0
 6254 0.514363423800809 0.0957337752544068 0
 6255 0 0.39829687869 0
 6256 0.539584838173142 0.126916718237094 0
 6257 0.49886800130013 0.0304701724678805 0
 6258 0.487439372274895 0.0815770487295372 0
 6259 0.478456436964438 0.0787712917203062 0
 6260 0.484188668418083 0.0769318897069264 0
 6261 0.490472356370326 0.0859050632582962 0
 6262 0.480273105197849 0.0944218676961911 0
 6263 0.484739130561663 0.0868248973973158 0
 6264 0.493076406846533 0.0896520634866248 0
 6265 0.493238732865849 0.0949128290151402 0
 6266 0.478337963389362 0.0989742856028788 0
 6267 0.471441868521216 0.0924224892856459 0
 6268 0.47613342679379 0.0936563723059719 0
 6269 0.559869577773798 0.128597441461341 0
 6270 0.529645691731226 0.111935674937042 0
 6271 0.528555093667412 0.10142983674471 0
 6272 0.53197789109284 0.107240158355992 0
 6273 0.527024423896966 0.11639563003306 0
 6274 0.51564388905804 0.114506696199272 0
 6275 0.523766753218004 0.111135567976191 0
 6276 0.529619091298926 0.122164358978165 0
 6277 0.523025187642924 0.130068818992932 0
 6278 0.523683378298151 0.120106736496608 0
 6279 0.510214981667878 0.104522815981149 0
 6280 0.516809176475026 0.0206423094914014 0
 6281 0.442648588910076 0.181273590065705 0
 6282 0.522304168546259 0.0230729934527507 0
 6283 0.514623966811094 0.0124895211473166 0
 6284 0.523102181421028 0.0117582940056438 0
 6285 0.504068278967148 0.358015459188296 0
 6286 0.605470965839363 0.0914645547863746 0
 6287 0.627076147007927 0.0945323252807845 0
 6288 0.595934801940285 0.126872243812718 0
 6289 0.535444206286471 0.365108745250379 0
 6290 0.613203396767471 0.133720522506528 0
 6291 0.46884609376864 0.2209087029804 0
 6292 0.564864454134193 0.144124564274824 0
 6293 0.554632939431697 0.144209712349757 0
 6294 0.561703357191433 0.155536340759716 0
 6295 0.481281612377913 0.234569539627971 0
 6296 0.648988225591122 0.727373353743433 0
 6297 0.549184690314761 0.142903852426922 0
 6298 0.549697440156865 0.137200158118581 0
 6299 0.55446320135995 0.13864655462917 0
 6300 0.545882659799573 0.148420592937993 0
 6301 0.534320608365724 0.148188233061559 0
 6302 0.54367551699725 0.144175833935401 0
 6303 0.548661226646813 0.152860582804943 0
 6304 0.538270038691447 0.162611407757898 0
 6305 0.54209542511429 0.153745354518162 0
 6306 0.530500397976085 0.137769966072048 0
 6307 0.524531438121965 0.147126402399553 0
 6308 0.51423339555044 0.148651581366988 0
 6309 0.519526603797666 0.148344052021991 0
 6310 0.533158140513683 0.127626587876758 0
 6311 0.52065420277057 0.163522575478861 0
 6312 0.52295623873145 0.152692399929647 0
 6313 0.508960792527243 0.146689388465634 0
 6314 0.503241076678108 0.136920304544108 0
 6315 0.511771844566521 0.142893433790175 0
 6316 0.566702642367854 0.100824329077655 0
 6317 0.545736536292458 0.162549032716016 0
 6318 0.554382387019441 0.163095093474462 0
 6319 0.549638465326673 0.180355846678887 0
 6320 0.497396496666922 0.197249698230604 0
 6321 0.533661690705708 0.179753602766309 0
 6322 0.553216845446013 0.193952952383553 0
 6323 0.542237444284163 0.194230250366225 0
 6324 0.533768098424026 0.291193209577097 0
 6325 0.498366181993321 0.612541769564222 0
 6326 0.537047733389382 0.193308633466364 0
 6327 0.540924283339229 0.188294268778046 0
 6328 0.533933889498267 0.197888947554263 0
 6329 0.522725396993451 0.196067871795678 0
 6330 0.531416150487317 0.192844819212754 0
 6331 0.536097432232542 0.203298989849822 0
 6332 0.527049698621654 0.210904269662836 0
 6333 0.530435693125936 0.201758856870427 0
 6334 0.517199920900954 0.194746338815595 0
 6335 0.516342947995411 0.178357289106536 0
 6336 0.520812285808188 0.191175550937317 0
 6337 0.551657985797677 0.203716427926128 0
 6338 0.545282680585241 0.211422157192403 0
 6339 0.549799534665268 0.208464325510987 0
 6340 0.529083026514213 0.179437846582828 0
 6341 0.52436155311178 0.171542316371092 0
 6342 0.526249434810228 0.183314319482902 0
 6343 0.512714515818366 0.175317634177232 0
 6344 0.524488763714443 0.179049786354805 0
 6345 0.507982001704724 0.174742545246368 0
 6346 0.505986120171117 0.16427175646405 0
 6347 0.511737556389287 0.170836625103251 0
 6348 0.50489852748018 0.179099188479218 0
 6349 0.494040651877748 0.175428865527169 0
 6350 0.502749979652244 0.173715410734763 0
 6351 0.504656058379238 0.159139356475488 0
 6352 0.513020733932297 0.154791768868231 0
 6353 0.51049972210125 0.160118314397099 0
 6354 0.499023315561394 0.158129178946008 0
 6355 0.497543739857283 0.147365149524007 0
 6356 0.502326694438789 0.15426396580229 0
 6357 0.496136812116483 0.162967118526763 0
 6358 0.485175285073416 0.160145200697326 0
 6359 0.49375373985861 0.157282000950539 0
 6360 0.494940047301787 0.143861996352144 0
 6361 0.44073081787756 0.250356257076298 0
 6362 0.500679445012878 0.142880275736096 0
 6363 0.492825150479387 0.135591227702085 0
 6364 0.498297359589167 0.133640796647414 0
 6365 0.493172060697736 0.0556939671612265 0
 6366 0.378160779938119 0.981164434172904 0
 6367 0.483518170431181 0.140921690769137 0
 6368 0.492345466667207 0.127058261340898 0
 6369 0.496882201337757 0.118182258095916 0
 6370 0.451223289339846 0.142423548284101 0
 6371 0.503920611259933 0.184029185498052 0
 6372 0.502194380934906 0.202139725873064 0
 6373 0.499985533677665 0.186565362455424 0
 6374 0.489146618393434 0.174713251671738 0
 6375 0.487267607048681 0.164551415586264 0
 6376 0.492239732148058 0.171046076797384 0
 6377 0.487467029538822 0.178456222449736 0
 6378 0.474689163045944 0.177099472426515 0
 6379 0.483563511685845 0.174692475609044 0
 6380 0.487692887335025 0.183068566310608 0
 6381 0.482949741552601 0.190458715133437 0
 6382 0.482585932184915 0.185050880102098 0
 6383 0.469527021429418 0.175705831411202 0
 6384 0.46674660933333 0.164675171086284 0
 6385 0.473313940440273 0.172939619498944 0
 6386 0.556535493703216 0.363750703316908 0
 6387 0.574845677034226 0.2052999193102 0
 6388 0.576804327679144 0.213682696877968 0
 6389 0.537849544292175 0.340472409376615 0
 6390 0.592106936893462 0.175682794394124 0
 6391 0.59498278798846 0.184278337648726 0
 6392 0.518113899106902 0.133573981753204 0
 6393 0.508254944601027 0.132387210602426 0
 6394 0.513939671825252 0.130996931945402 0
 6395 0.502506231576803 0.126083104685477 0
 6396 0.497930344213406 0.114139758510256 0
 6397 0.49575126251805 0.109828527545033 0
 6398 0.500051281682464 0.103529290732017 0
 6399 0.49067733572115 0.108721492134998 0
 6400 0.489341187149933 0.102893847867118 0
 6401 0.494607480255059 0.104511466385444 0
 6402 0.373371346549854 0.566429484320907 0
 6403 0.473293598172071 0.110816639392181 0
 6404 0.474210439437697 0.102304704997623 0
 6405 0.521015840753612 0.210591476995102 0
 6406 0.51160412266152 0.209826242846972 0
 6407 0.516039080325609 0.211490233050078 0
 6408 0.467291311221465 0.0911316475563103 0
 6409 0.564829973250019 0.327892493456141 0
 6410 0.511927650866543 0.187944628409165 0
 6411 0.541432306410266 0.215123187921623 0
 6412 0.539626049567612 0.209252285995835 0
 6413 0.543530639190983 0.219719927833316 0
 6414 0.534130376226466 0.229431206620741 0
 6415 0.538007426584277 0.220068184386312 0
 6416 0.548651829403351 0.222603721308188 0
 6417 0.551875715912463 0.237653792315749 0
 6418 0.545786775098595 0.228605666074816 0
 6419 0.531273643874056 0.233123869025842 0
 6420 0.520284068030038 0.228426143146903 0
 6421 0.529682296371732 0.228415248944304 0
 6422 0.513610491072279 0.198619898399347 0
 6423 0.505452472263561 0.193368849965915 0
 6424 0.511601148083927 0.19340606415109 0
 6425 0.507121437261065 0.209136416918155 0
 6426 0.510592097644853 0.203987442915907 0
 6427 0.50316286335702 0.213178572285583 0
 6428 0.492866529402237 0.210866635792466 0
 6429 0.502631418636848 0.209031168683367 0
 6430 0.504338678919616 0.218006712376087 0
 6431 0.49516547204151 0.225016436139658 0
 6432 0.499412993212829 0.21672985007702 0
 6433 0.490551925087539 0.206108705360667 0
 6434 0.488906829879799 0.201880392511723 0
 6435 0.493492369797129 0.200974383219269 0
 6436 0.482785595380193 0.209589169071052 0
 6437 0.473703418567929 0.208707634610319 0
 6438 0.478044677661456 0.209920030422142 0
 6439 0.487907747927912 0.193504138863156 0
 6440 0.509949064580778 0.122573993474172 0
 6441 0.492601896138563 0.190572966011491 0
 6442 0.485902970246871 0.217098648477293 0
 6443 0.477396669831334 0.224517829025587 0
 6444 0.480298795066869 0.214788976483619 0
 6445 0.469099842900964 0.207537801461907 0
 6446 0.468351846056339 0.193010215698089 0
 6447 0.471447265140439 0.204335127171066 0
 6448 0.51510261683288 0.12321415852763 0
 6449 0.491585781531601 0.22850806818542 0
 6450 0.48947527528229 0.222780114151112 0
 6451 0.493114573437683 0.23404091183788 0
 6452 0.486673033343019 0.241346243375127 0
 6453 0.488941554743264 0.23252931104253 0
 6454 0.498250058697913 0.235675415440052 0
 6455 0.500651423979061 0.248544590255385 0
 6456 0.493850471709955 0.238984828280523 0
 6457 0.479627241628918 0.244476353158432 0
 6458 0.470205347948399 0.240726704166957 0
 6459 0.471861085768785 0.225432693199024 0
 6460 0.461023497978802 0.223283397345952 0
 6461 0.46642303579374 0.224822888826464 0
 6462 0.465263051105892 0.2101129362964 0
 6463 0.455433405927414 0.203611700776079 0
 6464 0.460205630900363 0.201765558107116 0
 6465 0.465417627492969 0.188851378227209 0
 6466 0.471291924030672 0.188852467790781 0
 6467 0.47399586742542 0.192654700075994 0
 6468 0.457479195672981 0.177199508926963 0
 6469 0.463277505838447 0.184579013773087 0
 6470 0.457734880652831 0.193802598550312 0
 6471 0.447676227558554 0.191014184286024 0
 6472 0.452160823823003 0.185595391814996 0
 6473 0.454971879724516 0.173612432296497 0
 6474 0.463777786194962 0.169016023559504 0
 6475 0.460777777193253 0.17386386941002 0
 6476 0.448471529411659 0.173077919681022 0
 6477 0.444975206724355 0.162120712598139 0
 6478 0.45308066480788 0.169630929591429 0
 6479 0.570115354472508 0.639575942791286 0
 6480 0.435524555367602 0.175092791042602 0
 6481 0.448734011148716 0.157171881578757 0
 6482 0.453611470665701 0.152358267360742 0
 6483 0.449669674885353 0.103437056145507 0
 6484 0.449222830033771 0.20247892263971 0
 6485 0.445113792972935 0.207592944082794 0
 6486 0.439502944150067 0.219158908863924 0
 6487 0.440018214039372 0.186158687881623 0
 6488 0.437473205015204 0.180474535718078 0
 6489 0.425998515855204 0.18358490960294 0
 6490 0.510908703547364 0.329014457466045 0
 6491 0.509208179134492 0.323372216917057 0
 6492 0.437162975173716 0.162763335060187 0
 6493 0.407728459687517 0.197273953670484 0
 6494 0.51861760184739 0.314746381371157 0
 6495 0.449059753176772 0.212050615013903 0
 6496 0.449740021166404 0.222565037967669 0
 6497 0.478160511682503 0.183911499146096 0
 6498 0.454546473245676 0.233067495304805 0
 6499 0.524786781132639 0.992302401427587 0
 6500 0.448824977528032 0.23055333756598 0
 6501 0.459802361003836 0.231994252466273 0
 6502 0.457230658682158 0.241919320557232 0
 6503 0.46343188413352 0.228360299598772 0
 6504 0.474831762693158 0.230108723255903 0
 6505 0.464020501799177 0.233108978517038 0
 6506 0.463250623888976 0.247694902403175 0
 6507 0.455524335404803 0.255243097715834 0
 6508 0.526618618342328 0.302376068395345 0
 6509 0.420894461032588 0.204176624376146 0
 6510 0.420168283839694 0.210800193936642 0
 6511 0.523848910094193 0.315290072047165 0
 6512 0.457817140134496 0.147846087958405 0
 6513 0.469663696401085 0.150783134448552 0
 6514 0.459736152376098 0.152575822045745 0
 6515 0.460023270905624 0.131792530968787 0
 6516 0.469896274081056 0.127274251784197 0
 6517 0.46452477412686 0.12937496423395 0
 6518 0.50068408093589 0.181896828439305 0
 6519 0.507396312026121 0.234959717288709 0
 6520 0.51491217462894 0.239424456802731 0
 6521 0.519677095580499 0.247142183969351 0
 6522 0.520618005930952 0.234172316990616 0
 6523 0.534471815838505 0.237669129435055 0
 6524 0.524198907607723 0.237026963618269 0
 6525 0.539665965605178 0.236942458084631 0
 6526 0.53445672594595 0.246411740860506 0
 6527 0.521624320369795 0.252731816651131 0
 6528 0.513930078974903 0.261262689259002 0
 6529 0.516389116681536 0.252314566649546 0
 6530 0.541454029931334 0.232369395567833 0
 6531 0.546971667576998 0.240113754844135 0
 6532 0.497792745260137 0.25246247646891 0
 6533 0.492556070961821 0.259610339214334 0
 6534 0.495863542266099 0.256507869520267 0
 6535 0.482437352824747 0.249426980038659 0
 6536 0.473168323833013 0.257256440538507 0
 6537 0.476944564305579 0.249121962592797 0
 6538 0.469381991409718 0.260813949292721 0
 6539 0.467261908003506 0.255910474025849 0
 6540 0.47060373522808 0.265827256113438 0
 6541 0.464404698968304 0.274773183156323 0
 6542 0.466437344253791 0.264738003314448 0
 6543 0.475633140718511 0.267005895111486 0
 6544 0.478427936731629 0.280718797190924 0
 6545 0.471713772781885 0.269995397446391 0
 6546 0.531246853949672 0.372158436168999 0
 6547 0.448311516863804 0.273176790142396 0
 6548 0.45292960180469 0.269455206657729 0
 6549 0.438558394256133 0.262150227935061 0
 6550 0.485991609485041 0.268074528621631 0
 6551 0.493454977166418 0.274068615089029 0
 6552 0.498738691105663 0.28221953109315 0
 6553 0.49697041572003 0.277672985277173 0
 6554 0.480221725386069 0.285441054647942 0
 6555 0.474165686408736 0.292314555217078 0
 6556 0.475393147970738 0.282996893796643 0
 6557 0.459031548118393 0.282035376128121 0
 6558 0.450963730658152 0.289865667546867 0
 6559 0.454343388497697 0.279625312171274 0
 6560 0.441531508564551 0.266613901844394 0
 6561 0.543923377276796 0.297631809274688 0
 6562 0.440312846908338 0.280017892642471 0
 6563 0.43329423887126 0.287557289238177 0
 6564 0.435515188889408 0.248836750255602 0
 6565 0.528791165170686 0.291979760838921 0
 6566 0.421155071919578 0.233191118051104 0
 6567 0.45497274683464 0.0743765666399082 0
 6568 0.408383318082326 0.250298208080645 0
 6569 0.332809734740493 0.381153027509914 0
 6570 0.399247858606292 0.232255033441896 0
 6571 0.50503969956336 0.302569674836499 0
 6572 0.445637955802634 0.289998069514072 0
 6573 0.443897683073643 0.299938507469159 0
 6574 0.450680279152225 0.300108478795725 0
 6575 0.566191293614732 0.941648765839104 0
 6576 0.428424140413677 0.306056121645307 0
 6577 0.413756826735083 0.274405784320045 0
 6578 0.630040697583719 0.902006321362499 0
 6579 0.475895959473957 0.139287154451261 0
 6580 0.474293964882212 0.12487142844775 0
 6581 0.477948249960236 0.127324345900317 0
 6582 0.565453985046472 0.2486532134442 0
 6583 0.555507659648256 0.24293191421585 0
 6584 0.580651595284764 0.234704301395963 0
 6585 0.457396515849465 0.31764941426359 0
 6586 0.449760032233457 0.325811599164419 0
 6587 0.453423194443417 0.314550927209839 0
 6588 0.537117277168643 0.131719403597284 0
 6589 0.406296025664379 0.29652422340565 0
 6590 0.35258972052531 0.214961752433372 0
 6591 0.508653781561977 0.300191470997502 0
 6592 0.504904994996598 0.257165509657804 0
 6593 0.463049334145752 0.301203309828237 0
 6594 0.47176524181536 0.305805568650761 0
 6595 0.475672388470788 0.31358610526081 0
 6596 0.4748116268408 0.309087093537675 0
 6597 0.383083976624625 0.261465277076399 0
 6598 0.523792849329647 0.278133120064688 0
 6599 0.52719079186833 0.253672807118094 0
 6600 0.53065184962851 0.264066094493424 0
 6601 0.524014173000735 0.257337127268251 0
 6602 0.524087307652997 0.27244663562108 0
 6603 0.519653014200169 0.279719972747447 0
 6604 0.534180544282535 0.275064905723935 0
 6605 0.536766252748532 0.284222616725976 0
 6606 0.536668366879321 0.279751555797601 0
 6607 0.516975683545624 0.283491570286451 0
 6608 0.508147473118568 0.281544311897418 0
 6609 0.519020361030097 0.287768315222173 0
 6610 0.5115029379795 0.296395813137279 0
 6611 0.513508828280489 0.287580788732045 0
 6612 0.525116087431561 0.288182866190002 0
 6613 0.528056919720477 0.297798228666131 0
 6614 0.520821693830602 0.291523787313787 0
 6615 0.505670808794899 0.296206886374029 0
 6616 0.494330441890711 0.295034661602153 0
 6617 0.499931824037082 0.295645329940699 0
 6618 0.565522833208763 0.909248179757837 0
 6619 0.50962876934079 0.218626867658109 0
 6620 0.514384542273421 0.227478529267489 0
 6621 0.512927049976779 0.214800324230434 0
 6622 0.523806919604291 0.21594708026755 0
 6623 0.514882164766424 0.219147746272448 0
 6624 0.529730323560697 0.270493268121317 0
 6625 0.429559724462084 0.128514469929333 0
 6626 0.434706240051062 0.123068871293608 0
 6627 0.435363245507331 0.13023354865891 0
 6628 0.444347564371362 0.112463742480349 0
 6629 0.442030673679034 0.122018054214037 0
 6630 0.445772172740708 0.144022370149286 0
 6631 0.445723606931084 0.133746546724972 0
 6632 0.45117165619655 0.133703774928281 0
 6633 0.461807017406885 0.14324764206526 0
 6634 0.433193879190491 0.311121725835749 0
 6635 0.508488438112383 0.260359079587132 0
 6636 0.497667678986608 0.260638470823981 0
 6637 0.502750390186943 0.260942643226248 0
 6638 0.510075982089488 0.265143737970538 0
 6639 0.50401155895556 0.273503612526771 0
 6640 0.45535189588469 0.0601499714145801 0
 6641 0.448364722668713 0.0600345443417789 0
 6642 0.43147625519951 0.116140155733132 0
 6643 0.45238354094706 0.20775642115172 0
 6644 0.455319347190904 0.212825887731715 0
 6645 0.558030349725768 0.264522984515727 0
 6646 0.503550459396078 0.311501902101959 0
 6647 0.501065829950179 0.306533198676799 0
 6648 0.498380667495897 0.0348055785895579 0
 6649 0.492957144992185 0.0299300778763835 0
 6650 0.492520428576866 0.025581053147902 0
 6651 0.474321021115305 0.301115751439838 0
 6652 0.483448162294462 0.303136187360795 0
 6653 0.482063819157686 0.307218564300908 0
 6654 0.483559708170372 0.290245272279876 0
 6655 0.493338542882815 0.304395766113747 0
 6656 0.498609057522445 0.31179644723554 0
 6657 0.48861437453168 0.311750345645654 0
 6658 0.459277558282424 0.0777432743037512 0
 6659 0.468254578611503 0.0761270352156885 0
 6660 0.45291993965022 0.0696095374318063 0
 6661 0.446953956635198 0.0661471565658825 0
 6662 0.443481909327868 0.0765900664816459 0
 6663 0.51935981380397 0.0283780188403301 0
 6664 0.440670280615682 0.0937933067631759 0
 6665 0.429955221845234 0.0762183573623254 0
 6666 0.431494950399604 0.0688711460889804 0
 6667 0.433947754375537 0.0480627211477334 0
 6668 0.247422988069423 0.743047782645397 0
 6669 0.584081152732341 0.208294093336225 0
 6670 0.484108170145959 0.0716983133448907 0
 6671 0.537722233700597 0.28894499155316 0
 6672 0.531357526542485 0.286630552765778 0
 6673 0.543102183102229 0.291671437126902 0
 6674 0.539243818375393 0.299514816981281 0
 6675 0.560022663431915 0.290811271152713 0
 6676 0.470838481810738 0.0513228219147589 0
 6677 0.542915209181758 0.303758056245982 0
 6678 0.538604346434051 0.313887584310535 0
 6679 0.542308568743014 0.309236442324633 0
 6680 0.553646089824845 0.311159748271856 0
 6681 0.559435814733213 0.315358744619487 0
 6682 0.450439079652334 0.257257991594952 0
 6683 0.534645103683068 0.318380047133621 0
 6684 0.525322429199827 0.320427989774123 0
 6685 0.534181621214028 0.313604163630927 0
 6686 0.39335718267045 0.130296533318621 0
 6687 0.463092267238016 0.252345249258681 0
 6688 0.528680348979493 0.30659111614905 0
 6689 0.521355560440077 0.310584555763853 0
 6690 0.524074920705248 0.306143358625053 0
 6691 0.513681947008164 0.315194155005315 0
 6692 0.509614777525096 0.311329138596025 0
 6693 0.505754573322462 0.33105978666105 0
 6694 0.520197942306757 0.324214330984837 0
 6695 0.525384980800785 0.333823126341065 0
 6696 0.522492368627642 0.32936157149871 0
 6697 0.477094412956093 0.0530592515101723 0
 6698 0.494705570245856 0.332636376446081 0
 6699 0.500310653184492 0.330331580537215 0
 6700 0.477058266452741 0.318563644976471 0
 6701 0.469337900924596 0.326534085635043 0
 6702 0.472600434948875 0.316586811974016 0
 6703 0.552286114305977 0.12477841747714 0
 6704 0.46851771027887 0.29251122834314 0
 6705 0.561431371642031 0.084147465586628 0
 6706 0.527790040557563 0.33834628338034 0
 6707 0.519807132260595 0.344470303450244 0
 6708 0.522371618042009 0.339015239966899 0
 6709 0.608409656684448 0.166347891541414 0
 6710 0.39563608503469 0.0934455771594349 0
 6711 0.518729520831131 0.263806399948254 0
 6712 0.415607909661818 0.0639440170759854 0
 6713 0.455345879947783 0.106314325342003 0
 6714 0.457386932534141 0.0917568403400238 0
 6715 0.367557694514142 0.195040241054645 0
 6716 0.536698314938151 0.323157364950577 0
 6717 0.530569146253922 0.322751849250473 0
 6718 0.542704343421093 0.323258458352295 0
 6719 0.54802191632592 0.334548257841996 0
 6720 0.539688399644768 0.327767640909093 0
 6721 0.562046950449433 0.32156564277254 0
 6722 0.569618911756318 0.322076490498067 0
 6723 0.559722036625162 0.332326487981826 0
 6724 0.536838278783308 0.348442826088083 0
 6725 0.540477414814237 0.344319264982963 0
 6726 0.50620676984855 0.0717807177413106 0
 6727 0.576980036160057 0.322459009443861 0
 6728 0.529943102611629 0.432261056863665 0
 6729 0.569035015223744 0.343430472229823 0
 6730 0.553869476143352 0.352993437352575 0
 6731 0.562656951337759 0.343034505604369 0
 6732 0.549951715663495 0.340438261923891 0
 6733 0.548633730514766 0.349600177751135 0
 6734 0.553080670784865 0.358642986729341 0
 6735 0.544751995534705 0.367263558869801 0
 6736 0.547429699611395 0.359546630971254 0
 6737 0.561037540194382 0.357690458046614 0
 6738 0.5622250983269 0.373354119829489 0
 6739 0.541501221127769 0.371861032675381 0
 6740 0.527247977764005 0.363393845701583 0
 6741 0.539986377653164 0.366510139092044 0
 6742 0.533804776165612 0.352286128510663 0
 6743 0.523670953826235 0.348783452366766 0
 6744 0.530161881586192 0.347679907300667 0
 6745 0.536476014043468 0.357067155568357 0
 6746 0.52291145272101 0.364935131258123 0
 6747 0.531557297303459 0.356272074468574 0
 6748 0.519979123267393 0.36873729895002 0
 6749 0.510252223720474 0.363382035851046 0
 6750 0.518476254784627 0.362931588436854 0
 6751 0.52180015082915 0.374537223877705 0
 6752 0.513091447629322 0.380588081804196 0
 6753 0.516460609267131 0.372454962179019 0
 6754 0.504895650026973 0.363229028144786 0
 6755 0.505553063722439 0.349187523190429 0
 6756 0.508992204429174 0.35891601927537 0
 6757 0.533421861680207 0.382902606723657 0
 6758 0.525521284677039 0.379089650720101 0
 6759 0.509755466267564 0.384475782014075 0
 6760 0.500942143192449 0.383736647310511 0
 6761 0.509396846513426 0.379775987318966 0
 6762 0.490554671353153 0.361521832863561 0
 6763 0.499698684574483 0.361102644215598 0
 6764 0.502866856783042 0.344740617058046 0
 6765 0.511358278163787 0.339697358185637 0
 6766 0.50865569020082 0.34479742601955 0
 6767 0.497388619638576 0.344290590725014 0
 6768 0.500393418850387 0.340064644217364 0
 6769 0.515254746390459 0.243494276085263 0
 6770 0.571563340020015 0.350121693975784 0
 6771 0.453142931379595 0.239039817471633 0
 6772 0.557373671269204 0.384558110818907 0
 6773 0.545949650470006 0.374911528299324 0
 6774 0.536295852018044 0.37919648438003 0
 6775 0.553832095753205 0.389035410840157 0
 6776 0.527624182797839 0.051643003831989 0
 6777 0.462961280373613 0.326176095307759 0
 6778 0.456367865963105 0.325490625739317 0
 6779 0.459513657021269 0.321691244963702 0
 6780 0.462444555484378 0.334841532161525 0
 6781 0.459638359177886 0.343509961813303 0
 6782 0.468928651916777 0.335627552379064 0
 6783 0.465595077266642 0.338869457329124 0
 6784 0.446906610017457 0.342579356226431 0
 6785 0.480276367428461 0.336820085004089 0
 6786 0.524692788860822 0.070315893691582 0
 6787 0.485535960617636 0.360788013695354 0
 6788 0.482112908942267 0.364431955019398 0
 6789 0.471746361574023 0.364134579525402 0
 6790 0.480876671681628 0.360196181336024 0
 6791 0.4842995489942 0.368962440233682 0
 6792 0.474702108724959 0.377946348258509 0
 6793 0.479227795899565 0.368181649065565 0
 6794 0.468011396061518 0.361671163681551 0
 6795 0.464854377318354 0.352235288392154 0
 6796 0.488971967718642 0.377918062473466 0
 6797 0.492605354156286 0.38775315663526 0
 6798 0.485030739331213 0.394715694847353 0
 6799 0.486986226013039 0.38670008797103 0
 6800 0.498289939515685 0.388373561906452 0
 6801 0.50198506264994 0.398528978837906 0
 6802 0.494313332260328 0.392883006219047 0
 6803 0.480118634942261 0.395861878230307 0
 6804 0.46721119705478 0.392261940992287 0
 6805 0.559425776555744 0.0475082620551555 0
 6806 0.511461580692771 0.388959941495406 0
 6807 0.50483118053246 0.388332696476482 0
 6808 0.516774463851144 0.389847690895666 0
 6809 0.520542997150789 0.400768699753083 0
 6810 0.513802351554146 0.394217539296599 0
 6811 0.519944788115027 0.385869547934492 0
 6812 0.530118349171929 0.386951721548098 0
 6813 0.521929326214677 0.389962477139232 0
 6814 0.537714741082902 0.392253866437015 0
 6815 0.542596399124543 0.402613011635263 0
 6816 0.535384465222864 0.396619408215344 0
 6817 0.522084495062656 0.405638728951651 0
 6818 0.514718784412428 0.414002686131682 0
 6819 0.51699453521082 0.404669525393683 0
 6820 0.556469655350827 0.394539692901334 0
 6821 0.558545733336871 0.40127093573348 0
 6822 0.534261064112663 0.407211140473744 0
 6823 0.531651353270303 0.415836893665309 0
 6824 0.535512987690555 0.411981216338394 0
 6825 0.567266307638084 0.3907568474983 0
 6826 0.636496530264285 0.0391075209369366 0
 6827 0.559073868848414 0.4085919874121 0
 6828 0.5490038339061 0.417791851969725 0
 6829 0.493848023181375 0.412743696999997 0
 6830 0.498602013062112 0.405261531306889 0
 6831 0.477111718366964 0.403802236425747 0
 6832 0.472510316912645 0.410759803634327 0
 6833 0.475709527229804 0.407719884815103 0
 6834 0.464253642320986 0.379235641101861 0
 6835 0.466827495031814 0.38827422115969 0
 6836 0.815707177488956 0.695584409652958 0
 6837 0.527850368594329 0.419962677465698 0
 6838 0.523861406433224 0.41061934368459 0
 6839 0.529816271713246 0.424574082848123 0
 6840 0.524625720334028 0.42451811449333 0
 6841 0.532387562262329 0.428600476351533 0
 6842 0.535741601253507 0.437219942197547 0
 6843 0.53482689604003 0.432496194350017 0
 6844 0.515199068661343 0.434630068531079 0
 6845 0.506010625618625 0.432894720354969 0
 6846 0.509528779729201 0.417175082333799 0
 6847 0.499658056867436 0.412827028308628 0
 6848 0.505327001825505 0.412786282110266 0
 6849 0.510290991134159 0.422848902224789 0
 6850 0.502203721906737 0.429587166143871 0
 6851 0.506102925565105 0.420712103356435 0
 6852 0.493949709768847 0.427207321257266 0
 6853 0.484294997827266 0.428190948762659 0
 6854 1 0.650323387458684 0
 6855 0.494999561746424 0.436596781015129 0
 6856 0.487828195160235 0.444704069635478 0
 6857 0.491539653759635 0.441227503285073 0
 6858 0.479474961858542 0.427367806439104 0
 6859 0.4774062585885 0.418882975429311 0
 6860 0.47623961184305 0.431068833686328 0
 6861 0.464742110365142 0.42828889992041 0
 6862 0.474267882692413 0.426109569800273 0
 6863 0.478786296720518 0.435475062311626 0
 6864 0.472266920364823 0.444225266683029 0
 6865 0.473459537689777 0.435291980848469 0
 6866 0.45871413951772 0.414725414788086 0
 6867 0.460980104715068 0.419812796722382 0
 6868 0.0846097325896326 0.614947855335203 0
 6869 0.484654276673059 0.448228251970528 0
 6870 0.481956727588471 0.443630350159643 0
 6871 0.487233928202582 0.453032486315519 0
 6872 0.481870453840643 0.461918545776225 0
 6873 0.482896683212765 0.452131929596738 0
 6874 0.461743444172853 0.459535199786782 0
 6875 0.458759386056925 0.18885626285227 0
 6876 0.476021601058328 0.196814396427804 0
 6877 0.471925365099011 0.47061732132811 0
 6878 0.46650643967943 0.477034741254098 0
 6879 0.470288488072544 0.474541465883996 0
 6880 0.455708891689802 0.459136441415033 0
 6881 0.458165946693592 0.444842303505705 0
 6882 0.460472464232654 0.455236075942183 0
 6883 0.468853285003061 0.448234963797425 0
 6884 0.454537815864261 0.44147012886759 0
 6885 0.467233866159434 0.443311599224884 0
 6886 0.448820738118163 0.440252171956206 0
 6887 0.445348650198714 0.431026456917275 0
 6888 0.453610692548961 0.437593652197054 0
 6889 0.44480890152865 0.44490268650367 0
 6890 0.437245138656519 0.442544796879038 0
 6891 0.446772220016555 0.425306794602888 0
 6892 0.454986230205382 0.419183550318145 0
 6893 0.451685955696815 0.423438395993719 0
 6894 0.433969166060402 0.407681754641344 0
 6895 0.444830309601178 0.39951696947638 0
 6896 0.438670590299024 0.409902582759647 0
 6897 0.450102322237304 0.450159621370812 0
 6898 0.443431881452632 0.458128846516334 0
 6899 0.476166133050328 0.239929572682074 0
 6900 0.544737470687389 0.408489729225264 0
 6901 0.546492369111238 0.422689195219511 0
 6902 0.54320821614739 0.417899909717357 0
 6903 0.55037716760985 0.426459723381452 0
 6904 0.539746270982292 0.433240108263751 0
 6905 0.543856991279315 0.428459982371538 0
 6906 0.556706169521985 0.426115459810817 0
 6907 0.561176167648267 0.44045670213344 0
 6908 0.557716150514002 0.435727975911455 0
 6909 0.563733152575173 0.426440948940423 0
 6910 0.570378538216391 0.427223221637898 0
 6911 0.498327787997892 0.245071698668582 0
 6912 0.563336810898038 0.446546629637048 0
 6913 0.556924924176395 0.445349687801307 0
 6914 0.49965537627888 0.439008447302667 0
 6915 0.503916750866506 0.447384970093826 0
 6916 0.50112359010499 0.44349009685237 0
 6917 0.507690651553502 0.437575946491133 0
 6918 0.517201772814431 0.439306766462066 0
 6919 0.522277008806821 0.440719199568475 0
 6920 0.521131738463596 0.451901517789776 0
 6921 0.517886358893852 0.444288668167406 0
 6922 0.531341354141604 0.44439018975799 0
 6923 0.51123450970362 0.457100230313388 0
 6924 0.474087647439561 0.382592723626458 0
 6925 0.462455381036168 0.374201875165104 0
 6926 0.457558646798616 0.373295308241532 0
 6927 0.450083877599803 0.365405944564299 0
 6928 0.485119238264518 0.221279457926228 0
 6929 0.454528496896164 0.37748765784054 0
 6930 0.442258129509217 0.377011957921211 0
 6931 0.452013732466936 0.374034776109418 0
 6932 0.45238047742595 0.360606518653914 0
 6933 0.453322143368286 0.351542196619798 0
 6934 0.446703022839787 0.352771212475431 0
 6935 0.49192991781501 0.1853247642483 0
 6936 0.454911548001139 0.381911389975391 0
 6937 0.446135654512936 0.389924021971582 0
 6938 0.434887576718467 0.375358716617977 0
 6939 0.421191122173708 0.369066878384929 0
 6940 0.4806700178726 0.205490344554609 0
 6941 0.398627353245591 0.367388096320543 0
 6942 0.387016556213375 0.384344495627599 0
 6943 0.529055820611786 0.237057904423195 0
 6944 0.401738155971427 0.339427151622566 0
 6945 0.427188097991872 0.344653956700722 0
 6946 0.535226747672522 0.207639685555001 0
 6947 0.381489493044584 0.602619204604798 0
 6948 0.402968453564477 0.409119046539316 0
 6949 0.413074976403226 0.426766119485183 0
 6950 0.47910242384044 0.104176201573966 0
 6951 0.483991085562679 0.18012431129612 0
 6952 0.504057732660552 0.18857863466076 0
 6953 0.405935017426184 0.45218174587886 0
 6954 0.494911341859681 0.122816291882735 0
 6955 0.436325688540425 0.460283410406957 0
 6956 0.431741753721733 0.455451965625131 0
 6957 0.388945928855929 0.461351399503261 0
 6958 0.448378559597507 0.395166288854876 0
 6959 0.459388796870494 0.395978961039172 0
 6960 0.450681427274226 0.400348028320754 0
 6961 0.45399157510192 0.391396571053892 0
 6962 0.460611732690491 0.382780663352383 0
 6963 0.45692322049573 0.386863257098791 0
 6964 0.437030979668291 0.350162180724584 0
 6965 0.445303415023946 0.359750546662725 0
 6966 0.51584798132406 0.1897074947803 0
 6967 0.575775856319565 0.421385995731366 0
 6968 0.567905252725475 0.411008124042109 0
 6969 0.539138984957536 0.407350291582924 0
 6970 0.483226327775193 0.470377163801713 0
 6971 0.487903893585959 0.478421593365455 0
 6972 0.488377364872089 0.403088320308466 0
 6973 0.454969687152873 0.464138615963526 0
 6974 0.449965809798396 0.456086813294862 0
 6975 0.457914235504477 0.468737007039463 0
 6976 0.450891208274921 0.476595627087559 0
 6977 0.451763241477356 0.467811576520384 0
 6978 0.381536064345755 0.589351810643415 0
 6979 0.463389409778641 0.480517829377843 0
 6980 0.460872743745549 0.474364288187202 0
 6981 0.465268316089508 0.486051900773584 0
 6982 0.459086425029953 0.494833083176424 0
 6983 0.46070368201081 0.484722133871495 0
 6984 0.444945440109475 0.476892897974485 0
 6985 0.470511371048725 0.487487644790825 0
 6986 0.471840092942811 0.499837931441139 0
 6987 0.467010579235563 0.491080170627479 0
 6988 0.453562834066402 0.496536133630818 0
 6989 0.444682216341531 0.490097878351361 0
 6990 0.442945834268053 0.483885401965122 0
 6991 0.440724852698667 0.494998008795285 0
 6992 0.48835049496261 0.486089706171694 0
 6993 0.527806819904441 0.127438336913491 0
 6994 0.45297653363685 0.502951241003307 0
 6995 0.448743038803304 0.500624557720998 0
 6996 0.803265847609762 0.325531191267935 0
 6997 0.541905054765584 0.159765083637378 0
 6998 0.500686528764088 0.47653209059134 0
 6999 0.578781670308704 0.427631715527934 0
 7000 0.580423160939678 0.434847166954635 0
 7001 0.566136527067952 0.935155514484933 0
 7002 0.570994769529841 0.463847356431764 0
 7003 0.565701145773117 0.458603886691075 0
 7004 0.803300597810467 0.301025502030683 0
 7005 0.132909198449874 0.0197007841763786 0
 7006 0.456166434514967 0.491560782893728 0
 7007 0.565789341032268 0.870369957159576 0
 7008 0.427111960188314 0.0871410417359346 0
 7009 0.528160942972867 0.132435846130605 0
 7010 0.443523047742174 0.327931363777425 0
 7011 0.437535333565662 0.320789078280741 0
 7012 0.521650750407735 0.143690347111379 0
 7013 0.497990281643047 0.379732423795007 0
 7014 0.442695276880374 0.421476820706914 0
 7015 0.47785740049027 0.0445216507739248 0
 7016 0.475714489798462 0.0333689083850156 0
 7017 0.474578814570493 0.0279141648928059 0
 7018 0.483264664657075 0.0241481324071041 0
 7019 0.393750324317264 0.111454569736958 0
 7020 0.529626504385392 0.147015214240425 0
 7021 0.501354122141599 0.494553786546278 0
 7022 0.502045703567191 0.489159823922976 0
 7023 0.441870454845285 0.0530077378800723 0
 7024 0.436695319905117 0.0430007620000426 0
 7025 0.439606938761606 0.0484455372768239 0
 7026 0.567379084943631 0.15165772867599 0
 7027 0.356581989043845 0.0244905584822325 0
 7028 0.496607750466357 0.0910984412115417 0
 7029 0.372486236268728 0.0742960461453323 0
 7030 0.579674613364698 0.382811112196913 0
 7031 0.579606303504915 0.390811245763205 0
 7032 0.438254411861535 0.518089828794155 0
 7033 0.488770425687386 0.0912725819580367 0
 7034 0.418014728421814 0.506307574294777 0
 7035 0.543620186812548 0.123044099003165 0
 7036 0.453411130923618 0.805145747023781 0
 7037 0.448914762827601 0.801307122876068 0
 7038 0.442952991048798 0.791779663926793 0
 7039 0.445709624991214 0.79676968575202 0
 7040 0.449918926634698 0.779501506195408 0
 7041 0.437079517373379 0.780808003267576 0
 7042 0.432272867483591 0.767983144645329 0
 7043 0.488556813343522 0.79381548646222 0
 7044 0.498410302748503 0.794477337279142 0
 7045 0.432958894117285 0.787810932308358 0
 7046 0.425642609997714 0.78821527723176 0
 7047 0.438894302585882 0.756311363702904 0
 7048 0.640185334966586 0.857239568614407 0
 7049 0.466090143921754 0.058378121402957 0
 7050 0.41888735887443 0.751233108075898 0
 7051 0.48518718549198 0.0548459978699895 0
 7052 0.404854402603016 0.759088982830902 0
 7053 0.395188358407904 0.745693501450562 0
 7054 0.401718482393661 0.751536464623245 0
 7055 0.491669824873718 0.0718101668850952 0
 7056 0.566056852172346 0.486150690771639 0
 7057 0.555813849333451 0.480184245832393 0
 7058 0.565651002777983 0.492296318725281 0
 7059 0.554199442663353 0.496621229181595 0
 7060 0.560584248775618 0.489224264866935 0
 7061 0.545601544103625 0.49208659207695 0
 7062 0.505495503342461 0.0596559964245108 0
 7063 0.975105459671337 0.907517380705833 0
 7064 0.530461404677033 0.47636474115273 0
 7065 0.545746134146028 0.512373120776011 0
 7066 0.510978983682078 0.495966117255539 0
 7067 0.51429205397206 0.504142512993079 0
 7068 0.510872529201159 0.512699517492528 0
 7069 0.510538540771159 0.503349945556306 0
 7070 0.493445951011401 0.542521724853541 0
 7071 0.485531973073927 0.536469726884595 0
 7072 0.495494559921674 0.528545683959928 0
 7073 0.490061535859187 0.52140511635575 0
 7074 0.525748610803941 0.0828370743550338 0
 7075 0.558783191327449 0.258638385196629 0
 7076 0.528808689402051 0.0954805798341927 0
 7077 0.535863930904832 0.0948194238117671 0
 7078 0.422326390574543 0.0237300330219075 0
 7079 0.414127211039649 0.0403033194612234 0
 7080 0.543258535567507 0.11281167686855 0
 7081 0.922311793697335 0.868285301753931 0
 7082 0.523707068944448 0.140578850709386 0
 7083 0.442049349495157 0.0149872632505577 0
 7084 0.437656572448691 0.0268131084418065 0
 7085 0.547162040427423 0.118935679070667 0
 7086 0.640271598902724 0.882050989823196 0
 7087 0.570309748515002 0.785269814945239 0
 7088 0.571931580191038 0.774644626252835 0
 7089 0.566247676054222 0.788720668840703 0
 7090 0.556197174046084 0.780883077744207 0
 7091 0.562251184138649 0.777711721796115 0
 7092 0.56587693176092 0.793933934648839 0
 7093 0.554198625639894 0.797405482310432 0
 7094 0.560902483118179 0.790457429431089 0
 7095 0.55096830541947 0.094782010862209 0
 7096 0.557153163229773 0.768324906042228 0
 7097 0.572540010961247 0.763098048456223 0
 7098 0.571176516424677 0.748824814493253 0
 7099 0.53116708190878 0.0644224690819429 0
 7100 0.566739000061911 0.800148526379695 0
 7101 0.566641688100129 0.80636183557834 0
 7102 0.566404825736852 0.753359144308054 0
 7103 0.566151303372419 0.81192021079192 0
 7104 0.547841512505787 0.815597185901232 0
 7105 0.561578494325403 0.808742386102617 0
 7106 0.541822967210439 0.80913885495227 0
 7107 0.452322736438857 0.861833311733343 0
 7108 0.585373702406061 0.754021961733135 0
 7109 0.57714755967427 0.74396949016292 0
 7110 0.538934208570287 0.763020888828195 0
 7111 0.544302562343771 0.752273400439549 0
 7112 0.629428921269667 0.146876536208017 0
 7113 0.630865500004835 0.174736172034967 0
 7114 0.574438008373012 0.333090752547728 0
 7115 0.582980311490206 0.344120403315782 0
 7116 0.582171536041735 0.356693816923965 0
 7117 0.602280346651263 0.567249805837598 0
 7118 0.567897318339866 0.0863164031520374 0
 7119 0.527047688763919 0.156201350676589 0
 7120 0.57612445333178 0.571468618606437 0
 7121 0.620972015554458 0.552261938647407 0
 7122 0.432002926643912 0.0376024464077304 0
 7123 0.443259955629888 0.0327013695613295 0
 7124 0.452141277126642 0.0495688887774651 0
 7125 0.588207686472968 0.232309718784207 0
 7126 0.534704952617514 0.0300553067238281 0
 7127 0.552839767471714 0.283576063650063 0
 7128 0.365569013520465 0 0
 7129 0.580484877000719 0.982904282749637 0
 7130 0.581288700733854 0.312150540491565 0
 7131 0.571347129610004 0.447719741030976 0
 7132 0.467783865283217 0.250668094822227 0
 7133 0.457204583685691 0.561495930424275 0
 7134 0.566697769236219 0.310561194806156 0
 7135 0.562580549812284 0.304203094626217 0
 7136 0.45199896361418 0 0
 7137 0.446404289914147 0.010780665070126 0
 7138 0.450174266051882 0.00566655633494555 0
 7139 0.447191768242085 0.541128253428763 0
 7140 0.452650684360431 0.550344817383073 0
 7141 0.446905175575771 0.547484413668444 0
 7142 0.606213169226373 0.421036136499242 0
 7143 0.6342805712709 1 0
 7144 0.545433549692481 0.842811689694593 0
 7145 0.561196291454413 0.92288996143825 0
 7146 0.455422428422288 0.986983044716932 0
 7147 0.533494928852562 0.267217035622051 0
 7148 0.45766391477998 0.995757535050691 0
 7149 0.44517288982973 0.993146411231903 0
 7150 0.79656203387176 0.542424562189672 0
 7151 0.452777552701094 0.647459337386933 0
 7152 0.446277865738866 0.638481180082026 0
 7153 0.431371135871366 0.655154026980902 0
 7154 0.593244128325819 0.527309841330614 0
 7155 0.567976633991498 0.589224518222009 0
 7156 0.584289299258117 0.558075621364587 0
 7157 0.526885698825019 0.757189192011276 0
 7158 0.517075658893045 0.755712587779993 0
 7159 0.578194956713771 0.583508643934795 0
 7160 0.567411922871969 0.58126924843632 0
 7161 0.568468899205185 0.574583282639506 0
 7162 0.583311595718507 0.549511827859194 0
 7163 0.552563030954773 0.621357379345152 0
 7164 0.536230312823696 0.527321991589078 0
 7165 0.62694279011904 0.504996825335812 0
 7166 0 0.30157648779 0
 7167 0.385707666556506 0.248488574999204 0
 7168 0.407124632273345 0.305853494753293 0
 7169 0.371823875852431 0.369573862527018 0
 7170 0.458859357447723 0.889641854645843 0
 7171 0 0.7349835216 0
 7172 0.467620376530753 0.888162222157559 0
 7173 0.455256224168207 0.885947000322902 0
 7174 0.574957337647998 0.228010096744355 0
 7175 0.428152407183136 0.100799144931182 0
 7176 0.430295005640125 0.0933669334789639 0
 7177 0.603641131911542 0.197724043916611 0
 7178 0.716889351690085 0.762850294640917 0
 7179 0.532699783824605 0.656739561808016 0
 7180 0.512006278835627 0.747745818228504 0
 7181 0.529361244465675 0.744202925103403 0
 7182 0.464488112891128 0.878398278886258 0
 7183 0.461517686023941 0.848393674727884 0
 7184 0.536082834957565 0.517396265220701 0
 7185 0.492477256113449 0.837800758815356 0
 7186 0.459163687492994 0.835136423510178 0
 7187 0.4856830901714 0.812244153426533 0
 7188 0.471619649995574 0.814884681446079 0
 7189 0 0.768781587432001 0
 7190 0.545872222405578 0.52781537247238 0
 7191 0.554889635163498 0.552224918952547 0
 7192 0.536927957017701 0.554972976997966 0
 7193 0.53690765859912 0.582278385946452 0
 7194 0.537754293427076 0.605430437336049 0
 7195 0.546202600437938 0.598524882216575 0
 7196 0.504053850520688 0.614360724600797 0
 7197 0.519801272686515 0.620198280849634 0
 7198 0.503962483257212 0.619875283856949 0
 7199 0.482999089139067 0.0461162785033047 0
 7200 0.540513603626286 0.638273698280615 0
 7201 0.486242012303189 0.0385768034264961 0
 7202 0.545785815585428 0.907192105394317 0
 7203 0.543716636862431 0.901959416665379 0
 7204 0.555172272409751 0.822154872501771 0
 7205 0.555155930068521 0.842575834149178 0
 7206 0.544747173129004 0.877994185878031 0
 7207 0.545994934608427 0.867661332450358 0
 7208 0.520525080210909 0.870187248660735 0
 7209 0.508935045789757 0.865183804051365 0
 7210 0.536296143461099 0.843241376530636 0
 7211 0.510689190947381 0.821538309565035 0
 7212 0.497513908377357 0.830891500375606 0
 7213 0.545569156183779 0.820929011429629 0
 7214 0.523611891815189 0.809859530903302 0
 7215 0.512407436394835 0.438597520197777 0
 7216 0.536546839853142 0.802018823897549 0
 7217 0.545494270158166 0.797712426125173 0
 7218 0.462463402040425 0.44243461238691 0
 7219 0.536491266257333 0.931168734323953 0
 7220 0.527490378703688 0.911448676492859 0
 7221 0.459715426697454 0.450252119080637 0
 7222 0.555315678389926 0.952619183197584 0
 7223 0.954253377131073 0.396685643164878 0
 7224 0.528769668876408 0.990108378851189 0
 7225 0.526594984653635 0.995756124311551 0
 7226 0.55575218930867 0.973035869918456 0
 7227 0.504561876262839 0.425122542012399 0
 7228 0.535937172325908 0.571896446760393 0
 7229 0.502919464507255 0.965487321759642 0
 7230 0.487960191000029 0.891688826762179 0
 7231 0.498432686201479 0.420931531802821 0
 7232 0.499126416188399 0.891399304592398 0
 7233 0.484574497302336 0.608626529671031 0
 7234 0.515104378616388 0.424539378146771 0
 7235 0.480910619585961 0.623950149868067 0
 7236 0.475900701313215 0.607446266132896 0
 7237 0.467189735692898 0.613494447477543 0
 7238 0.457548352250775 0.596859776660705 0
 7239 0.476140478796262 0.595114983420509 0
 7240 0.475925850282943 0.576749620444136 0
 7241 0.456397165148223 0.577254991614837 0
 7242 0.55526165310343 0.16889385431197 0
 7243 0.641310072165811 0.417839278209613 0
 7244 0.507165266161508 0.0995821414601689 0
 7245 0.505799331848443 0.0222404860184969 0
 7246 0.517522279503256 0.100844266828243 0
 7247 0.525774367916243 0.0173448733380232 0
 7248 0.51598582192357 0.00444504576001012 0
 7249 0.540106084288227 0.171532061195696 0
 7250 0.48803976880936 0.13745962410593 0
 7251 0.507600316865837 0.117718086513158 0
 7252 0.48388894719214 0.101596890394851 0
 7253 0.469645843645743 0.0811331119977814 0
 7254 0.465391993632662 0.138722498774784 0
 7255 0.469663263282902 0.134747530133058 0
 7256 0.487821387879122 0.398370335281134 0
 7257 0.50666746844563 0.242932400897663 0
 7258 0.528906924538782 0.245459693623319 0
 7259 0.484920912683455 0.276644528253612 0
 7260 0.479254278859673 0.135292332343854 0
 7261 0.487642819972596 0.126471064281177 0
 7262 0.524256564888557 0.894462628077217 0
 7263 0.477577556624747 0.164668061529985 0
 7264 0.461565988160054 0.309359949890675 0
 7265 0.528390467389547 0.0864414924351425 0
 7266 0.514476219890033 0.273839664181875 0
 7267 0.490769254454953 0.285181769789086 0
 7268 0.560955722112583 0.231819677972665 0
 7269 0.499574277695478 0.227321926266918 0
 7270 0.453774434751977 0.138285422904027 0
 7271 0.496439559955791 0.269260280713101 0
 7272 0.502618415125158 0.373390809480025 0
 7273 0.558767370045969 0.203712246775262 0
 7274 0.485684965033612 0.298813972962595 0
 7275 0.483877257152231 0.311293193066539 0
 7276 0.544034035374856 0.313489508664175 0
 7277 0.469069748036969 0.046973453692238 0
 7278 0.506723425318731 0.371423484170406 0
 7279 0.464698567803349 0.28323352063682 0
 7280 0.477535738911886 0.258867704931141 0
 7281 0.498356996320287 0.321057205591228 0
 7282 0.558538724402235 0.349168627309979 0
 7283 0.463284709622034 0.100677606238808 0
 7284 0.453696819979397 0.0870276463189797 0
 7285 0.453838472053436 0.0785483796488624 0
 7286 0.485924472656001 0.336665908567351 0
 7287 0.538906631485208 0.383228196095227 0
 7288 0.486162166474701 0.352801720186201 0
 7289 0.47438910807855 0.351773062107361 0
 7290 0.482104251189817 0.380790111635353 0
 7291 0.466181777978339 0.287689832593113 0
 7292 0.487688594820689 0.42112008207474 0
 7293 0.505536474760989 0.315491821605997 0
 7294 0.501277093261079 0.456066533329049 0
 7295 0.469727628852355 0.415257586830968 0
 7296 0.544865379825462 0.435498472049869 0
 7297 0.550183930989059 0.444050752194542 0
 7298 0.525073222991919 0.449437124359193 0
 7299 0.450201887187771 0.40925541707351 0
 7300 0.471813359976633 0.478591107149069 0
 7301 0.477689392892894 0.411634656877424 0
 7302 0.477039362302992 0.497109626001861 0
 7303 0.821017395793227 0.0483138947916361 0
 7304 0.553149697456039 0.457462344024621 0
 7305 0.473725183959001 0.515336296309721 0
 7306 0.453148006483299 0.0550500711747789 0
 7307 0.491542291202554 0.365822788077748 0
 7308 0.488065282648814 0.030829976635251 0
 7309 0.512479255383058 0.480613995895447 0
 7310 0.516302292897958 0.298291331605319 0
 7311 0.541666828670264 0.281403977536985 0
 7312 0.484390716501812 0.513768153271735 0
 7313 0.57879326860372 0.251243674493979 0
 7314 0.466687245232454 0.808098332867346 0
 7315 0.452186947847449 0.795158512801542 0
 7316 0.469657507054707 0.802688729550239 0
 7317 0.379161663337992 0.150480045993081 0
 7318 0.367599344293333 0.181749267562677 0
 7319 0.475236312712458 0.787170837697741 0
 7320 0.441087450722195 0.774548643636494 0
 7321 0.460985175756452 0.777966449079271 0
 7322 0.491751835737379 0.798571174407074 0
 7323 0.4956547316105 0.787938517105254 0
 7324 0.360887512430049 0.817030900066909 0
 7325 0.545353895220693 0.487042434806466 0
 7326 0.468150420975394 0.278928841701125 0
 7327 0.536195740399448 0.51248275845551 0
 7328 0.487900041457328 0.281057327567311 0
 7329 0.526983867092857 0.49167858003289 0
 7330 0.501338036831979 0.505140274653719 0
 7331 0.493680659020223 0.537680447982818 0
 7332 0.493238681970553 0.547458552311505 0
 7333 0.479516863770532 0.543749178494162 0
 7334 0.50931930884357 0.53207459605561 0
 7335 0.506470749795191 0.521976506108296 0
 7336 0.858748616197482 0.238189167970444 0
 7337 0.492972454038437 0.487738519313111 0
 7338 0.47486571705448 0.95953725706323 0
 7339 0.475294531142508 0.968510825018323 0
 7340 0.505945295432135 0.247719356686836 0
 7341 0.545150913186851 0.803410873860664 0
 7342 0.551303050089192 0.756508350735374 0
 7343 0.465779876173218 0.172776480327927 0
 7344 0.461499410466709 0.756666237187232 0
 7345 1 0.577888161916195 0
 7346 0.457903133342459 0.546543574085126 0
 7347 0.460122803707425 0.197214218650868 0
 7348 0.496212445944629 0.64942016841337 0
 7349 0.461599049899391 0.98556135481392 0
 7350 0.502188008215932 0.93212425904156 0
 7351 0.494975829868138 0.243335689379717 0
 7352 0.456276406038325 0.642575480674898 0
 7353 0.524981188418686 0.752412679957111 0
 7354 0.469342797438967 0.200807307146959 0
 7355 0.464358619896734 0 0
 7356 0.554705145332805 0.577730062652021 0
 7357 0.518589821192743 0.771900987505246 0
 7358 0.501717419923966 0.637050869898813 0
 7359 0.525202629504695 0.227086992942005 0
 7360 0.538412057093053 0.2242730597986 0
 7361 0.537316046530762 0.460374705433016 0
 7362 0.527350207068197 0.219442200992644 0
 7363 0.526362774305344 0.458112463586286 0
 7364 0.444799321347301 0.518173671064852 0
 7365 0.491463767992136 0.166220210612427 0
 7366 0.494189056066758 0.740669712004515 0
 7367 0.473736699795289 0.741574581237339 0
 7368 0.505861211950532 0.660188459207568 0
 7369 0.460143301343838 0.659950291472357 0
 7370 0.518422374021645 0.739915077718735 0
 7371 0.481218249983901 0.659915070720312 0
 7372 0.527129014927117 0.647354093818582 0
 7373 0.519036481466606 0.186483234101611 0
 7374 0.520116637880643 0.204733835077123 0
 7375 0.549690693541031 0.161562334723857 0
 7376 0.542263422008646 0.130896561599095 0
 7377 0.525781939423711 0.137457913542148 0
 7378 0.531025591913139 0.152620866897003 0
 7379 0.519800921841755 0.123146565633648 0
 7380 0.534390169740375 0.75470084897592 0
 7381 0.53479778138196 0.750686150497495 0
 7382 0.474339572948021 0.0829386537693591 0
 7383 0.464128991398414 0.948207512237202 0
 7384 0.461577047039511 0.9179275833235 0
 7385 0.463879281589541 0.93098974456097 0
 7386 0.462338961616569 0.0541905829772481 0
 7387 0.458823936287885 0.90420289167612 0
 7388 0.462778836422642 0.0688770441686806 0
 7389 0.471836788879703 0.0670048277305303 0
 7390 0.471280048408194 0.883412040038138 0
 7391 0.471288974091889 0.892240924101407 0
 7392 0.488751141331469 0.0477123894610766 0
 7393 0.488133222247169 0.882932287751285 0
 7394 0.482647265797106 0.883045992025214 0
 7395 0.457806603974612 0.870920962919684 0
 7396 0.46417776197772 0.861572701028581 0
 7397 0.492880578616304 0.0606757498052477 0
 7398 1 0.537984733741255 0
 7399 0.49917116796 0.0714197840805059 0
 7400 0.512989397365577 0.0737742475318525 0
 7401 0.4865951361908 0.828278530873814 0
 7402 0.520617853737883 0.0335183091112148 0
 7403 0.546381780159823 0.0641410243934144 0
 7404 0.488323366749758 0.82229362918138 0
 7405 0.520544245222749 0.0780968076831653 0
 7406 0.542786575829018 0.0922702818950064 0
 7407 0.476203398864322 0.814302097361951 0
 7408 0.481236745609122 0.813465896876805 0
 7409 1 0.8445788119 0
 7410 0.467838409955669 0.821795041488919 0
 7411 0.555870853643701 0.512235366344608 0
 7412 0.556141031784318 0.532623776592061 0
 7413 0.536369242987625 0.532348423177088 0
 7414 0.54570740223241 0.53999257524325 0
 7415 0.536419026887116 0.542742180062307 0
 7416 0.538669259327552 0.068622551592917 0
 7417 0.545848265146044 0.546553138304146 0
 7418 0.546022541356335 0.557802626014206 0
 7419 0.556728072774038 0 0
 7420 0.542325725241359 0.0121441189400044 0
 7421 0.545961262127863 0.569694119934595 0
 7422 0.633232335878 0 0
 7423 0.523651417103991 0.559928314039485 0
 7424 0.478085518896465 0.559795323614917 0
 7425 0.555878626966555 0.563055423497384 0
 7426 0.515030734192452 0.575051411330278 0
 7427 0.537623087870499 0.57645460686137 0
 7428 0.546004737206688 0.580956048424621 0
 7429 0.537099477940325 0.593520746558377 0
 7430 0.02488839389905 0.485791215217174 0
 7431 0.546018730095166 0.5871894124207 0
 7432 0.559747825816022 0.818974807347486 0
 7433 0.511855370468869 0.606580955771492 0
 7434 0.51350840282729 0.616322271404681 0
 7435 0.508319552470339 0.610187918168863 0
 7436 0.519722160137746 0.610020660300554 0
 7437 0.528597195551001 0.617143072038927 0
 7438 0.608403604598036 0.991965476951743 0
 7439 0 0.842103007516 0
 7440 0.511797885255685 0.620447138601896 0
 7441 0.513138332242616 0.6246536429761 0
 7442 0.518889591522774 0.63314612027202 0
 7443 0.537332400569455 0.647795756671563 0
 7444 0.53126936030339 0.638086409667614 0
 7445 0.627239565293783 0.43372365937095 0
 7446 0.534948041454378 0.627537653499657 0
 7447 0.642323840789949 0.337200260535749 0
 7448 0.631089837987735 0.328108515436509 0
 7449 0.541545369442337 0.62246160805648 0
 7450 0.545038167236859 0.625423190984242 0
 7451 0.562062943969149 0.600077725827613 0
 7452 0.555188600168617 0.93670106399147 0
 7453 0.555272160436998 0.915040054424381 0
 7454 0.555512773895369 0.905696682727654 0
 7455 0.5368215781766 0.911304307609057 0
 7456 0.560740393510866 0.276033625989936 0
 7457 0.534513639372818 0.906367311389545 0
 7458 0.533899406379932 0.898617297114326 0
 7459 0.555144874291637 0.832211277625011 0
 7460 0.555775488787404 0.852712919787154 0
 7461 0.555573012041754 0.8952741503263 0
 7462 0.556143806723934 0.886891512814566 0
 7463 0.53418951447532 0.883611503202525 0
 7464 0.505252086310141 0.497901209085072 0
 7465 0.535426383060148 0.872805456139812 0
 7466 0.555639117411308 0.876101313058734 0
 7467 0.556341153560058 0.866791280477203 0
 7468 0.545466890690737 0.872703344796199 0
 7469 0.535743104212959 0.867382608571738 0
 7470 0.572635332572977 0.584550329857936 0
 7471 0.511269291464859 0.875758748499256 0
 7472 0.376362248066932 0.847074199915057 0
 7473 0.535799662193411 0.861752808043577 0
 7474 0.535860896122094 0.855306575747571 0
 7475 0.449132820801669 0.9351418346555 0
 7476 0.507583166228271 0.878946798389586 0
 7477 0.362368832209201 0.869714878210274 0
 7478 0.50070799795349 0.874606647570562 0
 7479 0.536667611578746 0.832708137687661 0
 7480 0.54549310335543 0.837668989348301 0
 7481 0.454607216099735 0.891129203371029 0
 7482 0.510663083041108 0.831500563335856 0
 7483 0.3851828438762 1 0
 7484 0.50280072398919 0.825603642580444 0
 7485 0.444113936984997 0.962675236059549 0
 7486 0.467500183078183 0.956956940579773 0
 7487 0.500883431211085 0.816263893052684 0
 7488 0.545674463565317 0.826925010693712 0
 7489 0.441342785 1 0
 7490 0.50527253901368 0.8379764505399 0
 7491 0.496743412005874 0.838883921406945 0
 7492 0.501080233260197 0.839543981999647 0
 7493 0.537419395280858 0.812393961654723 0
 7494 0.536688987675077 0.822527753788676 0
 7495 0.514630904711029 0.81449479924633 0
 7496 0.0244417934963618 0.43348183458038 0
 7497 0.573866204898538 0.370329012740881 0
 7498 0.537368025365015 0.790511264663926 0
 7499 0.546071712138298 0.786765311224768 0
 7500 0.505693362290135 0.799629136190292 0
 7501 0.445378126545381 0.673611862919355 0
 7502 0.436163139819003 0.530228344074539 0
 7503 0.985417411587395 0.663104940811808 0
 7504 0.53608858624482 0.785361673651584 0
 7505 0.537037200697586 0.77453112488576 0
 7506 0.437509970195458 0.680634896226748 0
 7507 0.546112636210673 0.921971204977798 0
 7508 0.536626415897912 0.921741907871879 0
 7509 0.544813373203165 0.937321248120008 0
 7510 0.369085151474622 0.244680965295002 0
 7511 0.527540955473006 0.921392715717202 0
 7512 0.14675676876 1 0
 7513 0.385549400992348 0.328676671071849 0
 7514 0.545753454342051 0.94777370477919 0
 7515 0.546000833744727 0.958622010221177 0
 7516 0.523833602370272 0.939632189872849 0
 7517 0.436713819995449 0.651246120536482 0
 7518 0.509193442721518 0.137872100959883 0
 7519 0.536892678196676 0.955150930134881 0
 7520 0.536712554216146 0.960944403202885 0
 7521 0.545510676025633 0.977260693802339 0
 7522 0.533946439335445 0.97430446484999 0
 7523 0.534679297120231 0.981513067250388 0
 7524 0.534607116897547 0.988681188188862 0
 7525 0.53697066189395 0.996128791717098 0
 7526 0.448939671277003 0.676581257296738 0
 7527 0.556513282649477 0.96284545202609 0
 7528 0.540316051901407 0.479939173197068 0
 7529 0.384704948699303 0.0575526548085829 0
 7530 0.539845430990109 0.988370200545854 0
 7531 0.920891108538146 0.368361404275366 0
 7532 0.494372876161472 0.972439950975177 0
 7533 0.448271993039332 0.481091426805534 0
 7534 0.493396267856738 0.958175305343936 0
 7535 0.497375657766059 0.960118349443751 0
 7536 0.493492831809883 0.882930788131331 0
 7537 0.531491836952877 0.43956078303445 0
 7538 0.486729835077956 0.344645927737037 0
 7539 0.478543795884118 0.289805921535968 0
 7540 0.19971710487 1 0
 7541 0.0229881559269175 0.687909020745618 0
 7542 0.490329345416658 0.622001815809676 0
 7543 0.484598801686845 0.632870570034422 0
 7544 0.475561583938861 0.618233396422362 0
 7545 0.467223519623293 0.607742295460007 0
 7546 0.538074077656757 0.242634900700313 0
 7547 0.503680962251009 0.238263254692194 0
 7548 0.467926216219868 0.625322634479228 0
 7549 0.467088133891799 0.602034355013265 0
 7550 0.457891893963412 0.607630162939231 0
 7551 0.46696969985115 0.589796291034668 0
 7552 0.476207287596084 0.588447041736707 0
 7553 0.511616880814378 0.860094944190468 0
 7554 0.466879593305228 0.583334303819278 0
 7555 0.466630726068217 0.572673253291239 0
 7556 0.458371693971619 0.625120368654922 0
 7557 0.456748540310852 0.586775079772785 0
 7558 0.475808072914625 0.570353406534843 0
 7559 0.467954962033447 0.551992080144205 0
 7560 0.447516486261623 0.6296275764859 0
 7561 0.529017785443945 0.00428043269293507 0
 7562 0.53286202708103 0.0439178577714935 0
 7563 0.526471219106173 0.0340153308937687 0
 7564 0.497593852982767 0.47927336037841 0
 7565 0.516883163279733 0.0489392647336338 0
 7566 0.522548111281465 0.0427938384443138 0
 7567 0.511368388769439 0.0907512390083079 0
 7568 0.481456034068432 0.466713961115527 0
 7569 0.500142562302028 0.0220705387400401 0
 7570 0.513043417246207 0.109533404399372 0
 7571 0.516778929581945 0.016314301418983 0
 7572 0.363374470129034 0.938573135125274 0
 7573 0.549639942738104 0.330072303956663 0
 7574 0.490233667268034 0.298012836884048 0
 7575 0.510178305399518 0.0043077328722117 0
 7576 0.529151492321219 0.171045636201364 0
 7577 0.489525921992172 0.146462587939667 0
 7578 0.482677634096884 0.155205321454325 0
 7579 0.47980959848074 0.149927298554711 0
 7580 0.527142939274894 0.161645030554913 0
 7581 0.533352867185704 0.162138749495789 0
 7582 0.503265089977005 0.1079779910699 0
 7583 0.485128511457617 0.110226510808242 0
 7584 0.479342621890281 0.110052087694045 0
 7585 0.464520898239237 0.087452589096238 0
 7586 0.461443037814676 0.0829300768109694 0
 7587 0.45234273450712 0.227133714417912 0
 7588 0.459965192379431 0.126239923393656 0
 7589 0.455195678075322 0.12950480334055 0
 7590 0.464078039368069 0.122111835488904 0
 7591 0.468543131865949 0.119317237508602 0
 7592 0.434985468072401 0.659572173520206 0
 7593 1 0.3989653321645 0
 7594 0.512442651450442 0.235595086674898 0
 7595 0.538198354401399 0.254713417371218 0
 7596 0.0760688947414282 0.593640658996279 0
 7597 0.46311353158382 0.525794723410292 0
 7598 0.480599111833232 0.26784321761243 0
 7599 0.491325814419241 0.268806584636552 0
 7600 0.493542912235832 0.312070959704713 0
 7601 0.473493665726607 0.130214975787944 0
 7602 0.480504128789273 0.118745200563447 0
 7603 0.491773563833174 0.118259582760364 0
 7604 0.38976696689577 0.0282204948982849 0
 7605 0.492696991943133 0.493264404743735 0
 7606 0.463827313977384 0.160249470066195 0
 7607 0.471696774874429 0.155521856250315 0
 7608 0.437711127836639 0.742297491190538 0
 7609 0.456842499701134 0.300406416114624 0
 7610 0.468740227973147 0.30155777151738 0
 7611 0.8092975923285 0.674145701333864 0
 7612 0.518700209709011 0.0865019963347383 0
 7613 0.521513797828921 0.0915059952700574 0
 7614 0.545343314558401 0.497113527796984 0
 7615 0.511023993788328 0.277871430175364 0
 7616 0.492663342594269 0.290105362524556 0
 7617 0.465830306538122 0.501745086684221 0
 7618 0.509078558565577 0.226753832605293 0
 7619 0.469503526941528 0.14659023997463 0
 7620 0.507026489534567 0.269341646771374 0
 7621 0.501422408087424 0.277916941738846 0
 7622 0.457864356607103 0.218028944927469 0
 7623 0.551128984523674 0.264488248572967 0
 7624 0.708801180815407 0.671532957542547 0
 7625 0.551294465743292 0.21308557365581 0
 7626 0.438006586103038 0.48888300442755 0
 7627 0.475832117939005 0.296777173624705 0
 7628 0.488890913151565 0.302831171828352 0
 7629 0.798343315144063 0.677284651652238 0
 7630 0.224884057195228 0.661257699554212 0
 7631 0.457438360502512 0.116209810846165 0
 7632 0.447956954958676 0.472100217606085 0
 7633 0.467027688818531 0.0351526066523416 0
 7634 0.429879864725637 0.441508043627821 0
 7635 0.463073326544154 0.291794959380413 0
 7636 0.45698303459343 0.290627569308215 0
 7637 0.503559367967686 0.436694531060696 0
 7638 0.487608542121503 0.258628910106956 0
 7639 0.491279528942398 0.328962606276104 0
 7640 0.471065287133825 0.463149194926965 0
 7641 0.487687392735208 0.320250625727328 0
 7642 0.473741017694515 0.466490344582142 0
 7643 0.467548370207119 0.110142835817666 0
 7644 0.481480778806949 0.439124815283757 0
 7645 0.460589445748222 0.0964710633250438 0
 7646 0.450158946419461 0.0980486368560022 0
 7647 0.46106753535031 0.425043641222124 0
 7648 0.466433380727953 0.431752084638191 0
 7649 0.55567557153024 0.321294952486025 0
 7650 0.487058859522685 0.431620251683967 0
 7651 0.492130890648121 0.344292017285002 0
 7652 0.481776419908929 0.344638648719068 0
 7653 0.551093616940576 0.384072977825923 0
 7654 0.474539673318442 0.336727410944214 0
 7655 0.522327601236405 0.429852332591644 0
 7656 0.491760713234963 0.353251114093477 0
 7657 0.466535320148762 0.3574705157094 0
 7658 0.462624342590571 0.347617384833693 0
 7659 0.486747811177093 0.373356795157541 0
 7660 0.490777286557404 0.38287371408202 0
 7661 0.5019772798906 0.403316410698843 0
 7662 0.549990090979124 0.393306249732373 0
 7663 0.554061076857502 0.414092001444259 0
 7664 0.482226782628236 0.419856699123529 0
 7665 0.493971571500227 0.461334689196284 0
 7666 0.526728495644892 0.389606738499957 0
 7667 0.49719589031591 0.451874883034417 0
 7668 0.506997628025986 0.450451466708537 0
 7669 0.494534003210266 0.469925796796323 0
 7670 0.479542830377343 0.400316963442038 0
 7671 0.46206284085905 0.410029200202276 0
 7672 0.465559590395128 0.405235153849055 0
 7673 0.448129648603014 0.61259431212537 0
 7674 0.5538908734368 0.431086778936203 0
 7675 0.55029718183267 0.4526663737645 0
 7676 0.778969666844118 0.66704358579158 0
 7677 0.516321633623372 0.454501800978276 0
 7678 0.455881631082898 0.356041729796315 0
 7679 0.456947763961124 0.400826205843063 0
 7680 0.477518134758457 0.470047618697795 0
 7681 0.48243695068627 0.478744501059002 0
 7682 0.507414843425942 0.3375101104337 0
 7683 0.482728625832754 0.403853422218534 0
 7684 0.488485905599359 0.412329152782959 0
 7685 0.528880022105996 0.382262195257281 0
 7686 0.531067067825636 0.366905431163362 0
 7687 0.484115483779697 0.487021110293886 0
 7688 0.480209493238604 0.488564203856671 0
 7689 0.474497217333779 0.454524683400094 0
 7690 0.465823182415692 0.511004991999128 0
 7691 0.543376847489726 0.338933825184871 0
 7692 0.544224633199407 0.452139267513548 0
 7693 0.52100243503115 0.319012874178005 0
 7694 0.53406622525862 0.451846676432159 0
 7695 0.538856217624346 0.451788425573453 0
 7696 0.507014264985512 0.470505128878243 0
 7697 0.507410555798043 0.481756978760658 0
 7698 0.564942114380322 0.4526378629925 0
 7699 0.457782440120357 0.516389409600386 0
 7700 0.454323374732102 0.513306568322081 0
 7701 0.479006641096851 0.505571436073378 0
 7702 0.512617092225069 0.32017875813775 0
 7703 0.503715966913877 0.36828417350148 0
 7704 0.497341582178435 0.37465922403786 0
 7705 0.476699947805699 0.039083253092877 0
 7706 0.489130433278298 0.0225843366935073 0
 7707 0.465154640715078 0.0442307419616568 0
 7708 0.520997719075106 0.472778238670691 0
 7709 0.517105125542759 0.473494436238545 0
 7710 0.555082698092924 0.304678964745769 0
 7711 0.480821941835958 0.327923916030011 0
 7712 0.540898000758284 0.273408541950919 0
 7713 0.55434586825425 0.270887029558552 0
 7714 0.547740450834599 0.272960646282305 0
 7715 0.450004209091727 0.0232335059719624 0
 7716 0.491758720476278 0.503197860614289 0
 7717 0.488504579770386 0.505247641171353 0
 7718 0.46190530736357 0.796727183935868 0
 7719 0.459747803580144 0.802310106926164 0
 7720 0.20940439048797 0.720446653160777 0
 7721 0.464104734386029 0.791413894841598 0
 7722 0.473862249390682 0.792103479560405 0
 7723 0.471835449740797 0.797440154397886 0
 7724 0.446374496187747 0.785597894862075 0
 7725 0.465389455976016 0.786612833597289 0
 7726 0.471545504911559 0.777442141998756 0
 7727 0.519672342901357 0.21933361150726 0
 7728 0.456227736270982 0.767955653074248 0
 7729 0.466789589457657 0.767178727638054 0
 7730 0.510061852246815 0.291626844053946 0
 7731 0.485617634964458 0.788849175457082 0
 7732 0.492008082275771 0.778172979964662 0
 7733 0.526208730931597 0.261755956326346 0
 7734 0.435641611454569 0.762290861673647 0
 7735 0.555191931793285 0.491852477404572 0
 7736 0.554831155911743 0.475407276659102 0
 7737 0.555016411896684 0.463392922265384 0
 7738 0.638334102733548 0.716659096921327 0
 7739 0.536374360529606 0.491013797388899 0
 7740 0.545484984713105 0.502173454103065 0
 7741 0.536243797576781 0.502143273339243 0
 7742 0.533663132563362 0.486029629568163 0
 7743 0.53538781648184 0.477863106342093 0
 7744 0.545773255710222 0.50726185410336 0
 7745 0.545771435993639 0.517474362965997 0
 7746 0.527283728732535 0.485509177267843 0
 7747 0.517757454609406 0.48091659673882 0
 7748 0.522797036382984 0.48175836482702 0
 7749 0.459033617618064 0.276753890816 0
 7750 0.536098086117516 0.522333444551532 0
 7751 0.517120069255051 0.497207801278409 0
 7752 0.512992639163747 0.488443733003172 0
 7753 0.518369302062371 0.489285863353009 0
 7754 0.512930886519106 0.256305781246685 0
 7755 0.521768317270177 0.509378871986116 0
 7756 0.517039275102523 0.236374988839089 0
 7757 0.458416897741456 0.245767050688957 0
 7758 0.506401753296803 0.514100446765091 0
 7759 0.554108838228007 0.103737222661755 0
 7760 0.495508285870582 0.512702953254126 0
 7761 0.574480241144233 0.676245999016779 0
 7762 0.506345088066508 0.559988659389596 0
 7763 0.477264549462349 0.21875220057161 0
 7764 0.497597740292214 0.564938704126945 0
 7765 0.483185508628497 0.195390610095641 0
 7766 0.484264572142203 0.213179470163507 0
 7767 0.48993403351288 0.197836958838531 0
 7768 0.488353659685986 0.559841239004153 0
 7769 0.549988512318518 0.232182205987087 0
 7770 0.484037987416139 0.552196036648413 0
 7771 0.470817442277111 0.106176513270528 0
 7772 0.484648258929161 0.541751297572815 0
 7773 0.479135550743056 0.554586833800148 0
 7774 0.475566647359473 0.181030566651679 0
 7775 0.476083246178662 0.54703254272252 0
 7776 0.514704850943006 0.183675881373516 0
 7777 0.500238864596529 0.528675876271174 0
 7778 0.495342503324208 0.520858263522665 0
 7779 0.486463338355868 0.531222776609179 0
 7780 0.545419782279002 0.847827910648832 0
 7781 0.54583671788834 0.857509014648284 0
 7782 0.527479018091238 0.205483216567213 0
 7783 0.554460990716301 0.19922795313006 0
 7784 0.496928105826831 0.495836724805958 0
 7785 0.546138695468503 0.185847036903921 0
 7786 0.482771722078379 0.496344155721132 0
 7787 0.48813982073916 0.495468514340143 0
 7788 0.559912468110884 0.468049059959167 0
 7789 0.481961417303201 0.952405052490122 0
 7790 0.527034910666905 0.151539524350984 0
 7791 0.488445248659581 0.962727456991837 0
 7792 0.483531310883558 0.974514551936948 0
 7793 0.426698928716609 0.6759441836184 0
 7794 0.47331376212263 0.97688191919054 0
 7795 0.55591112159622 0.253696515477472 0
 7796 0.555372349701444 0.792540782723814 0
 7797 0.555841363284899 0.774676839523984 0
 7798 0.557891510526819 0.763025679157487 0
 7799 0.471742954055389 0.0590957750099792 0
 7800 0.546155819303124 0.7708874683088 0
 7801 0.54131802608996 0.757433705185544 0
 7802 0.548044874145923 0.747273151611721 0
 7803 0.55838872606933 0.74828694311159 0
 7804 0.355280939423428 0.369414612665678 0
 7805 0.449780238435781 0.043862009082611 0
 7806 0.439681302696873 0.0379843529374176 0
 7807 0.449437569372389 0.0172198880967006 0
 7808 0.507828601998279 0.0678113604440404 0
 7809 0.536814784547544 0.0992046993454279 0
 7810 0.444455472171813 0.127780915159416 0
 7811 0.546254356873453 1 0
 7812 0.559266932508185 0.0529171421865059 0
 7813 0.551542070885129 0.990388711915148 0
 7814 0.548944835952708 0.00498513258564027 0
 7815 0.458088111923616 0.53447162264994 0
 7816 0.540846573231424 0.0218345094557096 0
 7817 0.736868124654901 0.685526487314752 0
 7818 0.491596571990126 0.637258022994935 0
 7819 0.5477081197843 0.0535881202382763 0
 7820 0.565173783182159 0.0049372123250701 0
 7821 0.496313254425705 0.645499174383172 0
 7822 0.466036392474975 1 0
 7823 0.544230194981407 0.0417787024145658 0
 7824 0.549029746747368 0.0465362883441857 0
 7825 0.47029793567991 0.988282975562361 0
 7826 0.470526961194998 0.991983471611526 0
 7827 0.458966895770766 0.990973981636658 0
 7828 0.510194171141775 0.925901100428019 0
 7829 0.510018733554067 0.936995840955632 0
 7830 0.499562014812344 0.941624288481046 0
 7831 0.448861367854114 0.652229900832165 0
 7832 0.444175461991735 0.642759935411458 0
 7833 0.561065370361629 0.589229617130699 0
 7834 0.547892504157709 0.89024867292417 0
 7835 0.451058650882555 0.758891890764174 0
 7836 0.450885602602885 0.754533495291395 0
 7837 0.528258599163111 0.762672522715 0
 7838 0.518758505223482 0.760128081855577 0
 7839 0.545680090540778 0.917120508374629 0
 7840 0.524405226508802 0.632332107903926 0
 7841 0.525010370351789 0.627164903336604 0
 7842 0.470002480724881 0.0117729511517439 0
 7843 0.550202384437694 0.615957401427509 0
 7844 0.578343024558814 0.289899156614569 0
 7845 0.472977077707299 0.823376530827276 0
 7846 0.520294569529626 0.768581236690836 0
 7847 0.496856852974673 0.627229638500253 0
 7848 0 0.5625305485176 0
 7849 0.909289014400001 0 0
 7850 0.474125601974446 0.63248670213473 0
 7851 0.660314415366862 0.988482522957927 0
 7852 0.528374773851991 0.466961808514442 0
 7853 0.953458732 0 0
 7854 0.441572057678 0 0
 7855 0.558417058913838 1 0
 7856 0.516523661933418 0.464145248048829 0
 7857 1 0.615656751848549 0
 7858 0.613678587712375 0.776151601780851 0
 7859 0.445204830395108 0.530072476404539 0
 7860 0.387270084590778 0.294107856789263 0
 7861 0.504197670206958 0.861586393292988 0
$EndNodes
$Elements
23620
1 15 2 0 0 1
2 15 2 0 0 2
3 15 2 0 0 3
4 15 2 0 0 4
5 15 2 0 0 5
6 15 2 0 0 6
7 15 2 0 0 7
8 15 2 0 0 8
9 15 2 0 0 9
10 15 2 0 0 10
11 15 2 0 0 11
12 15 2 0 0 12
13 15 2 0 0 13
14 15 2 0 0 14
15 15 2 0 0 15
16 15 2 0 0 16
17 15 2 0 0 17
18 15 2 0 0 18
19 15 2 0 0 19
20 15 2 0 0 20
21 15 2 0 0 21
22 15 2 0 0 22
23 15 2 0 0 23
24 15 2 0 0 24
25 15 2 0 0 25
26 15 2 0 0 26
27 15 2 0 0 27
28 15 2 0 0 28
29 15 2 0 0 29
30 15 2 0 0 30
31 15 2 0 0 31
32 15 2 0 0 32
33 15 2 0 0 33
34 15 2 0 0 34
35 15 2 0 0 35
36 15 2 0 0 36
37 15 2 0 0 37
38 15 2 0 0 38
39 15 2 0 0 39
40 15 2 0 0 40
41 15 2 0 0 41
42 15 2 0 0 42
43 15 2 0 0 43
44 15 2 0 0 44
45 15 2 0 0 45
46 15 2 0 0 46
47 15 2 0 0 47
48 15 2 0 0 48
49 15 2 0 0 49
50 15 2 0 0 50
51 15 2 0 0 51
52 15 2 0 0 52
53 15 2 0 0 53
54 15 2 0 0 54
55 15 2 0 0 55
56 15 2 0 0 56
57 15 2 0 0 57
58 15 2 0 0 58
59 15 2 0 0 59
60 15 2 0 0 60
61 15 2 0 0 61
62 15 2 0 0 62
63 15 2 0 0 63
64 15 2 0 0 64
65 15 2 0 0 65
66 15 2 0 0 66
67 15 2 0 0 67
68 15 2 0 0 68
69 15 2 0 0 69
70 15 2 0 0 70
71 15 2 0 0 71
72 15 2 0 0 72
73 15 2 0 0 73
74 15 2 0 0 74
75 15 2 0 0 75
76 15 2 0 0 76
77 15 2 0 0 77
78 15 2 0 0 78
79 15 2 0 0 79
80 15 2 0 0 80
81 15 2 0 0 81
82 15 2 0 0 82
83 15 2 0 0 83
84 15 2 0 0 84
85 15 2 0 0 85
86 15 2 0 0 86
87 15 2 0 0 87
88 15 2 0 0 88
89 15 2 0 0 89
90 15 2 0 0 90
91 15 2 0 0 91
92 15 2 0 0 92
93 15 2 0 0 93
94 15 2 0 0 94
95 15 2 0 0 95
96 15 2 0 0 96
97 15 2 0 0 97
98 15 2 0 0 98
99 15 2 0 0 99
100 15 2 0 0 100
101 15 2 0 0 101
102 15 2 0 0 102
103 15 2 0 0 103
104 15 2 0 0 104
105 15 2 0 0 105
106 15 2 0 0 106
107 15 2 0 0 107
108 15 2 0 0 108
109 15 2 0 0 109
110 15 2 0 0 110
111 15 2 0 0 111
112 15 2 0 0 112
113 15 2 0 0 113
114 15 2 0 0 114
115 15 2 0 0 115
116 15 2 0 0 116
117 15 2 0 0 117
118 15 2 0 0 118
119 15 2 0 0 119
120 15 2 0 0 120
121 15 2 0 0 121
122 15 2 0 0 122
123 15 2 0 0 123
124 15 2 0 0 124
125 15 2 0 0 125
126 15 2 0 0 126
127 15 2 0 0 127
128 15 2 0 0 128
129 15 2 0 0 129
130 15 2 0 0 130
131 15 2 0 0 131
132 15 2 0 0 132
133 15 2 0 0 133
134 15 2 0 0 134
135 15 2 0 0 135
136 15 2 0 0 136
137 15 2 0 0 137
138 15 2 0 0 138
139 15 2 0 0 139
140 15 2 0 0 140
141 15 2 0 0 141
142 15 2 0 0 142
143 15 2 0 0 143
144 15 2 0 0 144
145 15 2 0 0 145
146 15 2 0 0 146
147 15 2 0 0 147
148 15 2 0 0 148
149 15 2 0 0 149
150 15 2 0 0 150
151 15 2 0 0 151
152 15 2 0 0 152
153 15 2 0 0 153
154 15 2 0 0 154
155 15 2 0 0 155
156 15 2 0 0 156
157 15 2 0 0 157
158 15 2 0 0 158
159 15 2 0 0 159
160 15 2 0 0 160
161 15 2 0 0 161
162 15 2 0 0 162
163 15 2 0 0 163
164 15 2 0 0 164
165 15 2 0 0 165
166 15 2 0 0 166
167 15 2 0 0 167
168 15 2 0 0 168
169 15 2 0 0 169
170 15 2 0 0 170
171 15 2 0 0 171
172 15 2 0 0 172
173 15 2 0 0 173
174 15 2 0 0 174
175 15 2 0 0 175
176 15 2 0 0 176
177 15 2 0 0 177
178 15 2 0 0 178
179 15 2 0 0 179
180 15 2 0 0 180
181 15 2 0 0 181
182 15 2 0 0 182
183 15 2 0 0 183
184 15 2 0 0 184
185 15 2 0 0 185
186 15 2 0 0 186
187 15 2 0 0 187
188 15 2 0 0 188
189 15 2 0 0 189
190 15 2 0 0 190
191 15 2 0 0 191
192 15 2 0 0 192
193 15 2 0 0 193
194 15 2 0 0 194
195 15 2 0 0 195
196 15 2 0 0 196
197 15 2 0 0 197
198 15 2 0 0 198
199 15 2 0 0 199
200 15 2 0 0 200
201 15 2 0 0 201
202 15 2 0 0 202
203 15 2 0 0 203
204 15 2 0 0 204
205 15 2 0 0 205
206 15 2 0 0 206
207 15 2 0 0 207
208 15 2 0 0 208
209 15 2 0 0 209
210 15 2 0 0 210
211 15 2 0 0 211
212 15 2 0 0 212
213 15 2 0 0 213
214 15 2 0 0 214
215 15 2 0 0 215
216 15 2 0 0 216
217 15 2 0 0 217
218 15 2 0 0 218
219 15 2 0 0 219
220 15 2 0 0 220
221 15 2 0 0 221
222 15 2 0 0 222
223 15 2 0 0 223
224 15 2 0 0 224
225 15 2 0 0 225
226 15 2 0 0 226
227 15 2 0 0 227
228 15 2 0 0 228
229 15 2 0 0 229
230 15 2 0 0 230
231 15 2 0 0 231
232 15 2 0 0 232
233 15 2 0 0 233
234 15 2 0 0 234
235 15 2 0 0 235
236 15 2 0 0 236
237 15 2 0 0 237
238 15 2 0 0 238
239 15 2 0 0 239
240 15 2 0 0 240
241 15 2 0 0 241
242 15 2 0 0 242
243 15 2 0 0 243
244 15 2 0 0 244
245 15 2 0 0 245
246 15 2 0 0 246
247 15 2 0 0 247
248 15 2 0 0 248
249 15 2 0 0 249
250 15 2 0 0 250
251 15 2 0 0 251
252 15 2 0 0 252
253 15 2 0 0 253
254 15 2 0 0 254
255 15 2 0 0 255
256 15 2 0 0 256
257 15 2 0 0 257
258 15 2 0 0 258
259 15 2 0 0 259
260 15 2 0 0 260
261 15 2 0 0 261
262 15 2 0 0 262
263 15 2 0 0 263
264 15 2 0 0 264
265 15 2 0 0 265
266 15 2 0 0 266
267 15 2 0 0 267
268 15 2 0 0 268
269 15 2 0 0 269
270 15 2 0 0 270
271 15 2 0 0 271
272 15 2 0 0 272
273 15 2 0 0 273
274 15 2 0 0 274
275 15 2 0 0 275
276 15 2 0 0 276
277 15 2 0 0 277
278 15 2 0 0 278
279 15 2 0 0 279
280 15 2 0 0 280
281 15 2 0 0 281
282 15 2 0 0 282
283 15 2 0 0 283
284 15 2 0 0 284
285 15 2 0 0 285
286 15 2 0 0 286
287 15 2 0 0 287
288 15 2 0 0 288
289 15 2 0 0 289
290 15 2 0 0 290
291 15 2 0 0 291
292 15 2 0 0 292
293 15 2 0 0 293
294 15 2 0 0 294
295 15 2 0 0 295
296 15 2 0 0 296
297 15 2 0 0 297
298 15 2 0 0 298
299 15 2 0 0 299
300 15 2 0 0 300
301 15 2 0 0 301
302 15 2 0 0 302
303 15 2 0 0 303
304 15 2 0 0 304
305 15 2 0 0 305
306 15 2 0 0 306
307 15 2 0 0 307
308 15 2 0 0 308
309 15 2 0 0 309
310 15 2 0 0 310
311 15 2 0 0 311
312 15 2 0 0 312
313 15 2 0 0 313
314 15 2 0 0 314
315 15 2 0 0 315
316 15 2 0 0 316
317 15 2 0 0 317
318 15 2 0 0 318
319 15 2 0 0 319
320 15 2 0 0 320
321 15 2 0 0 321
322 15 2 0 0 322
323 15 2 0 0 323
324 15 2 0 0 324
325 15 2 0 0 325
326 15 2 0 0 326
327 15 2 0 0 327
328 15 2 0 0 328
329 15 2 0 0 329
330 15 2 0 0 330
331 15 2 0 0 331
332 15 2 0 0 332
333 15 2 0 0 333
334 15 2 0 0 334
335 15 2 0 0 335
336 15 2 0 0 336
337 15 2 0 0 337
338 15 2 0 0 338
339 15 2 0 0 339
340 15 2 0 0 340
341 15 2 0 0 341
342 15 2 0 0 342
343 15 2 0 0 343
344 15 2 0 0 344
345 15 2 0 0 345
346 15 2 0 0 346
347 15 2 0 0 347
348 15 2 0 0 348
349 15 2 0 0 349
350 15 2 0 0 350
351 15 2 0 0 351
352 15 2 0 0 352
353 15 2 0 0 353
354 15 2 0 0 354
355 15 2 0 0 355
356 15 2 0 0 356
357 15 2 0 0 357
358 15 2 0 0 358
359 15 2 0 0 359
360 15 2 0 0 360
361 15 2 0 0 361
362 15 2 0 0 362
363 15 2 0 0 363
364 15 2 0 0 364
365 15 2 0 0 365
366 15 2 0 0 366
367 15 2 0 0 367
368 15 2 0 0 368
369 15 2 0 0 369
370 15 2 0 0 370
371 15 2 0 0 371
372 15 2 0 0 372
373 15 2 0 0 373
374 15 2 0 0 374
375 15 2 0 0 375
376 15 2 0 0 376
377 15 2 0 0 377
378 15 2 0 0 378
379 15 2 0 0 379
380 15 2 0 0 380
381 15 2 0 0 381
382 15 2 0 0 382
383 15 2 0 0 383
384 15 2 0 0 384
385 15 2 0 0 385
386 15 2 0 0 386
387 15 2 0 0 387
388 15 2 0 0 388
389 15 2 0 0 389
390 15 2 0 0 390
391 15 2 0 0 391
392 15 2 0 0 392
393 15 2 0 0 393
394 15 2 0 0 394
395 15 2 0 0 395
396 15 2 0 0 396
397 15 2 0 0 397
398 15 2 0 0 398
399 15 2 0 0 399
400 15 2 0 0 400
401 15 2 0 0 401
402 15 2 0 0 402
403 15 2 0 0 403
404 15 2 0 0 404
405 15 2 0 0 405
406 15 2 0 0 406
407 15 2 0 0 407
408 15 2 0 0 408
409 15 2 0 0 409
410 15 2 0 0 410
411 15 2 0 0 411
412 15 2 0 0 412
413 15 2 0 0 413
414 15 2 0 0 414
415 15 2 0 0 415
416 15 2 0 0 416
417 15 2 0 0 417
418 15 2 0 0 418
419 15 2 0 0 419
420 15 2 0 0 420
421 15 2 0 0 421
422 15 2 0 0 422
423 15 2 0 0 423
424 15 2 0 0 424
425 15 2 0 0 425
426 15 2 0 0 426
427 15 2 0 0 427
428 15 2 0 0 428
429 15 2 0 0 429
430 15 2 0 0 430
431 15 2 0 0 431
432 15 2 0 0 432
433 15 2 0 0 433
434 15 2 0 0 434
435 15 2 0 0 435
436 15 2 0 0 436
437 15 2 0 0 437
438 15 2 0 0 438
439 15 2 0 0 439
440 15 2 0 0 440
441 15 2 0 0 441
442 15 2 0 0 442
443 15 2 0 0 443
444 15 2 0 0 444
445 15 2 0 0 445
446 15 2 0 0 446
447 15 2 0 0 447
448 15 2 0 0 448
449 15 2 0 0 449
450 15 2 0 0 450
451 15 2 0 0 451
452 15 2 0 0 452
453 15 2 0 0 453
454 15 2 0 0 454
455 15 2 0 0 455
456 15 2 0 0 456
457 15 2 0 0 457
458 15 2 0 0 458
459 15 2 0 0 459
460 15 2 0 0 460
461 15 2 0 0 461
462 15 2 0 0 462
463 15 2 0 0 463
464 15 2 0 0 464
465 15 2 0 0 465
466 15 2 0 0 466
467 15 2 0 0 467
468 15 2 0 0 468
469 15 2 0 0 469
470 15 2 0 0 470
471 15 2 0 0 471
472 15 2 0 0 472
473 15 2 0 0 473
474 15 2 0 0 474
475 15 2 0 0 475
476 15 2 0 0 476
477 15 2 0 0 477
478 15 2 0 0 478
479 15 2 0 0 479
480 15 2 0 0 480
481 15 2 0 0 481
482 15 2 0 0 482
483 15 2 0 0 483
484 15 2 0 0 484
485 15 2 0 0 485
486 15 2 0 0 486
487 15 2 0 0 487
488 15 2 0 0 488
489 15 2 0 0 489
490 15 2 0 0 490
491 15 2 0 0 491
492 15 2 0 0 492
493 15 2 0 0 493
494 15 2 0 0 494
495 15 2 0 0 495
496 15 2 0 0 496
497 15 2 0 0 497
498 15 2 0 0 498
499 15 2 0 0 499
500 15 2 0 0 500
501 15 2 0 0 501
502 15 2 0 0 502
503 15 2 0 0 503
504 15 2 0 0 504
505 15 2 0 0 505
506 15 2 0 0 506
507 15 2 0 0 507
508 15 2 0 0 508
509 15 2 0 0 509
510 15 2 0 0 510
511 15 2 0 0 511
512 15 2 0 0 512
513 15 2 0 0 513
514 15 2 0 0 514
515 15 2 0 0 515
516 15 2 0 0 516
517 15 2 0 0 517
518 15 2 0 0 518
519 15 2 0 0 519
520 15 2 0 0 520
521 15 2 0 0 521
522 15 2 0 0 522
523 15 2 0 0 523
524 15 2 0 0 524
525 15 2 0 0 525
526 15 2 0 0 526
527 15 2 0 0 527
528 15 2 0 0 528
529 15 2 0 0 529
530 15 2 0 0 530
531 15 2 0 0 531
532 15 2 0 0 532
533 15 2 0 0 533
534 15 2 0 0 534
535 15 2 0 0 535
536 15 2 0 0 536
537 15 2 0 0 537
538 15 2 0 0 538
539 15 2 0 0 539
540 15 2 0 0 540
541 15 2 0 0 541
542 15 2 0 0 542
543 15 2 0 0 543
544 15 2 0 0 544
545 15 2 0 0 545
546 15 2 0 0 546
547 15 2 0 0 547
548 15 2 0 0 548
549 15 2 0 0 549
550 15 2 0 0 550
551 15 2 0 0 551
552 15 2 0 0 552
553 15 2 0 0 553
554 15 2 0 0 554
555 15 2 0 0 555
556 15 2 0 0 556
557 15 2 0 0 557
558 15 2 0 0 558
559 15 2 0 0 559
560 15 2 0 0 560
561 15 2 0 0 561
562 15 2 0 0 562
563 15 2 0 0 563
564 15 2 0 0 564
565 15 2 0 0 565
566 15 2 0 0 566
567 15 2 0 0 567
568 15 2 0 0 568
569 15 2 0 0 569
570 15 2 0 0 570
571 15 2 0 0 571
572 15 2 0 0 572
573 15 2 0 0 573
574 15 2 0 0 574
575 15 2 0 0 575
576 15 2 0 0 576
577 15 2 0 0 577
578 15 2 0 0 578
579 15 2 0 0 579
580 15 2 0 0 580
581 15 2 0 0 581
582 15 2 0 0 582
583 15 2 0 0 583
584 15 2 0 0 584
585 15 2 0 0 585
586 15 2 0 0 586
587 15 2 0 0 587
588 15 2 0 0 588
589 15 2 0 0 589
590 15 2 0 0 590
591 15 2 0 0 591
592 15 2 0 0 592
593 15 2 0 0 593
594 15 2 0 0 594
595 15 2 0 0 595
596 15 2 0 0 596
597 15 2 0 0 597
598 15 2 0 0 598
599 15 2 0 0 599
600 15 2 0 0 600
601 15 2 0 0 601
602 15 2 0 0 602
603 15 2 0 0 603
604 15 2 0 0 604
605 15 2 0 0 605
606 15 2 0 0 606
607 15 2 0 0 607
608 15 2 0 0 608
609 15 2 0 0 609
610 15 2 0 0 610
611 15 2 0 0 611
612 15 2 0 0 612
613 15 2 0 0 613
614 15 2 0 0 614
615 15 2 0 0 615
616 15 2 0 0 616
617 15 2 0 0 617
618 15 2 0 0 618
619 15 2 0 0 619
620 15 2 0 0 620
621 15 2 0 0 621
622 15 2 0 0 622
623 15 2 0 0 623
624 15 2 0 0 624
625 15 2 0 0 625
626 15 2 0 0 626
627 15 2 0 0 627
628 15 2 0 0 628
629 15 2 0 0 629
630 15 2 0 0 630
631 15 2 0 0 631
632 15 2 0 0 632
633 15 2 0 0 633
634 15 2 0 0 634
635 15 2 0 0 635
636 15 2 0 0 636
637 15 2 0 0 637
638 15 2 0 0 638
639 15 2 0 0 639
640 15 2 0 0 640
641 15 2 0 0 641
642 15 2 0 0 642
643 15 2 0 0 643
644 15 2 0 0 644
645 15 2 0 0 645
646 15 2 0 0 646
647 15 2 0 0 647
648 15 2 0 0 648
649 15 2 0 0 649
650 15 2 0 0 650
651 15 2 0 0 651
652 15 2 0 0 652
653 15 2 0 0 653
654 15 2 0 0 654
655 15 2 0 0 655
656 15 2 0 0 656
657 15 2 0 0 657
658 15 2 0 0 658
659 15 2 0 0 659
660 15 2 0 0 660
661 15 2 0 0 661
662 15 2 0 0 662
663 15 2 0 0 663
664 15 2 0 0 664
665 15 2 0 0 665
666 15 2 0 0 666
667 15 2 0 0 667
668 15 2 0 0 668
669 15 2 0 0 669
670 15 2 0 0 670
671 15 2 0 0 671
672 15 2 0 0 672
673 15 2 0 0 673
674 15 2 0 0 674
675 15 2 0 0 675
676 15 2 0 0 676
677 15 2 0 0 677
678 15 2 0 0 678
679 15 2 0 0 679
680 15 2 0 0 680
681 15 2 0 0 681
682 15 2 0 0 682
683 15 2 0 0 683
684 15 2 0 0 684
685 15 2 0 0 685
686 15 2 0 0 686
687 15 2 0 0 687
688 15 2 0 0 688
689 15 2 0 0 689
690 15 2 0 0 690
691 15 2 0 0 691
692 15 2 0 0 692
693 15 2 0 0 693
694 15 2 0 0 694
695 15 2 0 0 695
696 15 2 0 0 696
697 15 2 0 0 697
698 15 2 0 0 698
699 15 2 0 0 699
700 15 2 0 0 700
701 15 2 0 0 701
702 15 2 0 0 702
703 15 2 0 0 703
704 15 2 0 0 704
705 15 2 0 0 705
706 15 2 0 0 706
707 15 2 0 0 707
708 15 2 0 0 708
709 15 2 0 0 709
710 15 2 0 0 710
711 15 2 0 0 711
712 15 2 0 0 712
713 15 2 0 0 713
714 15 2 0 0 714
715 15 2 0 0 715
716 15 2 0 0 716
717 15 2 0 0 717
718 15 2 0 0 718
719 15 2 0 0 719
720 15 2 0 0 720
721 15 2 0 0 721
722 15 2 0 0 722
723 15 2 0 0 723
724 15 2 0 0 724
725 15 2 0 0 725
726 15 2 0 0 726
727 15 2 0 0 727
728 15 2 0 0 728
729 15 2 0 0 729
730 15 2 0 0 730
731 15 2 0 0 731
732 15 2 0 0 732
733 15 2 0 0 733
734 15 2 0 0 734
735 15 2 0 0 735
736 15 2 0 0 736
737 15 2 0 0 737
738 15 2 0 0 738
739 15 2 0 0 739
740 15 2 0 0 740
741 15 2 0 0 741
742 15 2 0 0 742
743 15 2 0 0 743
744 15 2 0 0 744
745 15 2 0 0 745
746 15 2 0 0 746
747 15 2 0 0 747
748 15 2 0 0 748
749 15 2 0 0 749
750 15 2 0 0 750
751 15 2 0 0 751
752 15 2 0 0 752
753 15 2 0 0 753
754 15 2 0 0 754
755 15 2 0 0 755
756 15 2 0 0 756
757 15 2 0 0 757
758 15 2 0 0 758
759 15 2 0 0 759
760 15 2 0 0 760
761 15 2 0 0 761
762 15 2 0 0 762
763 15 2 0 0 763
764 15 2 0 0 764
765 15 2 0 0 765
766 15 2 0 0 766
767 15 2 0 0 767
768 15 2 0 0 768
769 15 2 0 0 769
770 15 2 0 0 770
771 15 2 0 0 771
772 15 2 0 0 772
773 15 2 0 0 773
774 15 2 0 0 774
775 15 2 0 0 775
776 15 2 0 0 776
777 15 2 0 0 777
778 15 2 0 0 778
779 15 2 0 0 779
780 15 2 0 0 780
781 15 2 0 0 781
782 15 2 0 0 782
783 15 2 0 0 783
784 15 2 0 0 784
785 15 2 0 0 785
786 15 2 0 0 786
787 15 2 0 0 787
788 15 2 0 0 788
789 15 2 0 0 789
790 15 2 0 0 790
791 15 2 0 0 791
792 15 2 0 0 792
793 15 2 0 0 793
794 15 2 0 0 794
795 15 2 0 0 795
796 15 2 0 0 796
797 15 2 0 0 797
798 15 2 0 0 798
799 15 2 0 0 799
800 15 2 0 0 800
801 15 2 0 0 801
802 15 2 0 0 802
803 15 2 0 0 803
804 15 2 0 0 804
805 15 2 0 0 805
806 15 2 0 0 806
807 15 2 0 0 807
808 15 2 0 0 808
809 15 2 0 0 809
810 15 2 0 0 810
811 15 2 0 0 811
812 15 2 0 0 812
813 15 2 0 0 813
814 15 2 0 0 814
815 15 2 0 0 815
816 15 2 0 0 816
817 15 2 0 0 817
818 15 2 0 0 818
819 15 2 0 0 819
820 15 2 0 0 820
821 15 2 0 0 821
822 15 2 0 0 822
823 15 2 0 0 823
824 15 2 0 0 824
825 15 2 0 0 825
826 15 2 0 0 826
827 15 2 0 0 827
828 15 2 0 0 828
829 15 2 0 0 829
830 15 2 0 0 830
831 15 2 0 0 831
832 15 2 0 0 832
833 15 2 0 0 833
834 15 2 0 0 834
835 15 2 0 0 835
836 15 2 0 0 836
837 15 2 0 0 837
838 15 2 0 0 838
839 15 2 0 0 839
840 15 2 0 0 840
841 15 2 0 0 841
842 15 2 0 0 842
843 15 2 0 0 843
844 15 2 0 0 844
845 15 2 0 0 845
846 15 2 0 0 846
847 15 2 0 0 847
848 15 2 0 0 848
849 15 2 0 0 849
850 15 2 0 0 850
851 15 2 0 0 851
852 15 2 0 0 852
853 15 2 0 0 853
854 15 2 0 0 854
855 15 2 0 0 855
856 15 2 0 0 856
857 15 2 0 0 857
858 15 2 0 0 858
859 15 2 0 0 859
860 15 2 0 0 860
861 15 2 0 0 861
862 15 2 0 0 862
863 15 2 0 0 863
864 15 2 0 0 864
865 15 2 0 0 865
866 15 2 0 0 866
867 15 2 0 0 867
868 15 2 0 0 868
869 15 2 0 0 869
870 15 2 0 0 870
871 15 2 0 0 871
872 15 2 0 0 872
873 15 2 0 0 873
874 15 2 0 0 874
875 15 2 0 0 875
876 15 2 0 0 876
877 15 2 0 0 877
878 15 2 0 0 878
879 15 2 0 0 879
880 15 2 0 0 880
881 15 2 0 0 881
882 15 2 0 0 882
883 15 2 0 0 883
884 15 2 0 0 884
885 15 2 0 0 885
886 15 2 0 0 886
887 15 2 0 0 887
888 15 2 0 0 888
889 15 2 0 0 889
890 15 2 0 0 890
891 15 2 0 0 891
892 15 2 0 0 892
893 15 2 0 0 893
894 15 2 0 0 894
895 15 2 0 0 895
896 15 2 0 0 896
897 15 2 0 0 897
898 15 2 0 0 898
899 15 2 0 0 899
900 15 2 0 0 900
901 15 2 0 0 901
902 15 2 0 0 902
903 15 2 0 0 903
904 15 2 0 0 904
905 15 2 0 0 905
906 15 2 0 0 906
907 15 2 0 0 907
908 15 2 0 0 908
909 15 2 0 0 909
910 15 2 0 0 910
911 15 2 0 0 911
912 15 2 0 0 912
913 15 2 0 0 913
914 15 2 0 0 914
915 15 2 0 0 915
916 15 2 0 0 916
917 15 2 0 0 917
918 15 2 0 0 918
919 15 2 0 0 919
920 15 2 0 0 920
921 15 2 0 0 921
922 15 2 0 0 922
923 15 2 0 0 923
924 15 2 0 0 924
925 15 2 0 0 925
926 15 2 0 0 926
927 15 2 0 0 927
928 15 2 0 0 928
929 15 2 0 0 929
930 15 2 0 0 930
931 15 2 0 0 931
932 15 2 0 0 932
933 15 2 0 0 933
934 15 2 0 0 934
935 15 2 0 0 935
936 15 2 0 0 936
937 15 2 0 0 937
938 15 2 0 0 938
939 15 2 0 0 939
940 15 2 0 0 940
941 15 2 0 0 941
942 15 2 0 0 942
943 15 2 0 0 943
944 15 2 0 0 944
945 15 2 0 0 945
946 15 2 0 0 946
947 15 2 0 0 947
948 15 2 0 0 948
949 15 2 0 0 949
950 15 2 0 0 950
951 15 2 0 0 951
952 15 2 0 0 952
953 15 2 0 0 953
954 15 2 0 0 954
955 15 2 0 0 955
956 15 2 0 0 956
957 15 2 0 0 957
958 15 2 0 0 958
959 15 2 0 0 959
960 15 2 0 0 960
961 15 2 0 0 961
962 15 2 0 0 962
963 15 2 0 0 963
964 15 2 0 0 964
965 15 2 0 0 965
966 15 2 0 0 966
967 15 2 0 0 967
968 15 2 0 0 968
969 15 2 0 0 969
970 15 2 0 0 970
971 15 2 0 0 971
972 15 2 0 0 972
973 15 2 0 0 973
974 15 2 0 0 974
975 15 2 0 0 975
976 15 2 0 0 976
977 15 2 0 0 977
978 15 2 0 0 978
979 15 2 0 0 979
980 15 2 0 0 980
981 15 2 0 0 981
982 15 2 0 0 982
983 15 2 0 0 983
984 15 2 0 0 984
985 15 2 0 0 985
986 15 2 0 0 986
987 15 2 0 0 987
988 15 2 0 0 988
989 15 2 0 0 989
990 15 2 0 0 990
991 15 2 0 0 991
992 15 2 0 0 992
993 15 2 0 0 993
994 15 2 0 0 994
995 15 2 0 0 995
996 15 2 0 0 996
997 15 2 0 0 997
998 15 2 0 0 998
999 15 2 0 0 999
1000 15 2 0 0 1000
1001 15 2 0 0 1001
1002 15 2 0 0 1002
1003 15 2 0 0 1003
1004 15 2 0 0 1004
1005 15 2 0 0 1005
1006 15 2 0 0 1006
1007 15 2 0 0 1007
1008 15 2 0 0 1008
1009 15 2 0 0 1009
1010 15 2 0 0 1010
1011 15 2 0 0 1011
1012 15 2 0 0 1012
1013 15 2 0 0 1013
1014 15 2 0 0 1014
1015 15 2 0 0 1015
1016 15 2 0 0 1016
1017 15 2 0 0 1017
1018 15 2 0 0 1018
1019 15 2 0 0 1019
1020 15 2 0 0 1020
1021 15 2 0 0 1021
1022 15 2 0 0 1022
1023 15 2 0 0 1023
1024 15 2 0 0 1024
1025 15 2 0 0 1025
1026 15 2 0 0 1026
1027 15 2 0 0 1027
1028 15 2 0 0 1028
1029 15 2 0 0 1029
1030 15 2 0 0 1030
1031 15 2 0 0 1031
1032 15 2 0 0 1032
1033 15 2 0 0 1033
1034 15 2 0 0 1034
1035 15 2 0 0 1035
1036 15 2 0 0 1036
1037 15 2 0 0 1037
1038 15 2 0 0 1038
1039 15 2 0 0 1039
1040 15 2 0 0 1040
1041 15 2 0 0 1041
1042 15 2 0 0 1042
1043 15 2 0 0 1043
1044 15 2 0 0 1044
1045 15 2 0 0 1045
1046 15 2 0 0 1046
1047 15 2 0 0 1047
1048 15 2 0 0 1048
1049 15 2 0 0 1049
1050 15 2 0 0 1050
1051 15 2 0 0 1051
1052 15 2 0 0 1052
1053 15 2 0 0 1053
1054 15 2 0 0 1054
1055 15 2 0 0 1055
1056 15 2 0 0 1056
1057 15 2 0 0 1057
1058 15 2 0 0 1058
1059 15 2 0 0 1059
1060 15 2 0 0 1060
1061 15 2 0 0 1061
1062 15 2 0 0 1062
1063 15 2 0 0 1063
1064 15 2 0 0 1064
1065 15 2 0 0 1065
1066 15 2 0 0 1066
1067 15 2 0 0 1067
1068 15 2 0 0 1068
1069 15 2 0 0 1069
1070 15 2 0 0 1070
1071 15 2 0 0 1071
1072 15 2 0 0 1072
1073 15 2 0 0 1073
1074 15 2 0 0 1074
1075 15 2 0 0 1075
1076 15 2 0 0 1076
1077 15 2 0 0 1077
1078 15 2 0 0 1078
1079 15 2 0 0 1079
1080 15 2 0 0 1080
1081 15 2 0 0 1081
1082 15 2 0 0 1082
1083 15 2 0 0 1083
1084 15 2 0 0 1084
1085 15 2 0 0 1085
1086 15 2 0 0 1086
1087 15 2 0 0 1087
1088 15 2 0 0 1088
1089 15 2 0 0 1089
1090 15 2 0 0 1090
1091 15 2 0 0 1091
1092 15 2 0 0 1092
1093 15 2 0 0 1093
1094 15 2 0 0 1094
1095 15 2 0 0 1095
1096 15 2 0 0 1096
1097 15 2 0 0 1097
1098 15 2 0 0 1098
1099 15 2 0 0 1099
1100 15 2 0 0 1100
1101 15 2 0 0 1101
1102 15 2 0 0 1102
1103 15 2 0 0 1103
1104 15 2 0 0 1104
1105 15 2 0 0 1105
1106 15 2 0 0 1106
1107 15 2 0 0 1107
1108 15 2 0 0 1108
1109 15 2 0 0 1109
1110 15 2 0 0 1110
1111 15 2 0 0 1111
1112 15 2 0 0 1112
1113 15 2 0 0 1113
1114 15 2 0 0 1114
1115 15 2 0 0 1115
1116 15 2 0 0 1116
1117 15 2 0 0 1117
1118 15 2 0 0 1118
1119 15 2 0 0 1119
1120 15 2 0 0 1120
1121 15 2 0 0 1121
1122 15 2 0 0 1122
1123 15 2 0 0 1123
1124 15 2 0 0 1124
1125 15 2 0 0 1125
1126 15 2 0 0 1126
1127 15 2 0 0 1127
1128 15 2 0 0 1128
1129 15 2 0 0 1129
1130 15 2 0 0 1130
1131 15 2 0 0 1131
1132 15 2 0 0 1132
1133 15 2 0 0 1133
1134 15 2 0 0 1134
1135 15 2 0 0 1135
1136 15 2 0 0 1136
1137 15 2 0 0 1137
1138 15 2 0 0 1138
1139 15 2 0 0 1139
1140 15 2 0 0 1140
1141 15 2 0 0 1141
1142 15 2 0 0 1142
1143 15 2 0 0 1143
1144 15 2 0 0 1144
1145 15 2 0 0 1145
1146 15 2 0 0 1146
1147 15 2 0 0 1147
1148 15 2 0 0 1148
1149 15 2 0 0 1149
1150 15 2 0 0 1150
1151 15 2 0 0 1151
1152 15 2 0 0 1152
1153 15 2 0 0 1153
1154 15 2 0 0 1154
1155 15 2 0 0 1155
1156 15 2 0 0 1156
1157 15 2 0 0 1157
1158 15 2 0 0 1158
1159 15 2 0 0 1159
1160 15 2 0 0 1160
1161 15 2 0 0 1161
1162 15 2 0 0 1162
1163 15 2 0 0 1163
1164 15 2 0 0 1164
1165 15 2 0 0 1165
1166 15 2 0 0 1166
1167 15 2 0 0 1167
1168 15 2 0 0 1168
1169 15 2 0 0 1169
1170 15 2 0 0 1170
1171 15 2 0 0 1171
1172 15 2 0 0 1172
1173 15 2 0 0 1173
1174 15 2 0 0 1174
1175 15 2 0 0 1175
1176 15 2 0 0 1176
1177 15 2 0 0 1177
1178 15 2 0 0 1178
1179 15 2 0 0 1179
1180 15 2 0 0 1180
1181 15 2 0 0 1181
1182 15 2 0 0 1182
1183 15 2 0 0 1183
1184 15 2 0 0 1184
1185 15 2 0 0 1185
1186 15 2 0 0 1186
1187 15 2 0 0 1187
1188 15 2 0 0 1188
1189 15 2 0 0 1189
1190 15 2 0 0 1190
1191 15 2 0 0 1191
1192 15 2 0 0 1192
1193 15 2 0 0 1193
1194 15 2 0 0 1194
1195 15 2 0 0 1195
1196 15 2 0 0 1196
1197 15 2 0 0 1197
1198 15 2 0 0 1198
1199 15 2 0 0 1199
1200 15 2 0 0 1200
1201 15 2 0 0 1201
1202 15 2 0 0 1202
1203 15 2 0 0 1203
1204 15 2 0 0 1204
1205 15 2 0 0 1205
1206 15 2 0 0 1206
1207 15 2 0 0 1207
1208 15 2 0 0 1208
1209 15 2 0 0 1209
1210 15 2 0 0 1210
1211 15 2 0 0 1211
1212 15 2 0 0 1212
1213 15 2 0 0 1213
1214 15 2 0 0 1214
1215 15 2 0 0 1215
1216 15 2 0 0 1216
1217 15 2 0 0 1217
1218 15 2 0 0 1218
1219 15 2 0 0 1219
1220 15 2 0 0 1220
1221 15 2 0 0 1221
1222 15 2 0 0 1222
1223 15 2 0 0 1223
1224 15 2 0 0 1224
1225 15 2 0 0 1225
1226 15 2 0 0 1226
1227 15 2 0 0 1227
1228 15 2 0 0 1228
1229 15 2 0 0 1229
1230 15 2 0 0 1230
1231 15 2 0 0 1231
1232 15 2 0 0 1232
1233 15 2 0 0 1233
1234 15 2 0 0 1234
1235 15 2 0 0 1235
1236 15 2 0 0 1236
1237 15 2 0 0 1237
1238 15 2 0 0 1238
1239 15 2 0 0 1239
1240 15 2 0 0 1240
1241 15 2 0 0 1241
1242 15 2 0 0 1242
1243 15 2 0 0 1243
1244 15 2 0 0 1244
1245 15 2 0 0 1245
1246 15 2 0 0 1246
1247 15 2 0 0 1247
1248 15 2 0 0 1248
1249 15 2 0 0 1249
1250 15 2 0 0 1250
1251 15 2 0 0 1251
1252 15 2 0 0 1252
1253 15 2 0 0 1253
1254 15 2 0 0 1254
1255 15 2 0 0 1255
1256 15 2 0 0 1256
1257 15 2 0 0 1257
1258 15 2 0 0 1258
1259 15 2 0 0 1259
1260 15 2 0 0 1260
1261 15 2 0 0 1261
1262 15 2 0 0 1262
1263 15 2 0 0 1263
1264 15 2 0 0 1264
1265 15 2 0 0 1265
1266 15 2 0 0 1266
1267 15 2 0 0 1267
1268 15 2 0 0 1268
1269 15 2 0 0 1269
1270 15 2 0 0 1270
1271 15 2 0 0 1271
1272 15 2 0 0 1272
1273 15 2 0 0 1273
1274 15 2 0 0 1274
1275 15 2 0 0 1275
1276 15 2 0 0 1276
1277 15 2 0 0 1277
1278 15 2 0 0 1278
1279 15 2 0 0 1279
1280 15 2 0 0 1280
1281 15 2 0 0 1281
1282 15 2 0 0 1282
1283 15 2 0 0 1283
1284 15 2 0 0 1284
1285 15 2 0 0 1285
1286 15 2 0 0 1286
1287 15 2 0 0 1287
1288 15 2 0 0 1288
1289 15 2 0 0 1289
1290 15 2 0 0 1290
1291 15 2 0 0 1291
1292 15 2 0 0 1292
1293 15 2 0 0 1293
1294 15 2 0 0 1294
1295 15 2 0 0 1295
1296 15 2 0 0 1296
1297 15 2 0 0 1297
1298 15 2 0 0 1298
1299 15 2 0 0 1299
1300 15 2 0 0 1300
1301 15 2 0 0 1301
1302 15 2 0 0 1302
1303 15 2 0 0 1303
1304 15 2 0 0 1304
1305 15 2 0 0 1305
1306 15 2 0 0 1306
1307 15 2 0 0 1307
1308 15 2 0 0 1308
1309 15 2 0 0 1309
1310 15 2 0 0 1310
1311 15 2 0 0 1311
1312 15 2 0 0 1312
1313 15 2 0 0 1313
1314 15 2 0 0 1314
1315 15 2 0 0 1315
1316 15 2 0 0 1316
1317 15 2 0 0 1317
1318 15 2 0 0 1318
1319 15 2 0 0 1319
1320 15 2 0 0 1320
1321 15 2 0 0 1321
1322 15 2 0 0 1322
1323 15 2 0 0 1323
1324 15 2 0 0 1324
1325 15 2 0 0 1325
1326 15 2 0 0 1326
1327 15 2 0 0 1327
1328 15 2 0 0 1328
1329 15 2 0 0 1329
1330 15 2 0 0 1330
1331 15 2 0 0 1331
1332 15 2 0 0 1332
1333 15 2 0 0 1333
1334 15 2 0 0 1334
1335 15 2 0 0 1335
1336 15 2 0 0 1336
1337 15 2 0 0 1337
1338 15 2 0 0 1338
1339 15 2 0 0 1339
1340 15 2 0 0 1340
1341 15 2 0 0 1341
1342 15 2 0 0 1342
1343 15 2 0 0 1343
1344 15 2 0 0 1344
1345 15 2 0 0 1345
1346 15 2 0 0 1346
1347 15 2 0 0 1347
1348 15 2 0 0 1348
1349 15 2 0 0 1349
1350 15 2 0 0 1350
1351 15 2 0 0 1351
1352 15 2 0 0 1352
1353 15 2 0 0 1353
1354 15 2 0 0 1354
1355 15 2 0 0 1355
1356 15 2 0 0 1356
1357 15 2 0 0 1357
1358 15 2 0 0 1358
1359 15 2 0 0 1359
1360 15 2 0 0 1360
1361 15 2 0 0 1361
1362 15 2 0 0 1362
1363 15 2 0 0 1363
1364 15 2 0 0 1364
1365 15 2 0 0 1365
1366 15 2 0 0 1366
1367 15 2 0 0 1367
1368 15 2 0 0 1368
1369 15 2 0 0 1369
1370 15 2 0 0 1370
1371 15 2 0 0 1371
1372 15 2 0 0 1372
1373 15 2 0 0 1373
1374 15 2 0 0 1374
1375 15 2 0 0 1375
1376 15 2 0 0 1376
1377 15 2 0 0 1377
1378 15 2 0 0 1378
1379 15 2 0 0 1379
1380 15 2 0 0 1380
1381 15 2 0 0 1381
1382 15 2 0 0 1382
1383 15 2 0 0 1383
1384 15 2 0 0 1384
1385 15 2 0 0 1385
1386 15 2 0 0 1386
1387 15 2 0 0 1387
1388 15 2 0 0 1388
1389 15 2 0 0 1389
1390 15 2 0 0 1390
1391 15 2 0 0 1391
1392 15 2 0 0 1392
1393 15 2 0 0 1393
1394 15 2 0 0 1394
1395 15 2 0 0 1395
1396 15 2 0 0 1396
1397 15 2 0 0 1397
1398 15 2 0 0 1398
1399 15 2 0 0 1399
1400 15 2 0 0 1400
1401 15 2 0 0 1401
1402 15 2 0 0 1402
1403 15 2 0 0 1403
1404 15 2 0 0 1404
1405 15 2 0 0 1405
1406 15 2 0 0 1406
1407 15 2 0 0 1407
1408 15 2 0 0 1408
1409 15 2 0 0 1409
1410 15 2 0 0 1410
1411 15 2 0 0 1411
1412 15 2 0 0 1412
1413 15 2 0 0 1413
1414 15 2 0 0 1414
1415 15 2 0 0 1415
1416 15 2 0 0 1416
1417 15 2 0 0 1417
1418 15 2 0 0 1418
1419 15 2 0 0 1419
1420 15 2 0 0 1420
1421 15 2 0 0 1421
1422 15 2 0 0 1422
1423 15 2 0 0 1423
1424 15 2 0 0 1424
1425 15 2 0 0 1425
1426 15 2 0 0 1426
1427 15 2 0 0 1427
1428 15 2 0 0 1428
1429 15 2 0 0 1429
1430 15 2 0 0 1430
1431 15 2 0 0 1431
1432 15 2 0 0 1432
1433 15 2 0 0 1433
1434 15 2 0 0 1434
1435 15 2 0 0 1435
1436 15 2 0 0 1436
1437 15 2 0 0 1437
1438 15 2 0 0 1438
1439 15 2 0 0 1439
1440 15 2 0 0 1440
1441 15 2 0 0 1441
1442 15 2 0 0 1442
1443 15 2 0 0 1443
1444 15 2 0 0 1444
1445 15 2 0 0 1445
1446 15 2 0 0 1446
1447 15 2 0 0 1447
1448 15 2 0 0 1448
1449 15 2 0 0 1449
1450 15 2 0 0 1450
1451 15 2 0 0 1451
1452 15 2 0 0 1452
1453 15 2 0 0 1453
1454 15 2 0 0 1454
1455 15 2 0 0 1455
1456 15 2 0 0 1456
1457 15 2 0 0 1457
1458 15 2 0 0 1458
1459 15 2 0 0 1459
1460 15 2 0 0 1460
1461 15 2 0 0 1461
1462 15 2 0 0 1462
1463 15 2 0 0 1463
1464 15 2 0 0 1464
1465 15 2 0 0 1465
1466 15 2 0 0 1466
1467 15 2 0 0 1467
1468 15 2 0 0 1468
1469 15 2 0 0 1469
1470 15 2 0 0 1470
1471 15 2 0 0 1471
1472 15 2 0 0 1472
1473 15 2 0 0 1473
1474 15 2 0 0 1474
1475 15 2 0 0 1475
1476 15 2 0 0 1476
1477 15 2 0 0 1477
1478 15 2 0 0 1478
1479 15 2 0 0 1479
1480 15 2 0 0 1480
1481 15 2 0 0 1481
1482 15 2 0 0 1482
1483 15 2 0 0 1483
1484 15 2 0 0 1484
1485 15 2 0 0 1485
1486 15 2 0 0 1486
1487 15 2 0 0 1487
1488 15 2 0 0 1488
1489 15 2 0 0 1489
1490 15 2 0 0 1490
1491 15 2 0 0 1491
1492 15 2 0 0 1492
1493 15 2 0 0 1493
1494 15 2 0 0 1494
1495 15 2 0 0 1495
1496 15 2 0 0 1496
1497 15 2 0 0 1497
1498 15 2 0 0 1498
1499 15 2 0 0 1499
1500 15 2 0 0 1500
1501 15 2 0 0 1501
1502 15 2 0 0 1502
1503 15 2 0 0 1503
1504 15 2 0 0 1504
1505 15 2 0 0 1505
1506 15 2 0 0 1506
1507 15 2 0 0 1507
1508 15 2 0 0 1508
1509 15 2 0 0 1509
1510 15 2 0 0 1510
1511 15 2 0 0 1511
1512 15 2 0 0 1512
1513 15 2 0 0 1513
1514 15 2 0 0 1514
1515 15 2 0 0 1515
1516 15 2 0 0 1516
1517 15 2 0 0 1517
1518 15 2 0 0 1518
1519 15 2 0 0 1519
1520 15 2 0 0 1520
1521 15 2 0 0 1521
1522 15 2 0 0 1522
1523 15 2 0 0 1523
1524 15 2 0 0 1524
1525 15 2 0 0 1525
1526 15 2 0 0 1526
1527 15 2 0 0 1527
1528 15 2 0 0 1528
1529 15 2 0 0 1529
1530 15 2 0 0 1530
1531 15 2 0 0 1531
1532 15 2 0 0 1532
1533 15 2 0 0 1533
1534 15 2 0 0 1534
1535 15 2 0 0 1535
1536 15 2 0 0 1536
1537 15 2 0 0 1537
1538 15 2 0 0 1538
1539 15 2 0 0 1539
1540 15 2 0 0 1540
1541 15 2 0 0 1541
1542 15 2 0 0 1542
1543 15 2 0 0 1543
1544 15 2 0 0 1544
1545 15 2 0 0 1545
1546 15 2 0 0 1546
1547 15 2 0 0 1547
1548 15 2 0 0 1548
1549 15 2 0 0 1549
1550 15 2 0 0 1550
1551 15 2 0 0 1551
1552 15 2 0 0 1552
1553 15 2 0 0 1553
1554 15 2 0 0 1554
1555 15 2 0 0 1555
1556 15 2 0 0 1556
1557 15 2 0 0 1557
1558 15 2 0 0 1558
1559 15 2 0 0 1559
1560 15 2 0 0 1560
1561 15 2 0 0 1561
1562 15 2 0 0 1562
1563 15 2 0 0 1563
1564 15 2 0 0 1564
1565 15 2 0 0 1565
1566 15 2 0 0 1566
1567 15 2 0 0 1567
1568 15 2 0 0 1568
1569 15 2 0 0 1569
1570 15 2 0 0 1570
1571 15 2 0 0 1571
1572 15 2 0 0 1572
1573 15 2 0 0 1573
1574 15 2 0 0 1574
1575 15 2 0 0 1575
1576 15 2 0 0 1576
1577 15 2 0 0 1577
1578 15 2 0 0 1578
1579 15 2 0 0 1579
1580 15 2 0 0 1580
1581 15 2 0 0 1581
1582 15 2 0 0 1582
1583 15 2 0 0 1583
1584 15 2 0 0 1584
1585 15 2 0 0 1585
1586 15 2 0 0 1586
1587 15 2 0 0 1587
1588 15 2 0 0 1588
1589 15 2 0 0 1589
1590 15 2 0 0 1590
1591 15 2 0 0 1591
1592 15 2 0 0 1592
1593 15 2 0 0 1593
1594 15 2 0 0 1594
1595 15 2 0 0 1595
1596 15 2 0 0 1596
1597 15 2 0 0 1597
1598 15 2 0 0 1598
1599 15 2 0 0 1599
1600 15 2 0 0 1600
1601 15 2 0 0 1601
1602 15 2 0 0 1602
1603 15 2 0 0 1603
1604 15 2 0 0 1604
1605 15 2 0 0 1605
1606 15 2 0 0 1606
1607 15 2 0 0 1607
1608 15 2 0 0 1608
1609 15 2 0 0 1609
1610 15 2 0 0 1610
1611 15 2 0 0 1611
1612 15 2 0 0 1612
1613 15 2 0 0 1613
1614 15 2 0 0 1614
1615 15 2 0 0 1615
1616 15 2 0 0 1616
1617 15 2 0 0 1617
1618 15 2 0 0 1618
1619 15 2 0 0 1619
1620 15 2 0 0 1620
1621 15 2 0 0 1621
1622 15 2 0 0 1622
1623 15 2 0 0 1623
1624 15 2 0 0 1624
1625 15 2 0 0 1625
1626 15 2 0 0 1626
1627 15 2 0 0 1627
1628 15 2 0 0 1628
1629 15 2 0 0 1629
1630 15 2 0 0 1630
1631 15 2 0 0 1631
1632 15 2 0 0 1632
1633 15 2 0 0 1633
1634 15 2 0 0 1634
1635 15 2 0 0 1635
1636 15 2 0 0 1636
1637 15 2 0 0 1637
1638 15 2 0 0 1638
1639 15 2 0 0 1639
1640 15 2 0 0 1640
1641 15 2 0 0 1641
1642 15 2 0 0 1642
1643 15 2 0 0 1643
1644 15 2 0 0 1644
1645 15 2 0 0 1645
1646 15 2 0 0 1646
1647 15 2 0 0 1647
1648 15 2 0 0 1648
1649 15 2 0 0 1649
1650 15 2 0 0 1650
1651 15 2 0 0 1651
1652 15 2 0 0 1652
1653 15 2 0 0 1653
1654 15 2 0 0 1654
1655 15 2 0 0 1655
1656 15 2 0 0 1656
1657 15 2 0 0 1657
1658 15 2 0 0 1658
1659 15 2 0 0 1659
1660 15 2 0 0 1660
1661 15 2 0 0 1661
1662 15 2 0 0 1662
1663 15 2 0 0 1663
1664 15 2 0 0 1664
1665 15 2 0 0 1665
1666 15 2 0 0 1666
1667 15 2 0 0 1667
1668 15 2 0 0 1668
1669 15 2 0 0 1669
1670 15 2 0 0 1670
1671 15 2 0 0 1671
1672 15 2 0 0 1672
1673 15 2 0 0 1673
1674 15 2 0 0 1674
1675 15 2 0 0 1675
1676 15 2 0 0 1676
1677 15 2 0 0 1677
1678 15 2 0 0 1678
1679 15 2 0 0 1679
1680 15 2 0 0 1680
1681 15 2 0 0 1681
1682 15 2 0 0 1682
1683 15 2 0 0 1683
1684 15 2 0 0 1684
1685 15 2 0 0 1685
1686 15 2 0 0 1686
1687 15 2 0 0 1687
1688 15 2 0 0 1688
1689 15 2 0 0 1689
1690 15 2 0 0 1690
1691 15 2 0 0 1691
1692 15 2 0 0 1692
1693 15 2 0 0 1693
1694 15 2 0 0 1694
1695 15 2 0 0 1695
1696 15 2 0 0 1696
1697 15 2 0 0 1697
1698 15 2 0 0 1698
1699 15 2 0 0 1699
1700 15 2 0 0 1700
1701 15 2 0 0 1701
1702 15 2 0 0 1702
1703 15 2 0 0 1703
1704 15 2 0 0 1704
1705 15 2 0 0 1705
1706 15 2 0 0 1706
1707 15 2 0 0 1707
1708 15 2 0 0 1708
1709 15 2 0 0 1709
1710 15 2 0 0 1710
1711 15 2 0 0 1711
1712 15 2 0 0 1712
1713 15 2 0 0 1713
1714 15 2 0 0 1714
1715 15 2 0 0 1715
1716 15 2 0 0 1716
1717 15 2 0 0 1717
1718 15 2 0 0 1718
1719 15 2 0 0 1719
1720 15 2 0 0 1720
1721 15 2 0 0 1721
1722 15 2 0 0 1722
1723 15 2 0 0 1723
1724 15 2 0 0 1724
1725 15 2 0 0 1725
1726 15 2 0 0 1726
1727 15 2 0 0 1727
1728 15 2 0 0 1728
1729 15 2 0 0 1729
1730 15 2 0 0 1730
1731 15 2 0 0 1731
1732 15 2 0 0 1732
1733 15 2 0 0 1733
1734 15 2 0 0 1734
1735 15 2 0 0 1735
1736 15 2 0 0 1736
1737 15 2 0 0 1737
1738 15 2 0 0 1738
1739 15 2 0 0 1739
1740 15 2 0 0 1740
1741 15 2 0 0 1741
1742 15 2 0 0 1742
1743 15 2 0 0 1743
1744 15 2 0 0 1744
1745 15 2 0 0 1745
1746 15 2 0 0 1746
1747 15 2 0 0 1747
1748 15 2 0 0 1748
1749 15 2 0 0 1749
1750 15 2 0 0 1750
1751 15 2 0 0 1751
1752 15 2 0 0 1752
1753 15 2 0 0 1753
1754 15 2 0 0 1754
1755 15 2 0 0 1755
1756 15 2 0 0 1756
1757 15 2 0 0 1757
1758 15 2 0 0 1758
1759 15 2 0 0 1759
1760 15 2 0 0 1760
1761 15 2 0 0 1761
1762 15 2 0 0 1762
1763 15 2 0 0 1763
1764 15 2 0 0 1764
1765 15 2 0 0 1765
1766 15 2 0 0 1766
1767 15 2 0 0 1767
1768 15 2 0 0 1768
1769 15 2 0 0 1769
1770 15 2 0 0 1770
1771 15 2 0 0 1771
1772 15 2 0 0 1772
1773 15 2 0 0 1773
1774 15 2 0 0 1774
1775 15 2 0 0 1775
1776 15 2 0 0 1776
1777 15 2 0 0 1777
1778 15 2 0 0 1778
1779 15 2 0 0 1779
1780 15 2 0 0 1780
1781 15 2 0 0 1781
1782 15 2 0 0 1782
1783 15 2 0 0 1783
1784 15 2 0 0 1784
1785 15 2 0 0 1785
1786 15 2 0 0 1786
1787 15 2 0 0 1787
1788 15 2 0 0 1788
1789 15 2 0 0 1789
1790 15 2 0 0 1790
1791 15 2 0 0 1791
1792 15 2 0 0 1792
1793 15 2 0 0 1793
1794 15 2 0 0 1794
1795 15 2 0 0 1795
1796 15 2 0 0 1796
1797 15 2 0 0 1797
1798 15 2 0 0 1798
1799 15 2 0 0 1799
1800 15 2 0 0 1800
1801 15 2 0 0 1801
1802 15 2 0 0 1802
1803 15 2 0 0 1803
1804 15 2 0 0 1804
1805 15 2 0 0 1805
1806 15 2 0 0 1806
1807 15 2 0 0 1807
1808 15 2 0 0 1808
1809 15 2 0 0 1809
1810 15 2 0 0 1810
1811 15 2 0 0 1811
1812 15 2 0 0 1812
1813 15 2 0 0 1813
1814 15 2 0 0 1814
1815 15 2 0 0 1815
1816 15 2 0 0 1816
1817 15 2 0 0 1817
1818 15 2 0 0 1818
1819 15 2 0 0 1819
1820 15 2 0 0 1820
1821 15 2 0 0 1821
1822 15 2 0 0 1822
1823 15 2 0 0 1823
1824 15 2 0 0 1824
1825 15 2 0 0 1825
1826 15 2 0 0 1826
1827 15 2 0 0 1827
1828 15 2 0 0 1828
1829 15 2 0 0 1829
1830 15 2 0 0 1830
1831 15 2 0 0 1831
1832 15 2 0 0 1832
1833 15 2 0 0 1833
1834 15 2 0 0 1834
1835 15 2 0 0 1835
1836 15 2 0 0 1836
1837 15 2 0 0 1837
1838 15 2 0 0 1838
1839 15 2 0 0 1839
1840 15 2 0 0 1840
1841 15 2 0 0 1841
1842 15 2 0 0 1842
1843 15 2 0 0 1843
1844 15 2 0 0 1844
1845 15 2 0 0 1845
1846 15 2 0 0 1846
1847 15 2 0 0 1847
1848 15 2 0 0 1848
1849 15 2 0 0 1849
1850 15 2 0 0 1850
1851 15 2 0 0 1851
1852 15 2 0 0 1852
1853 15 2 0 0 1853
1854 15 2 0 0 1854
1855 15 2 0 0 1855
1856 15 2 0 0 1856
1857 15 2 0 0 1857
1858 15 2 0 0 1858
1859 15 2 0 0 1859
1860 15 2 0 0 1860
1861 15 2 0 0 1861
1862 15 2 0 0 1862
1863 15 2 0 0 1863
1864 15 2 0 0 1864
1865 15 2 0 0 1865
1866 15 2 0 0 1866
1867 15 2 0 0 1867
1868 15 2 0 0 1868
1869 15 2 0 0 1869
1870 15 2 0 0 1870
1871 15 2 0 0 1871
1872 15 2 0 0 1872
1873 15 2 0 0 1873
1874 15 2 0 0 1874
1875 15 2 0 0 1875
1876 15 2 0 0 1876
1877 15 2 0 0 1877
1878 15 2 0 0 1878
1879 15 2 0 0 1879
1880 15 2 0 0 1880
1881 15 2 0 0 1881
1882 15 2 0 0 1882
1883 15 2 0 0 1883
1884 15 2 0 0 1884
1885 15 2 0 0 1885
1886 15 2 0 0 1886
1887 15 2 0 0 1887
1888 15 2 0 0 1888
1889 15 2 0 0 1889
1890 15 2 0 0 1890
1891 15 2 0 0 1891
1892 15 2 0 0 1892
1893 15 2 0 0 1893
1894 15 2 0 0 1894
1895 15 2 0 0 1895
1896 15 2 0 0 1896
1897 15 2 0 0 1897
1898 15 2 0 0 1898
1899 15 2 0 0 1899
1900 15 2 0 0 1900
1901 15 2 0 0 1901
1902 15 2 0 0 1902
1903 15 2 0 0 1903
1904 15 2 0 0 1904
1905 15 2 0 0 1905
1906 15 2 0 0 1906
1907 15 2 0 0 1907
1908 15 2 0 0 1908
1909 15 2 0 0 1909
1910 15 2 0 0 1910
1911 15 2 0 0 1911
1912 15 2 0 0 1912
1913 15 2 0 0 1913
1914 15 2 0 0 1914
1915 15 2 0 0 1915
1916 15 2 0 0 1916
1917 15 2 0 0 1917
1918 15 2 0 0 1918
1919 15 2 0 0 1919
1920 15 2 0 0 1920
1921 15 2 0 0 1921
1922 15 2 0 0 1922
1923 15 2 0 0 1923
1924 15 2 0 0 1924
1925 15 2 0 0 1925
1926 15 2 0 0 1926
1927 15 2 0 0 1927
1928 15 2 0 0 1928
1929 15 2 0 0 1929
1930 15 2 0 0 1930
1931 15 2 0 0 1931
1932 15 2 0 0 1932
1933 15 2 0 0 1933
1934 15 2 0 0 1934
1935 15 2 0 0 1935
1936 15 2 0 0 1936
1937 15 2 0 0 1937
1938 15 2 0 0 1938
1939 15 2 0 0 1939
1940 15 2 0 0 1940
1941 15 2 0 0 1941
1942 15 2 0 0 1942
1943 15 2 0 0 1943
1944 15 2 0 0 1944
1945 15 2 0 0 1945
1946 15 2 0 0 1946
1947 15 2 0 0 1947
1948 15 2 0 0 1948
1949 15 2 0 0 1949
1950 15 2 0 0 1950
1951 15 2 0 0 1951
1952 15 2 0 0 1952
1953 15 2 0 0 1953
1954 15 2 0 0 1954
1955 15 2 0 0 1955
1956 15 2 0 0 1956
1957 15 2 0 0 1957
1958 15 2 0 0 1958
1959 15 2 0 0 1959
1960 15 2 0 0 1960
1961 15 2 0 0 1961
1962 15 2 0 0 1962
1963 15 2 0 0 1963
1964 15 2 0 0 1964
1965 15 2 0 0 1965
1966 15 2 0 0 1966
1967 15 2 0 0 1967
1968 15 2 0 0 1968
1969 15 2 0 0 1969
1970 15 2 0 0 1970
1971 15 2 0 0 1971
1972 15 2 0 0 1972
1973 15 2 0 0 1973
1974 15 2 0 0 1974
1975 15 2 0 0 1975
1976 15 2 0 0 1976
1977 15 2 0 0 1977
1978 15 2 0 0 1978
1979 15 2 0 0 1979
1980 15 2 0 0 1980
1981 15 2 0 0 1981
1982 15 2 0 0 1982
1983 15 2 0 0 1983
1984 15 2 0 0 1984
1985 15 2 0 0 1985
1986 15 2 0 0 1986
1987 15 2 0 0 1987
1988 15 2 0 0 1988
1989 15 2 0 0 1989
1990 15 2 0 0 1990
1991 15 2 0 0 1991
1992 15 2 0 0 1992
1993 15 2 0 0 1993
1994 15 2 0 0 1994
1995 15 2 0 0 1995
1996 15 2 0 0 1996
1997 15 2 0 0 1997
1998 15 2 0 0 1998
1999 15 2 0 0 1999
2000 15 2 0 0 2000
2001 15 2 0 0 2001
2002 15 2 0 0 2002
2003 15 2 0 0 2003
2004 15 2 0 0 2004
2005 15 2 0 0 2005
2006 15 2 0 0 2006
2007 15 2 0 0 2007
2008 15 2 0 0 2008
2009 15 2 0 0 2009
2010 15 2 0 0 2010
2011 15 2 0 0 2011
2012 15 2 0 0 2012
2013 15 2 0 0 2013
2014 15 2 0 0 2014
2015 15 2 0 0 2015
2016 15 2 0 0 2016
2017 15 2 0 0 2017
2018 15 2 0 0 2018
2019 15 2 0 0 2019
2020 15 2 0 0 2020
2021 15 2 0 0 2021
2022 15 2 0 0 2022
2023 15 2 0 0 2023
2024 15 2 0 0 2024
2025 15 2 0 0 2025
2026 15 2 0 0 2026
2027 15 2 0 0 2027
2028 15 2 0 0 2028
2029 15 2 0 0 2029
2030 15 2 0 0 2030
2031 15 2 0 0 2031
2032 15 2 0 0 2032
2033 15 2 0 0 2033
2034 15 2 0 0 2034
2035 15 2 0 0 2035
2036 15 2 0 0 2036
2037 15 2 0 0 2037
2038 15 2 0 0 2038
2039 15 2 0 0 2039
2040 15 2 0 0 2040
2041 15 2 0 0 2041
2042 15 2 0 0 2042
2043 15 2 0 0 2043
2044 15 2 0 0 2044
2045 15 2 0 0 2045
2046 15 2 0 0 2046
2047 15 2 0 0 2047
2048 15 2 0 0 2048
2049 15 2 0 0 2049
2050 15 2 0 0 2050
2051 15 2 0 0 2051
2052 15 2 0 0 2052
2053 15 2 0 0 2053
2054 15 2 0 0 2054
2055 15 2 0 0 2055
2056 15 2 0 0 2056
2057 15 2 0 0 2057
2058 15 2 0 0 2058
2059 15 2 0 0 2059
2060 15 2 0 0 2060
2061 15 2 0 0 2061
2062 15 2 0 0 2062
2063 15 2 0 0 2063
2064 15 2 0 0 2064
2065 15 2 0 0 2065
2066 15 2 0 0 2066
2067 15 2 0 0 2067
2068 15 2 0 0 2068
2069 15 2 0 0 2069
2070 15 2 0 0 2070
2071 15 2 0 0 2071
2072 15 2 0 0 2072
2073 15 2 0 0 2073
2074 15 2 0 0 2074
2075 15 2 0 0 2075
2076 15 2 0 0 2076
2077 15 2 0 0 2077
2078 15 2 0 0 2078
2079 15 2 0 0 2079
2080 15 2 0 0 2080
2081 15 2 0 0 2081
2082 15 2 0 0 2082
2083 15 2 0 0 2083
2084 15 2 0 0 2084
2085 15 2 0 0 2085
2086 15 2 0 0 2086
2087 15 2 0 0 2087
2088 15 2 0 0 2088
2089 15 2 0 0 2089
2090 15 2 0 0 2090
2091 15 2 0 0 2091
2092 15 2 0 0 2092
2093 15 2 0 0 2093
2094 15 2 0 0 2094
2095 15 2 0 0 2095
2096 15 2 0 0 2096
2097 15 2 0 0 2097
2098 15 2 0 0 2098
2099 15 2 0 0 2099
2100 15 2 0 0 2100
2101 15 2 0 0 2101
2102 15 2 0 0 2102
2103 15 2 0 0 2103
2104 15 2 0 0 2104
2105 15 2 0 0 2105
2106 15 2 0 0 2106
2107 15 2 0 0 2107
2108 15 2 0 0 2108
2109 15 2 0 0 2109
2110 15 2 0 0 2110
2111 15 2 0 0 2111
2112 15 2 0 0 2112
2113 15 2 0 0 2113
2114 15 2 0 0 2114
2115 15 2 0 0 2115
2116 15 2 0 0 2116
2117 15 2 0 0 2117
2118 15 2 0 0 2118
2119 15 2 0 0 2119
2120 15 2 0 0 2120
2121 15 2 0 0 2121
2122 15 2 0 0 2122
2123 15 2 0 0 2123
2124 15 2 0 0 2124
2125 15 2 0 0 2125
2126 15 2 0 0 2126
2127 15 2 0 0 2127
2128 15 2 0 0 2128
2129 15 2 0 0 2129
2130 15 2 0 0 2130
2131 15 2 0 0 2131
2132 15 2 0 0 2132
2133 15 2 0 0 2133
2134 15 2 0 0 2134
2135 15 2 0 0 2135
2136 15 2 0 0 2136
2137 15 2 0 0 2137
2138 15 2 0 0 2138
2139 15 2 0 0 2139
2140 15 2 0 0 2140
2141 15 2 0 0 2141
2142 15 2 0 0 2142
2143 15 2 0 0 2143
2144 15 2 0 0 2144
2145 15 2 0 0 2145
2146 15 2 0 0 2146
2147 15 2 0 0 2147
2148 15 2 0 0 2148
2149 15 2 0 0 2149
2150 15 2 0 0 2150
2151 15 2 0 0 2151
2152 15 2 0 0 2152
2153 15 2 0 0 2153
2154 15 2 0 0 2154
2155 15 2 0 0 2155
2156 15 2 0 0 2156
2157 15 2 0 0 2157
2158 15 2 0 0 2158
2159 15 2 0 0 2159
2160 15 2 0 0 2160
2161 15 2 0 0 2161
2162 15 2 0 0 2162
2163 15 2 0 0 2163
2164 15 2 0 0 2164
2165 15 2 0 0 2165
2166 15 2 0 0 2166
2167 15 2 0 0 2167
2168 15 2 0 0 2168
2169 15 2 0 0 2169
2170 15 2 0 0 2170
2171 15 2 0 0 2171
2172 15 2 0 0 2172
2173 15 2 0 0 2173
2174 15 2 0 0 2174
2175 15 2 0 0 2175
2176 15 2 0 0 2176
2177 15 2 0 0 2177
2178 15 2 0 0 2178
2179 15 2 0 0 2179
2180 15 2 0 0 2180
2181 15 2 0 0 2181
2182 15 2 0 0 2182
2183 15 2 0 0 2183
2184 15 2 0 0 2184
2185 15 2 0 0 2185
2186 15 2 0 0 2186
2187 15 2 0 0 2187
2188 15 2 1 1 2188
2189 15 2 0 0 2189
2190 15 2 0 0 2190
2191 15 2 0 0 2191
2192 15 2 0 0 2192
2193 15 2 1 1 2193
2194 15 2 0 0 2194
2195 15 2 0 0 2195
2196 15 2 0 0 2196
2197 15 2 0 0 2197
2198 15 2 0 0 2198
2199 15 2 0 0 2199
2200 15 2 0 0 2200
2201 15 2 0 0 2201
2202 15 2 0 0 2202
2203 15 2 0 0 2203
2204 15 2 0 0 2204
2205 15 2 0 0 2205
2206 15 2 0 0 2206
2207 15 2 0 0 2207
2208 15 2 0 0 2208
2209 15 2 0 0 2209
2210 15 2 0 0 2210
2211 15 2 0 0 2211
2212 15 2 0 0 2212
2213 15 2 0 0 2213
2214 15 2 0 0 2214
2215 15 2 0 0 2215
2216 15 2 0 0 2216
2217 15 2 0 0 2217
2218 15 2 0 0 2218
2219 15 2 0 0 2219
2220 15 2 0 0 2220
2221 15 2 0 0 2221
2222 15 2 0 0 2222
2223 15 2 0 0 2223
2224 15 2 0 0 2224
2225 15 2 0 0 2225
2226 15 2 0 0 2226
2227 15 2 0 0 2227
2228 15 2 0 0 2228
2229 15 2 0 0 2229
2230 15 2 0 0 2230
2231 15 2 0 0 2231
2232 15 2 0 0 2232
2233 15 2 0 0 2233
2234 15 2 0 0 2234
2235 15 2 0 0 2235
2236 15 2 0 0 2236
2237 15 2 0 0 2237
2238 15 2 0 0 2238
2239 15 2 0 0 2239
2240 15 2 0 0 2240
2241 15 2 0 0 2241
2242 15 2 0 0 2242
2243 15 2 0 0 2243
2244 15 2 0 0 2244
2245 15 2 0 0 2245
2246 15 2 0 0 2246
2247 15 2 0 0 2247
2248 15 2 0 0 2248
2249 15 2 0 0 2249
2250 15 2 0 0 2250
2251 15 2 0 0 2251
2252 15 2 0 0 2252
2253 15 2 0 0 2253
2254 15 2 0 0 2254
2255 15 2 0 0 2255
2256 15 2 0 0 2256
2257 15 2 0 0 2257
2258 15 2 0 0 2258
2259 15 2 0 0 2259
2260 15 2 0 0 2260
2261 15 2 0 0 2261
2262 15 2 0 0 2262
2263 15 2 0 0 2263
2264 15 2 0 0 2264
2265 15 2 0 0 2265
2266 15 2 0 0 2266
2267 15 2 0 0 2267
2268 15 2 0 0 2268
2269 15 2 0 0 2269
2270 15 2 0 0 2270
2271 15 2 0 0 2271
2272 15 2 0 0 2272
2273 15 2 0 0 2273
2274 15 2 0 0 2274
2275 15 2 0 0 2275
2276 15 2 0 0 2276
2277 15 2 0 0 2277
2278 15 2 0 0 2278
2279 15 2 0 0 2279
2280 15 2 0 0 2280
2281 15 2 0 0 2281
2282 15 2 0 0 2282
2283 15 2 0 0 2283
2284 15 2 0 0 2284
2285 15 2 0 0 2285
2286 15 2 0 0 2286
2287 15 2 0 0 2287
2288 15 2 0 0 2288
2289 15 2 0 0 2289
2290 15 2 0 0 2290
2291 15 2 0 0 2291
2292 15 2 0 0 2292
2293 15 2 0 0 2293
2294 15 2 0 0 2294
2295 15 2 0 0 2295
2296 15 2 0 0 2296
2297 15 2 0 0 2297
2298 15 2 0 0 2298
2299 15 2 0 0 2299
2300 15 2 0 0 2300
2301 15 2 0 0 2301
2302 15 2 0 0 2302
2303 15 2 0 0 2303
2304 15 2 0 0 2304
2305 15 2 0 0 2305
2306 15 2 0 0 2306
2307 15 2 0 0 2307
2308 15 2 0 0 2308
2309 15 2 0 0 2309
2310 15 2 0 0 2310
2311 15 2 0 0 2311
2312 15 2 0 0 2312
2313 15 2 0 0 2313
2314 15 2 0 0 2314
2315 15 2 0 0 2315
2316 15 2 0 0 2316
2317 15 2 0 0 2317
2318 15 2 0 0 2318
2319 15 2 0 0 2319
2320 15 2 0 0 2320
2321 15 2 0 0 2321
2322 15 2 0 0 2322
2323 15 2 0 0 2323
2324 15 2 0 0 2324
2325 15 2 0 0 2325
2326 15 2 0 0 2326
2327 15 2 0 0 2327
2328 15 2 0 0 2328
2329 15 2 0 0 2329
2330 15 2 0 0 2330
2331 15 2 0 0 2331
2332 15 2 0 0 2332
2333 15 2 0 0 2333
2334 15 2 0 0 2334
2335 15 2 0 0 2335
2336 15 2 0 0 2336
2337 15 2 0 0 2337
2338 15 2 0 0 2338
2339 15 2 0 0 2339
2340 15 2 0 0 2340
2341 15 2 0 0 2341
2342 15 2 0 0 2342
2343 15 2 0 0 2343
2344 15 2 0 0 2344
2345 15 2 0 0 2345
2346 15 2 0 0 2346
2347 15 2 0 0 2347
2348 15 2 0 0 2348
2349 15 2 0 0 2349
2350 15 2 0 0 2350
2351 15 2 0 0 2351
2352 15 2 0 0 2352
2353 15 2 0 0 2353
2354 15 2 0 0 2354
2355 15 2 0 0 2355
2356 15 2 0 0 2356
2357 15 2 0 0 2357
2358 15 2 0 0 2358
2359 15 2 0 0 2359
2360 15 2 0 0 2360
2361 15 2 0 0 2361
2362 15 2 0 0 2362
2363 15 2 0 0 2363
2364 15 2 0 0 2364
2365 15 2 0 0 2365
2366 15 2 0 0 2366
2367 15 2 0 0 2367
2368 15 2 0 0 2368
2369 15 2 0 0 2369
2370 15 2 0 0 2370
2371 15 2 0 0 2371
2372 15 2 0 0 2372
2373 15 2 0 0 2373
2374 15 2 0 0 2374
2375 15 2 0 0 2375
2376 15 2 0 0 2376
2377 15 2 0 0 2377
2378 15 2 0 0 2378
2379 15 2 0 0 2379
2380 15 2 0 0 2380
2381 15 2 0 0 2381
2382 15 2 0 0 2382
2383 15 2 0 0 2383
2384 15 2 0 0 2384
2385 15 2 0 0 2385
2386 15 2 0 0 2386
2387 15 2 0 0 2387
2388 15 2 0 0 2388
2389 15 2 0 0 2389
2390 15 2 0 0 2390
2391 15 2 0 0 2391
2392 15 2 0 0 2392
2393 15 2 0 0 2393
2394 15 2 0 0 2394
2395 15 2 0 0 2395
2396 15 2 0 0 2396
2397 15 2 0 0 2397
2398 15 2 0 0 2398
2399 15 2 0 0 2399
2400 15 2 0 0 2400
2401 15 2 0 0 2401
2402 15 2 0 0 2402
2403 15 2 0 0 2403
2404 15 2 0 0 2404
2405 15 2 0 0 2405
2406 15 2 0 0 2406
2407 15 2 0 0 2407
2408 15 2 0 0 2408
2409 15 2 0 0 2409
2410 15 2 0 0 2410
2411 15 2 0 0 2411
2412 15 2 0 0 2412
2413 15 2 0 0 2413
2414 15 2 0 0 2414
2415 15 2 0 0 2415
2416 15 2 0 0 2416
2417 15 2 0 0 2417
2418 15 2 0 0 2418
2419 15 2 0 0 2419
2420 15 2 0 0 2420
2421 15 2 0 0 2421
2422 15 2 0 0 2422
2423 15 2 0 0 2423
2424 15 2 0 0 2424
2425 15 2 0 0 2425
2426 15 2 0 0 2426
2427 15 2 0 0 2427
2428 15 2 0 0 2428
2429 15 2 0 0 2429
2430 15 2 0 0 2430
2431 15 2 0 0 2431
2432 15 2 0 0 2432
2433 15 2 0 0 2433
2434 15 2 0 0 2434
2435 15 2 0 0 2435
2436 15 2 0 0 2436
2437 15 2 0 0 2437
2438 15 2 0 0 2438
2439 15 2 0 0 2439
2440 15 2 0 0 2440
2441 15 2 0 0 2441
2442 15 2 0 0 2442
2443 15 2 0 0 2443
2444 15 2 0 0 2444
2445 15 2 0 0 2445
2446 15 2 0 0 2446
2447 15 2 0 0 2447
2448 15 2 0 0 2448
2449 15 2 0 0 2449
2450 15 2 0 0 2450
2451 15 2 0 0 2451
2452 15 2 0 0 2452
2453 15 2 0 0 2453
2454 15 2 0 0 2454
2455 15 2 0 0 2455
2456 15 2 0 0 2456
2457 15 2 0 0 2457
2458 15 2 0 0 2458
2459 15 2 0 0 2459
2460 15 2 0 0 2460
2461 15 2 0 0 2461
2462 15 2 0 0 2462
2463 15 2 0 0 2463
2464 15 2 0 0 2464
2465 15 2 0 0 2465
2466 15 2 0 0 2466
2467 15 2 0 0 2467
2468 15 2 0 0 2468
2469 15 2 0 0 2469
2470 15 2 0 0 2470
2471 15 2 0 0 2471
2472 15 2 0 0 2472
2473 15 2 0 0 2473
2474 15 2 0 0 2474
2475 15 2 0 0 2475
2476 15 2 0 0 2476
2477 15 2 0 0 2477
2478 15 2 0 0 2478
2479 15 2 0 0 2479
2480 15 2 0 0 2480
2481 15 2 0 0 2481
2482 15 2 0 0 2482
2483 15 2 0 0 2483
2484 15 2 0 0 2484
2485 15 2 0 0 2485
2486 15 2 0 0 2486
2487 15 2 0 0 2487
2488 15 2 0 0 2488
2489 15 2 0 0 2489
2490 15 2 0 0 2490
2491 15 2 0 0 2491
2492 15 2 0 0 2492
2493 15 2 0 0 2493
2494 15 2 0 0 2494
2495 15 2 0 0 2495
2496 15 2 0 0 2496
2497 15 2 0 0 2497
2498 15 2 0 0 2498
2499 15 2 0 0 2499
2500 15 2 0 0 2500
2501 15 2 0 0 2501
2502 15 2 0 0 2502
2503 15 2 0 0 2503
2504 15 2 0 0 2504
2505 15 2 0 0 2505
2506 15 2 0 0 2506
2507 15 2 0 0 2507
2508 15 2 0 0 2508
2509 15 2 0 0 2509
2510 15 2 0 0 2510
2511 15 2 0 0 2511
2512 15 2 0 0 2512
2513 15 2 0 0 2513
2514 15 2 0 0 2514
2515 15 2 0 0 2515
2516 15 2 0 0 2516
2517 15 2 0 0 2517
2518 15 2 0 0 2518
2519 15 2 0 0 2519
2520 15 2 0 0 2520
2521 15 2 0 0 2521
2522 15 2 0 0 2522
2523 15 2 0 0 2523
2524 15 2 0 0 2524
2525 15 2 0 0 2525
2526 15 2 0 0 2526
2527 15 2 0 0 2527
2528 15 2 0 0 2528
2529 15 2 0 0 2529
2530 15 2 0 0 2530
2531 15 2 0 0 2531
2532 15 2 0 0 2532
2533 15 2 0 0 2533
2534 15 2 0 0 2534
2535 15 2 0 0 2535
2536 15 2 0 0 2536
2537 15 2 0 0 2537
2538 15 2 0 0 2538
2539 15 2 0 0 2539
2540 15 2 0 0 2540
2541 15 2 0 0 2541
2542 15 2 0 0 2542
2543 15 2 0 0 2543
2544 15 2 0 0 2544
2545 15 2 0 0 2545
2546 15 2 0 0 2546
2547 15 2 0 0 2547
2548 15 2 0 0 2548
2549 15 2 0 0 2549
2550 15 2 0 0 2550
2551 15 2 0 0 2551
2552 15 2 0 0 2552
2553 15 2 0 0 2553
2554 15 2 0 0 2554
2555 15 2 0 0 2555
2556 15 2 0 0 2556
2557 15 2 0 0 2557
2558 15 2 0 0 2558
2559 15 2 0 0 2559
2560 15 2 0 0 2560
2561 15 2 0 0 2561
2562 15 2 0 0 2562
2563 15 2 0 0 2563
2564 15 2 0 0 2564
2565 15 2 0 0 2565
2566 15 2 0 0 2566
2567 15 2 0 0 2567
2568 15 2 0 0 2568
2569 15 2 0 0 2569
2570 15 2 0 0 2570
2571 15 2 0 0 2571
2572 15 2 0 0 2572
2573 15 2 0 0 2573
2574 15 2 0 0 2574
2575 15 2 0 0 2575
2576 15 2 0 0 2576
2577 15 2 0 0 2577
2578 15 2 0 0 2578
2579 15 2 0 0 2579
2580 15 2 0 0 2580
2581 15 2 0 0 2581
2582 15 2 0 0 2582
2583 15 2 0 0 2583
2584 15 2 0 0 2584
2585 15 2 0 0 2585
2586 15 2 0 0 2586
2587 15 2 0 0 2587
2588 15 2 0 0 2588
2589 15 2 0 0 2589
2590 15 2 0 0 2590
2591 15 2 0 0 2591
2592 15 2 0 0 2592
2593 15 2 0 0 2593
2594 15 2 0 0 2594
2595 15 2 0 0 2595
2596 15 2 0 0 2596
2597 15 2 0 0 2597
2598 15 2 0 0 2598
2599 15 2 0 0 2599
2600 15 2 0 0 2600
2601 15 2 0 0 2601
2602 15 2 0 0 2602
2603 15 2 0 0 2603
2604 15 2 0 0 2604
2605 15 2 0 0 2605
2606 15 2 0 0 2606
2607 15 2 0 0 2607
2608 15 2 0 0 2608
2609 15 2 0 0 2609
2610 15 2 0 0 2610
2611 15 2 0 0 2611
2612 15 2 0 0 2612
2613 15 2 0 0 2613
2614 15 2 0 0 2614
2615 15 2 0 0 2615
2616 15 2 0 0 2616
2617 15 2 0 0 2617
2618 15 2 0 0 2618
2619 15 2 0 0 2619
2620 15 2 0 0 2620
2621 15 2 0 0 2621
2622 15 2 0 0 2622
2623 15 2 0 0 2623
2624 15 2 0 0 2624
2625 15 2 0 0 2625
2626 15 2 0 0 2626
2627 15 2 0 0 2627
2628 15 2 0 0 2628
2629 15 2 1 1 2629
2630 15 2 0 0 2630
2631 15 2 0 0 2631
2632 15 2 0 0 2632
2633 15 2 0 0 2633
2634 15 2 0 0 2634
2635 15 2 0 0 2635
2636 15 2 0 0 2636
2637 15 2 0 0 2637
2638 15 2 0 0 2638
2639 15 2 0 0 2639
2640 15 2 0 0 2640
2641 15 2 0 0 2641
2642 15 2 0 0 2642
2643 15 2 0 0 2643
2644 15 2 0 0 2644
2645 15 2 0 0 2645
2646 15 2 0 0 2646
2647 15 2 0 0 2647
2648 15 2 0 0 2648
2649 15 2 0 0 2649
2650 15 2 0 0 2650
2651 15 2 0 0 2651
2652 15 2 0 0 2652
2653 15 2 0 0 2653
2654 15 2 0 0 2654
2655 15 2 0 0 2655
2656 15 2 0 0 2656
2657 15 2 0 0 2657
2658 15 2 0 0 2658
2659 15 2 0 0 2659
2660 15 2 0 0 2660
2661 15 2 0 0 2661
2662 15 2 0 0 2662
2663 15 2 0 0 2663
2664 15 2 0 0 2664
2665 15 2 0 0 2665
2666 15 2 0 0 2666
2667 15 2 0 0 2667
2668 15 2 0 0 2668
2669 15 2 0 0 2669
2670 15 2 0 0 2670
2671 15 2 0 0 2671
2672 15 2 0 0 2672
2673 15 2 0 0 2673
2674 15 2 0 0 2674
2675 15 2 0 0 2675
2676 15 2 0 0 2676
2677 15 2 0 0 2677
2678 15 2 0 0 2678
2679 15 2 0 0 2679
2680 15 2 0 0 2680
2681 15 2 0 0 2681
2682 15 2 0 0 2682
2683 15 2 0 0 2683
2684 15 2 0 0 2684
2685 15 2 0 0 2685
2686 15 2 0 0 2686
2687 15 2 0 0 2687
2688 15 2 0 0 2688
2689 15 2 0 0 2689
2690 15 2 0 0 2690
2691 15 2 0 0 2691
2692 15 2 0 0 2692
2693 15 2 0 0 2693
2694 15 2 0 0 2694
2695 15 2 0 0 2695
2696 15 2 0 0 2696
2697 15 2 0 0 2697
2698 15 2 0 0 2698
2699 15 2 0 0 2699
2700 15 2 0 0 2700
2701 15 2 0 0 2701
2702 15 2 0 0 2702
2703 15 2 0 0 2703
2704 15 2 0 0 2704
2705 15 2 0 0 2705
2706 15 2 0 0 2706
2707 15 2 0 0 2707
2708 15 2 0 0 2708
2709 15 2 0 0 2709
2710 15 2 0 0 2710
2711 15 2 0 0 2711
2712 15 2 0 0 2712
2713 15 2 0 0 2713
2714 15 2 0 0 2714
2715 15 2 0 0 2715
2716 15 2 0 0 2716
2717 15 2 0 0 2717
2718 15 2 0 0 2718
2719 15 2 0 0 2719
2720 15 2 0 0 2720
2721 15 2 0 0 2721
2722 15 2 0 0 2722
2723 15 2 0 0 2723
2724 15 2 0 0 2724
2725 15 2 0 0 2725
2726 15 2 0 0 2726
2727 15 2 0 0 2727
2728 15 2 0 0 2728
2729 15 2 0 0 2729
2730 15 2 0 0 2730
2731 15 2 0 0 2731
2732 15 2 0 0 2732
2733 15 2 0 0 2733
2734 15 2 0 0 2734
2735 15 2 0 0 2735
2736 15 2 0 0 2736
2737 15 2 0 0 2737
2738 15 2 0 0 2738
2739 15 2 0 0 2739
2740 15 2 0 0 2740
2741 15 2 0 0 2741
2742 15 2 0 0 2742
2743 15 2 0 0 2743
2744 15 2 0 0 2744
2745 15 2 0 0 2745
2746 15 2 0 0 2746
2747 15 2 0 0 2747
2748 15 2 0 0 2748
2749 15 2 0 0 2749
2750 15 2 0 0 2750
2751 15 2 0 0 2751
2752 15 2 0 0 2752
2753 15 2 0 0 2753
2754 15 2 0 0 2754
2755 15 2 0 0 2755
2756 15 2 0 0 2756
2757 15 2 0 0 2757
2758 15 2 0 0 2758
2759 15 2 0 0 2759
2760 15 2 0 0 2760
2761 15 2 0 0 2761
2762 15 2 0 0 2762
2763 15 2 0 0 2763
2764 15 2 0 0 2764
2765 15 2 0 0 2765
2766 15 2 0 0 2766
2767 15 2 0 0 2767
2768 15 2 0 0 2768
2769 15 2 0 0 2769
2770 15 2 0 0 2770
2771 15 2 0 0 2771
2772 15 2 0 0 2772
2773 15 2 0 0 2773
2774 15 2 0 0 2774
2775 15 2 0 0 2775
2776 15 2 0 0 2776
2777 15 2 0 0 2777
2778 15 2 0 0 2778
2779 15 2 0 0 2779
2780 15 2 0 0 2780
2781 15 2 0 0 2781
2782 15 2 0 0 2782
2783 15 2 0 0 2783
2784 15 2 0 0 2784
2785 15 2 0 0 2785
2786 15 2 0 0 2786
2787 15 2 0 0 2787
2788 15 2 0 0 2788
2789 15 2 0 0 2789
2790 15 2 0 0 2790
2791 15 2 0 0 2791
2792 15 2 0 0 2792
2793 15 2 0 0 2793
2794 15 2 0 0 2794
2795 15 2 0 0 2795
2796 15 2 0 0 2796
2797 15 2 0 0 2797
2798 15 2 0 0 2798
2799 15 2 0 0 2799
2800 15 2 0 0 2800
2801 15 2 0 0 2801
2802 15 2 0 0 2802
2803 15 2 0 0 2803
2804 15 2 0 0 2804
2805 15 2 0 0 2805
2806 15 2 0 0 2806
2807 15 2 0 0 2807
2808 15 2 0 0 2808
2809 15 2 0 0 2809
2810 15 2 0 0 2810
2811 15 2 0 0 2811
2812 15 2 0 0 2812
2813 15 2 0 0 2813
2814 15 2 0 0 2814
2815 15 2 0 0 2815
2816 15 2 0 0 2816
2817 15 2 0 0 2817
2818 15 2 0 0 2818
2819 15 2 0 0 2819
2820 15 2 0 0 2820
2821 15 2 0 0 2821
2822 15 2 0 0 2822
2823 15 2 0 0 2823
2824 15 2 0 0 2824
2825 15 2 0 0 2825
2826 15 2 0 0 2826
2827 15 2 0 0 2827
2828 15 2 0 0 2828
2829 15 2 0 0 2829
2830 15 2 0 0 2830
2831 15 2 0 0 2831
2832 15 2 0 0 2832
2833 15 2 0 0 2833
2834 15 2 0 0 2834
2835 15 2 0 0 2835
2836 15 2 0 0 2836
2837 15 2 0 0 2837
2838 15 2 0 0 2838
2839 15 2 0 0 2839
2840 15 2 0 0 2840
2841 15 2 0 0 2841
2842 15 2 0 0 2842
2843 15 2 0 0 2843
2844 15 2 0 0 2844
2845 15 2 0 0 2845
2846 15 2 0 0 2846
2847 15 2 0 0 2847
2848 15 2 0 0 2848
2849 15 2 0 0 2849
2850 15 2 0 0 2850
2851 15 2 0 0 2851
2852 15 2 0 0 2852
2853 15 2 0 0 2853
2854 15 2 0 0 2854
2855 15 2 0 0 2855
2856 15 2 0 0 2856
2857 15 2 0 0 2857
2858 15 2 0 0 2858
2859 15 2 0 0 2859
2860 15 2 0 0 2860
2861 15 2 0 0 2861
2862 15 2 0 0 2862
2863 15 2 0 0 2863
2864 15 2 0 0 2864
2865 15 2 0 0 2865
2866 15 2 0 0 2866
2867 15 2 0 0 2867
2868 15 2 0 0 2868
2869 15 2 0 0 2869
2870 15 2 0 0 2870
2871 15 2 0 0 2871
2872 15 2 0 0 2872
2873 15 2 0 0 2873
2874 15 2 0 0 2874
2875 15 2 0 0 2875
2876 15 2 0 0 2876
2877 15 2 0 0 2877
2878 15 2 0 0 2878
2879 15 2 0 0 2879
2880 15 2 0 0 2880
2881 15 2 0 0 2881
2882 15 2 0 0 2882
2883 15 2 0 0 2883
2884 15 2 0 0 2884
2885 15 2 0 0 2885
2886 15 2 0 0 2886
2887 15 2 0 0 2887
2888 15 2 0 0 2888
2889 15 2 0 0 2889
2890 15 2 0 0 2890
2891 15 2 0 0 2891
2892 15 2 0 0 2892
2893 15 2 0 0 2893
2894 15 2 0 0 2894
2895 15 2 0 0 2895
2896 15 2 0 0 2896
2897 15 2 0 0 2897
2898 15 2 0 0 2898
2899 15 2 0 0 2899
2900 15 2 0 0 2900
2901 15 2 0 0 2901
2902 15 2 0 0 2902
2903 15 2 0 0 2903
2904 15 2 0 0 2904
2905 15 2 0 0 2905
2906 15 2 0 0 2906
2907 15 2 0 0 2907
2908 15 2 0 0 2908
2909 15 2 0 0 2909
2910 15 2 0 0 2910
2911 15 2 0 0 2911
2912 15 2 0 0 2912
2913 15 2 0 0 2913
2914 15 2 0 0 2914
2915 15 2 0 0 2915
2916 15 2 0 0 2916
2917 15 2 0 0 2917
2918 15 2 0 0 2918
2919 15 2 0 0 2919
2920 15 2 0 0 2920
2921 15 2 0 0 2921
2922 15 2 0 0 2922
2923 15 2 0 0 2923
2924 15 2 0 0 2924
2925 15 2 0 0 2925
2926 15 2 0 0 2926
2927 15 2 0 0 2927
2928 15 2 0 0 2928
2929 15 2 0 0 2929
2930 15 2 0 0 2930
2931 15 2 0 0 2931
2932 15 2 0 0 2932
2933 15 2 0 0 2933
2934 15 2 0 0 2934
2935 15 2 0 0 2935
2936 15 2 0 0 2936
2937 15 2 0 0 2937
2938 15 2 0 0 2938
2939 15 2 0 0 2939
2940 15 2 0 0 2940
2941 15 2 0 0 2941
2942 15 2 0 0 2942
2943 15 2 0 0 2943
2944 15 2 0 0 2944
2945 15 2 0 0 2945
2946 15 2 0 0 2946
2947 15 2 0 0 2947
2948 15 2 0 0 2948
2949 15 2 0 0 2949
2950 15 2 0 0 2950
2951 15 2 0 0 2951
2952 15 2 0 0 2952
2953 15 2 0 0 2953
2954 15 2 0 0 2954
2955 15 2 0 0 2955
2956 15 2 0 0 2956
2957 15 2 0 0 2957
2958 15 2 0 0 2958
2959 15 2 0 0 2959
2960 15 2 0 0 2960
2961 15 2 0 0 2961
2962 15 2 0 0 2962
2963 15 2 0 0 2963
2964 15 2 0 0 2964
2965 15 2 0 0 2965
2966 15 2 0 0 2966
2967 15 2 0 0 2967
2968 15 2 0 0 2968
2969 15 2 0 0 2969
2970 15 2 0 0 2970
2971 15 2 0 0 2971
2972 15 2 0 0 2972
2973 15 2 0 0 2973
2974 15 2 0 0 2974
2975 15 2 0 0 2975
2976 15 2 0 0 2976
2977 15 2 0 0 2977
2978 15 2 0 0 2978
2979 15 2 0 0 2979
2980 15 2 0 0 2980
2981 15 2 0 0 2981
2982 15 2 0 0 2982
2983 15 2 0 0 2983
2984 15 2 0 0 2984
2985 15 2 0 0 2985
2986 15 2 0 0 2986
2987 15 2 0 0 2987
2988 15 2 0 0 2988
2989 15 2 0 0 2989
2990 15 2 0 0 2990
2991 15 2 0 0 2991
2992 15 2 0 0 2992
2993 15 2 0 0 2993
2994 15 2 0 0 2994
2995 15 2 0 0 2995
2996 15 2 0 0 2996
2997 15 2 0 0 2997
2998 15 2 0 0 2998
2999 15 2 0 0 2999
3000 15 2 0 0 3000
3001 15 2 0 0 3001
3002 15 2 0 0 3002
3003 15 2 0 0 3003
3004 15 2 0 0 3004
3005 15 2 0 0 3005
3006 15 2 0 0 3006
3007 15 2 0 0 3007
3008 15 2 0 0 3008
3009 15 2 0 0 3009
3010 15 2 0 0 3010
3011 15 2 0 0 3011
3012 15 2 0 0 3012
3013 15 2 0 0 3013
3014 15 2 0 0 3014
3015 15 2 0 0 3015
3016 15 2 0 0 3016
3017 15 2 0 0 3017
3018 15 2 0 0 3018
3019 15 2 0 0 3019
3020 15 2 0 0 3020
3021 15 2 0 0 3021
3022 15 2 0 0 3022
3023 15 2 0 0 3023
3024 15 2 0 0 3024
3025 15 2 0 0 3025
3026 15 2 0 0 3026
3027 15 2 0 0 3027
3028 15 2 0 0 3028
3029 15 2 0 0 3029
3030 15 2 0 0 3030
3031 15 2 0 0 3031
3032 15 2 0 0 3032
3033 15 2 0 0 3033
3034 15 2 0 0 3034
3035 15 2 0 0 3035
3036 15 2 0 0 3036
3037 15 2 0 0 3037
3038 15 2 0 0 3038
3039 15 2 0 0 3039
3040 15 2 0 0 3040
3041 15 2 0 0 3041
3042 15 2 0 0 3042
3043 15 2 0 0 3043
3044 15 2 0 0 3044
3045 15 2 0 0 3045
3046 15 2 0 0 3046
3047 15 2 0 0 3047
3048 15 2 0 0 3048
3049 15 2 0 0 3049
3050 15 2 0 0 3050
3051 15 2 0 0 3051
3052 15 2 0 0 3052
3053 15 2 0 0 3053
3054 15 2 0 0 3054
3055 15 2 0 0 3055
3056 15 2 0 0 3056
3057 15 2 0 0 3057
3058 15 2 0 0 3058
3059 15 2 0 0 3059
3060 15 2 0 0 3060
3061 15 2 0 0 3061
3062 15 2 0 0 3062
3063 15 2 0 0 3063
3064 15 2 0 0 3064
3065 15 2 0 0 3065
3066 15 2 0 0 3066
3067 15 2 0 0 3067
3068 15 2 0 0 3068
3069 15 2 0 0 3069
3070 15 2 0 0 3070
3071 15 2 0 0 3071
3072 15 2 0 0 3072
3073 15 2 0 0 3073
3074 15 2 0 0 3074
3075 15 2 0 0 3075
3076 15 2 0 0 3076
3077 15 2 0 0 3077
3078 15 2 0 0 3078
3079 15 2 0 0 3079
3080 15 2 0 0 3080
3081 15 2 0 0 3081
3082 15 2 0 0 3082
3083 15 2 0 0 3083
3084 15 2 0 0 3084
3085 15 2 0 0 3085
3086 15 2 0 0 3086
3087 15 2 0 0 3087
3088 15 2 0 0 3088
3089 15 2 0 0 3089
3090 15 2 0 0 3090
3091 15 2 0 0 3091
3092 15 2 0 0 3092
3093 15 2 0 0 3093
3094 15 2 0 0 3094
3095 15 2 0 0 3095
3096 15 2 0 0 3096
3097 15 2 0 0 3097
3098 15 2 0 0 3098
3099 15 2 0 0 3099
3100 15 2 0 0 3100
3101 15 2 0 0 3101
3102 15 2 0 0 3102
3103 15 2 0 0 3103
3104 15 2 0 0 3104
3105 15 2 0 0 3105
3106 15 2 0 0 3106
3107 15 2 0 0 3107
3108 15 2 0 0 3108
3109 15 2 0 0 3109
3110 15 2 0 0 3110
3111 15 2 0 0 3111
3112 15 2 0 0 3112
3113 15 2 0 0 3113
3114 15 2 0 0 3114
3115 15 2 0 0 3115
3116 15 2 0 0 3116
3117 15 2 0 0 3117
3118 15 2 0 0 3118
3119 15 2 0 0 3119
3120 15 2 0 0 3120
3121 15 2 0 0 3121
3122 15 2 0 0 3122
3123 15 2 0 0 3123
3124 15 2 0 0 3124
3125 15 2 0 0 3125
3126 15 2 0 0 3126
3127 15 2 0 0 3127
3128 15 2 0 0 3128
3129 15 2 0 0 3129
3130 15 2 0 0 3130
3131 15 2 0 0 3131
3132 15 2 0 0 3132
3133 15 2 0 0 3133
3134 15 2 0 0 3134
3135 15 2 0 0 3135
3136 15 2 0 0 3136
3137 15 2 0 0 3137
3138 15 2 0 0 3138
3139 15 2 0 0 3139
3140 15 2 0 0 3140
3141 15 2 0 0 3141
3142 15 2 0 0 3142
3143 15 2 0 0 3143
3144 15 2 0 0 3144
3145 15 2 0 0 3145
3146 15 2 0 0 3146
3147 15 2 0 0 3147
3148 15 2 0 0 3148
3149 15 2 0 0 3149
3150 15 2 0 0 3150
3151 15 2 0 0 3151
3152 15 2 0 0 3152
3153 15 2 0 0 3153
3154 15 2 0 0 3154
3155 15 2 0 0 3155
3156 15 2 0 0 3156
3157 15 2 0 0 3157
3158 15 2 0 0 3158
3159 15 2 0 0 3159
3160 15 2 0 0 3160
3161 15 2 0 0 3161
3162 15 2 0 0 3162
3163 15 2 0 0 3163
3164 15 2 0 0 3164
3165 15 2 0 0 3165
3166 15 2 0 0 3166
3167 15 2 0 0 3167
3168 15 2 0 0 3168
3169 15 2 0 0 3169
3170 15 2 0 0 3170
3171 15 2 0 0 3171
3172 15 2 0 0 3172
3173 15 2 0 0 3173
3174 15 2 0 0 3174
3175 15 2 0 0 3175
3176 15 2 0 0 3176
3177 15 2 0 0 3177
3178 15 2 0 0 3178
3179 15 2 0 0 3179
3180 15 2 0 0 3180
3181 15 2 0 0 3181
3182 15 2 0 0 3182
3183 15 2 0 0 3183
3184 15 2 0 0 3184
3185 15 2 0 0 3185
3186 15 2 0 0 3186
3187 15 2 0 0 3187
3188 15 2 0 0 3188
3189 15 2 0 0 3189
3190 15 2 0 0 3190
3191 15 2 0 0 3191
3192 15 2 0 0 3192
3193 15 2 0 0 3193
3194 15 2 0 0 3194
3195 15 2 0 0 3195
3196 15 2 0 0 3196
3197 15 2 0 0 3197
3198 15 2 0 0 3198
3199 15 2 0 0 3199
3200 15 2 0 0 3200
3201 15 2 0 0 3201
3202 15 2 0 0 3202
3203 15 2 0 0 3203
3204 15 2 0 0 3204
3205 15 2 0 0 3205
3206 15 2 0 0 3206
3207 15 2 0 0 3207
3208 15 2 0 0 3208
3209 15 2 0 0 3209
3210 15 2 0 0 3210
3211 15 2 0 0 3211
3212 15 2 0 0 3212
3213 15 2 0 0 3213
3214 15 2 0 0 3214
3215 15 2 0 0 3215
3216 15 2 0 0 3216
3217 15 2 0 0 3217
3218 15 2 0 0 3218
3219 15 2 0 0 3219
3220 15 2 0 0 3220
3221 15 2 0 0 3221
3222 15 2 0 0 3222
3223 15 2 0 0 3223
3224 15 2 0 0 3224
3225 15 2 0 0 3225
3226 15 2 0 0 3226
3227 15 2 0 0 3227
3228 15 2 0 0 3228
3229 15 2 0 0 3229
3230 15 2 0 0 3230
3231 15 2 0 0 3231
3232 15 2 0 0 3232
3233 15 2 0 0 3233
3234 15 2 0 0 3234
3235 15 2 0 0 3235
3236 15 2 0 0 3236
3237 15 2 0 0 3237
3238 15 2 0 0 3238
3239 15 2 0 0 3239
3240 15 2 0 0 3240
3241 15 2 0 0 3241
3242 15 2 0 0 3242
3243 15 2 0 0 3243
3244 15 2 0 0 3244
3245 15 2 0 0 3245
3246 15 2 0 0 3246
3247 15 2 0 0 3247
3248 15 2 0 0 3248
3249 15 2 0 0 3249
3250 15 2 0 0 3250
3251 15 2 0 0 3251
3252 15 2 0 0 3252
3253 15 2 0 0 3253
3254 15 2 0 0 3254
3255 15 2 0 0 3255
3256 15 2 0 0 3256
3257 15 2 0 0 3257
3258 15 2 0 0 3258
3259 15 2 0 0 3259
3260 15 2 0 0 3260
3261 15 2 0 0 3261
3262 15 2 0 0 3262
3263 15 2 0 0 3263
3264 15 2 0 0 3264
3265 15 2 0 0 3265
3266 15 2 0 0 3266
3267 15 2 0 0 3267
3268 15 2 0 0 3268
3269 15 2 0 0 3269
3270 15 2 0 0 3270
3271 15 2 0 0 3271
3272 15 2 0 0 3272
3273 15 2 0 0 3273
3274 15 2 0 0 3274
3275 15 2 0 0 3275
3276 15 2 0 0 3276
3277 15 2 0 0 3277
3278 15 2 0 0 3278
3279 15 2 0 0 3279
3280 15 2 0 0 3280
3281 15 2 0 0 3281
3282 15 2 0 0 3282
3283 15 2 0 0 3283
3284 15 2 0 0 3284
3285 15 2 0 0 3285
3286 15 2 0 0 3286
3287 15 2 0 0 3287
3288 15 2 0 0 3288
3289 15 2 0 0 3289
3290 15 2 0 0 3290
3291 15 2 0 0 3291
3292 15 2 0 0 3292
3293 15 2 0 0 3293
3294 15 2 0 0 3294
3295 15 2 0 0 3295
3296 15 2 0 0 3296
3297 15 2 0 0 3297
3298 15 2 0 0 3298
3299 15 2 0 0 3299
3300 15 2 0 0 3300
3301 15 2 0 0 3301
3302 15 2 0 0 3302
3303 15 2 0 0 3303
3304 15 2 0 0 3304
3305 15 2 0 0 3305
3306 15 2 0 0 3306
3307 15 2 0 0 3307
3308 15 2 0 0 3308
3309 15 2 0 0 3309
3310 15 2 0 0 3310
3311 15 2 0 0 3311
3312 15 2 0 0 3312
3313 15 2 0 0 3313
3314 15 2 0 0 3314
3315 15 2 0 0 3315
3316 15 2 0 0 3316
3317 15 2 0 0 3317
3318 15 2 0 0 3318
3319 15 2 0 0 3319
3320 15 2 0 0 3320
3321 15 2 0 0 3321
3322 15 2 0 0 3322
3323 15 2 0 0 3323
3324 15 2 0 0 3324
3325 15 2 0 0 3325
3326 15 2 0 0 3326
3327 15 2 0 0 3327
3328 15 2 0 0 3328
3329 15 2 0 0 3329
3330 15 2 0 0 3330
3331 15 2 0 0 3331
3332 15 2 0 0 3332
3333 15 2 0 0 3333
3334 15 2 0 0 3334
3335 15 2 0 0 3335
3336 15 2 0 0 3336
3337 15 2 0 0 3337
3338 15 2 0 0 3338
3339 15 2 0 0 3339
3340 15 2 0 0 3340
3341 15 2 0 0 3341
3342 15 2 0 0 3342
3343 15 2 0 0 3343
3344 15 2 0 0 3344
3345 15 2 0 0 3345
3346 15 2 0 0 3346
3347 15 2 0 0 3347
3348 15 2 0 0 3348
3349 15 2 0 0 3349
3350 15 2 0 0 3350
3351 15 2 0 0 3351
3352 15 2 0 0 3352
3353 15 2 0 0 3353
3354 15 2 0 0 3354
3355 15 2 0 0 3355
3356 15 2 0 0 3356
3357 15 2 0 0 3357
3358 15 2 0 0 3358
3359 15 2 0 0 3359
3360 15 2 0 0 3360
3361 15 2 0 0 3361
3362 15 2 0 0 3362
3363 15 2 0 0 3363
3364 15 2 0 0 3364
3365 15 2 0 0 3365
3366 15 2 0 0 3366
3367 15 2 0 0 3367
3368 15 2 0 0 3368
3369 15 2 0 0 3369
3370 15 2 0 0 3370
3371 15 2 0 0 3371
3372 15 2 0 0 3372
3373 15 2 0 0 3373
3374 15 2 0 0 3374
3375 15 2 0 0 3375
3376 15 2 0 0 3376
3377 15 2 0 0 3377
3378 15 2 0 0 3378
3379 15 2 0 0 3379
3380 15 2 0 0 3380
3381 15 2 0 0 3381
3382 15 2 0 0 3382
3383 15 2 0 0 3383
3384 15 2 0 0 3384
3385 15 2 0 0 3385
3386 15 2 0 0 3386
3387 15 2 0 0 3387
3388 15 2 0 0 3388
3389 15 2 0 0 3389
3390 15 2 0 0 3390
3391 15 2 0 0 3391
3392 15 2 0 0 3392
3393 15 2 0 0 3393
3394 15 2 0 0 3394
3395 15 2 0 0 3395
3396 15 2 0 0 3396
3397 15 2 0 0 3397
3398 15 2 0 0 3398
3399 15 2 0 0 3399
3400 15 2 0 0 3400
3401 15 2 0 0 3401
3402 15 2 0 0 3402
3403 15 2 0 0 3403
3404 15 2 0 0 3404
3405 15 2 0 0 3405
3406 15 2 0 0 3406
3407 15 2 0 0 3407
3408 15 2 0 0 3408
3409 15 2 0 0 3409
3410 15 2 0 0 3410
3411 15 2 0 0 3411
3412 15 2 0 0 3412
3413 15 2 0 0 3413
3414 15 2 0 0 3414
3415 15 2 0 0 3415
3416 15 2 0 0 3416
3417 15 2 0 0 3417
3418 15 2 0 0 3418
3419 15 2 0 0 3419
3420 15 2 0 0 3420
3421 15 2 0 0 3421
3422 15 2 0 0 3422
3423 15 2 0 0 3423
3424 15 2 0 0 3424
3425 15 2 0 0 3425
3426 15 2 0 0 3426
3427 15 2 0 0 3427
3428 15 2 0 0 3428
3429 15 2 0 0 3429
3430 15 2 0 0 3430
3431 15 2 0 0 3431
3432 15 2 0 0 3432
3433 15 2 0 0 3433
3434 15 2 0 0 3434
3435 15 2 0 0 3435
3436 15 2 0 0 3436
3437 15 2 0 0 3437
3438 15 2 0 0 3438
3439 15 2 0 0 3439
3440 15 2 0 0 3440
3441 15 2 0 0 3441
3442 15 2 0 0 3442
3443 15 2 0 0 3443
3444 15 2 0 0 3444
3445 15 2 0 0 3445
3446 15 2 0 0 3446
3447 15 2 0 0 3447
3448 15 2 0 0 3448
3449 15 2 0 0 3449
3450 15 2 0 0 3450
3451 15 2 0 0 3451
3452 15 2 0 0 3452
3453 15 2 0 0 3453
3454 15 2 0 0 3454
3455 15 2 0 0 3455
3456 15 2 0 0 3456
3457 15 2 0 0 3457
3458 15 2 0 0 3458
3459 15 2 0 0 3459
3460 15 2 0 0 3460
3461 15 2 0 0 3461
3462 15 2 0 0 3462
3463 15 2 0 0 3463
3464 15 2 0 0 3464
3465 15 2 0 0 3465
3466 15 2 0 0 3466
3467 15 2 0 0 3467
3468 15 2 0 0 3468
3469 15 2 0 0 3469
3470 15 2 0 0 3470
3471 15 2 0 0 3471
3472 15 2 0 0 3472
3473 15 2 0 0 3473
3474 15 2 0 0 3474
3475 15 2 0 0 3475
3476 15 2 0 0 3476
3477 15 2 0 0 3477
3478 15 2 0 0 3478
3479 15 2 0 0 3479
3480 15 2 0 0 3480
3481 15 2 0 0 3481
3482 15 2 0 0 3482
3483 15 2 0 0 3483
3484 15 2 0 0 3484
3485 15 2 0 0 3485
3486 15 2 0 0 3486
3487 15 2 0 0 3487
3488 15 2 0 0 3488
3489 15 2 0 0 3489
3490 15 2 0 0 3490
3491 15 2 0 0 3491
3492 15 2 0 0 3492
3493 15 2 0 0 3493
3494 15 2 0 0 3494
3495 15 2 0 0 3495
3496 15 2 0 0 3496
3497 15 2 0 0 3497
3498 15 2 0 0 3498
3499 15 2 0 0 3499
3500 15 2 0 0 3500
3501 15 2 0 0 3501
3502 15 2 0 0 3502
3503 15 2 0 0 3503
3504 15 2 0 0 3504
3505 15 2 0 0 3505
3506 15 2 0 0 3506
3507 15 2 0 0 3507
3508 15 2 0 0 3508
3509 15 2 0 0 3509
3510 15 2 0 0 3510
3511 15 2 0 0 3511
3512 15 2 0 0 3512
3513 15 2 0 0 3513
3514 15 2 0 0 3514
3515 15 2 0 0 3515
3516 15 2 0 0 3516
3517 15 2 0 0 3517
3518 15 2 0 0 3518
3519 15 2 0 0 3519
3520 15 2 0 0 3520
3521 15 2 0 0 3521
3522 15 2 0 0 3522
3523 15 2 0 0 3523
3524 15 2 0 0 3524
3525 15 2 0 0 3525
3526 15 2 0 0 3526
3527 15 2 0 0 3527
3528 15 2 0 0 3528
3529 15 2 0 0 3529
3530 15 2 0 0 3530
3531 15 2 0 0 3531
3532 15 2 0 0 3532
3533 15 2 0 0 3533
3534 15 2 0 0 3534
3535 15 2 0 0 3535
3536 15 2 0 0 3536
3537 15 2 0 0 3537
3538 15 2 0 0 3538
3539 15 2 0 0 3539
3540 15 2 0 0 3540
3541 15 2 0 0 3541
3542 15 2 0 0 3542
3543 15 2 0 0 3543
3544 15 2 0 0 3544
3545 15 2 1 1 3545
3546 15 2 0 0 3546
3547 15 2 0 0 3547
3548 15 2 0 0 3548
3549 15 2 0 0 3549
3550 15 2 0 0 3550
3551 15 2 0 0 3551
3552 15 2 0 0 3552
3553 15 2 0 0 3553
3554 15 2 0 0 3554
3555 15 2 0 0 3555
3556 15 2 0 0 3556
3557 15 2 0 0 3557
3558 15 2 0 0 3558
3559 15 2 0 0 3559
3560 15 2 0 0 3560
3561 15 2 0 0 3561
3562 15 2 0 0 3562
3563 15 2 0 0 3563
3564 15 2 0 0 3564
3565 15 2 0 0 3565
3566 15 2 0 0 3566
3567 15 2 0 0 3567
3568 15 2 0 0 3568
3569 15 2 0 0 3569
3570 15 2 0 0 3570
3571 15 2 0 0 3571
3572 15 2 0 0 3572
3573 15 2 0 0 3573
3574 15 2 0 0 3574
3575 15 2 0 0 3575
3576 15 2 0 0 3576
3577 15 2 0 0 3577
3578 15 2 0 0 3578
3579 15 2 0 0 3579
3580 15 2 0 0 3580
3581 15 2 0 0 3581
3582 15 2 0 0 3582
3583 15 2 0 0 3583
3584 15 2 0 0 3584
3585 15 2 0 0 3585
3586 15 2 0 0 3586
3587 15 2 0 0 3587
3588 15 2 0 0 3588
3589 15 2 0 0 3589
3590 15 2 0 0 3590
3591 15 2 0 0 3591
3592 15 2 0 0 3592
3593 15 2 0 0 3593
3594 15 2 0 0 3594
3595 15 2 1 1 3595
3596 15 2 0 0 3596
3597 15 2 0 0 3597
3598 15 2 0 0 3598
3599 15 2 0 0 3599
3600 15 2 0 0 3600
3601 15 2 0 0 3601
3602 15 2 0 0 3602
3603 15 2 0 0 3603
3604 15 2 0 0 3604
3605 15 2 0 0 3605
3606 15 2 0 0 3606
3607 15 2 0 0 3607
3608 15 2 0 0 3608
3609 15 2 1 1 3609
3610 15 2 0 0 3610
3611 15 2 0 0 3611
3612 15 2 0 0 3612
3613 15 2 0 0 3613
3614 15 2 0 0 3614
3615 15 2 0 0 3615
3616 15 2 0 0 3616
3617 15 2 0 0 3617
3618 15 2 1 1 3618
3619 15 2 0 0 3619
3620 15 2 1 1 3620
3621 15 2 0 0 3621
3622 15 2 1 1 3622
3623 15 2 0 0 3623
3624 15 2 0 0 3624
3625 15 2 0 0 3625
3626 15 2 0 0 3626
3627 15 2 1 1 3627
3628 15 2 0 0 3628
3629 15 2 0 0 3629
3630 15 2 0 0 3630
3631 15 2 0 0 3631
3632 15 2 0 0 3632
3633 15 2 0 0 3633
3634 15 2 0 0 3634
3635 15 2 0 0 3635
3636 15 2 0 0 3636
3637 15 2 0 0 3637
3638 15 2 0 0 3638
3639 15 2 0 0 3639
3640 15 2 0 0 3640
3641 15 2 0 0 3641
3642 15 2 0 0 3642
3643 15 2 0 0 3643
3644 15 2 0 0 3644
3645 15 2 0 0 3645
3646 15 2 0 0 3646
3647 15 2 0 0 3647
3648 15 2 0 0 3648
3649 15 2 0 0 3649
3650 15 2 0 0 3650
3651 15 2 0 0 3651
3652 15 2 0 0 3652
3653 15 2 0 0 3653
3654 15 2 0 0 3654
3655 15 2 0 0 3655
3656 15 2 0 0 3656
3657 15 2 0 0 3657
3658 15 2 0 0 3658
3659 15 2 0 0 3659
3660 15 2 0 0 3660
3661 15 2 0 0 3661
3662 15 2 0 0 3662
3663 15 2 0 0 3663
3664 15 2 0 0 3664
3665 15 2 0 0 3665
3666 15 2 0 0 3666
3667 15 2 0 0 3667
3668 15 2 0 0 3668
3669 15 2 0 0 3669
3670 15 2 0 0 3670
3671 15 2 0 0 3671
3672 15 2 0 0 3672
3673 15 2 0 0 3673
3674 15 2 0 0 3674
3675 15 2 0 0 3675
3676 15 2 0 0 3676
3677 15 2 0 0 3677
3678 15 2 0 0 3678
3679 15 2 0 0 3679
3680 15 2 0 0 3680
3681 15 2 0 0 3681
3682 15 2 0 0 3682
3683 15 2 0 0 3683
3684 15 2 0 0 3684
3685 15 2 0 0 3685
3686 15 2 0 0 3686
3687 15 2 0 0 3687
3688 15 2 0 0 3688
3689 15 2 0 0 3689
3690 15 2 0 0 3690
3691 15 2 0 0 3691
3692 15 2 0 0 3692
3693 15 2 0 0 3693
3694 15 2 0 0 3694
3695 15 2 0 0 3695
3696 15 2 0 0 3696
3697 15 2 0 0 3697
3698 15 2 0 0 3698
3699 15 2 0 0 3699
3700 15 2 0 0 3700
3701 15 2 0 0 3701
3702 15 2 0 0 3702
3703 15 2 0 0 3703
3704 15 2 0 0 3704
3705 15 2 0 0 3705
3706 15 2 0 0 3706
3707 15 2 0 0 3707
3708 15 2 0 0 3708
3709 15 2 0 0 3709
3710 15 2 0 0 3710
3711 15 2 0 0 3711
3712 15 2 0 0 3712
3713 15 2 0 0 3713
3714 15 2 0 0 3714
3715 15 2 0 0 3715
3716 15 2 0 0 3716
3717 15 2 0 0 3717
3718 15 2 0 0 3718
3719 15 2 0 0 3719
3720 15 2 0 0 3720
3721 15 2 0 0 3721
3722 15 2 0 0 3722
3723 15 2 0 0 3723
3724 15 2 0 0 3724
3725 15 2 0 0 3725
3726 15 2 0 0 3726
3727 15 2 0 0 3727
3728 15 2 0 0 3728
3729 15 2 0 0 3729
3730 15 2 0 0 3730
3731 15 2 0 0 3731
3732 15 2 0 0 3732
3733 15 2 0 0 3733
3734 15 2 0 0 3734
3735 15 2 0 0 3735
3736 15 2 0 0 3736
3737 15 2 0 0 3737
3738 15 2 0 0 3738
3739 15 2 0 0 3739
3740 15 2 0 0 3740
3741 15 2 0 0 3741
3742 15 2 0 0 3742
3743 15 2 0 0 3743
3744 15 2 0 0 3744
3745 15 2 0 0 3745
3746 15 2 0 0 3746
3747 15 2 0 0 3747
3748 15 2 0 0 3748
3749 15 2 0 0 3749
3750 15 2 0 0 3750
3751 15 2 0 0 3751
3752 15 2 0 0 3752
3753 15 2 0 0 3753
3754 15 2 0 0 3754
3755 15 2 0 0 3755
3756 15 2 0 0 3756
3757 15 2 0 0 3757
3758 15 2 0 0 3758
3759 15 2 0 0 3759
3760 15 2 0 0 3760
3761 15 2 0 0 3761
3762 15 2 0 0 3762
3763 15 2 0 0 3763
3764 15 2 0 0 3764
3765 15 2 0 0 3765
3766 15 2 0 0 3766
3767 15 2 0 0 3767
3768 15 2 0 0 3768
3769 15 2 0 0 3769
3770 15 2 0 0 3770
3771 15 2 0 0 3771
3772 15 2 0 0 3772
3773 15 2 0 0 3773
3774 15 2 0 0 3774
3775 15 2 0 0 3775
3776 15 2 0 0 3776
3777 15 2 0 0 3777
3778 15 2 0 0 3778
3779 15 2 0 0 3779
3780 15 2 0 0 3780
3781 15 2 0 0 3781
3782 15 2 0 0 3782
3783 15 2 0 0 3783
3784 15 2 0 0 3784
3785 15 2 0 0 3785
3786 15 2 0 0 3786
3787 15 2 0 0 3787
3788 15 2 0 0 3788
3789 15 2 0 0 3789
3790 15 2 0 0 3790
3791 15 2 0 0 3791
3792 15 2 0 0 3792
3793 15 2 0 0 3793
3794 15 2 0 0 3794
3795 15 2 0 0 3795
3796 15 2 0 0 3796
3797 15 2 0 0 3797
3798 15 2 0 0 3798
3799 15 2 0 0 3799
3800 15 2 0 0 3800
3801 15 2 0 0 3801
3802 15 2 0 0 3802
3803 15 2 0 0 3803
3804 15 2 0 0 3804
3805 15 2 0 0 3805
3806 15 2 0 0 3806
3807 15 2 0 0 3807
3808 15 2 0 0 3808
3809 15 2 0 0 3809
3810 15 2 0 0 3810
3811 15 2 0 0 3811
3812 15 2 0 0 3812
3813 15 2 0 0 3813
3814 15 2 0 0 3814
3815 15 2 0 0 3815
3816 15 2 0 0 3816
3817 15 2 0 0 3817
3818 15 2 0 0 3818
3819 15 2 0 0 3819
3820 15 2 0 0 3820
3821 15 2 0 0 3821
3822 15 2 0 0 3822
3823 15 2 0 0 3823
3824 15 2 0 0 3824
3825 15 2 0 0 3825
3826 15 2 0 0 3826
3827 15 2 0 0 3827
3828 15 2 0 0 3828
3829 15 2 0 0 3829
3830 15 2 0 0 3830
3831 15 2 0 0 3831
3832 15 2 0 0 3832
3833 15 2 0 0 3833
3834 15 2 0 0 3834
3835 15 2 0 0 3835
3836 15 2 0 0 3836
3837 15 2 0 0 3837
3838 15 2 0 0 3838
3839 15 2 0 0 3839
3840 15 2 0 0 3840
3841 15 2 0 0 3841
3842 15 2 0 0 3842
3843 15 2 0 0 3843
3844 15 2 0 0 3844
3845 15 2 1 1 3845
3846 15 2 0 0 3846
3847 15 2 0 0 3847
3848 15 2 0 0 3848
3849 15 2 0 0 3849
3850 15 2 0 0 3850
3851 15 2 0 0 3851
3852 15 2 0 0 3852
3853 15 2 0 0 3853
3854 15 2 0 0 3854
3855 15 2 0 0 3855
3856 15 2 0 0 3856
3857 15 2 0 0 3857
3858 15 2 0 0 3858
3859 15 2 0 0 3859
3860 15 2 0 0 3860
3861 15 2 0 0 3861
3862 15 2 0 0 3862
3863 15 2 0 0 3863
3864 15 2 0 0 3864
3865 15 2 0 0 3865
3866 15 2 0 0 3866
3867 15 2 0 0 3867
3868 15 2 0 0 3868
3869 15 2 0 0 3869
3870 15 2 0 0 3870
3871 15 2 0 0 3871
3872 15 2 0 0 3872
3873 15 2 0 0 3873
3874 15 2 0 0 3874
3875 15 2 0 0 3875
3876 15 2 0 0 3876
3877 15 2 0 0 3877
3878 15 2 0 0 3878
3879 15 2 0 0 3879
3880 15 2 0 0 3880
3881 15 2 0 0 3881
3882 15 2 0 0 3882
3883 15 2 0 0 3883
3884 15 2 0 0 3884
3885 15 2 0 0 3885
3886 15 2 0 0 3886
3887 15 2 0 0 3887
3888 15 2 0 0 3888
3889 15 2 0 0 3889
3890 15 2 0 0 3890
3891 15 2 0 0 3891
3892 15 2 0 0 3892
3893 15 2 0 0 3893
3894 15 2 0 0 3894
3895 15 2 0 0 3895
3896 15 2 0 0 3896
3897 15 2 0 0 3897
3898 15 2 0 0 3898
3899 15 2 0 0 3899
3900 15 2 0 0 3900
3901 15 2 0 0 3901
3902 15 2 0 0 3902
3903 15 2 0 0 3903
3904 15 2 0 0 3904
3905 15 2 0 0 3905
3906 15 2 0 0 3906
3907 15 2 0 0 3907
3908 15 2 0 0 3908
3909 15 2 0 0 3909
3910 15 2 0 0 3910
3911 15 2 0 0 3911
3912 15 2 0 0 3912
3913 15 2 0 0 3913
3914 15 2 0 0 3914
3915 15 2 0 0 3915
3916 15 2 0 0 3916
3917 15 2 0 0 3917
3918 15 2 0 0 3918
3919 15 2 0 0 3919
3920 15 2 0 0 3920
3921 15 2 0 0 3921
3922 15 2 0 0 3922
3923 15 2 0 0 3923
3924 15 2 0 0 3924
3925 15 2 0 0 3925
3926 15 2 0 0 3926
3927 15 2 0 0 3927
3928 15 2 0 0 3928
3929 15 2 0 0 3929
3930 15 2 0 0 3930
3931 15 2 0 0 3931
3932 15 2 0 0 3932
3933 15 2 0 0 3933
3934 15 2 0 0 3934
3935 15 2 0 0 3935
3936 15 2 0 0 3936
3937 15 2 0 0 3937
3938 15 2 0 0 3938
3939 15 2 0 0 3939
3940 15 2 0 0 3940
3941 15 2 0 0 3941
3942 15 2 0 0 3942
3943 15 2 0 0 3943
3944 15 2 0 0 3944
3945 15 2 0 0 3945
3946 15 2 0 0 3946
3947 15 2 0 0 3947
3948 15 2 0 0 3948
3949 15 2 0 0 3949
3950 15 2 0 0 3950
3951 15 2 0 0 3951
3952 15 2 0 0 3952
3953 15 2 0 0 3953
3954 15 2 0 0 3954
3955 15 2 0 0 3955
3956 15 2 0 0 3956
3957 15 2 0 0 3957
3958 15 2 0 0 3958
3959 15 2 0 0 3959
3960 15 2 0 0 3960
3961 15 2 0 0 3961
3962 15 2 0 0 3962
3963 15 2 0 0 3963
3964 15 2 0 0 3964
3965 15 2 0 0 3965
3966 15 2 0 0 3966
3967 15 2 0 0 3967
3968 15 2 0 0 3968
3969 15 2 0 0 3969
3970 15 2 0 0 3970
3971 15 2 0 0 3971
3972 15 2 0 0 3972
3973 15 2 0 0 3973
3974 15 2 0 0 3974
3975 15 2 0 0 3975
3976 15 2 0 0 3976
3977 15 2 0 0 3977
3978 15 2 0 0 3978
3979 15 2 0 0 3979
3980 15 2 0 0 3980
3981 15 2 0 0 3981
3982 15 2 0 0 3982
3983 15 2 0 0 3983
3984 15 2 0 0 3984
3985 15 2 0 0 3985
3986 15 2 0 0 3986
3987 15 2 0 0 3987
3988 15 2 0 0 3988
3989 15 2 0 0 3989
3990 15 2 0 0 3990
3991 15 2 0 0 3991
3992 15 2 0 0 3992
3993 15 2 0 0 3993
3994 15 2 0 0 3994
3995 15 2 0 0 3995
3996 15 2 0 0 3996
3997 15 2 0 0 3997
3998 15 2 0 0 3998
3999 15 2 0 0 3999
4000 15 2 0 0 4000
4001 15 2 0 0 4001
4002 15 2 0 0 4002
4003 15 2 0 0 4003
4004 15 2 0 0 4004
4005 15 2 0 0 4005
4006 15 2 0 0 4006
4007 15 2 0 0 4007
4008 15 2 0 0 4008
4009 15 2 0 0 4009
4010 15 2 0 0 4010
4011 15 2 0 0 4011
4012 15 2 0 0 4012
4013 15 2 0 0 4013
4014 15 2 0 0 4014
4015 15 2 0 0 4015
4016 15 2 0 0 4016
4017 15 2 0 0 4017
4018 15 2 0 0 4018
4019 15 2 0 0 4019
4020 15 2 0 0 4020
4021 15 2 0 0 4021
4022 15 2 0 0 4022
4023 15 2 0 0 4023
4024 15 2 0 0 4024
4025 15 2 0 0 4025
4026 15 2 0 0 4026
4027 15 2 0 0 4027
4028 15 2 0 0 4028
4029 15 2 0 0 4029
4030 15 2 0 0 4030
4031 15 2 0 0 4031
4032 15 2 0 0 4032
4033 15 2 0 0 4033
4034 15 2 0 0 4034
4035 15 2 0 0 4035
4036 15 2 0 0 4036
4037 15 2 0 0 4037
4038 15 2 0 0 4038
4039 15 2 0 0 4039
4040 15 2 0 0 4040
4041 15 2 0 0 4041
4042 15 2 0 0 4042
4043 15 2 0 0 4043
4044 15 2 0 0 4044
4045 15 2 0 0 4045
4046 15 2 0 0 4046
4047 15 2 0 0 4047
4048 15 2 0 0 4048
4049 15 2 0 0 4049
4050 15 2 0 0 4050
4051 15 2 0 0 4051
4052 15 2 0 0 4052
4053 15 2 0 0 4053
4054 15 2 0 0 4054
4055 15 2 0 0 4055
4056 15 2 0 0 4056
4057 15 2 0 0 4057
4058 15 2 0 0 4058
4059 15 2 0 0 4059
4060 15 2 0 0 4060
4061 15 2 0 0 4061
4062 15 2 0 0 4062
4063 15 2 0 0 4063
4064 15 2 0 0 4064
4065 15 2 0 0 4065
4066 15 2 0 0 4066
4067 15 2 0 0 4067
4068 15 2 0 0 4068
4069 15 2 0 0 4069
4070 15 2 0 0 4070
4071 15 2 0 0 4071
4072 15 2 0 0 4072
4073 15 2 0 0 4073
4074 15 2 0 0 4074
4075 15 2 0 0 4075
4076 15 2 0 0 4076
4077 15 2 0 0 4077
4078 15 2 0 0 4078
4079 15 2 0 0 4079
4080 15 2 0 0 4080
4081 15 2 0 0 4081
4082 15 2 0 0 4082
4083 15 2 0 0 4083
4084 15 2 1 1 4084
4085 15 2 0 0 4085
4086 15 2 0 0 4086
4087 15 2 0 0 4087
4088 15 2 0 0 4088
4089 15 2 0 0 4089
4090 15 2 0 0 4090
4091 15 2 0 0 4091
4092 15 2 0 0 4092
4093 15 2 0 0 4093
4094 15 2 0 0 4094
4095 15 2 0 0 4095
4096 15 2 0 0 4096
4097 15 2 0 0 4097
4098 15 2 0 0 4098
4099 15 2 0 0 4099
4100 15 2 0 0 4100
4101 15 2 0 0 4101
4102 15 2 0 0 4102
4103 15 2 0 0 4103
4104 15 2 0 0 4104
4105 15 2 1 1 4105
4106 15 2 0 0 4106
4107 15 2 0 0 4107
4108 15 2 0 0 4108
4109 15 2 0 0 4109
4110 15 2 0 0 4110
4111 15 2 1 1 4111
4112 15 2 0 0 4112
4113 15 2 0 0 4113
4114 15 2 0 0 4114
4115 15 2 0 0 4115
4116 15 2 0 0 4116
4117 15 2 0 0 4117
4118 15 2 0 0 4118
4119 15 2 0 0 4119
4120 15 2 0 0 4120
4121 15 2 0 0 4121
4122 15 2 0 0 4122
4123 15 2 0 0 4123
4124 15 2 0 0 4124
4125 15 2 0 0 4125
4126 15 2 0 0 4126
4127 15 2 0 0 4127
4128 15 2 0 0 4128
4129 15 2 0 0 4129
4130 15 2 0 0 4130
4131 15 2 0 0 4131
4132 15 2 0 0 4132
4133 15 2 0 0 4133
4134 15 2 0 0 4134
4135 15 2 0 0 4135
4136 15 2 0 0 4136
4137 15 2 0 0 4137
4138 15 2 0 0 4138
4139 15 2 0 0 4139
4140 15 2 0 0 4140
4141 15 2 0 0 4141
4142 15 2 0 0 4142
4143 15 2 0 0 4143
4144 15 2 0 0 4144
4145 15 2 0 0 4145
4146 15 2 0 0 4146
4147 15 2 0 0 4147
4148 15 2 0 0 4148
4149 15 2 0 0 4149
4150 15 2 0 0 4150
4151 15 2 0 0 4151
4152 15 2 0 0 4152
4153 15 2 0 0 4153
4154 15 2 0 0 4154
4155 15 2 0 0 4155
4156 15 2 0 0 4156
4157 15 2 0 0 4157
4158 15 2 0 0 4158
4159 15 2 0 0 4159
4160 15 2 0 0 4160
4161 15 2 0 0 4161
4162 15 2 0 0 4162
4163 15 2 0 0 4163
4164 15 2 0 0 4164
4165 15 2 0 0 4165
4166 15 2 0 0 4166
4167 15 2 0 0 4167
4168 15 2 0 0 4168
4169 15 2 0 0 4169
4170 15 2 0 0 4170
4171 15 2 0 0 4171
4172 15 2 0 0 4172
4173 15 2 0 0 4173
4174 15 2 0 0 4174
4175 15 2 0 0 4175
4176 15 2 0 0 4176
4177 15 2 0 0 4177
4178 15 2 0 0 4178
4179 15 2 0 0 4179
4180 15 2 0 0 4180
4181 15 2 0 0 4181
4182 15 2 0 0 4182
4183 15 2 0 0 4183
4184 15 2 0 0 4184
4185 15 2 0 0 4185
4186 15 2 0 0 4186
4187 15 2 0 0 4187
4188 15 2 0 0 4188
4189 15 2 0 0 4189
4190 15 2 0 0 4190
4191 15 2 0 0 4191
4192 15 2 0 0 4192
4193 15 2 0 0 4193
4194 15 2 0 0 4194
4195 15 2 0 0 4195
4196 15 2 0 0 4196
4197 15 2 0 0 4197
4198 15 2 0 0 4198
4199 15 2 0 0 4199
4200 15 2 0 0 4200
4201 15 2 0 0 4201
4202 15 2 0 0 4202
4203 15 2 0 0 4203
4204 15 2 0 0 4204
4205 15 2 0 0 4205
4206 15 2 0 0 4206
4207 15 2 0 0 4207
4208 15 2 0 0 4208
4209 15 2 0 0 4209
4210 15 2 0 0 4210
4211 15 2 0 0 4211
4212 15 2 0 0 4212
4213 15 2 0 0 4213
4214 15 2 0 0 4214
4215 15 2 0 0 4215
4216 15 2 0 0 4216
4217 15 2 0 0 4217
4218 15 2 0 0 4218
4219 15 2 0 0 4219
4220 15 2 0 0 4220
4221 15 2 0 0 4221
4222 15 2 0 0 4222
4223 15 2 0 0 4223
4224 15 2 0 0 4224
4225 15 2 0 0 4225
4226 15 2 0 0 4226
4227 15 2 0 0 4227
4228 15 2 0 0 4228
4229 15 2 0 0 4229
4230 15 2 0 0 4230
4231 15 2 0 0 4231
4232 15 2 0 0 4232
4233 15 2 0 0 4233
4234 15 2 0 0 4234
4235 15 2 0 0 4235
4236 15 2 0 0 4236
4237 15 2 0 0 4237
4238 15 2 0 0 4238
4239 15 2 0 0 4239
4240 15 2 0 0 4240
4241 15 2 0 0 4241
4242 15 2 0 0 4242
4243 15 2 0 0 4243
4244 15 2 0 0 4244
4245 15 2 0 0 4245
4246 15 2 0 0 4246
4247 15 2 0 0 4247
4248 15 2 0 0 4248
4249 15 2 0 0 4249
4250 15 2 0 0 4250
4251 15 2 0 0 4251
4252 15 2 0 0 4252
4253 15 2 0 0 4253
4254 15 2 0 0 4254
4255 15 2 0 0 4255
4256 15 2 0 0 4256
4257 15 2 0 0 4257
4258 15 2 0 0 4258
4259 15 2 0 0 4259
4260 15 2 0 0 4260
4261 15 2 0 0 4261
4262 15 2 0 0 4262
4263 15 2 0 0 4263
4264 15 2 0 0 4264
4265 15 2 0 0 4265
4266 15 2 0 0 4266
4267 15 2 0 0 4267
4268 15 2 0 0 4268
4269 15 2 0 0 4269
4270 15 2 0 0 4270
4271 15 2 0 0 4271
4272 15 2 0 0 4272
4273 15 2 0 0 4273
4274 15 2 0 0 4274
4275 15 2 0 0 4275
4276 15 2 0 0 4276
4277 15 2 0 0 4277
4278 15 2 0 0 4278
4279 15 2 0 0 4279
4280 15 2 0 0 4280
4281 15 2 0 0 4281
4282 15 2 0 0 4282
4283 15 2 0 0 4283
4284 15 2 0 0 4284
4285 15 2 0 0 4285
4286 15 2 0 0 4286
4287 15 2 0 0 4287
4288 15 2 0 0 4288
4289 15 2 0 0 4289
4290 15 2 0 0 4290
4291 15 2 0 0 4291
4292 15 2 0 0 4292
4293 15 2 0 0 4293
4294 15 2 0 0 4294
4295 15 2 0 0 4295
4296 15 2 0 0 4296
4297 15 2 0 0 4297
4298 15 2 0 0 4298
4299 15 2 0 0 4299
4300 15 2 0 0 4300
4301 15 2 0 0 4301
4302 15 2 0 0 4302
4303 15 2 0 0 4303
4304 15 2 0 0 4304
4305 15 2 0 0 4305
4306 15 2 0 0 4306
4307 15 2 0 0 4307
4308 15 2 0 0 4308
4309 15 2 0 0 4309
4310 15 2 0 0 4310
4311 15 2 0 0 4311
4312 15 2 0 0 4312
4313 15 2 0 0 4313
4314 15 2 0 0 4314
4315 15 2 0 0 4315
4316 15 2 0 0 4316
4317 15 2 0 0 4317
4318 15 2 0 0 4318
4319 15 2 0 0 4319
4320 15 2 0 0 4320
4321 15 2 0 0 4321
4322 15 2 0 0 4322
4323 15 2 0 0 4323
4324 15 2 0 0 4324
4325 15 2 0 0 4325
4326 15 2 0 0 4326
4327 15 2 0 0 4327
4328 15 2 0 0 4328
4329 15 2 0 0 4329
4330 15 2 0 0 4330
4331 15 2 0 0 4331
4332 15 2 0 0 4332
4333 15 2 0 0 4333
4334 15 2 0 0 4334
4335 15 2 0 0 4335
4336 15 2 0 0 4336
4337 15 2 0 0 4337
4338 15 2 0 0 4338
4339 15 2 0 0 4339
4340 15 2 0 0 4340
4341 15 2 0 0 4341
4342 15 2 0 0 4342
4343 15 2 0 0 4343
4344 15 2 0 0 4344
4345 15 2 0 0 4345
4346 15 2 0 0 4346
4347 15 2 0 0 4347
4348 15 2 0 0 4348
4349 15 2 0 0 4349
4350 15 2 0 0 4350
4351 15 2 0 0 4351
4352 15 2 0 0 4352
4353 15 2 0 0 4353
4354 15 2 0 0 4354
4355 15 2 0 0 4355
4356 15 2 0 0 4356
4357 15 2 0 0 4357
4358 15 2 0 0 4358
4359 15 2 0 0 4359
4360 15 2 0 0 4360
4361 15 2 0 0 4361
4362 15 2 0 0 4362
4363 15 2 0 0 4363
4364 15 2 0 0 4364
4365 15 2 0 0 4365
4366 15 2 0 0 4366
4367 15 2 0 0 4367
4368 15 2 0 0 4368
4369 15 2 0 0 4369
4370 15 2 0 0 4370
4371 15 2 0 0 4371
4372 15 2 0 0 4372
4373 15 2 0 0 4373
4374 15 2 0 0 4374
4375 15 2 0 0 4375
4376 15 2 0 0 4376
4377 15 2 0 0 4377
4378 15 2 0 0 4378
4379 15 2 0 0 4379
4380 15 2 0 0 4380
4381 15 2 0 0 4381
4382 15 2 0 0 4382
4383 15 2 0 0 4383
4384 15 2 0 0 4384
4385 15 2 0 0 4385
4386 15 2 0 0 4386
4387 15 2 0 0 4387
4388 15 2 0 0 4388
4389 15 2 0 0 4389
4390 15 2 0 0 4390
4391 15 2 0 0 4391
4392 15 2 0 0 4392
4393 15 2 0 0 4393
4394 15 2 0 0 4394
4395 15 2 0 0 4395
4396 15 2 0 0 4396
4397 15 2 0 0 4397
4398 15 2 0 0 4398
4399 15 2 0 0 4399
4400 15 2 0 0 4400
4401 15 2 0 0 4401
4402 15 2 0 0 4402
4403 15 2 0 0 4403
4404 15 2 0 0 4404
4405 15 2 0 0 4405
4406 15 2 0 0 4406
4407 15 2 0 0 4407
4408 15 2 0 0 4408
4409 15 2 0 0 4409
4410 15 2 0 0 4410
4411 15 2 0 0 4411
4412 15 2 0 0 4412
4413 15 2 0 0 4413
4414 15 2 0 0 4414
4415 15 2 0 0 4415
4416 15 2 0 0 4416
4417 15 2 0 0 4417
4418 15 2 0 0 4418
4419 15 2 0 0 4419
4420 15 2 0 0 4420
4421 15 2 0 0 4421
4422 15 2 0 0 4422
4423 15 2 0 0 4423
4424 15 2 0 0 4424
4425 15 2 0 0 4425
4426 15 2 0 0 4426
4427 15 2 1 1 4427
4428 15 2 0 0 4428
4429 15 2 0 0 4429
4430 15 2 0 0 4430
4431 15 2 0 0 4431
4432 15 2 0 0 4432
4433 15 2 0 0 4433
4434 15 2 0 0 4434
4435 15 2 0 0 4435
4436 15 2 0 0 4436
4437 15 2 0 0 4437
4438 15 2 0 0 4438
4439 15 2 0 0 4439
4440 15 2 0 0 4440
4441 15 2 0 0 4441
4442 15 2 0 0 4442
4443 15 2 0 0 4443
4444 15 2 0 0 4444
4445 15 2 0 0 4445
4446 15 2 0 0 4446
4447 15 2 0 0 4447
4448 15 2 0 0 4448
4449 15 2 0 0 4449
4450 15 2 0 0 4450
4451 15 2 0 0 4451
4452 15 2 0 0 4452
4453 15 2 0 0 4453
4454 15 2 0 0 4454
4455 15 2 0 0 4455
4456 15 2 0 0 4456
4457 15 2 0 0 4457
4458 15 2 0 0 4458
4459 15 2 0 0 4459
4460 15 2 0 0 4460
4461 15 2 0 0 4461
4462 15 2 0 0 4462
4463 15 2 0 0 4463
4464 15 2 0 0 4464
4465 15 2 0 0 4465
4466 15 2 0 0 4466
4467 15 2 0 0 4467
4468 15 2 0 0 4468
4469 15 2 0 0 4469
4470 15 2 0 0 4470
4471 15 2 0 0 4471
4472 15 2 0 0 4472
4473 15 2 0 0 4473
4474 15 2 0 0 4474
4475 15 2 0 0 4475
4476 15 2 0 0 4476
4477 15 2 0 0 4477
4478 15 2 0 0 4478
4479 15 2 0 0 4479
4480 15 2 0 0 4480
4481 15 2 0 0 4481
4482 15 2 0 0 4482
4483 15 2 0 0 4483
4484 15 2 0 0 4484
4485 15 2 0 0 4485
4486 15 2 0 0 4486
4487 15 2 0 0 4487
4488 15 2 0 0 4488
4489 15 2 0 0 4489
4490 15 2 0 0 4490
4491 15 2 0 0 4491
4492 15 2 0 0 4492
4493 15 2 0 0 4493
4494 15 2 0 0 4494
4495 15 2 0 0 4495
4496 15 2 0 0 4496
4497 15 2 0 0 4497
4498 15 2 0 0 4498
4499 15 2 0 0 4499
4500 15 2 0 0 4500
4501 15 2 0 0 4501
4502 15 2 0 0 4502
4503 15 2 0 0 4503
4504 15 2 0 0 4504
4505 15 2 0 0 4505
4506 15 2 0 0 4506
4507 15 2 0 0 4507
4508 15 2 0 0 4508
4509 15 2 0 0 4509
4510 15 2 0 0 4510
4511 15 2 0 0 4511
4512 15 2 0 0 4512
4513 15 2 0 0 4513
4514 15 2 0 0 4514
4515 15 2 0 0 4515
4516 15 2 0 0 4516
4517 15 2 0 0 4517
4518 15 2 0 0 4518
4519 15 2 0 0 4519
4520 15 2 0 0 4520
4521 15 2 0 0 4521
4522 15 2 0 0 4522
4523 15 2 0 0 4523
4524 15 2 0 0 4524
4525 15 2 0 0 4525
4526 15 2 0 0 4526
4527 15 2 0 0 4527
4528 15 2 0 0 4528
4529 15 2 0 0 4529
4530 15 2 0 0 4530
4531 15 2 0 0 4531
4532 15 2 0 0 4532
4533 15 2 0 0 4533
4534 15 2 0 0 4534
4535 15 2 0 0 4535
4536 15 2 0 0 4536
4537 15 2 0 0 4537
4538 15 2 0 0 4538
4539 15 2 0 0 4539
4540 15 2 0 0 4540
4541 15 2 0 0 4541
4542 15 2 0 0 4542
4543 15 2 0 0 4543
4544 15 2 0 0 4544
4545 15 2 0 0 4545
4546 15 2 0 0 4546
4547 15 2 0 0 4547
4548 15 2 0 0 4548
4549 15 2 0 0 4549
4550 15 2 0 0 4550
4551 15 2 0 0 4551
4552 15 2 0 0 4552
4553 15 2 0 0 4553
4554 15 2 0 0 4554
4555 15 2 0 0 4555
4556 15 2 0 0 4556
4557 15 2 0 0 4557
4558 15 2 0 0 4558
4559 15 2 0 0 4559
4560 15 2 0 0 4560
4561 15 2 0 0 4561
4562 15 2 0 0 4562
4563 15 2 0 0 4563
4564 15 2 0 0 4564
4565 15 2 0 0 4565
4566 15 2 0 0 4566
4567 15 2 0 0 4567
4568 15 2 0 0 4568
4569 15 2 0 0 4569
4570 15 2 0 0 4570
4571 15 2 0 0 4571
4572 15 2 0 0 4572
4573 15 2 0 0 4573
4574 15 2 0 0 4574
4575 15 2 0 0 4575
4576 15 2 0 0 4576
4577 15 2 0 0 4577
4578 15 2 0 0 4578
4579 15 2 0 0 4579
4580 15 2 0 0 4580
4581 15 2 0 0 4581
4582 15 2 0 0 4582
4583 15 2 0 0 4583
4584 15 2 0 0 4584
4585 15 2 0 0 4585
4586 15 2 0 0 4586
4587 15 2 0 0 4587
4588 15 2 0 0 4588
4589 15 2 0 0 4589
4590 15 2 0 0 4590
4591 15 2 0 0 4591
4592 15 2 0 0 4592
4593 15 2 0 0 4593
4594 15 2 0 0 4594
4595 15 2 0 0 4595
4596 15 2 0 0 4596
4597 15 2 0 0 4597
4598 15 2 0 0 4598
4599 15 2 0 0 4599
4600 15 2 0 0 4600
4601 15 2 0 0 4601
4602 15 2 0 0 4602
4603 15 2 0 0 4603
4604 15 2 0 0 4604
4605 15 2 0 0 4605
4606 15 2 0 0 4606
4607 15 2 0 0 4607
4608 15 2 0 0 4608
4609 15 2 0 0 4609
4610 15 2 0 0 4610
4611 15 2 0 0 4611
4612 15 2 0 0 4612
4613 15 2 0 0 4613
4614 15 2 0 0 4614
4615 15 2 0 0 4615
4616 15 2 0 0 4616
4617 15 2 0 0 4617
4618 15 2 0 0 4618
4619 15 2 0 0 4619
4620 15 2 0 0 4620
4621 15 2 0 0 4621
4622 15 2 0 0 4622
4623 15 2 0 0 4623
4624 15 2 0 0 4624
4625 15 2 0 0 4625
4626 15 2 0 0 4626
4627 15 2 0 0 4627
4628 15 2 0 0 4628
4629 15 2 0 0 4629
4630 15 2 0 0 4630
4631 15 2 0 0 4631
4632 15 2 0 0 4632
4633 15 2 0 0 4633
4634 15 2 0 0 4634
4635 15 2 0 0 4635
4636 15 2 0 0 4636
4637 15 2 0 0 4637
4638 15 2 0 0 4638
4639 15 2 0 0 4639
4640 15 2 0 0 4640
4641 15 2 0 0 4641
4642 15 2 0 0 4642
4643 15 2 0 0 4643
4644 15 2 0 0 4644
4645 15 2 0 0 4645
4646 15 2 0 0 4646
4647 15 2 0 0 4647
4648 15 2 0 0 4648
4649 15 2 0 0 4649
4650 15 2 0 0 4650
4651 15 2 0 0 4651
4652 15 2 0 0 4652
4653 15 2 0 0 4653
4654 15 2 0 0 4654
4655 15 2 0 0 4655
4656 15 2 0 0 4656
4657 15 2 0 0 4657
4658 15 2 0 0 4658
4659 15 2 0 0 4659
4660 15 2 0 0 4660
4661 15 2 0 0 4661
4662 15 2 0 0 4662
4663 15 2 0 0 4663
4664 15 2 0 0 4664
4665 15 2 0 0 4665
4666 15 2 0 0 4666
4667 15 2 0 0 4667
4668 15 2 0 0 4668
4669 15 2 0 0 4669
4670 15 2 0 0 4670
4671 15 2 0 0 4671
4672 15 2 0 0 4672
4673 15 2 0 0 4673
4674 15 2 0 0 4674
4675 15 2 0 0 4675
4676 15 2 0 0 4676
4677 15 2 0 0 4677
4678 15 2 0 0 4678
4679 15 2 0 0 4679
4680 15 2 0 0 4680
4681 15 2 0 0 4681
4682 15 2 0 0 4682
4683 15 2 0 0 4683
4684 15 2 0 0 4684
4685 15 2 0 0 4685
4686 15 2 0 0 4686
4687 15 2 0 0 4687
4688 15 2 0 0 4688
4689 15 2 0 0 4689
4690 15 2 0 0 4690
4691 15 2 0 0 4691
4692 15 2 0 0 4692
4693 15 2 0 0 4693
4694 15 2 0 0 4694
4695 15 2 0 0 4695
4696 15 2 0 0 4696
4697 15 2 0 0 4697
4698 15 2 0 0 4698
4699 15 2 0 0 4699
4700 15 2 0 0 4700
4701 15 2 0 0 4701
4702 15 2 0 0 4702
4703 15 2 0 0 4703
4704 15 2 0 0 4704
4705 15 2 0 0 4705
4706 15 2 0 0 4706
4707 15 2 0 0 4707
4708 15 2 0 0 4708
4709 15 2 0 0 4709
4710 15 2 0 0 4710
4711 15 2 0 0 4711
4712 15 2 0 0 4712
4713 15 2 0 0 4713
4714 15 2 1 1 4714
4715 15 2 0 0 4715
4716 15 2 0 0 4716
4717 15 2 0 0 4717
4718 15 2 0 0 4718
4719 15 2 0 0 4719
4720 15 2 0 0 4720
4721 15 2 0 0 4721
4722 15 2 0 0 4722
4723 15 2 0 0 4723
4724 15 2 0 0 4724
4725 15 2 0 0 4725
4726 15 2 0 0 4726
4727 15 2 0 0 4727
4728 15 2 0 0 4728
4729 15 2 0 0 4729
4730 15 2 0 0 4730
4731 15 2 0 0 4731
4732 15 2 0 0 4732
4733 15 2 0 0 4733
4734 15 2 0 0 4734
4735 15 2 0 0 4735
4736 15 2 0 0 4736
4737 15 2 0 0 4737
4738 15 2 0 0 4738
4739 15 2 0 0 4739
4740 15 2 0 0 4740
4741 15 2 0 0 4741
4742 15 2 0 0 4742
4743 15 2 0 0 4743
4744 15 2 0 0 4744
4745 15 2 0 0 4745
4746 15 2 0 0 4746
4747 15 2 1 1 4747
4748 15 2 0 0 4748
4749 15 2 0 0 4749
4750 15 2 0 0 4750
4751 15 2 0 0 4751
4752 15 2 0 0 4752
4753 15 2 0 0 4753
4754 15 2 0 0 4754
4755 15 2 0 0 4755
4756 15 2 0 0 4756
4757 15 2 0 0 4757
4758 15 2 0 0 4758
4759 15 2 0 0 4759
4760 15 2 0 0 4760
4761 15 2 0 0 4761
4762 15 2 0 0 4762
4763 15 2 0 0 4763
4764 15 2 0 0 4764
4765 15 2 0 0 4765
4766 15 2 0 0 4766
4767 15 2 0 0 4767
4768 15 2 0 0 4768
4769 15 2 0 0 4769
4770 15 2 0 0 4770
4771 15 2 0 0 4771
4772 15 2 0 0 4772
4773 15 2 0 0 4773
4774 15 2 0 0 4774
4775 15 2 0 0 4775
4776 15 2 0 0 4776
4777 15 2 0 0 4777
4778 15 2 0 0 4778
4779 15 2 0 0 4779
4780 15 2 0 0 4780
4781 15 2 0 0 4781
4782 15 2 0 0 4782
4783 15 2 0 0 4783
4784 15 2 0 0 4784
4785 15 2 1 1 4785
4786 15 2 0 0 4786
4787 15 2 0 0 4787
4788 15 2 0 0 4788
4789 15 2 0 0 4789
4790 15 2 0 0 4790
4791 15 2 0 0 4791
4792 15 2 0 0 4792
4793 15 2 0 0 4793
4794 15 2 0 0 4794
4795 15 2 0 0 4795
4796 15 2 0 0 4796
4797 15 2 0 0 4797
4798 15 2 0 0 4798
4799 15 2 0 0 4799
4800 15 2 0 0 4800
4801 15 2 0 0 4801
4802 15 2 0 0 4802
4803 15 2 0 0 4803
4804 15 2 0 0 4804
4805 15 2 0 0 4805
4806 15 2 0 0 4806
4807 15 2 0 0 4807
4808 15 2 0 0 4808
4809 15 2 0 0 4809
4810 15 2 0 0 4810
4811 15 2 0 0 4811
4812 15 2 0 0 4812
4813 15 2 0 0 4813
4814 15 2 0 0 4814
4815 15 2 0 0 4815
4816 15 2 0 0 4816
4817 15 2 0 0 4817
4818 15 2 0 0 4818
4819 15 2 0 0 4819
4820 15 2 0 0 4820
4821 15 2 0 0 4821
4822 15 2 0 0 4822
4823 15 2 0 0 4823
4824 15 2 0 0 4824
4825 15 2 0 0 4825
4826 15 2 0 0 4826
4827 15 2 0 0 4827
4828 15 2 0 0 4828
4829 15 2 0 0 4829
4830 15 2 0 0 4830
4831 15 2 0 0 4831
4832 15 2 0 0 4832
4833 15 2 0 0 4833
4834 15 2 0 0 4834
4835 15 2 0 0 4835
4836 15 2 0 0 4836
4837 15 2 0 0 4837
4838 15 2 0 0 4838
4839 15 2 0 0 4839
4840 15 2 0 0 4840
4841 15 2 0 0 4841
4842 15 2 0 0 4842
4843 15 2 0 0 4843
4844 15 2 0 0 4844
4845 15 2 0 0 4845
4846 15 2 0 0 4846
4847 15 2 0 0 4847
4848 15 2 0 0 4848
4849 15 2 0 0 4849
4850 15 2 0 0 4850
4851 15 2 0 0 4851
4852 15 2 0 0 4852
4853 15 2 0 0 4853
4854 15 2 0 0 4854
4855 15 2 0 0 4855
4856 15 2 0 0 4856
4857 15 2 0 0 4857
4858 15 2 0 0 4858
4859 15 2 0 0 4859
4860 15 2 0 0 4860
4861 15 2 0 0 4861
4862 15 2 0 0 4862
4863 15 2 0 0 4863
4864 15 2 0 0 4864
4865 15 2 0 0 4865
4866 15 2 0 0 4866
4867 15 2 0 0 4867
4868 15 2 0 0 4868
4869 15 2 0 0 4869
4870 15 2 0 0 4870
4871 15 2 0 0 4871
4872 15 2 0 0 4872
4873 15 2 0 0 4873
4874 15 2 0 0 4874
4875 15 2 0 0 4875
4876 15 2 0 0 4876
4877 15 2 0 0 4877
4878 15 2 0 0 4878
4879 15 2 0 0 4879
4880 15 2 0 0 4880
4881 15 2 0 0 4881
4882 15 2 0 0 4882
4883 15 2 0 0 4883
4884 15 2 0 0 4884
4885 15 2 0 0 4885
4886 15 2 0 0 4886
4887 15 2 0 0 4887
4888 15 2 0 0 4888
4889 15 2 0 0 4889
4890 15 2 0 0 4890
4891 15 2 0 0 4891
4892 15 2 0 0 4892
4893 15 2 0 0 4893
4894 15 2 0 0 4894
4895 15 2 0 0 4895
4896 15 2 0 0 4896
4897 15 2 0 0 4897
4898 15 2 0 0 4898
4899 15 2 0 0 4899
4900 15 2 0 0 4900
4901 15 2 0 0 4901
4902 15 2 0 0 4902
4903 15 2 0 0 4903
4904 15 2 0 0 4904
4905 15 2 0 0 4905
4906 15 2 0 0 4906
4907 15 2 0 0 4907
4908 15 2 0 0 4908
4909 15 2 0 0 4909
4910 15 2 0 0 4910
4911 15 2 0 0 4911
4912 15 2 0 0 4912
4913 15 2 0 0 4913
4914 15 2 0 0 4914
4915 15 2 0 0 4915
4916 15 2 0 0 4916
4917 15 2 0 0 4917
4918 15 2 0 0 4918
4919 15 2 0 0 4919
4920 15 2 0 0 4920
4921 15 2 0 0 4921
4922 15 2 0 0 4922
4923 15 2 0 0 4923
4924 15 2 0 0 4924
4925 15 2 0 0 4925
4926 15 2 0 0 4926
4927 15 2 0 0 4927
4928 15 2 0 0 4928
4929 15 2 0 0 4929
4930 15 2 0 0 4930
4931 15 2 0 0 4931
4932 15 2 0 0 4932
4933 15 2 0 0 4933
4934 15 2 0 0 4934
4935 15 2 0 0 4935
4936 15 2 0 0 4936
4937 15 2 0 0 4937
4938 15 2 0 0 4938
4939 15 2 0 0 4939
4940 15 2 0 0 4940
4941 15 2 0 0 4941
4942 15 2 0 0 4942
4943 15 2 0 0 4943
4944 15 2 0 0 4944
4945 15 2 0 0 4945
4946 15 2 0 0 4946
4947 15 2 0 0 4947
4948 15 2 0 0 4948
4949 15 2 0 0 4949
4950 15 2 0 0 4950
4951 15 2 0 0 4951
4952 15 2 0 0 4952
4953 15 2 0 0 4953
4954 15 2 0 0 4954
4955 15 2 0 0 4955
4956 15 2 0 0 4956
4957 15 2 0 0 4957
4958 15 2 0 0 4958
4959 15 2 0 0 4959
4960 15 2 0 0 4960
4961 15 2 0 0 4961
4962 15 2 0 0 4962
4963 15 2 0 0 4963
4964 15 2 0 0 4964
4965 15 2 0 0 4965
4966 15 2 0 0 4966
4967 15 2 0 0 4967
4968 15 2 0 0 4968
4969 15 2 0 0 4969
4970 15 2 0 0 4970
4971 15 2 0 0 4971
4972 15 2 0 0 4972
4973 15 2 0 0 4973
4974 15 2 0 0 4974
4975 15 2 0 0 4975
4976 15 2 0 0 4976
4977 15 2 0 0 4977
4978 15 2 0 0 4978
4979 15 2 0 0 4979
4980 15 2 0 0 4980
4981 15 2 0 0 4981
4982 15 2 0 0 4982
4983 15 2 0 0 4983
4984 15 2 0 0 4984
4985 15 2 0 0 4985
4986 15 2 0 0 4986
4987 15 2 0 0 4987
4988 15 2 0 0 4988
4989 15 2 0 0 4989
4990 15 2 0 0 4990
4991 15 2 0 0 4991
4992 15 2 0 0 4992
4993 15 2 0 0 4993
4994 15 2 0 0 4994
4995 15 2 0 0 4995
4996 15 2 0 0 4996
4997 15 2 0 0 4997
4998 15 2 0 0 4998
4999 15 2 0 0 4999
5000 15 2 0 0 5000
5001 15 2 0 0 5001
5002 15 2 0 0 5002
5003 15 2 0 0 5003
5004 15 2 0 0 5004
5005 15 2 0 0 5005
5006 15 2 0 0 5006
5007 15 2 0 0 5007
5008 15 2 0 0 5008
5009 15 2 0 0 5009
5010 15 2 0 0 5010
5011 15 2 0 0 5011
5012 15 2 0 0 5012
5013 15 2 0 0 5013
5014 15 2 0 0 5014
5015 15 2 0 0 5015
5016 15 2 0 0 5016
5017 15 2 0 0 5017
5018 15 2 0 0 5018
5019 15 2 0 0 5019
5020 15 2 0 0 5020
5021 15 2 0 0 5021
5022 15 2 0 0 5022
5023 15 2 0 0 5023
5024 15 2 0 0 5024
5025 15 2 0 0 5025
5026 15 2 0 0 5026
5027 15 2 0 0 5027
5028 15 2 0 0 5028
5029 15 2 0 0 5029
5030 15 2 0 0 5030
5031 15 2 0 0 5031
5032 15 2 0 0 5032
5033 15 2 0 0 5033
5034 15 2 0 0 5034
5035 15 2 0 0 5035
5036 15 2 0 0 5036
5037 15 2 0 0 5037
5038 15 2 0 0 5038
5039 15 2 0 0 5039
5040 15 2 0 0 5040
5041 15 2 0 0 5041
5042 15 2 0 0 5042
5043 15 2 0 0 5043
5044 15 2 0 0 5044
5045 15 2 0 0 5045
5046 15 2 0 0 5046
5047 15 2 0 0 5047
5048 15 2 0 0 5048
5049 15 2 0 0 5049
5050 15 2 0 0 5050
5051 15 2 0 0 5051
5052 15 2 0 0 5052
5053 15 2 0 0 5053
5054 15 2 0 0 5054
5055 15 2 0 0 5055
5056 15 2 0 0 5056
5057 15 2 0 0 5057
5058 15 2 0 0 5058
5059 15 2 0 0 5059
5060 15 2 0 0 5060
5061 15 2 0 0 5061
5062 15 2 0 0 5062
5063 15 2 0 0 5063
5064 15 2 0 0 5064
5065 15 2 0 0 5065
5066 15 2 0 0 5066
5067 15 2 0 0 5067
5068 15 2 0 0 5068
5069 15 2 0 0 5069
5070 15 2 0 0 5070
5071 15 2 0 0 5071
5072 15 2 0 0 5072
5073 15 2 0 0 5073
5074 15 2 0 0 5074
5075 15 2 0 0 5075
5076 15 2 0 0 5076
5077 15 2 0 0 5077
5078 15 2 0 0 5078
5079 15 2 0 0 5079
5080 15 2 0 0 5080
5081 15 2 0 0 5081
5082 15 2 0 0 5082
5083 15 2 0 0 5083
5084 15 2 0 0 5084
5085 15 2 0 0 5085
5086 15 2 0 0 5086
5087 15 2 0 0 5087
5088 15 2 0 0 5088
5089 15 2 0 0 5089
5090 15 2 0 0 5090
5091 15 2 0 0 5091
5092 15 2 0 0 5092
5093 15 2 0 0 5093
5094 15 2 0 0 5094
5095 15 2 0 0 5095
5096 15 2 0 0 5096
5097 15 2 0 0 5097
5098 15 2 0 0 5098
5099 15 2 0 0 5099
5100 15 2 0 0 5100
5101 15 2 0 0 5101
5102 15 2 0 0 5102
5103 15 2 0 0 5103
5104 15 2 0 0 5104
5105 15 2 0 0 5105
5106 15 2 0 0 5106
5107 15 2 0 0 5107
5108 15 2 0 0 5108
5109 15 2 0 0 5109
5110 15 2 0 0 5110
5111 15 2 0 0 5111
5112 15 2 0 0 5112
5113 15 2 0 0 5113
5114 15 2 0 0 5114
5115 15 2 0 0 5115
5116 15 2 0 0 5116
5117 15 2 0 0 5117
5118 15 2 0 0 5118
5119 15 2 0 0 5119
5120 15 2 0 0 5120
5121 15 2 0 0 5121
5122 15 2 0 0 5122
5123 15 2 0 0 5123
5124 15 2 0 0 5124
5125 15 2 0 0 5125
5126 15 2 0 0 5126
5127 15 2 0 0 5127
5128 15 2 0 0 5128
5129 15 2 0 0 5129
5130 15 2 0 0 5130
5131 15 2 0 0 5131
5132 15 2 0 0 5132
5133 15 2 0 0 5133
5134 15 2 0 0 5134
5135 15 2 0 0 5135
5136 15 2 0 0 5136
5137 15 2 0 0 5137
5138 15 2 0 0 5138
5139 15 2 0 0 5139
5140 15 2 0 0 5140
5141 15 2 0 0 5141
5142 15 2 0 0 5142
5143 15 2 0 0 5143
5144 15 2 0 0 5144
5145 15 2 0 0 5145
5146 15 2 0 0 5146
5147 15 2 0 0 5147
5148 15 2 0 0 5148
5149 15 2 0 0 5149
5150 15 2 0 0 5150
5151 15 2 0 0 5151
5152 15 2 0 0 5152
5153 15 2 0 0 5153
5154 15 2 0 0 5154
5155 15 2 0 0 5155
5156 15 2 0 0 5156
5157 15 2 0 0 5157
5158 15 2 0 0 5158
5159 15 2 0 0 5159
5160 15 2 0 0 5160
5161 15 2 0 0 5161
5162 15 2 0 0 5162
5163 15 2 0 0 5163
5164 15 2 0 0 5164
5165 15 2 0 0 5165
5166 15 2 0 0 5166
5167 15 2 0 0 5167
5168 15 2 0 0 5168
5169 15 2 0 0 5169
5170 15 2 0 0 5170
5171 15 2 0 0 5171
5172 15 2 0 0 5172
5173 15 2 0 0 5173
5174 15 2 0 0 5174
5175 15 2 0 0 5175
5176 15 2 0 0 5176
5177 15 2 0 0 5177
5178 15 2 0 0 5178
5179 15 2 0 0 5179
5180 15 2 0 0 5180
5181 15 2 0 0 5181
5182 15 2 0 0 5182
5183 15 2 0 0 5183
5184 15 2 0 0 5184
5185 15 2 0 0 5185
5186 15 2 0 0 5186
5187 15 2 0 0 5187
5188 15 2 0 0 5188
5189 15 2 0 0 5189
5190 15 2 0 0 5190
5191 15 2 0 0 5191
5192 15 2 0 0 5192
5193 15 2 0 0 5193
5194 15 2 0 0 5194
5195 15 2 0 0 5195
5196 15 2 0 0 5196
5197 15 2 0 0 5197
5198 15 2 0 0 5198
5199 15 2 0 0 5199
5200 15 2 0 0 5200
5201 15 2 0 0 5201
5202 15 2 0 0 5202
5203 15 2 0 0 5203
5204 15 2 0 0 5204
5205 15 2 0 0 5205
5206 15 2 0 0 5206
5207 15 2 0 0 5207
5208 15 2 0 0 5208
5209 15 2 0 0 5209
5210 15 2 0 0 5210
5211 15 2 0 0 5211
5212 15 2 0 0 5212
5213 15 2 0 0 5213
5214 15 2 0 0 5214
5215 15 2 0 0 5215
5216 15 2 0 0 5216
5217 15 2 0 0 5217
5218 15 2 0 0 5218
5219 15 2 0 0 5219
5220 15 2 0 0 5220
5221 15 2 0 0 5221
5222 15 2 0 0 5222
5223 15 2 0 0 5223
5224 15 2 0 0 5224
5225 15 2 0 0 5225
5226 15 2 0 0 5226
5227 15 2 0 0 5227
5228 15 2 0 0 5228
5229 15 2 0 0 5229
5230 15 2 0 0 5230
5231 15 2 0 0 5231
5232 15 2 0 0 5232
5233 15 2 0 0 5233
5234 15 2 0 0 5234
5235 15 2 0 0 5235
5236 15 2 0 0 5236
5237 15 2 0 0 5237
5238 15 2 0 0 5238
5239 15 2 0 0 5239
5240 15 2 0 0 5240
5241 15 2 0 0 5241
5242 15 2 0 0 5242
5243 15 2 0 0 5243
5244 15 2 0 0 5244
5245 15 2 0 0 5245
5246 15 2 0 0 5246
5247 15 2 0 0 5247
5248 15 2 0 0 5248
5249 15 2 0 0 5249
5250 15 2 0 0 5250
5251 15 2 0 0 5251
5252 15 2 0 0 5252
5253 15 2 0 0 5253
5254 15 2 0 0 5254
5255 15 2 0 0 5255
5256 15 2 0 0 5256
5257 15 2 0 0 5257
5258 15 2 0 0 5258
5259 15 2 0 0 5259
5260 15 2 0 0 5260
5261 15 2 0 0 5261
5262 15 2 0 0 5262
5263 15 2 0 0 5263
5264 15 2 0 0 5264
5265 15 2 0 0 5265
5266 15 2 0 0 5266
5267 15 2 0 0 5267
5268 15 2 0 0 5268
5269 15 2 0 0 5269
5270 15 2 0 0 5270
5271 15 2 0 0 5271
5272 15 2 0 0 5272
5273 15 2 0 0 5273
5274 15 2 0 0 5274
5275 15 2 0 0 5275
5276 15 2 0 0 5276
5277 15 2 0 0 5277
5278 15 2 0 0 5278
5279 15 2 0 0 5279
5280 15 2 0 0 5280
5281 15 2 0 0 5281
5282 15 2 0 0 5282
5283 15 2 0 0 5283
5284 15 2 0 0 5284
5285 15 2 0 0 5285
5286 15 2 0 0 5286
5287 15 2 0 0 5287
5288 15 2 0 0 5288
5289 15 2 0 0 5289
5290 15 2 0 0 5290
5291 15 2 0 0 5291
5292 15 2 0 0 5292
5293 15 2 0 0 5293
5294 15 2 0 0 5294
5295 15 2 0 0 5295
5296 15 2 0 0 5296
5297 15 2 0 0 5297
5298 15 2 0 0 5298
5299 15 2 0 0 5299
5300 15 2 0 0 5300
5301 15 2 0 0 5301
5302 15 2 0 0 5302
5303 15 2 0 0 5303
5304 15 2 0 0 5304
5305 15 2 0 0 5305
5306 15 2 0 0 5306
5307 15 2 0 0 5307
5308 15 2 0 0 5308
5309 15 2 0 0 5309
5310 15 2 0 0 5310
5311 15 2 0 0 5311
5312 15 2 0 0 5312
5313 15 2 0 0 5313
5314 15 2 0 0 5314
5315 15 2 0 0 5315
5316 15 2 0 0 5316
5317 15 2 0 0 5317
5318 15 2 0 0 5318
5319 15 2 0 0 5319
5320 15 2 0 0 5320
5321 15 2 0 0 5321
5322 15 2 0 0 5322
5323 15 2 0 0 5323
5324 15 2 0 0 5324
5325 15 2 0 0 5325
5326 15 2 0 0 5326
5327 15 2 0 0 5327
5328 15 2 0 0 5328
5329 15 2 0 0 5329
5330 15 2 0 0 5330
5331 15 2 0 0 5331
5332 15 2 0 0 5332
5333 15 2 0 0 5333
5334 15 2 0 0 5334
5335 15 2 0 0 5335
5336 15 2 0 0 5336
5337 15 2 0 0 5337
5338 15 2 0 0 5338
5339 15 2 0 0 5339
5340 15 2 0 0 5340
5341 15 2 0 0 5341
5342 15 2 0 0 5342
5343 15 2 0 0 5343
5344 15 2 0 0 5344
5345 15 2 0 0 5345
5346 15 2 0 0 5346
5347 15 2 0 0 5347
5348 15 2 0 0 5348
5349 15 2 0 0 5349
5350 15 2 0 0 5350
5351 15 2 0 0 5351
5352 15 2 0 0 5352
5353 15 2 0 0 5353
5354 15 2 0 0 5354
5355 15 2 0 0 5355
5356 15 2 0 0 5356
5357 15 2 0 0 5357
5358 15 2 0 0 5358
5359 15 2 0 0 5359
5360 15 2 0 0 5360
5361 15 2 0 0 5361
5362 15 2 0 0 5362
5363 15 2 0 0 5363
5364 15 2 0 0 5364
5365 15 2 0 0 5365
5366 15 2 0 0 5366
5367 15 2 0 0 5367
5368 15 2 0 0 5368
5369 15 2 0 0 5369
5370 15 2 0 0 5370
5371 15 2 0 0 5371
5372 15 2 0 0 5372
5373 15 2 0 0 5373
5374 15 2 0 0 5374
5375 15 2 0 0 5375
5376 15 2 0 0 5376
5377 15 2 0 0 5377
5378 15 2 0 0 5378
5379 15 2 0 0 5379
5380 15 2 0 0 5380
5381 15 2 0 0 5381
5382 15 2 0 0 5382
5383 15 2 0 0 5383
5384 15 2 0 0 5384
5385 15 2 0 0 5385
5386 15 2 0 0 5386
5387 15 2 0 0 5387
5388 15 2 0 0 5388
5389 15 2 0 0 5389
5390 15 2 0 0 5390
5391 15 2 0 0 5391
5392 15 2 0 0 5392
5393 15 2 0 0 5393
5394 15 2 0 0 5394
5395 15 2 0 0 5395
5396 15 2 0 0 5396
5397 15 2 0 0 5397
5398 15 2 0 0 5398
5399 15 2 0 0 5399
5400 15 2 0 0 5400
5401 15 2 0 0 5401
5402 15 2 0 0 5402
5403 15 2 0 0 5403
5404 15 2 0 0 5404
5405 15 2 0 0 5405
5406 15 2 0 0 5406
5407 15 2 0 0 5407
5408 15 2 0 0 5408
5409 15 2 0 0 5409
5410 15 2 0 0 5410
5411 15 2 0 0 5411
5412 15 2 0 0 5412
5413 15 2 0 0 5413
5414 15 2 0 0 5414
5415 15 2 0 0 5415
5416 15 2 0 0 5416
5417 15 2 0 0 5417
5418 15 2 0 0 5418
5419 15 2 0 0 5419
5420 15 2 0 0 5420
5421 15 2 0 0 5421
5422 15 2 0 0 5422
5423 15 2 0 0 5423
5424 15 2 0 0 5424
5425 15 2 0 0 5425
5426 15 2 0 0 5426
5427 15 2 0 0 5427
5428 15 2 0 0 5428
5429 15 2 0 0 5429
5430 15 2 0 0 5430
5431 15 2 0 0 5431
5432 15 2 0 0 5432
5433 15 2 0 0 5433
5434 15 2 0 0 5434
5435 15 2 0 0 5435
5436 15 2 0 0 5436
5437 15 2 0 0 5437
5438 15 2 0 0 5438
5439 15 2 0 0 5439
5440 15 2 0 0 5440
5441 15 2 0 0 5441
5442 15 2 0 0 5442
5443 15 2 0 0 5443
5444 15 2 0 0 5444
5445 15 2 0 0 5445
5446 15 2 0 0 5446
5447 15 2 0 0 5447
5448 15 2 0 0 5448
5449 15 2 0 0 5449
5450 15 2 0 0 5450
5451 15 2 0 0 5451
5452 15 2 0 0 5452
5453 15 2 0 0 5453
5454 15 2 0 0 5454
5455 15 2 0 0 5455
5456 15 2 0 0 5456
5457 15 2 0 0 5457
5458 15 2 0 0 5458
5459 15 2 0 0 5459
5460 15 2 0 0 5460
5461 15 2 0 0 5461
5462 15 2 0 0 5462
5463 15 2 0 0 5463
5464 15 2 0 0 5464
5465 15 2 0 0 5465
5466 15 2 0 0 5466
5467 15 2 0 0 5467
5468 15 2 0 0 5468
5469 15 2 0 0 5469
5470 15 2 0 0 5470
5471 15 2 0 0 5471
5472 15 2 0 0 5472
5473 15 2 0 0 5473
5474 15 2 0 0 5474
5475 15 2 0 0 5475
5476 15 2 0 0 5476
5477 15 2 0 0 5477
5478 15 2 0 0 5478
5479 15 2 0 0 5479
5480 15 2 0 0 5480
5481 15 2 0 0 5481
5482 15 2 0 0 5482
5483 15 2 0 0 5483
5484 15 2 0 0 5484
5485 15 2 0 0 5485
5486 15 2 0 0 5486
5487 15 2 0 0 5487
5488 15 2 0 0 5488
5489 15 2 0 0 5489
5490 15 2 0 0 5490
5491 15 2 0 0 5491
5492 15 2 0 0 5492
5493 15 2 0 0 5493
5494 15 2 0 0 5494
5495 15 2 0 0 5495
5496 15 2 0 0 5496
5497 15 2 0 0 5497
5498 15 2 0 0 5498
5499 15 2 0 0 5499
5500 15 2 0 0 5500
5501 15 2 0 0 5501
5502 15 2 0 0 5502
5503 15 2 0 0 5503
5504 15 2 0 0 5504
5505 15 2 0 0 5505
5506 15 2 0 0 5506
5507 15 2 0 0 5507
5508 15 2 0 0 5508
5509 15 2 0 0 5509
5510 15 2 0 0 5510
5511 15 2 0 0 5511
5512 15 2 0 0 5512
5513 15 2 0 0 5513
5514 15 2 0 0 5514
5515 15 2 0 0 5515
5516 15 2 0 0 5516
5517 15 2 0 0 5517
5518 15 2 0 0 5518
5519 15 2 0 0 5519
5520 15 2 0 0 5520
5521 15 2 0 0 5521
5522 15 2 0 0 5522
5523 15 2 0 0 5523
5524 15 2 0 0 5524
5525 15 2 0 0 5525
5526 15 2 0 0 5526
5527 15 2 0 0 5527
5528 15 2 0 0 5528
5529 15 2 0 0 5529
5530 15 2 0 0 5530
5531 15 2 0 0 5531
5532 15 2 0 0 5532
5533 15 2 0 0 5533
5534 15 2 0 0 5534
5535 15 2 0 0 5535
5536 15 2 0 0 5536
5537 15 2 0 0 5537
5538 15 2 0 0 5538
5539 15 2 0 0 5539
5540 15 2 0 0 5540
5541 15 2 0 0 5541
5542 15 2 0 0 5542
5543 15 2 0 0 5543
5544 15 2 0 0 5544
5545 15 2 0 0 5545
5546 15 2 0 0 5546
5547 15 2 0 0 5547
5548 15 2 0 0 5548
5549 15 2 0 0 5549
5550 15 2 0 0 5550
5551 15 2 0 0 5551
5552 15 2 0 0 5552
5553 15 2 0 0 5553
5554 15 2 0 0 5554
5555 15 2 0 0 5555
5556 15 2 0 0 5556
5557 15 2 0 0 5557
5558 15 2 0 0 5558
5559 15 2 0 0 5559
5560 15 2 0 0 5560
5561 15 2 0 0 5561
5562 15 2 0 0 5562
5563 15 2 0 0 5563
5564 15 2 0 0 5564
5565 15 2 0 0 5565
5566 15 2 0 0 5566
5567 15 2 0 0 5567
5568 15 2 0 0 5568
5569 15 2 0 0 5569
5570 15 2 0 0 5570
5571 15 2 0 0 5571
5572 15 2 0 0 5572
5573 15 2 0 0 5573
5574 15 2 0 0 5574
5575 15 2 0 0 5575
5576 15 2 0 0 5576
5577 15 2 0 0 5577
5578 15 2 0 0 5578
5579 15 2 0 0 5579
5580 15 2 0 0 5580
5581 15 2 0 0 5581
5582 15 2 0 0 5582
5583 15 2 0 0 5583
5584 15 2 0 0 5584
5585 15 2 0 0 5585
5586 15 2 0 0 5586
5587 15 2 0 0 5587
5588 15 2 0 0 5588
5589 15 2 0 0 5589
5590 15 2 0 0 5590
5591 15 2 0 0 5591
5592 15 2 0 0 5592
5593 15 2 0 0 5593
5594 15 2 0 0 5594
5595 15 2 0 0 5595
5596 15 2 0 0 5596
5597 15 2 0 0 5597
5598 15 2 0 0 5598
5599 15 2 0 0 5599
5600 15 2 0 0 5600
5601 15 2 0 0 5601
5602 15 2 0 0 5602
5603 15 2 0 0 5603
5604 15 2 0 0 5604
5605 15 2 0 0 5605
5606 15 2 0 0 5606
5607 15 2 0 0 5607
5608 15 2 0 0 5608
5609 15 2 0 0 5609
5610 15 2 0 0 5610
5611 15 2 0 0 5611
5612 15 2 0 0 5612
5613 15 2 0 0 5613
5614 15 2 0 0 5614
5615 15 2 0 0 5615
5616 15 2 0 0 5616
5617 15 2 0 0 5617
5618 15 2 0 0 5618
5619 15 2 0 0 5619
5620 15 2 0 0 5620
5621 15 2 0 0 5621
5622 15 2 0 0 5622
5623 15 2 0 0 5623
5624 15 2 0 0 5624
5625 15 2 0 0 5625
5626 15 2 0 0 5626
5627 15 2 0 0 5627
5628 15 2 0 0 5628
5629 15 2 0 0 5629
5630 15 2 0 0 5630
5631 15 2 0 0 5631
5632 15 2 0 0 5632
5633 15 2 0 0 5633
5634 15 2 0 0 5634
5635 15 2 0 0 5635
5636 15 2 0 0 5636
5637 15 2 0 0 5637
5638 15 2 0 0 5638
5639 15 2 0 0 5639
5640 15 2 0 0 5640
5641 15 2 0 0 5641
5642 15 2 0 0 5642
5643 15 2 0 0 5643
5644 15 2 0 0 5644
5645 15 2 0 0 5645
5646 15 2 0 0 5646
5647 15 2 0 0 5647
5648 15 2 0 0 5648
5649 15 2 0 0 5649
5650 15 2 0 0 5650
5651 15 2 0 0 5651
5652 15 2 0 0 5652
5653 15 2 0 0 5653
5654 15 2 0 0 5654
5655 15 2 0 0 5655
5656 15 2 0 0 5656
5657 15 2 0 0 5657
5658 15 2 0 0 5658
5659 15 2 0 0 5659
5660 15 2 0 0 5660
5661 15 2 0 0 5661
5662 15 2 0 0 5662
5663 15 2 0 0 5663
5664 15 2 0 0 5664
5665 15 2 0 0 5665
5666 15 2 0 0 5666
5667 15 2 0 0 5667
5668 15 2 0 0 5668
5669 15 2 0 0 5669
5670 15 2 0 0 5670
5671 15 2 0 0 5671
5672 15 2 0 0 5672
5673 15 2 0 0 5673
5674 15 2 0 0 5674
5675 15 2 0 0 5675
5676 15 2 0 0 5676
5677 15 2 0 0 5677
5678 15 2 0 0 5678
5679 15 2 0 0 5679
5680 15 2 0 0 5680
5681 15 2 0 0 5681
5682 15 2 0 0 5682
5683 15 2 0 0 5683
5684 15 2 0 0 5684
5685 15 2 0 0 5685
5686 15 2 0 0 5686
5687 15 2 0 0 5687
5688 15 2 0 0 5688
5689 15 2 0 0 5689
5690 15 2 0 0 5690
5691 15 2 0 0 5691
5692 15 2 0 0 5692
5693 15 2 0 0 5693
5694 15 2 0 0 5694
5695 15 2 0 0 5695
5696 15 2 0 0 5696
5697 15 2 0 0 5697
5698 15 2 0 0 5698
5699 15 2 0 0 5699
5700 15 2 0 0 5700
5701 15 2 0 0 5701
5702 15 2 0 0 5702
5703 15 2 0 0 5703
5704 15 2 0 0 5704
5705 15 2 0 0 5705
5706 15 2 0 0 5706
5707 15 2 0 0 5707
5708 15 2 0 0 5708
5709 15 2 0 0 5709
5710 15 2 0 0 5710
5711 15 2 0 0 5711
5712 15 2 0 0 5712
5713 15 2 0 0 5713
5714 15 2 0 0 5714
5715 15 2 0 0 5715
5716 15 2 0 0 5716
5717 15 2 0 0 5717
5718 15 2 0 0 5718
5719 15 2 0 0 5719
5720 15 2 0 0 5720
5721 15 2 0 0 5721
5722 15 2 0 0 5722
5723 15 2 0 0 5723
5724 15 2 0 0 5724
5725 15 2 0 0 5725
5726 15 2 0 0 5726
5727 15 2 0 0 5727
5728 15 2 0 0 5728
5729 15 2 0 0 5729
5730 15 2 0 0 5730
5731 15 2 0 0 5731
5732 15 2 0 0 5732
5733 15 2 0 0 5733
5734 15 2 0 0 5734
5735 15 2 0 0 5735
5736 15 2 0 0 5736
5737 15 2 0 0 5737
5738 15 2 0 0 5738
5739 15 2 0 0 5739
5740 15 2 0 0 5740
5741 15 2 0 0 5741
5742 15 2 0 0 5742
5743 15 2 0 0 5743
5744 15 2 0 0 5744
5745 15 2 0 0 5745
5746 15 2 0 0 5746
5747 15 2 0 0 5747
5748 15 2 0 0 5748
5749 15 2 0 0 5749
5750 15 2 0 0 5750
5751 15 2 0 0 5751
5752 15 2 0 0 5752
5753 15 2 0 0 5753
5754 15 2 0 0 5754
5755 15 2 0 0 5755
5756 15 2 0 0 5756
5757 15 2 0 0 5757
5758 15 2 0 0 5758
5759 15 2 0 0 5759
5760 15 2 0 0 5760
5761 15 2 0 0 5761
5762 15 2 0 0 5762
5763 15 2 0 0 5763
5764 15 2 0 0 5764
5765 15 2 0 0 5765
5766 15 2 0 0 5766
5767 15 2 0 0 5767
5768 15 2 0 0 5768
5769 15 2 0 0 5769
5770 15 2 1 1 5770
5771 15 2 0 0 5771
5772 15 2 0 0 5772
5773 15 2 0 0 5773
5774 15 2 0 0 5774
5775 15 2 0 0 5775
5776 15 2 0 0 5776
5777 15 2 0 0 5777
5778 15 2 0 0 5778
5779 15 2 0 0 5779
5780 15 2 0 0 5780
5781 15 2 0 0 5781
5782 15 2 0 0 5782
5783 15 2 0 0 5783
5784 15 2 0 0 5784
5785 15 2 0 0 5785
5786 15 2 0 0 5786
5787 15 2 0 0 5787
5788 15 2 0 0 5788
5789 15 2 0 0 5789
5790 15 2 0 0 5790
5791 15 2 0 0 5791
5792 15 2 0 0 5792
5793 15 2 0 0 5793
5794 15 2 0 0 5794
5795 15 2 0 0 5795
5796 15 2 0 0 5796
5797 15 2 0 0 5797
5798 15 2 0 0 5798
5799 15 2 0 0 5799
5800 15 2 0 0 5800
5801 15 2 0 0 5801
5802 15 2 0 0 5802
5803 15 2 0 0 5803
5804 15 2 0 0 5804
5805 15 2 0 0 5805
5806 15 2 0 0 5806
5807 15 2 0 0 5807
5808 15 2 0 0 5808
5809 15 2 0 0 5809
5810 15 2 0 0 5810
5811 15 2 0 0 5811
5812 15 2 0 0 5812
5813 15 2 0 0 5813
5814 15 2 0 0 5814
5815 15 2 0 0 5815
5816 15 2 0 0 5816
5817 15 2 0 0 5817
5818 15 2 0 0 5818
5819 15 2 0 0 5819
5820 15 2 0 0 5820
5821 15 2 0 0 5821
5822 15 2 0 0 5822
5823 15 2 0 0 5823
5824 15 2 0 0 5824
5825 15 2 0 0 5825
5826 15 2 0 0 5826
5827 15 2 0 0 5827
5828 15 2 0 0 5828
5829 15 2 0 0 5829
5830 15 2 0 0 5830
5831 15 2 0 0 5831
5832 15 2 0 0 5832
5833 15 2 0 0 5833
5834 15 2 0 0 5834
5835 15 2 0 0 5835
5836 15 2 0 0 5836
5837 15 2 0 0 5837
5838 15 2 0 0 5838
5839 15 2 0 0 5839
5840 15 2 0 0 5840
5841 15 2 0 0 5841
5842 15 2 0 0 5842
5843 15 2 0 0 5843
5844 15 2 0 0 5844
5845 15 2 0 0 5845
5846 15 2 0 0 5846
5847 15 2 0 0 5847
5848 15 2 0 0 5848
5849 15 2 0 0 5849
5850 15 2 0 0 5850
5851 15 2 0 0 5851
5852 15 2 0 0 5852
5853 15 2 0 0 5853
5854 15 2 0 0 5854
5855 15 2 0 0 5855
5856 15 2 0 0 5856
5857 15 2 0 0 5857
5858 15 2 0 0 5858
5859 15 2 0 0 5859
5860 15 2 0 0 5860
5861 15 2 0 0 5861
5862 15 2 0 0 5862
5863 15 2 0 0 5863
5864 15 2 0 0 5864
5865 15 2 0 0 5865
5866 15 2 0 0 5866
5867 15 2 0 0 5867
5868 15 2 0 0 5868
5869 15 2 0 0 5869
5870 15 2 0 0 5870
5871 15 2 0 0 5871
5872 15 2 0 0 5872
5873 15 2 0 0 5873
5874 15 2 0 0 5874
5875 15 2 0 0 5875
5876 15 2 0 0 5876
5877 15 2 0 0 5877
5878 15 2 0 0 5878
5879 15 2 0 0 5879
5880 15 2 0 0 5880
5881 15 2 0 0 5881
5882 15 2 0 0 5882
5883 15 2 0 0 5883
5884 15 2 0 0 5884
5885 15 2 0 0 5885
5886 15 2 0 0 5886
5887 15 2 0 0 5887
5888 15 2 0 0 5888
5889 15 2 0 0 5889
5890 15 2 0 0 5890
5891 15 2 0 0 5891
5892 15 2 0 0 5892
5893 15 2 0 0 5893
5894 15 2 0 0 5894
5895 15 2 0 0 5895
5896 15 2 0 0 5896
5897 15 2 0 0 5897
5898 15 2 0 0 5898
5899 15 2 0 0 5899
5900 15 2 0 0 5900
5901 15 2 0 0 5901
5902 15 2 0 0 5902
5903 15 2 0 0 5903
5904 15 2 0 0 5904
5905 15 2 0 0 5905
5906 15 2 0 0 5906
5907 15 2 0 0 5907
5908 15 2 0 0 5908
5909 15 2 0 0 5909
5910 15 2 0 0 5910
5911 15 2 0 0 5911
5912 15 2 0 0 5912
5913 15 2 0 0 5913
5914 15 2 0 0 5914
5915 15 2 0 0 5915
5916 15 2 0 0 5916
5917 15 2 0 0 5917
5918 15 2 0 0 5918
5919 15 2 0 0 5919
5920 15 2 0 0 5920
5921 15 2 0 0 5921
5922 15 2 0 0 5922
5923 15 2 0 0 5923
5924 15 2 0 0 5924
5925 15 2 0 0 5925
5926 15 2 0 0 5926
5927 15 2 0 0 5927
5928 15 2 0 0 5928
5929 15 2 0 0 5929
5930 15 2 0 0 5930
5931 15 2 0 0 5931
5932 15 2 0 0 5932
5933 15 2 0 0 5933
5934 15 2 0 0 5934
5935 15 2 0 0 5935
5936 15 2 0 0 5936
5937 15 2 0 0 5937
5938 15 2 0 0 5938
5939 15 2 0 0 5939
5940 15 2 0 0 5940
5941 15 2 0 0 5941
5942 15 2 0 0 5942
5943 15 2 0 0 5943
5944 15 2 0 0 5944
5945 15 2 0 0 5945
5946 15 2 0 0 5946
5947 15 2 0 0 5947
5948 15 2 0 0 5948
5949 15 2 0 0 5949
5950 15 2 0 0 5950
5951 15 2 0 0 5951
5952 15 2 0 0 5952
5953 15 2 0 0 5953
5954 15 2 0 0 5954
5955 15 2 0 0 5955
5956 15 2 0 0 5956
5957 15 2 0 0 5957
5958 15 2 0 0 5958
5959 15 2 0 0 5959
5960 15 2 0 0 5960
5961 15 2 0 0 5961
5962 15 2 0 0 5962
5963 15 2 0 0 5963
5964 15 2 0 0 5964
5965 15 2 0 0 5965
5966 15 2 0 0 5966
5967 15 2 0 0 5967
5968 15 2 0 0 5968
5969 15 2 0 0 5969
5970 15 2 0 0 5970
5971 15 2 0 0 5971
5972 15 2 0 0 5972
5973 15 2 0 0 5973
5974 15 2 0 0 5974
5975 15 2 0 0 5975
5976 15 2 0 0 5976
5977 15 2 0 0 5977
5978 15 2 0 0 5978
5979 15 2 0 0 5979
5980 15 2 0 0 5980
5981 15 2 0 0 5981
5982 15 2 0 0 5982
5983 15 2 0 0 5983
5984 15 2 0 0 5984
5985 15 2 0 0 5985
5986 15 2 0 0 5986
5987 15 2 0 0 5987
5988 15 2 0 0 5988
5989 15 2 0 0 5989
5990 15 2 0 0 5990
5991 15 2 0 0 5991
5992 15 2 0 0 5992
5993 15 2 0 0 5993
5994 15 2 0 0 5994
5995 15 2 0 0 5995
5996 15 2 0 0 5996
5997 15 2 0 0 5997
5998 15 2 0 0 5998
5999 15 2 0 0 5999
6000 15 2 0 0 6000
6001 15 2 0 0 6001
6002 15 2 0 0 6002
6003 15 2 0 0 6003
6004 15 2 0 0 6004
6005 15 2 0 0 6005
6006 15 2 0 0 6006
6007 15 2 0 0 6007
6008 15 2 0 0 6008
6009 15 2 0 0 6009
6010 15 2 0 0 6010
6011 15 2 0 0 6011
6012 15 2 0 0 6012
6013 15 2 0 0 6013
6014 15 2 0 0 6014
6015 15 2 0 0 6015
6016 15 2 0 0 6016
6017 15 2 0 0 6017
6018 15 2 0 0 6018
6019 15 2 0 0 6019
6020 15 2 0 0 6020
6021 15 2 0 0 6021
6022 15 2 0 0 6022
6023 15 2 0 0 6023
6024 15 2 0 0 6024
6025 15 2 0 0 6025
6026 15 2 0 0 6026
6027 15 2 0 0 6027
6028 15 2 0 0 6028
6029 15 2 0 0 6029
6030 15 2 0 0 6030
6031 15 2 0 0 6031
6032 15 2 0 0 6032
6033 15 2 0 0 6033
6034 15 2 0 0 6034
6035 15 2 0 0 6035
6036 15 2 0 0 6036
6037 15 2 0 0 6037
6038 15 2 0 0 6038
6039 15 2 0 0 6039
6040 15 2 0 0 6040
6041 15 2 0 0 6041
6042 15 2 0 0 6042
6043 15 2 0 0 6043
6044 15 2 0 0 6044
6045 15 2 0 0 6045
6046 15 2 0 0 6046
6047 15 2 1 1 6047
6048 15 2 0 0 6048
6049 15 2 0 0 6049
6050 15 2 0 0 6050
6051 15 2 0 0 6051
6052 15 2 0 0 6052
6053 15 2 0 0 6053
6054 15 2 0 0 6054
6055 15 2 0 0 6055
6056 15 2 0 0 6056
6057 15 2 0 0 6057
6058 15 2 0 0 6058
6059 15 2 0 0 6059
6060 15 2 0 0 6060
6061 15 2 0 0 6061
6062 15 2 0 0 6062
6063 15 2 0 0 6063
6064 15 2 0 0 6064
6065 15 2 0 0 6065
6066 15 2 0 0 6066
6067 15 2 0 0 6067
6068 15 2 0 0 6068
6069 15 2 0 0 6069
6070 15 2 0 0 6070
6071 15 2 0 0 6071
6072 15 2 0 0 6072
6073 15 2 0 0 6073
6074 15 2 0 0 6074
6075 15 2 0 0 6075
6076 15 2 0 0 6076
6077 15 2 0 0 6077
6078 15 2 0 0 6078
6079 15 2 0 0 6079
6080 15 2 0 0 6080
6081 15 2 0 0 6081
6082 15 2 0 0 6082
6083 15 2 0 0 6083
6084 15 2 0 0 6084
6085 15 2 0 0 6085
6086 15 2 0 0 6086
6087 15 2 0 0 6087
6088 15 2 0 0 6088
6089 15 2 0 0 6089
6090 15 2 0 0 6090
6091 15 2 0 0 6091
6092 15 2 0 0 6092
6093 15 2 0 0 6093
6094 15 2 0 0 6094
6095 15 2 0 0 6095
6096 15 2 0 0 6096
6097 15 2 0 0 6097
6098 15 2 0 0 6098
6099 15 2 0 0 6099
6100 15 2 0 0 6100
6101 15 2 0 0 6101
6102 15 2 0 0 6102
6103 15 2 0 0 6103
6104 15 2 0 0 6104
6105 15 2 0 0 6105
6106 15 2 0 0 6106
6107 15 2 0 0 6107
6108 15 2 0 0 6108
6109 15 2 0 0 6109
6110 15 2 0 0 6110
6111 15 2 0 0 6111
6112 15 2 0 0 6112
6113 15 2 0 0 6113
6114 15 2 0 0 6114
6115 15 2 0 0 6115
6116 15 2 0 0 6116
6117 15 2 0 0 6117
6118 15 2 0 0 6118
6119 15 2 0 0 6119
6120 15 2 0 0 6120
6121 15 2 0 0 6121
6122 15 2 0 0 6122
6123 15 2 0 0 6123
6124 15 2 0 0 6124
6125 15 2 0 0 6125
6126 15 2 0 0 6126
6127 15 2 0 0 6127
6128 15 2 0 0 6128
6129 15 2 0 0 6129
6130 15 2 0 0 6130
6131 15 2 0 0 6131
6132 15 2 0 0 6132
6133 15 2 0 0 6133
6134 15 2 0 0 6134
6135 15 2 0 0 6135
6136 15 2 0 0 6136
6137 15 2 0 0 6137
6138 15 2 0 0 6138
6139 15 2 0 0 6139
6140 15 2 0 0 6140
6141 15 2 0 0 6141
6142 15 2 0 0 6142
6143 15 2 0 0 6143
6144 15 2 0 0 6144
6145 15 2 0 0 6145
6146 15 2 0 0 6146
6147 15 2 0 0 6147
6148 15 2 0 0 6148
6149 15 2 0 0 6149
6150 15 2 0 0 6150
6151 15 2 0 0 6151
6152 15 2 0 0 6152
6153 15 2 0 0 6153
6154 15 2 0 0 6154
6155 15 2 0 0 6155
6156 15 2 0 0 6156
6157 15 2 0 0 6157
6158 15 2 0 0 6158
6159 15 2 0 0 6159
6160 15 2 0 0 6160
6161 15 2 0 0 6161
6162 15 2 0 0 6162
6163 15 2 0 0 6163
6164 15 2 0 0 6164
6165 15 2 0 0 6165
6166 15 2 0 0 6166
6167 15 2 0 0 6167
6168 15 2 0 0 6168
6169 15 2 0 0 6169
6170 15 2 0 0 6170
6171 15 2 0 0 6171
6172 15 2 0 0 6172
6173 15 2 0 0 6173
6174 15 2 0 0 6174
6175 15 2 0 0 6175
6176 15 2 0 0 6176
6177 15 2 0 0 6177
6178 15 2 0 0 6178
6179 15 2 0 0 6179
6180 15 2 0 0 6180
6181 15 2 0 0 6181
6182 15 2 0 0 6182
6183 15 2 0 0 6183
6184 15 2 0 0 6184
6185 15 2 0 0 6185
6186 15 2 0 0 6186
6187 15 2 0 0 6187
6188 15 2 0 0 6188
6189 15 2 0 0 6189
6190 15 2 0 0 6190
6191 15 2 0 0 6191
6192 15 2 0 0 6192
6193 15 2 0 0 6193
6194 15 2 0 0 6194
6195 15 2 0 0 6195
6196 15 2 0 0 6196
6197 15 2 0 0 6197
6198 15 2 0 0 6198
6199 15 2 0 0 6199
6200 15 2 0 0 6200
6201 15 2 0 0 6201
6202 15 2 0 0 6202
6203 15 2 0 0 6203
6204 15 2 0 0 6204
6205 15 2 0 0 6205
6206 15 2 0 0 6206
6207 15 2 0 0 6207
6208 15 2 0 0 6208
6209 15 2 0 0 6209
6210 15 2 0 0 6210
6211 15 2 0 0 6211
6212 15 2 0 0 6212
6213 15 2 0 0 6213
6214 15 2 0 0 6214
6215 15 2 0 0 6215
6216 15 2 0 0 6216
6217 15 2 0 0 6217
6218 15 2 0 0 6218
6219 15 2 0 0 6219
6220 15 2 0 0 6220
6221 15 2 0 0 6221
6222 15 2 0 0 6222
6223 15 2 0 0 6223
6224 15 2 0 0 6224
6225 15 2 0 0 6225
6226 15 2 0 0 6226
6227 15 2 0 0 6227
6228 15 2 0 0 6228
6229 15 2 0 0 6229
6230 15 2 0 0 6230
6231 15 2 0 0 6231
6232 15 2 0 0 6232
6233 15 2 0 0 6233
6234 15 2 0 0 6234
6235 15 2 0 0 6235
6236 15 2 0 0 6236
6237 15 2 0 0 6237
6238 15 2 0 0 6238
6239 15 2 0 0 6239
6240 15 2 0 0 6240
6241 15 2 0 0 6241
6242 15 2 0 0 6242
6243 15 2 0 0 6243
6244 15 2 0 0 6244
6245 15 2 0 0 6245
6246 15 2 0 0 6246
6247 15 2 0 0 6247
6248 15 2 0 0 6248
6249 15 2 0 0 6249
6250 15 2 0 0 6250
6251 15 2 0 0 6251
6252 15 2 0 0 6252
6253 15 2 0 0 6253
6254 15 2 0 0 6254
6255 15 2 0 0 6255
6256 15 2 0 0 6256
6257 15 2 0 0 6257
6258 15 2 0 0 6258
6259 15 2 0 0 6259
6260 15 2 0 0 6260
6261 15 2 0 0 6261
6262 15 2 0 0 6262
6263 15 2 0 0 6263
6264 15 2 0 0 6264
6265 15 2 0 0 6265
6266 15 2 0 0 6266
6267 15 2 0 0 6267
6268 15 2 0 0 6268
6269 15 2 0 0 6269
6270 15 2 0 0 6270
6271 15 2 0 0 6271
6272 15 2 0 0 6272
6273 15 2 0 0 6273
6274 15 2 0 0 6274
6275 15 2 0 0 6275
6276 15 2 0 0 6276
6277 15 2 0 0 6277
6278 15 2 0 0 6278
6279 15 2 0 0 6279
6280 15 2 0 0 6280
6281 15 2 0 0 6281
6282 15 2 0 0 6282
6283 15 2 0 0 6283
6284 15 2 0 0 6284
6285 15 2 0 0 6285
6286 15 2 0 0 6286
6287 15 2 0 0 6287
6288 15 2 0 0 6288
6289 15 2 0 0 6289
6290 15 2 0 0 6290
6291 15 2 0 0 6291
6292 15 2 0 0 6292
6293 15 2 0 0 6293
6294 15 2 0 0 6294
6295 15 2 0 0 6295
6296 15 2 0 0 6296
6297 15 2 0 0 6297
6298 15 2 0 0 6298
6299 15 2 0 0 6299
6300 15 2 0 0 6300
6301 15 2 0 0 6301
6302 15 2 0 0 6302
6303 15 2 0 0 6303
6304 15 2 0 0 6304
6305 15 2 0 0 6305
6306 15 2 0 0 6306
6307 15 2 0 0 6307
6308 15 2 0 0 6308
6309 15 2 0 0 6309
6310 15 2 0 0 6310
6311 15 2 0 0 6311
6312 15 2 0 0 6312
6313 15 2 0 0 6313
6314 15 2 0 0 6314
6315 15 2 0 0 6315
6316 15 2 0 0 6316
6317 15 2 0 0 6317
6318 15 2 0 0 6318
6319 15 2 0 0 6319
6320 15 2 0 0 6320
6321 15 2 0 0 6321
6322 15 2 0 0 6322
6323 15 2 0 0 6323
6324 15 2 0 0 6324
6325 15 2 0 0 6325
6326 15 2 0 0 6326
6327 15 2 0 0 6327
6328 15 2 0 0 6328
6329 15 2 0 0 6329
6330 15 2 0 0 6330
6331 15 2 0 0 6331
6332 15 2 0 0 6332
6333 15 2 0 0 6333
6334 15 2 0 0 6334
6335 15 2 0 0 6335
6336 15 2 0 0 6336
6337 15 2 0 0 6337
6338 15 2 0 0 6338
6339 15 2 0 0 6339
6340 15 2 0 0 6340
6341 15 2 0 0 6341
6342 15 2 0 0 6342
6343 15 2 0 0 6343
6344 15 2 0 0 6344
6345 15 2 0 0 6345
6346 15 2 0 0 6346
6347 15 2 0 0 6347
6348 15 2 0 0 6348
6349 15 2 0 0 6349
6350 15 2 0 0 6350
6351 15 2 0 0 6351
6352 15 2 0 0 6352
6353 15 2 0 0 6353
6354 15 2 0 0 6354
6355 15 2 0 0 6355
6356 15 2 0 0 6356
6357 15 2 0 0 6357
6358 15 2 0 0 6358
6359 15 2 0 0 6359
6360 15 2 0 0 6360
6361 15 2 0 0 6361
6362 15 2 0 0 6362
6363 15 2 0 0 6363
6364 15 2 0 0 6364
6365 15 2 0 0 6365
6366 15 2 0 0 6366
6367 15 2 0 0 6367
6368 15 2 0 0 6368
6369 15 2 0 0 6369
6370 15 2 0 0 6370
6371 15 2 0 0 6371
6372 15 2 0 0 6372
6373 15 2 0 0 6373
6374 15 2 0 0 6374
6375 15 2 0 0 6375
6376 15 2 0 0 6376
6377 15 2 0 0 6377
6378 15 2 0 0 6378
6379 15 2 0 0 6379
6380 15 2 0 0 6380
6381 15 2 0 0 6381
6382 15 2 0 0 6382
6383 15 2 0 0 6383
6384 15 2 0 0 6384
6385 15 2 0 0 6385
6386 15 2 0 0 6386
6387 15 2 0 0 6387
6388 15 2 0 0 6388
6389 15 2 0 0 6389
6390 15 2 0 0 6390
6391 15 2 0 0 6391
6392 15 2 0 0 6392
6393 15 2 0 0 6393
6394 15 2 0 0 6394
6395 15 2 0 0 6395
6396 15 2 0 0 6396
6397 15 2 0 0 6397
6398 15 2 0 0 6398
6399 15 2 0 0 6399
6400 15 2 0 0 6400
6401 15 2 0 0 6401
6402 15 2 0 0 6402
6403 15 2 0 0 6403
6404 15 2 0 0 6404
6405 15 2 0 0 6405
6406 15 2 0 0 6406
6407 15 2 0 0 6407
6408 15 2 0 0 6408
6409 15 2 0 0 6409
6410 15 2 0 0 6410
6411 15 2 0 0 6411
6412 15 2 0 0 6412
6413 15 2 0 0 6413
6414 15 2 0 0 6414
6415 15 2 0 0 6415
6416 15 2 0 0 6416
6417 15 2 0 0 6417
6418 15 2 0 0 6418
6419 15 2 0 0 6419
6420 15 2 0 0 6420
6421 15 2 0 0 6421
6422 15 2 0 0 6422
6423 15 2 0 0 6423
6424 15 2 0 0 6424
6425 15 2 0 0 6425
6426 15 2 0 0 6426
6427 15 2 0 0 6427
6428 15 2 0 0 6428
6429 15 2 0 0 6429
6430 15 2 0 0 6430
6431 15 2 0 0 6431
6432 15 2 0 0 6432
6433 15 2 0 0 6433
6434 15 2 0 0 6434
6435 15 2 0 0 6435
6436 15 2 0 0 6436
6437 15 2 0 0 6437
6438 15 2 0 0 6438
6439 15 2 0 0 6439
6440 15 2 0 0 6440
6441 15 2 0 0 6441
6442 15 2 0 0 6442
6443 15 2 0 0 6443
6444 15 2 0 0 6444
6445 15 2 0 0 6445
6446 15 2 0 0 6446
6447 15 2 0 0 6447
6448 15 2 0 0 6448
6449 15 2 0 0 6449
6450 15 2 0 0 6450
6451 15 2 0 0 6451
6452 15 2 0 0 6452
6453 15 2 0 0 6453
6454 15 2 0 0 6454
6455 15 2 0 0 6455
6456 15 2 0 0 6456
6457 15 2 0 0 6457
6458 15 2 0 0 6458
6459 15 2 0 0 6459
6460 15 2 0 0 6460
6461 15 2 0 0 6461
6462 15 2 0 0 6462
6463 15 2 0 0 6463
6464 15 2 0 0 6464
6465 15 2 0 0 6465
6466 15 2 0 0 6466
6467 15 2 0 0 6467
6468 15 2 0 0 6468
6469 15 2 0 0 6469
6470 15 2 0 0 6470
6471 15 2 0 0 6471
6472 15 2 0 0 6472
6473 15 2 0 0 6473
6474 15 2 0 0 6474
6475 15 2 0 0 6475
6476 15 2 0 0 6476
6477 15 2 0 0 6477
6478 15 2 0 0 6478
6479 15 2 0 0 6479
6480 15 2 0 0 6480
6481 15 2 0 0 6481
6482 15 2 0 0 6482
6483 15 2 0 0 6483
6484 15 2 0 0 6484
6485 15 2 0 0 6485
6486 15 2 0 0 6486
6487 15 2 0 0 6487
6488 15 2 0 0 6488
6489 15 2 0 0 6489
6490 15 2 0 0 6490
6491 15 2 0 0 6491
6492 15 2 0 0 6492
6493 15 2 0 0 6493
6494 15 2 0 0 6494
6495 15 2 0 0 6495
6496 15 2 0 0 6496
6497 15 2 0 0 6497
6498 15 2 0 0 6498
6499 15 2 0 0 6499
6500 15 2 0 0 6500
6501 15 2 0 0 6501
6502 15 2 0 0 6502
6503 15 2 0 0 6503
6504 15 2 0 0 6504
6505 15 2 0 0 6505
6506 15 2 0 0 6506
6507 15 2 0 0 6507
6508 15 2 0 0 6508
6509 15 2 0 0 6509
6510 15 2 0 0 6510
6511 15 2 0 0 6511
6512 15 2 0 0 6512
6513 15 2 0 0 6513
6514 15 2 0 0 6514
6515 15 2 0 0 6515
6516 15 2 0 0 6516
6517 15 2 0 0 6517
6518 15 2 0 0 6518
6519 15 2 0 0 6519
6520 15 2 0 0 6520
6521 15 2 0 0 6521
6522 15 2 0 0 6522
6523 15 2 0 0 6523
6524 15 2 0 0 6524
6525 15 2 0 0 6525
6526 15 2 0 0 6526
6527 15 2 0 0 6527
6528 15 2 0 0 6528
6529 15 2 0 0 6529
6530 15 2 0 0 6530
6531 15 2 0 0 6531
6532 15 2 0 0 6532
6533 15 2 0 0 6533
6534 15 2 0 0 6534
6535 15 2 0 0 6535
6536 15 2 0 0 6536
6537 15 2 0 0 6537
6538 15 2 0 0 6538
6539 15 2 0 0 6539
6540 15 2 0 0 6540
6541 15 2 0 0 6541
6542 15 2 0 0 6542
6543 15 2 0 0 6543
6544 15 2 0 0 6544
6545 15 2 0 0 6545
6546 15 2 0 0 6546
6547 15 2 0 0 6547
6548 15 2 0 0 6548
6549 15 2 0 0 6549
6550 15 2 0 0 6550
6551 15 2 0 0 6551
6552 15 2 0 0 6552
6553 15 2 0 0 6553
6554 15 2 0 0 6554
6555 15 2 0 0 6555
6556 15 2 0 0 6556
6557 15 2 0 0 6557
6558 15 2 0 0 6558
6559 15 2 0 0 6559
6560 15 2 0 0 6560
6561 15 2 0 0 6561
6562 15 2 0 0 6562
6563 15 2 0 0 6563
6564 15 2 0 0 6564
6565 15 2 0 0 6565
6566 15 2 0 0 6566
6567 15 2 0 0 6567
6568 15 2 0 0 6568
6569 15 2 0 0 6569
6570 15 2 0 0 6570
6571 15 2 0 0 6571
6572 15 2 0 0 6572
6573 15 2 0 0 6573
6574 15 2 0 0 6574
6575 15 2 0 0 6575
6576 15 2 0 0 6576
6577 15 2 0 0 6577
6578 15 2 0 0 6578
6579 15 2 0 0 6579
6580 15 2 0 0 6580
6581 15 2 0 0 6581
6582 15 2 0 0 6582
6583 15 2 0 0 6583
6584 15 2 0 0 6584
6585 15 2 0 0 6585
6586 15 2 0 0 6586
6587 15 2 0 0 6587
6588 15 2 0 0 6588
6589 15 2 0 0 6589
6590 15 2 0 0 6590
6591 15 2 0 0 6591
6592 15 2 0 0 6592
6593 15 2 0 0 6593
6594 15 2 0 0 6594
6595 15 2 0 0 6595
6596 15 2 0 0 6596
6597 15 2 0 0 6597
6598 15 2 0 0 6598
6599 15 2 0 0 6599
6600 15 2 0 0 6600
6601 15 2 0 0 6601
6602 15 2 0 0 6602
6603 15 2 0 0 6603
6604 15 2 0 0 6604
6605 15 2 0 0 6605
6606 15 2 0 0 6606
6607 15 2 0 0 6607
6608 15 2 0 0 6608
6609 15 2 0 0 6609
6610 15 2 0 0 6610
6611 15 2 0 0 6611
6612 15 2 0 0 6612
6613 15 2 0 0 6613
6614 15 2 0 0 6614
6615 15 2 0 0 6615
6616 15 2 0 0 6616
6617 15 2 0 0 6617
6618 15 2 0 0 6618
6619 15 2 0 0 6619
6620 15 2 0 0 6620
6621 15 2 0 0 6621
6622 15 2 0 0 6622
6623 15 2 0 0 6623
6624 15 2 0 0 6624
6625 15 2 0 0 6625
6626 15 2 0 0 6626
6627 15 2 0 0 6627
6628 15 2 0 0 6628
6629 15 2 0 0 6629
6630 15 2 0 0 6630
6631 15 2 0 0 6631
6632 15 2 0 0 6632
6633 15 2 0 0 6633
6634 15 2 0 0 6634
6635 15 2 0 0 6635
6636 15 2 0 0 6636
6637 15 2 0 0 6637
6638 15 2 0 0 6638
6639 15 2 0 0 6639
6640 15 2 0 0 6640
6641 15 2 0 0 6641
6642 15 2 0 0 6642
6643 15 2 0 0 6643
6644 15 2 0 0 6644
6645 15 2 0 0 6645
6646 15 2 0 0 6646
6647 15 2 0 0 6647
6648 15 2 0 0 6648
6649 15 2 0 0 6649
6650 15 2 0 0 6650
6651 15 2 0 0 6651
6652 15 2 0 0 6652
6653 15 2 0 0 6653
6654 15 2 0 0 6654
6655 15 2 0 0 6655
6656 15 2 0 0 6656
6657 15 2 0 0 6657
6658 15 2 0 0 6658
6659 15 2 0 0 6659
6660 15 2 0 0 6660
6661 15 2 0 0 6661
6662 15 2 0 0 6662
6663 15 2 0 0 6663
6664 15 2 0 0 6664
6665 15 2 0 0 6665
6666 15 2 0 0 6666
6667 15 2 0 0 6667
6668 15 2 0 0 6668
6669 15 2 0 0 6669
6670 15 2 0 0 6670
6671 15 2 0 0 6671
6672 15 2 0 0 6672
6673 15 2 0 0 6673
6674 15 2 0 0 6674
6675 15 2 0 0 6675
6676 15 2 0 0 6676
6677 15 2 0 0 6677
6678 15 2 0 0 6678
6679 15 2 0 0 6679
6680 15 2 0 0 6680
6681 15 2 0 0 6681
6682 15 2 0 0 6682
6683 15 2 0 0 6683
6684 15 2 0 0 6684
6685 15 2 0 0 6685
6686 15 2 0 0 6686
6687 15 2 0 0 6687
6688 15 2 0 0 6688
6689 15 2 0 0 6689
6690 15 2 0 0 6690
6691 15 2 0 0 6691
6692 15 2 0 0 6692
6693 15 2 0 0 6693
6694 15 2 0 0 6694
6695 15 2 0 0 6695
6696 15 2 0 0 6696
6697 15 2 0 0 6697
6698 15 2 0 0 6698
6699 15 2 0 0 6699
6700 15 2 0 0 6700
6701 15 2 0 0 6701
6702 15 2 0 0 6702
6703 15 2 0 0 6703
6704 15 2 0 0 6704
6705 15 2 0 0 6705
6706 15 2 0 0 6706
6707 15 2 0 0 6707
6708 15 2 0 0 6708
6709 15 2 0 0 6709
6710 15 2 0 0 6710
6711 15 2 0 0 6711
6712 15 2 0 0 6712
6713 15 2 0 0 6713
6714 15 2 0 0 6714
6715 15 2 0 0 6715
6716 15 2 0 0 6716
6717 15 2 0 0 6717
6718 15 2 0 0 6718
6719 15 2 0 0 6719
6720 15 2 0 0 6720
6721 15 2 0 0 6721
6722 15 2 0 0 6722
6723 15 2 0 0 6723
6724 15 2 0 0 6724
6725 15 2 0 0 6725
6726 15 2 0 0 6726
6727 15 2 0 0 6727
6728 15 2 0 0 6728
6729 15 2 0 0 6729
6730 15 2 0 0 6730
6731 15 2 0 0 6731
6732 15 2 0 0 6732
6733 15 2 0 0 6733
6734 15 2 0 0 6734
6735 15 2 0 0 6735
6736 15 2 0 0 6736
6737 15 2 0 0 6737
6738 15 2 0 0 6738
6739 15 2 0 0 6739
6740 15 2 0 0 6740
6741 15 2 0 0 6741
6742 15 2 0 0 6742
6743 15 2 0 0 6743
6744 15 2 0 0 6744
6745 15 2 0 0 6745
6746 15 2 0 0 6746
6747 15 2 0 0 6747
6748 15 2 0 0 6748
6749 15 2 0 0 6749
6750 15 2 0 0 6750
6751 15 2 0 0 6751
6752 15 2 0 0 6752
6753 15 2 0 0 6753
6754 15 2 0 0 6754
6755 15 2 0 0 6755
6756 15 2 0 0 6756
6757 15 2 0 0 6757
6758 15 2 0 0 6758
6759 15 2 0 0 6759
6760 15 2 0 0 6760
6761 15 2 0 0 6761
6762 15 2 0 0 6762
6763 15 2 0 0 6763
6764 15 2 0 0 6764
6765 15 2 0 0 6765
6766 15 2 0 0 6766
6767 15 2 0 0 6767
6768 15 2 0 0 6768
6769 15 2 0 0 6769
6770 15 2 0 0 6770
6771 15 2 0 0 6771
6772 15 2 0 0 6772
6773 15 2 0 0 6773
6774 15 2 0 0 6774
6775 15 2 0 0 6775
6776 15 2 0 0 6776
6777 15 2 0 0 6777
6778 15 2 0 0 6778
6779 15 2 0 0 6779
6780 15 2 0 0 6780
6781 15 2 0 0 6781
6782 15 2 0 0 6782
6783 15 2 0 0 6783
6784 15 2 0 0 6784
6785 15 2 0 0 6785
6786 15 2 0 0 6786
6787 15 2 0 0 6787
6788 15 2 0 0 6788
6789 15 2 0 0 6789
6790 15 2 0 0 6790
6791 15 2 0 0 6791
6792 15 2 0 0 6792
6793 15 2 0 0 6793
6794 15 2 0 0 6794
6795 15 2 0 0 6795
6796 15 2 0 0 6796
6797 15 2 0 0 6797
6798 15 2 0 0 6798
6799 15 2 0 0 6799
6800 15 2 0 0 6800
6801 15 2 0 0 6801
6802 15 2 0 0 6802
6803 15 2 0 0 6803
6804 15 2 0 0 6804
6805 15 2 0 0 6805
6806 15 2 0 0 6806
6807 15 2 0 0 6807
6808 15 2 0 0 6808
6809 15 2 0 0 6809
6810 15 2 0 0 6810
6811 15 2 0 0 6811
6812 15 2 0 0 6812
6813 15 2 0 0 6813
6814 15 2 0 0 6814
6815 15 2 0 0 6815
6816 15 2 0 0 6816
6817 15 2 0 0 6817
6818 15 2 0 0 6818
6819 15 2 0 0 6819
6820 15 2 0 0 6820
6821 15 2 0 0 6821
6822 15 2 0 0 6822
6823 15 2 0 0 6823
6824 15 2 0 0 6824
6825 15 2 0 0 6825
6826 15 2 0 0 6826
6827 15 2 0 0 6827
6828 15 2 0 0 6828
6829 15 2 0 0 6829
6830 15 2 0 0 6830
6831 15 2 0 0 6831
6832 15 2 0 0 6832
6833 15 2 0 0 6833
6834 15 2 0 0 6834
6835 15 2 0 0 6835
6836 15 2 0 0 6836
6837 15 2 0 0 6837
6838 15 2 0 0 6838
6839 15 2 0 0 6839
6840 15 2 0 0 6840
6841 15 2 0 0 6841
6842 15 2 0 0 6842
6843 15 2 0 0 6843
6844 15 2 0 0 6844
6845 15 2 0 0 6845
6846 15 2 0 0 6846
6847 15 2 0 0 6847
6848 15 2 0 0 6848
6849 15 2 0 0 6849
6850 15 2 0 0 6850
6851 15 2 0 0 6851
6852 15 2 0 0 6852
6853 15 2 0 0 6853
6854 15 2 0 0 6854
6855 15 2 0 0 6855
6856 15 2 0 0 6856
6857 15 2 0 0 6857
6858 15 2 0 0 6858
6859 15 2 0 0 6859
6860 15 2 0 0 6860
6861 15 2 0 0 6861
6862 15 2 0 0 6862
6863 15 2 0 0 6863
6864 15 2 0 0 6864
6865 15 2 0 0 6865
6866 15 2 0 0 6866
6867 15 2 0 0 6867
6868 15 2 0 0 6868
6869 15 2 0 0 6869
6870 15 2 0 0 6870
6871 15 2 0 0 6871
6872 15 2 0 0 6872
6873 15 2 0 0 6873
6874 15 2 0 0 6874
6875 15 2 0 0 6875
6876 15 2 0 0 6876
6877 15 2 0 0 6877
6878 15 2 0 0 6878
6879 15 2 0 0 6879
6880 15 2 0 0 6880
6881 15 2 0 0 6881
6882 15 2 0 0 6882
6883 15 2 0 0 6883
6884 15 2 0 0 6884
6885 15 2 0 0 6885
6886 15 2 0 0 6886
6887 15 2 0 0 6887
6888 15 2 0 0 6888
6889 15 2 0 0 6889
6890 15 2 0 0 6890
6891 15 2 0 0 6891
6892 15 2 0 0 6892
6893 15 2 0 0 6893
6894 15 2 0 0 6894
6895 15 2 0 0 6895
6896 15 2 0 0 6896
6897 15 2 0 0 6897
6898 15 2 0 0 6898
6899 15 2 0 0 6899
6900 15 2 0 0 6900
6901 15 2 0 0 6901
6902 15 2 0 0 6902
6903 15 2 0 0 6903
6904 15 2 0 0 6904
6905 15 2 0 0 6905
6906 15 2 0 0 6906
6907 15 2 0 0 6907
6908 15 2 0 0 6908
6909 15 2 0 0 6909
6910 15 2 0 0 6910
6911 15 2 0 0 6911
6912 15 2 0 0 6912
6913 15 2 0 0 6913
6914 15 2 0 0 6914
6915 15 2 0 0 6915
6916 15 2 0 0 6916
6917 15 2 0 0 6917
6918 15 2 0 0 6918
6919 15 2 0 0 6919
6920 15 2 0 0 6920
6921 15 2 0 0 6921
6922 15 2 0 0 6922
6923 15 2 0 0 6923
6924 15 2 0 0 6924
6925 15 2 0 0 6925
6926 15 2 0 0 6926
6927 15 2 0 0 6927
6928 15 2 0 0 6928
6929 15 2 0 0 6929
6930 15 2 0 0 6930
6931 15 2 0 0 6931
6932 15 2 0 0 6932
6933 15 2 0 0 6933
6934 15 2 0 0 6934
6935 15 2 0 0 6935
6936 15 2 0 0 6936
6937 15 2 0 0 6937
6938 15 2 0 0 6938
6939 15 2 0 0 6939
6940 15 2 0 0 6940
6941 15 2 0 0 6941
6942 15 2 0 0 6942
6943 15 2 0 0 6943
6944 15 2 0 0 6944
6945 15 2 0 0 6945
6946 15 2 0 0 6946
6947 15 2 0 0 6947
6948 15 2 0 0 6948
6949 15 2 0 0 6949
6950 15 2 0 0 6950
6951 15 2 0 0 6951
6952 15 2 0 0 6952
6953 15 2 0 0 6953
6954 15 2 0 0 6954
6955 15 2 0 0 6955
6956 15 2 0 0 6956
6957 15 2 0 0 6957
6958 15 2 0 0 6958
6959 15 2 0 0 6959
6960 15 2 0 0 6960
6961 15 2 0 0 6961
6962 15 2 0 0 6962
6963 15 2 0 0 6963
6964 15 2 0 0 6964
6965 15 2 0 0 6965
6966 15 2 0 0 6966
6967 15 2 0 0 6967
6968 15 2 0 0 6968
6969 15 2 0 0 6969
6970 15 2 0 0 6970
6971 15 2 0 0 6971
6972 15 2 0 0 6972
6973 15 2 0 0 6973
6974 15 2 0 0 6974
6975 15 2 0 0 6975
6976 15 2 0 0 6976
6977 15 2 0 0 6977
6978 15 2 0 0 6978
6979 15 2 0 0 6979
6980 15 2 0 0 6980
6981 15 2 0 0 6981
6982 15 2 0 0 6982
6983 15 2 0 0 6983
6984 15 2 0 0 6984
6985 15 2 0 0 6985
6986 15 2 0 0 6986
6987 15 2 0 0 6987
6988 15 2 0 0 6988
6989 15 2 0 0 6989
6990 15 2 0 0 6990
6991 15 2 0 0 6991
6992 15 2 0 0 6992
6993 15 2 0 0 6993
6994 15 2 0 0 6994
6995 15 2 0 0 6995
6996 15 2 0 0 6996
6997 15 2 0 0 6997
6998 15 2 0 0 6998
6999 15 2 0 0 6999
7000 15 2 0 0 7000
7001 15 2 0 0 7001
7002 15 2 0 0 7002
7003 15 2 0 0 7003
7004 15 2 0 0 7004
7005 15 2 0 0 7005
7006 15 2 0 0 7006
7007 15 2 0 0 7007
7008 15 2 0 0 7008
7009 15 2 0 0 7009
7010 15 2 0 0 7010
7011 15 2 0 0 7011
7012 15 2 0 0 7012
7013 15 2 0 0 7013
7014 15 2 0 0 7014
7015 15 2 0 0 7015
7016 15 2 0 0 7016
7017 15 2 0 0 7017
7018 15 2 0 0 7018
7019 15 2 0 0 7019
7020 15 2 0 0 7020
7021 15 2 0 0 7021
7022 15 2 0 0 7022
7023 15 2 0 0 7023
7024 15 2 0 0 7024
7025 15 2 0 0 7025
7026 15 2 0 0 7026
7027 15 2 0 0 7027
7028 15 2 0 0 7028
7029 15 2 0 0 7029
7030 15 2 0 0 7030
7031 15 2 0 0 7031
7032 15 2 0 0 7032
7033 15 2 0 0 7033
7034 15 2 0 0 7034
7035 15 2 0 0 7035
7036 15 2 0 0 7036
7037 15 2 0 0 7037
7038 15 2 0 0 7038
7039 15 2 0 0 7039
7040 15 2 0 0 7040
7041 15 2 0 0 7041
7042 15 2 0 0 7042
7043 15 2 0 0 7043
7044 15 2 0 0 7044
7045 15 2 0 0 7045
7046 15 2 0 0 7046
7047 15 2 0 0 7047
7048 15 2 0 0 7048
7049 15 2 0 0 7049
7050 15 2 0 0 7050
7051 15 2 0 0 7051
7052 15 2 0 0 7052
7053 15 2 0 0 7053
7054 15 2 0 0 7054
7055 15 2 0 0 7055
7056 15 2 0 0 7056
7057 15 2 0 0 7057
7058 15 2 0 0 7058
7059 15 2 0 0 7059
7060 15 2 0 0 7060
7061 15 2 0 0 7061
7062 15 2 0 0 7062
7063 15 2 0 0 7063
7064 15 2 0 0 7064
7065 15 2 0 0 7065
7066 15 2 0 0 7066
7067 15 2 0 0 7067
7068 15 2 0 0 7068
7069 15 2 0 0 7069
7070 15 2 0 0 7070
7071 15 2 0 0 7071
7072 15 2 0 0 7072
7073 15 2 0 0 7073
7074 15 2 0 0 7074
7075 15 2 0 0 7075
7076 15 2 0 0 7076
7077 15 2 0 0 7077
7078 15 2 0 0 7078
7079 15 2 0 0 7079
7080 15 2 0 0 7080
7081 15 2 0 0 7081
7082 15 2 0 0 7082
7083 15 2 0 0 7083
7084 15 2 0 0 7084
7085 15 2 0 0 7085
7086 15 2 0 0 7086
7087 15 2 0 0 7087
7088 15 2 0 0 7088
7089 15 2 0 0 7089
7090 15 2 0 0 7090
7091 15 2 0 0 7091
7092 15 2 0 0 7092
7093 15 2 0 0 7093
7094 15 2 0 0 7094
7095 15 2 0 0 7095
7096 15 2 0 0 7096
7097 15 2 0 0 7097
7098 15 2 0 0 7098
7099 15 2 0 0 7099
7100 15 2 0 0 7100
7101 15 2 0 0 7101
7102 15 2 0 0 7102
7103 15 2 0 0 7103
7104 15 2 0 0 7104
7105 15 2 0 0 7105
7106 15 2 0 0 7106
7107 15 2 0 0 7107
7108 15 2 0 0 7108
7109 15 2 0 0 7109
7110 15 2 0 0 7110
7111 15 2 0 0 7111
7112 15 2 0 0 7112
7113 15 2 0 0 7113
7114 15 2 0 0 7114
7115 15 2 0 0 7115
7116 15 2 0 0 7116
7117 15 2 0 0 7117
7118 15 2 0 0 7118
7119 15 2 0 0 7119
7120 15 2 0 0 7120
7121 15 2 0 0 7121
7122 15 2 0 0 7122
7123 15 2 0 0 7123
7124 15 2 0 0 7124
7125 15 2 0 0 7125
7126 15 2 0 0 7126
7127 15 2 0 0 7127
7128 15 2 0 0 7128
7129 15 2 0 0 7129
7130 15 2 0 0 7130
7131 15 2 0 0 7131
7132 15 2 0 0 7132
7133 15 2 0 0 7133
7134 15 2 0 0 7134
7135 15 2 0 0 7135
7136 15 2 0 0 7136
7137 15 2 0 0 7137
7138 15 2 0 0 7138
7139 15 2 0 0 7139
7140 15 2 0 0 7140
7141 15 2 0 0 7141
7142 15 2 0 0 7142
7143 15 2 1 1 7143
7144 15 2 0 0 7144
7145 15 2 0 0 7145
7146 15 2 0 0 7146
7147 15 2 0 0 7147
7148 15 2 0 0 7148
7149 15 2 0 0 7149
7150 15 2 0 0 7150
7151 15 2 0 0 7151
7152 15 2 0 0 7152
7153 15 2 0 0 7153
7154 15 2 0 0 7154
7155 15 2 0 0 7155
7156 15 2 0 0 7156
7157 15 2 0 0 7157
7158 15 2 0 0 7158
7159 15 2 0 0 7159
7160 15 2 0 0 7160
7161 15 2 0 0 7161
7162 15 2 0 0 7162
7163 15 2 0 0 7163
7164 15 2 0 0 7164
7165 15 2 0 0 7165
7166 15 2 0 0 7166
7167 15 2 0 0 7167
7168 15 2 0 0 7168
7169 15 2 0 0 7169
7170 15 2 0 0 7170
7171 15 2 0 0 7171
7172 15 2 0 0 7172
7173 15 2 0 0 7173
7174 15 2 0 0 7174
7175 15 2 0 0 7175
7176 15 2 0 0 7176
7177 15 2 0 0 7177
7178 15 2 0 0 7178
7179 15 2 0 0 7179
7180 15 2 0 0 7180
7181 15 2 0 0 7181
7182 15 2 0 0 7182
7183 15 2 0 0 7183
7184 15 2 0 0 7184
7185 15 2 0 0 7185
7186 15 2 0 0 7186
7187 15 2 0 0 7187
7188 15 2 0 0 7188
7189 15 2 0 0 7189
7190 15 2 0 0 7190
7191 15 2 0 0 7191
7192 15 2 0 0 7192
7193 15 2 0 0 7193
7194 15 2 0 0 7194
7195 15 2 0 0 7195
7196 15 2 0 0 7196
7197 15 2 0 0 7197
7198 15 2 0 0 7198
7199 15 2 0 0 7199
7200 15 2 0 0 7200
7201 15 2 0 0 7201
7202 15 2 0 0 7202
7203 15 2 0 0 7203
7204 15 2 0 0 7204
7205 15 2 0 0 7205
7206 15 2 0 0 7206
7207 15 2 0 0 7207
7208 15 2 0 0 7208
7209 15 2 0 0 7209
7210 15 2 0 0 7210
7211 15 2 0 0 7211
7212 15 2 0 0 7212
7213 15 2 0 0 7213
7214 15 2 0 0 7214
7215 15 2 0 0 7215
7216 15 2 0 0 7216
7217 15 2 0 0 7217
7218 15 2 0 0 7218
7219 15 2 0 0 7219
7220 15 2 0 0 7220
7221 15 2 0 0 7221
7222 15 2 0 0 7222
7223 15 2 0 0 7223
7224 15 2 0 0 7224
7225 15 2 0 0 7225
7226 15 2 0 0 7226
7227 15 2 0 0 7227
7228 15 2 0 0 7228
7229 15 2 0 0 7229
7230 15 2 0 0 7230
7231 15 2 0 0 7231
7232 15 2 0 0 7232
7233 15 2 0 0 7233
7234 15 2 0 0 7234
7235 15 2 0 0 7235
7236 15 2 0 0 7236
7237 15 2 0 0 7237
7238 15 2 0 0 7238
7239 15 2 0 0 7239
7240 15 2 0 0 7240
7241 15 2 0 0 7241
7242 15 2 0 0 7242
7243 15 2 0 0 7243
7244 15 2 0 0 7244
7245 15 2 0 0 7245
7246 15 2 0 0 7246
7247 15 2 0 0 7247
7248 15 2 0 0 7248
7249 15 2 0 0 7249
7250 15 2 0 0 7250
7251 15 2 0 0 7251
7252 15 2 0 0 7252
7253 15 2 0 0 7253
7254 15 2 0 0 7254
7255 15 2 0 0 7255
7256 15 2 0 0 7256
7257 15 2 0 0 7257
7258 15 2 0 0 7258
7259 15 2 0 0 7259
7260 15 2 0 0 7260
7261 15 2 0 0 7261
7262 15 2 0 0 7262
7263 15 2 0 0 7263
7264 15 2 0 0 7264
7265 15 2 0 0 7265
7266 15 2 0 0 7266
7267 15 2 0 0 7267
7268 15 2 0 0 7268
7269 15 2 0 0 7269
7270 15 2 0 0 7270
7271 15 2 0 0 7271
7272 15 2 0 0 7272
7273 15 2 0 0 7273
7274 15 2 0 0 7274
7275 15 2 0 0 7275
7276 15 2 0 0 7276
7277 15 2 0 0 7277
7278 15 2 0 0 7278
7279 15 2 0 0 7279
7280 15 2 0 0 7280
7281 15 2 0 0 7281
7282 15 2 0 0 7282
7283 15 2 0 0 7283
7284 15 2 0 0 7284
7285 15 2 0 0 7285
7286 15 2 0 0 7286
7287 15 2 0 0 7287
7288 15 2 0 0 7288
7289 15 2 0 0 7289
7290 15 2 0 0 7290
7291 15 2 0 0 7291
7292 15 2 0 0 7292
7293 15 2 0 0 7293
7294 15 2 0 0 7294
7295 15 2 0 0 7295
7296 15 2 0 0 7296
7297 15 2 0 0 7297
7298 15 2 0 0 7298
7299 15 2 0 0 7299
7300 15 2 0 0 7300
7301 15 2 0 0 7301
7302 15 2 0 0 7302
7303 15 2 0 0 7303
7304 15 2 0 0 7304
7305 15 2 0 0 7305
7306 15 2 0 0 7306
7307 15 2 0 0 7307
7308 15 2 0 0 7308
7309 15 2 0 0 7309
7310 15 2 0 0 7310
7311 15 2 0 0 7311
7312 15 2 0 0 7312
7313 15 2 0 0 7313
7314 15 2 0 0 7314
7315 15 2 0 0 7315
7316 15 2 0 0 7316
7317 15 2 0 0 7317
7318 15 2 0 0 7318
7319 15 2 0 0 7319
7320 15 2 0 0 7320
7321 15 2 0 0 7321
7322 15 2 0 0 7322
7323 15 2 0 0 7323
7324 15 2 0 0 7324
7325 15 2 0 0 7325
7326 15 2 0 0 7326
7327 15 2 0 0 7327
7328 15 2 0 0 7328
7329 15 2 0 0 7329
7330 15 2 0 0 7330
7331 15 2 0 0 7331
7332 15 2 0 0 7332
7333 15 2 0 0 7333
7334 15 2 0 0 7334
7335 15 2 0 0 7335
7336 15 2 0 0 7336
7337 15 2 0 0 7337
7338 15 2 0 0 7338
7339 15 2 0 0 7339
7340 15 2 0 0 7340
7341 15 2 0 0 7341
7342 15 2 0 0 7342
7343 15 2 0 0 7343
7344 15 2 0 0 7344
7345 15 2 0 0 7345
7346 15 2 0 0 7346
7347 15 2 0 0 7347
7348 15 2 0 0 7348
7349 15 2 0 0 7349
7350 15 2 0 0 7350
7351 15 2 0 0 7351
7352 15 2 0 0 7352
7353 15 2 0 0 7353
7354 15 2 0 0 7354
7355 15 2 0 0 7355
7356 15 2 0 0 7356
7357 15 2 0 0 7357
7358 15 2 0 0 7358
7359 15 2 0 0 7359
7360 15 2 0 0 7360
7361 15 2 0 0 7361
7362 15 2 0 0 7362
7363 15 2 0 0 7363
7364 15 2 0 0 7364
7365 15 2 0 0 7365
7366 15 2 0 0 7366
7367 15 2 0 0 7367
7368 15 2 0 0 7368
7369 15 2 0 0 7369
7370 15 2 0 0 7370
7371 15 2 0 0 7371
7372 15 2 0 0 7372
7373 15 2 0 0 7373
7374 15 2 0 0 7374
7375 15 2 0 0 7375
7376 15 2 0 0 7376
7377 15 2 0 0 7377
7378 15 2 0 0 7378
7379 15 2 0 0 7379
7380 15 2 0 0 7380
7381 15 2 0 0 7381
7382 15 2 0 0 7382
7383 15 2 0 0 7383
7384 15 2 0 0 7384
7385 15 2 0 0 7385
7386 15 2 0 0 7386
7387 15 2 0 0 7387
7388 15 2 0 0 7388
7389 15 2 0 0 7389
7390 15 2 0 0 7390
7391 15 2 0 0 7391
7392 15 2 0 0 7392
7393 15 2 0 0 7393
7394 15 2 0 0 7394
7395 15 2 0 0 7395
7396 15 2 0 0 7396
7397 15 2 0 0 7397
7398 15 2 0 0 7398
7399 15 2 0 0 7399
7400 15 2 0 0 7400
7401 15 2 0 0 7401
7402 15 2 0 0 7402
7403 15 2 0 0 7403
7404 15 2 0 0 7404
7405 15 2 0 0 7405
7406 15 2 0 0 7406
7407 15 2 0 0 7407
7408 15 2 0 0 7408
7409 15 2 0 0 7409
7410 15 2 0 0 7410
7411 15 2 0 0 7411
7412 15 2 0 0 7412
7413 15 2 0 0 7413
7414 15 2 0 0 7414
7415 15 2 0 0 7415
7416 15 2 0 0 7416
7417 15 2 0 0 7417
7418 15 2 0 0 7418
7419 15 2 0 0 7419
7420 15 2 0 0 7420
7421 15 2 0 0 7421
7422 15 2 0 0 7422
7423 15 2 0 0 7423
7424 15 2 0 0 7424
7425 15 2 0 0 7425
7426 15 2 0 0 7426
7427 15 2 0 0 7427
7428 15 2 0 0 7428
7429 15 2 0 0 7429
7430 15 2 0 0 7430
7431 15 2 0 0 7431
7432 15 2 0 0 7432
7433 15 2 0 0 7433
7434 15 2 0 0 7434
7435 15 2 0 0 7435
7436 15 2 0 0 7436
7437 15 2 0 0 7437
7438 15 2 0 0 7438
7439 15 2 0 0 7439
7440 15 2 0 0 7440
7441 15 2 0 0 7441
7442 15 2 0 0 7442
7443 15 2 0 0 7443
7444 15 2 0 0 7444
7445 15 2 0 0 7445
7446 15 2 0 0 7446
7447 15 2 0 0 7447
7448 15 2 0 0 7448
7449 15 2 0 0 7449
7450 15 2 0 0 7450
7451 15 2 0 0 7451
7452 15 2 0 0 7452
7453 15 2 0 0 7453
7454 15 2 0 0 7454
7455 15 2 0 0 7455
7456 15 2 0 0 7456
7457 15 2 0 0 7457
7458 15 2 0 0 7458
7459 15 2 0 0 7459
7460 15 2 0 0 7460
7461 15 2 0 0 7461
7462 15 2 0 0 7462
7463 15 2 0 0 7463
7464 15 2 0 0 7464
7465 15 2 0 0 7465
7466 15 2 0 0 7466
7467 15 2 0 0 7467
7468 15 2 0 0 7468
7469 15 2 0 0 7469
7470 15 2 0 0 7470
7471 15 2 0 0 7471
7472 15 2 0 0 7472
7473 15 2 0 0 7473
7474 15 2 0 0 7474
7475 15 2 0 0 7475
7476 15 2 0 0 7476
7477 15 2 0 0 7477
7478 15 2 0 0 7478
7479 15 2 0 0 7479
7480 15 2 0 0 7480
7481 15 2 0 0 7481
7482 15 2 0 0 7482
7483 15 2 1 1 7483
7484 15 2 0 0 7484
7485 15 2 0 0 7485
7486 15 2 0 0 7486
7487 15 2 0 0 7487
7488 15 2 0 0 7488
7489 15 2 1 1 7489
7490 15 2 0 0 7490
7491 15 2 0 0 7491
7492 15 2 0 0 7492
7493 15 2 0 0 7493
7494 15 2 0 0 7494
7495 15 2 0 0 7495
7496 15 2 0 0 7496
7497 15 2 0 0 7497
7498 15 2 0 0 7498
7499 15 2 0 0 7499
7500 15 2 0 0 7500
7501 15 2 0 0 7501
7502 15 2 0 0 7502
7503 15 2 0 0 7503
7504 15 2 0 0 7504
7505 15 2 0 0 7505
7506 15 2 0 0 7506
7507 15 2 0 0 7507
7508 15 2 0 0 7508
7509 15 2 0 0 7509
7510 15 2 0 0 7510
7511 15 2 0 0 7511
7512 15 2 1 1 7512
7513 15 2 0 0 7513
7514 15 2 0 0 7514
7515 15 2 0 0 7515
7516 15 2 0 0 7516
7517 15 2 0 0 7517
7518 15 2 0 0 7518
7519 15 2 0 0 7519
7520 15 2 0 0 7520
7521 15 2 0 0 7521
7522 15 2 0 0 7522
7523 15 2 0 0 7523
7524 15 2 0 0 7524
7525 15 2 0 0 7525
7526 15 2 0 0 7526
7527 15 2 0 0 7527
7528 15 2 0 0 7528
7529 15 2 0 0 7529
7530 15 2 0 0 7530
7531 15 2 0 0 7531
7532 15 2 0 0 7532
7533 15 2 0 0 7533
7534 15 2 0 0 7534
7535 15 2 0 0 7535
7536 15 2 0 0 7536
7537 15 2 0 0 7537
7538 15 2 0 0 7538
7539 15 2 0 0 7539
7540 15 2 1 1 7540
7541 15 2 0 0 7541
7542 15 2 0 0 7542
7543 15 2 0 0 7543
7544 15 2 0 0 7544
7545 15 2 0 0 7545
7546 15 2 0 0 7546
7547 15 2 0 0 7547
7548 15 2 0 0 7548
7549 15 2 0 0 7549
7550 15 2 0 0 7550
7551 15 2 0 0 7551
7552 15 2 0 0 7552
7553 15 2 0 0 7553
7554 15 2 0 0 7554
7555 15 2 0 0 7555
7556 15 2 0 0 7556
7557 15 2 0 0 7557
7558 15 2 0 0 7558
7559 15 2 0 0 7559
7560 15 2 0 0 7560
7561 15 2 0 0 7561
7562 15 2 0 0 7562
7563 15 2 0 0 7563
7564 15 2 0 0 7564
7565 15 2 0 0 7565
7566 15 2 0 0 7566
7567 15 2 0 0 7567
7568 15 2 0 0 7568
7569 15 2 0 0 7569
7570 15 2 0 0 7570
7571 15 2 0 0 7571
7572 15 2 0 0 7572
7573 15 2 0 0 7573
7574 15 2 0 0 7574
7575 15 2 0 0 7575
7576 15 2 0 0 7576
7577 15 2 0 0 7577
7578 15 2 0 0 7578
7579 15 2 0 0 7579
7580 15 2 0 0 7580
7581 15 2 0 0 7581
7582 15 2 0 0 7582
7583 15 2 0 0 7583
7584 15 2 0 0 7584
7585 15 2 0 0 7585
7586 15 2 0 0 7586
7587 15 2 0 0 7587
7588 15 2 0 0 7588
7589 15 2 0 0 7589
7590 15 2 0 0 7590
7591 15 2 0 0 7591
7592 15 2 0 0 7592
7593 15 2 0 0 7593
7594 15 2 0 0 7594
7595 15 2 0 0 7595
7596 15 2 0 0 7596
7597 15 2 0 0 7597
7598 15 2 0 0 7598
7599 15 2 0 0 7599
7600 15 2 0 0 7600
7601 15 2 0 0 7601
7602 15 2 0 0 7602
7603 15 2 0 0 7603
7604 15 2 0 0 7604
7605 15 2 0 0 7605
7606 15 2 0 0 7606
7607 15 2 0 0 7607
7608 15 2 0 0 7608
7609 15 2 0 0 7609
7610 15 2 0 0 7610
7611 15 2 0 0 7611
7612 15 2 0 0 7612
7613 15 2 0 0 7613
7614 15 2 0 0 7614
7615 15 2 0 0 7615
7616 15 2 0 0 7616
7617 15 2 0 0 7617
7618 15 2 0 0 7618
7619 15 2 0 0 7619
7620 15 2 0 0 7620
7621 15 2 0 0 7621
7622 15 2 0 0 7622
7623 15 2 0 0 7623
7624 15 2 0 0 7624
7625 15 2 0 0 7625
7626 15 2 0 0 7626
7627 15 2 0 0 7627
7628 15 2 0 0 7628
7629 15 2 0 0 7629
7630 15 2 0 0 7630
7631 15 2 0 0 7631
7632 15 2 0 0 7632
7633 15 2 0 0 7633
7634 15 2 0 0 7634
7635 15 2 0 0 7635
7636 15 2 0 0 7636
7637 15 2 0 0 7637
7638 15 2 0 0 7638
7639 15 2 0 0 7639
7640 15 2 0 0 7640
7641 15 2 0 0 7641
7642 15 2 0 0 7642
7643 15 2 0 0 7643
7644 15 2 0 0 7644
7645 15 2 0 0 7645
7646 15 2 0 0 7646
7647 15 2 0 0 7647
7648 15 2 0 0 7648
7649 15 2 0 0 7649
7650 15 2 0 0 7650
7651 15 2 0 0 7651
7652 15 2 0 0 7652
7653 15 2 0 0 7653
7654 15 2 0 0 7654
7655 15 2 0 0 7655
7656 15 2 0 0 7656
7657 15 2 0 0 7657
7658 15 2 0 0 7658
7659 15 2 0 0 7659
7660 15 2 0 0 7660
7661 15 2 0 0 7661
7662 15 2 0 0 7662
7663 15 2 0 0 7663
7664 15 2 0 0 7664
7665 15 2 0 0 7665
7666 15 2 0 0 7666
7667 15 2 0 0 7667
7668 15 2 0 0 7668
7669 15 2 0 0 7669
7670 15 2 0 0 7670
7671 15 2 0 0 7671
7672 15 2 0 0 7672
7673 15 2 0 0 7673
7674 15 2 0 0 7674
7675 15 2 0 0 7675
7676 15 2 0 0 7676
7677 15 2 0 0 7677
7678 15 2 0 0 7678
7679 15 2 0 0 7679
7680 15 2 0 0 7680
7681 15 2 0 0 7681
7682 15 2 0 0 7682
7683 15 2 0 0 7683
7684 15 2 0 0 7684
7685 15 2 0 0 7685
7686 15 2 0 0 7686
7687 15 2 0 0 7687
7688 15 2 0 0 7688
7689 15 2 0 0 7689
7690 15 2 0 0 7690
7691 15 2 0 0 7691
7692 15 2 0 0 7692
7693 15 2 0 0 7693
7694 15 2 0 0 7694
7695 15 2 0 0 7695
7696 15 2 0 0 7696
7697 15 2 0 0 7697
7698 15 2 0 0 7698
7699 15 2 0 0 7699
7700 15 2 0 0 7700
7701 15 2 0 0 7701
7702 15 2 0 0 7702
7703 15 2 0 0 7703
7704 15 2 0 0 7704
7705 15 2 0 0 7705
7706 15 2 0 0 7706
7707 15 2 0 0 7707
7708 15 2 0 0 7708
7709 15 2 0 0 7709
7710 15 2 0 0 7710
7711 15 2 0 0 7711
7712 15 2 0 0 7712
7713 15 2 0 0 7713
7714 15 2 0 0 7714
7715 15 2 0 0 7715
7716 15 2 0 0 7716
7717 15 2 0 0 7717
7718 15 2 0 0 7718
7719 15 2 0 0 7719
7720 15 2 0 0 7720
7721 15 2 0 0 7721
7722 15 2 0 0 7722
7723 15 2 0 0 7723
7724 15 2 0 0 7724
7725 15 2 0 0 7725
7726 15 2 0 0 7726
7727 15 2 0 0 7727
7728 15 2 0 0 7728
7729 15 2 0 0 7729
7730 15 2 0 0 7730
7731 15 2 0 0 7731
7732 15 2 0 0 7732
7733 15 2 0 0 7733
7734 15 2 0 0 7734
7735 15 2 0 0 7735
7736 15 2 0 0 7736
7737 15 2 0 0 7737
7738 15 2 0 0 7738
7739 15 2 0 0 7739
7740 15 2 0 0 7740
7741 15 2 0 0 7741
7742 15 2 0 0 7742
7743 15 2 0 0 7743
7744 15 2 0 0 7744
7745 15 2 0 0 7745
7746 15 2 0 0 7746
7747 15 2 0 0 7747
7748 15 2 0 0 7748
7749 15 2 0 0 7749
7750 15 2 0 0 7750
7751 15 2 0 0 7751
7752 15 2 0 0 7752
7753 15 2 0 0 7753
7754 15 2 0 0 7754
7755 15 2 0 0 7755
7756 15 2 0 0 7756
7757 15 2 0 0 7757
7758 15 2 0 0 7758
7759 15 2 0 0 7759
7760 15 2 0 0 7760
7761 15 2 0 0 7761
7762 15 2 0 0 7762
7763 15 2 0 0 7763
7764 15 2 0 0 7764
7765 15 2 0 0 7765
7766 15 2 0 0 7766
7767 15 2 0 0 7767
7768 15 2 0 0 7768
7769 15 2 0 0 7769
7770 15 2 0 0 7770
7771 15 2 0 0 7771
7772 15 2 0 0 7772
7773 15 2 0 0 7773
7774 15 2 0 0 7774
7775 15 2 0 0 7775
7776 15 2 0 0 7776
7777 15 2 0 0 7777
7778 15 2 0 0 7778
7779 15 2 0 0 7779
7780 15 2 0 0 7780
7781 15 2 0 0 7781
7782 15 2 0 0 7782
7783 15 2 0 0 7783
7784 15 2 0 0 7784
7785 15 2 0 0 7785
7786 15 2 0 0 7786
7787 15 2 0 0 7787
7788 15 2 0 0 7788
7789 15 2 0 0 7789
7790 15 2 0 0 7790
7791 15 2 0 0 7791
7792 15 2 0 0 7792
7793 15 2 0 0 7793
7794 15 2 0 0 7794
7795 15 2 0 0 7795
7796 15 2 0 0 7796
7797 15 2 0 0 7797
7798 15 2 0 0 7798
7799 15 2 0 0 7799
7800 15 2 0 0 7800
7801 15 2 0 0 7801
7802 15 2 0 0 7802
7803 15 2 0 0 7803
7804 15 2 0 0 7804
7805 15 2 0 0 7805
7806 15 2 0 0 7806
7807 15 2 0 0 7807
7808 15 2 0 0 7808
7809 15 2 0 0 7809
7810 15 2 0 0 7810
7811 15 2 1 1 7811
7812 15 2 0 0 7812
7813 15 2 0 0 7813
7814 15 2 0 0 7814
7815 15 2 0 0 7815
7816 15 2 0 0 7816
7817 15 2 0 0 7817
7818 15 2 0 0 7818
7819 15 2 0 0 7819
7820 15 2 0 0 7820
7821 15 2 0 0 7821
7822 15 2 1 1 7822
7823 15 2 0 0 7823
7824 15 2 0 0 7824
7825 15 2 0 0 7825
7826 15 2 0 0 7826
7827 15 2 0 0 7827
7828 15 2 0 0 7828
7829 15 2 0 0 7829
7830 15 2 0 0 7830
7831 15 2 0 0 7831
7832 15 2 0 0 7832
7833 15 2 0 0 7833
7834 15 2 0 0 7834
7835 15 2 0 0 7835
7836 15 2 0 0 7836
7837 15 2 0 0 7837
7838 15 2 0 0 7838
7839 15 2 0 0 7839
7840 15 2 0 0 7840
7841 15 2 0 0 7841
7842 15 2 0 0 7842
7843 15 2 0 0 7843
7844 15 2 0 0 7844
7845 15 2 0 0 7845
7846 15 2 0 0 7846
7847 15 2 0 0 7847
7848 15 2 0 0 7848
7849 15 2 0 0 7849
7850 15 2 0 0 7850
7851 15 2 0 0 7851
7852 15 2 0 0 7852
7853 15 2 0 0 7853
7854 15 2 0 0 7854
7855 15 2 1 1 7855
7856 15 2 0 0 7856
7857 15 2 0 0 7857
7858 15 2 0 0 7858
7859 15 2 0 0 7859
7860 15 2 0 0 7860
7861 15 2 0 0 7861
7862 1 2 0 0 308 4786
7863 1 2 0 0 341 4790
7864 1 2 0 0 280 252
7865 1 2 0 0 304 280
7866 1 2 0 0 118 135
7867 1 2 0 0 103 118
7868 1 2 0 0 100 92
7869 1 2 0 0 286 4804
7870 1 2 0 0 95 103
7871 1 2 0 0 135 158
7872 1 2 0 0 227 176
7873 1 2 0 0 89 95
7874 1 2 0 0 208 4807
7875 1 2 0 0 252 227
7876 1 2 0 0 92 89
7877 1 2 0 0 151 130
7878 1 2 0 0 158 406
7879 1 2 0 0 7853 1637
7880 1 2 0 0 176 151
7881 1 2 0 0 324 304
7882 1 2 0 0 130 100
7883 1 2 0 0 905 934
7884 1 2 0 0 1711 1688
7885 1 2 0 0 1702 1711
7886 1 2 0 0 901 905
7887 1 2 0 0 934 952
7888 1 2 0 0 1399 1378
7889 1 2 0 0 915 908
7890 1 2 0 0 1186 1200
7891 1 2 0 0 1686 1702
7892 1 2 0 0 1005 1017
7893 1 2 0 0 1500 1514
7894 1 2 0 0 1324 4812
7895 1 2 0 0 1616 1599
7896 1 2 0 0 1061 1047
7897 1 2 0 0 1121 1137
7898 1 2 0 0 1620 1635
7899 1 2 0 0 1473 1451
7900 1 2 0 0 971 986
7901 1 2 0 0 1471 1487
7902 1 2 0 0 1663 1640
7903 1 2 0 0 1092 1075
7904 1 2 0 0 1225 4817
7905 1 2 0 0 1577 1560
7906 1 2 0 0 1033 1018
7907 1 2 0 0 1151 1170
7908 1 2 0 0 1658 1675
7909 1 2 0 0 1435 1414
7910 1 2 0 0 933 925
7911 1 2 0 0 952 971
7912 1 2 0 0 1452 1471
7913 1 2 0 0 1378 1363
7914 1 2 0 0 908 901
7915 1 2 0 0 1200 1219
7916 1 2 0 0 1688 1663
7917 1 2 0 0 1104 1092
7918 1 2 0 0 1079 1106
7919 1 2 0 0 1571 4630
7920 1 2 0 0 1326 4623
7921 1 2 0 0 993 966
7922 1 2 0 0 1017 1049
7923 1 2 0 0 1514 7738
7924 1 2 0 0 1047 1033
7925 1 2 0 0 1137 1151
7926 1 2 0 0 1635 1658
7927 1 2 0 0 1390 1408
7928 1 2 0 0 1451 1435
7929 1 2 0 0 945 933
7930 1 2 0 0 986 1005
7931 1 2 0 0 1487 1500
7932 1 2 0 0 1640 1616
7933 1 2 0 0 1075 1061
7934 1 2 0 0 1106 1121
7935 1 2 0 0 1049 1079
7936 1 2 0 0 1560 4625
7937 1 2 0 0 1018 993
7938 1 2 0 0 1170 1186
7939 1 2 0 0 1675 1686
7940 1 2 0 0 7506 1117
7941 1 2 0 0 1421 1439
7942 1 2 0 0 1414 1399
7943 1 2 0 0 925 915
7944 1 2 0 0 1343 4825
7945 1 2 0 0 4800 5843
7946 1 2 0 0 1 2
7947 1 2 1 1 1854 2188
7948 1 2 1 1 1838 2193
7949 1 2 0 0 1766 7593
7950 1 2 1 1 1795 1780
7951 1 2 1 1 1780 1767
7952 1 2 1 1 1767 1753
7953 1 2 1 1 1753 1744
7954 1 2 1 1 1728 1716
7955 1 2 1 1 1716 7540
7956 1 2 0 0 1727 4925
7957 1 2 0 0 2045 3323
7958 1 2 0 0 2056 2059
7959 1 2 0 0 2052 2056
7960 1 2 1 1 2033 2028
7961 1 2 0 0 935 7398
7962 1 2 0 0 614 666
7963 1 2 0 0 666 727
7964 1 2 0 0 2743 467
7965 1 2 0 0 2757 3878
7966 1 2 0 0 2849 3885
7967 1 2 0 0 3924 307
7968 1 2 0 0 3323 7409
7969 1 2 0 0 727 779
7970 1 2 0 0 779 839
7971 1 2 0 0 839 896
7972 1 2 0 0 1155 7189
7973 1 2 0 0 1441 1274
7974 1 2 0 0 1274 7439
7975 1 2 0 0 667 5031
7976 1 2 0 0 1541 1441
7977 1 2 0 0 1645 4937
7978 1 2 0 0 1639 1645
7979 1 2 0 0 67 7166
7980 1 2 0 0 41 4905
7981 1 2 0 0 17 4881
7982 1 2 0 0 387 6011
7983 1 2 1 1 2036 2033
7984 1 2 1 1 1744 1728
7985 1 2 1 1 1974 3545
7986 1 2 0 0 4 4800
7987 1 2 0 0 2 4
7988 1 2 1 1 2059 2058
7989 1 2 0 0 3551 188
7990 1 2 0 0 145 166
7991 1 2 1 1 2015 2005
7992 1 2 0 0 32 40
7993 1 2 1 1 2049 4785
7994 1 2 1 1 1917 4084
7995 1 2 1 1 1649 1646
7996 1 2 0 0 1637 1639
7997 1 2 0 0 21 27
7998 1 2 0 0 1824 935
7999 1 2 0 0 968 1036
8000 1 2 0 0 1638 1541
8001 1 2 0 0 53 66
8002 1 2 0 0 40 53
8003 1 2 1 1 1884 4105
8004 1 2 1 1 4111 1884
8005 1 2 1 1 2053 2049
8006 1 2 0 0 896 968
8007 1 2 1 1 2058 2057
8008 1 2 1 1 1646 1638
8009 1 2 1 1 2021 2015
8010 1 2 0 0 27 32
8011 1 2 0 0 1273 7849
8012 1 2 0 0 468 7848
8013 1 2 0 0 1036 1154
8014 1 2 1 1 2057 2053
8015 1 2 0 0 66 85
8016 1 2 1 1 1669 1649
8017 1 2 1 1 2039 2036
8018 1 2 0 0 7848 387
8019 1 2 0 0 1257 5788
8020 1 2 0 0 1313 5789
8021 1 2 0 0 1247 5790
8022 1 2 0 0 1373 5792
8023 1 2 0 0 1341 5793
8024 1 2 0 0 1291 5794
8025 1 2 0 0 1283 5795
8026 1 2 0 0 1408 4820
8027 1 2 0 0 1239 5796
8028 1 2 0 0 1308 5797
8029 1 2 0 0 1265 5798
8030 1 2 0 0 1172 5799
8031 1 2 0 0 1233 5800
8032 1 2 0 0 1205 5801
8033 1 2 0 0 1270 5803
8034 1 2 0 0 1302 5804
8035 1 2 1 1 7855 3609
8036 1 2 1 1 2188 1838
8037 1 2 0 0 5988 667
8038 1 2 1 1 4427 2629
8039 1 2 0 0 343 4470
8040 1 2 0 0 307 4481
8041 1 2 0 0 4529 3162
8042 1 2 1 1 3545 1960
8043 1 2 0 0 166 3551
8044 1 2 0 0 188 3554
8045 1 2 0 0 3554 214
8046 1 2 1 1 3595 4714
8047 1 2 0 0 121 7128
8048 1 2 0 0 3610 7136
8049 1 2 1 1 1997 7143
8050 1 2 1 1 6047 3620
8051 1 2 1 1 4747 3622
8052 1 2 1 1 3627 1948
8053 1 2 0 0 3635 4768
8054 1 2 1 1 2629 3845
8055 1 2 0 0 3878 386
8056 1 2 0 0 3885 343
8057 1 2 0 0 3162 3924
8058 1 2 1 1 4084 3595
8059 1 2 1 1 4105 3618
8060 1 2 1 1 3622 4111
8061 1 2 0 0 7419 428
8062 1 2 0 0 7398 7345
8063 1 2 1 1 7489 1854
8064 1 2 1 1 1930 4427
8065 1 2 1 1 7512 1669
8066 1 2 0 0 4470 2757
8067 1 2 0 0 7857 6854
8068 1 2 0 0 4481 2849
8069 1 2 0 0 7171 5988
8070 1 2 0 0 275 4529
8071 1 2 0 0 6590 208
8072 1 2 0 0 4625 1473
8073 1 2 0 0 4630 1620
8074 1 2 1 1 4714 1899
8075 1 2 1 1 3609 7811
8076 1 2 1 1 3618 7822
8077 1 2 1 1 1899 4747
8078 1 2 0 0 4768 275
8079 1 2 0 0 428 2743
8080 1 2 0 0 4786 327
8081 1 2 0 0 4789 341
8082 1 2 0 0 4790 352
8083 1 2 0 0 327 4789
8084 1 2 0 0 7849 7853
8085 1 2 0 0 338 324
8086 1 2 0 0 7167 259
8087 1 2 1 1 1682 7512
8088 1 2 0 0 7169 356
8089 1 2 0 0 4807 235
8090 1 2 1 1 2005 1997
8091 1 2 0 0 1439 1452
8092 1 2 0 0 4812 1308
8093 1 2 0 0 4814 1172
8094 1 2 0 0 7854 3610
8095 1 2 0 0 1219 1233
8096 1 2 0 0 4817 1205
8097 1 2 0 0 1150 5975
8098 1 2 0 0 4820 1421
8099 1 2 0 0 4826 1373
8100 1 2 0 0 1133 7506
8101 1 2 0 0 5786 1
8102 1 2 0 0 4825 1324
8103 1 2 0 0 5843 21
8104 1 2 0 0 4881 5786
8105 1 2 0 0 4905 17
8106 1 2 0 0 4925 1766
8107 1 2 1 1 2193 1825
8108 1 2 1 1 1825 7483
8109 1 2 1 1 1809 1795
8110 1 2 0 0 1154 1273
8111 1 2 0 0 5031 468
8112 1 2 0 0 7166 41
8113 1 2 1 1 2028 2021
8114 1 2 0 0 7439 1155
8115 1 2 1 1 3845 1917
8116 1 2 0 0 563 7422
8117 1 2 0 0 2722 515
8118 1 2 0 0 467 2722
8119 1 2 0 0 2759 7419
8120 1 2 0 0 101 121
8121 1 2 0 0 515 563
8122 1 2 0 0 85 101
8123 1 2 1 1 1948 7855
8124 1 2 0 0 214 7854
8125 1 2 1 1 1960 3627
8126 1 2 1 1 5770 1974
8127 1 2 0 0 5787 286
8128 1 2 0 0 5788 1239
8129 1 2 0 0 5789 1326
8130 1 2 0 0 5790 1265
8131 1 2 0 0 1188 4814
8132 1 2 0 0 5792 1390
8133 1 2 0 0 5793 1360
8134 1 2 0 0 5794 1270
8135 1 2 0 0 5795 1302
8136 1 2 0 0 5796 1225
8137 1 2 0 0 5797 1291
8138 1 2 0 0 5798 1283
8139 1 2 0 0 5799 1150
8140 1 2 0 0 5800 1247
8141 1 2 0 0 5801 1188
8142 1 2 0 0 1360 4826
8143 1 2 0 0 5803 1257
8144 1 2 0 0 5804 1313
8145 1 2 1 1 4785 2039
8146 1 2 0 0 386 2759
8147 1 2 0 0 6255 67
8148 1 2 1 1 7540 1682
8149 1 2 0 0 7738 1571
8150 1 2 0 0 6159 2045
8151 1 2 0 0 350 338
8152 1 2 0 0 259 5787
8153 1 2 0 0 356 350
8154 1 2 0 0 6005 1727
8155 1 2 0 0 7593 1824
8156 1 2 0 0 1363 1343
8157 1 2 0 0 406 6590
8158 1 2 0 0 7128 145
8159 1 2 0 0 7136 245
8160 1 2 1 1 7143 5770
8161 1 2 1 1 1869 6047
8162 1 2 1 1 3620 7489
8163 1 2 0 0 235 7167
8164 1 2 0 0 352 7169
8165 1 2 0 0 7345 7857
8166 1 2 0 0 7355 3635
8167 1 2 0 0 7409 2052
8168 1 2 0 0 5778 6159
8169 1 2 0 0 7422 614
8170 1 2 0 0 245 7355
8171 1 2 0 0 5975 1133
8172 1 2 0 0 309 6255
8173 1 2 0 0 6011 309
8174 1 2 1 1 7483 1809
8175 1 2 0 0 4937 6005
8176 1 2 0 0 7189 7171
8177 1 2 0 0 6854 5778
8178 1 2 0 0 966 945
8179 1 2 0 0 1599 1577
8180 1 2 0 0 4623 1341
8181 1 2 0 0 1117 1104
8182 1 2 1 1 7811 1930
8183 1 2 1 1 7822 1869
8184 1 2 0 0 4804 308
8185 2 2 2 2 308 4786 4788
8186 2 2 2 2 295 4787 4791
8187 2 2 2 2 7860 4788 4792
8188 2 2 2 2 2060 341 4790
8189 2 2 1 1 1688 7817 1667
8190 2 2 2 2 279 4793 300
8191 2 2 2 2 2061 2060 352
8192 2 2 2 2 279 300 266
8193 2 2 2 2 266 300 285
8194 2 2 2 2 279 266 248
8195 2 2 2 2 285 300 319
8196 2 2 2 2 266 285 253
8197 2 2 2 2 4794 248 260
8198 2 2 2 2 260 248 234
8199 2 2 2 2 234 248 219
8200 2 2 2 2 4795 234 246
8201 2 2 2 2 219 248 238
8202 2 2 2 2 234 219 203
8203 2 2 2 2 246 234 216
8204 2 2 2 2 4795 246 4797
8205 2 2 2 2 285 319 306
8206 2 2 2 2 238 248 266
8207 2 2 2 2 238 266 253
8208 2 2 2 2 238 253 226
8209 2 2 2 2 226 253 244
8210 2 2 2 2 238 226 209
8211 2 2 2 2 234 203 216
8212 2 2 2 2 226 244 215
8213 2 2 2 2 238 209 219
8214 2 2 2 2 219 209 191
8215 2 2 2 2 191 209 183
8216 2 2 2 2 219 191 203
8217 2 2 2 2 215 244 236
8218 2 2 2 2 226 215 195
8219 2 2 2 2 183 209 195
8220 2 2 2 2 183 195 175
8221 2 2 2 2 236 244 265
8222 2 2 2 2 195 215 190
8223 2 2 2 2 226 195 209
8224 2 2 2 2 175 195 190
8225 2 2 2 2 265 244 273
8226 2 2 2 2 190 215 210
8227 2 2 2 2 175 190 168
8228 2 2 2 2 273 244 253
8229 2 2 2 2 210 215 236
8230 2 2 2 2 190 210 184
8231 2 2 2 2 168 190 184
8232 2 2 2 2 273 253 285
8233 2 2 2 2 184 210 200
8234 2 2 2 2 168 184 162
8235 2 2 2 2 200 210 230
8236 2 2 2 2 162 200 156
8237 2 2 2 2 162 184 200
8238 2 2 2 2 168 162 146
8239 2 2 2 2 230 210 236
8240 2 2 2 2 156 200 194
8241 2 2 2 2 146 162 141
8242 2 2 2 2 194 200 224
8243 2 2 2 2 162 156 141
8244 2 2 2 2 224 200 230
8245 2 2 2 2 141 156 151
8246 2 2 2 2 224 230 250
8247 2 2 2 2 250 230 262
8248 2 2 2 2 224 250 252
8249 2 2 2 2 252 250 280
8250 2 2 2 2 262 230 236
8251 2 2 2 2 250 262 280
8252 2 2 2 2 262 236 265
8253 2 2 2 2 262 265 291
8254 2 2 2 2 291 265 299
8255 2 2 2 2 262 304 280
8256 2 2 2 2 299 265 273
8257 2 2 2 2 299 273 306
8258 2 2 2 2 291 299 4798
8259 2 2 2 2 2062 233 4799
8260 2 2 2 2 202 216 189
8261 2 2 2 2 233 202 2064
8262 2 2 2 2 189 216 203
8263 2 2 2 2 202 189 180
8264 2 2 2 2 180 189 167
8265 2 2 2 2 4801 180 4802
8266 2 2 2 2 167 189 181
8267 2 2 2 2 180 167 154
8268 2 2 2 2 181 189 203
8269 2 2 2 2 167 181 155
8270 2 2 2 2 154 167 142
8271 2 2 2 2 155 181 171
8272 2 2 2 2 167 155 142
8273 2 2 2 2 154 142 135
8274 2 2 2 2 171 181 191
8275 2 2 2 2 142 155 132
8276 2 2 2 2 132 155 147
8277 2 2 2 2 142 132 122
8278 2 2 2 2 147 155 171
8279 2 2 2 2 132 147 124
8280 2 2 2 2 122 132 111
8281 2 2 2 2 142 118 135
8282 2 2 2 2 124 147 137
8283 2 2 2 2 122 111 103
8284 2 2 2 2 122 103 118
8285 2 2 2 2 122 118 142
8286 2 2 2 2 137 147 160
8287 2 2 2 2 124 137 129
8288 2 2 2 2 160 147 171
8289 2 2 2 2 137 160 150
8290 2 2 2 2 104 124 129
8291 2 2 2 2 150 160 175
8292 2 2 2 2 137 150 129
8293 2 2 2 2 129 150 146
8294 2 2 2 2 111 132 124
8295 2 2 2 2 111 124 104
8296 2 2 2 2 111 104 95
8297 2 2 2 2 160 171 183
8298 2 2 2 2 194 224 227
8299 2 2 2 2 4802 154 158
8300 2 2 2 2 100 92 129
8301 2 2 2 2 123 129 146
8302 2 2 2 2 100 129 123
8303 2 2 2 2 191 183 171
8304 2 2 2 2 203 191 181
8305 2 2 2 2 146 141 123
8306 2 2 2 2 183 175 160
8307 2 2 2 2 156 194 176
8308 2 2 2 2 319 300 2061
8309 2 2 2 2 285 306 273
8310 2 2 2 2 175 168 150
8311 2 2 2 2 168 146 150
8312 2 2 2 2 299 306 4808
8313 2 2 2 2 4804 4805 286
8314 2 2 2 2 286 4805 2063
8315 2 2 2 2 111 95 103
8316 2 2 2 2 158 154 135
8317 2 2 2 2 304 262 291
8318 2 2 1 1 5912 113 5919
8319 2 2 2 2 4808 306 319
8320 2 2 2 2 7169 7804 4806
8321 2 2 2 2 176 194 227
8322 2 2 2 2 95 104 89
8323 2 2 2 2 4807 2064 208
8324 2 2 2 2 252 227 224
8325 2 2 2 2 129 89 104
8326 2 2 2 2 92 89 129
8327 2 2 1 1 4830 905 897
8328 2 2 2 2 6569 4798 299
8329 2 2 2 2 151 130 141
8330 2 2 2 2 158 406 4802
8331 2 2 1 1 7853 1637 1595
8332 2 2 2 2 176 151 156
8333 2 2 2 2 324 304 291
8334 2 2 2 2 130 100 123
8335 2 2 2 2 123 141 130
8336 2 2 1 1 905 934 4696
8337 2 2 1 1 1711 1688 1701
8338 2 2 1 1 1702 1711 1731
8339 2 2 1 1 901 905 877
8340 2 2 1 1 934 952 972
8341 2 2 1 1 4809 1452 1468
8342 2 2 1 1 1399 1378 1368
8343 2 2 1 1 915 908 880
8344 2 2 1 1 1186 1200 1221
8345 2 2 1 1 1686 1702 1718
8346 2 2 1 1 4810 7793 1089
8347 2 2 1 1 2066 2065 1228
8348 2 2 1 1 2067 5789 4811
8349 2 2 1 1 1005 1017 1044
8350 2 2 1 1 1500 1514 4581
8351 2 2 1 1 1324 4812 4837
8352 2 2 1 1 2069 5790 4813
8353 2 2 1 1 1616 1599 1594
8354 2 2 1 1 1061 1047 1027
8355 2 2 1 1 1121 1137 1159
8356 2 2 1 1 1620 1635 1652
8357 2 2 1 1 5791 4814 2070
8358 2 2 1 1 2072 2071 1405
8359 2 2 1 1 1473 1451 1465
8360 2 2 1 1 971 986 1010
8361 2 2 1 1 1471 1487 1497
8362 2 2 1 1 7761 1343 4815
8363 2 2 1 1 4816 4838 1248
8364 2 2 1 1 1663 1640 1633
8365 2 2 1 1 1092 1075 1055
8366 2 2 1 1 1225 4817 4848
8367 2 2 1 1 2075 2074 1372
8368 2 2 1 1 2077 2076 1262
8369 2 2 1 1 2078 5795 4818
8370 2 2 1 1 1577 1560 1554
8371 2 2 1 1 1033 1018 998
8372 2 2 1 1 1151 1170 1185
8373 2 2 1 1 1658 1675 1685
8374 2 2 1 1 4819 7526 1120
8375 2 2 1 1 4877 4820 2079
8376 2 2 1 1 1435 1414 1409
8377 2 2 1 1 933 925 893
8378 2 2 1 1 952 971 983
8379 2 2 1 1 1452 1471 1483
8380 2 2 1 1 1378 1363 1350
8381 2 2 1 1 908 901 873
8382 2 2 1 1 1200 1219 4836
8383 2 2 1 1 1688 1663 7817
8384 2 2 1 1 1104 1092 1076
8385 2 2 1 1 1079 1106 1126
8386 2 2 1 1 1571 4630 1615
8387 2 2 1 1 2080 5796 4821
8388 2 2 1 1 1326 4623 4846
8389 2 2 1 1 993 966 960
8390 2 2 1 1 1017 1049 1069
8391 2 2 1 1 1514 7738 4581
8392 2 2 1 1 2081 5797 4823
8393 2 2 1 1 2083 2082 1304
8394 2 2 1 1 1047 1033 1013
8395 2 2 1 1 1137 1151 1169
8396 2 2 1 1 1635 1658 1665
8397 2 2 1 1 2085 2084 1131
8398 2 2 1 1 1390 1408 4824
8399 2 2 1 1 1451 1435 1427
8400 2 2 1 1 945 933 918
8401 2 2 1 1 986 1005 1024
8402 2 2 1 1 1487 1500 1515
8403 2 2 1 1 4815 4825 4592
8404 2 2 1 1 2087 2086 1268
8405 2 2 1 1 1640 1616 1611
8406 2 2 1 1 1075 1061 1045
8407 2 2 1 1 1106 1121 1138
8408 2 2 1 1 2089 2088 1171
8409 2 2 1 1 5802 4826 2090
8410 2 2 1 1 4595 945 918
8411 2 2 1 1 1049 1079 1099
8412 2 2 1 1 2091 5803 4827
8413 2 2 1 1 2093 2092 1327
8414 2 2 1 1 1560 4625 1518
8415 2 2 1 1 1018 993 4875
8416 2 2 1 1 1170 1186 1204
8417 2 2 1 1 1675 1686 1703
8418 2 2 1 1 4810 7506 1117
8419 2 2 1 1 1421 1439 5824
8420 2 2 1 1 1414 1399 1385
8421 2 2 1 1 925 915 892
8422 2 2 1 1 4696 934 972
8423 2 2 1 1 1701 1688 1667
8424 2 2 1 1 1711 1701 1732
8425 2 2 1 1 4829 1711 1732
8426 2 2 1 1 1702 1731 1718
8427 2 2 1 1 901 877 873
8428 2 2 1 1 972 952 983
8429 2 2 1 1 4831 983 4860
8430 2 2 1 1 4823 1291 2077
8431 2 2 1 1 1385 1399 1368
8432 2 2 1 1 1385 1368 1355
8433 2 2 1 1 4813 1265 2083
8434 2 2 1 1 2096 2095 4833
8435 2 2 1 1 893 925 892
8436 2 2 1 1 893 892 846
8437 2 2 1 1 1138 1121 1159
8438 2 2 1 1 1138 1159 1180
8439 2 2 1 1 1585 1571 1615
8440 2 2 1 1 1585 1615 1632
8441 2 2 1 1 4818 1302 2093
8442 2 2 1 1 2098 2097 4834
8443 2 2 1 1 1427 1435 1409
8444 2 2 1 1 4879 1409 1384
8445 2 2 1 1 4827 1257 2066
8446 2 2 1 1 2100 2099 4835
8447 2 2 1 1 1221 1200 4836
8448 2 2 1 1 4595 918 883
8449 2 2 1 1 1169 1151 1185
8450 2 2 1 1 1169 1185 1211
8451 2 2 1 1 1652 1635 1665
8452 2 2 1 1 1652 1665 1692
8453 2 2 1 1 1685 1675 1703
8454 2 2 1 1 1685 1703 1730
8455 2 2 1 1 1316 4592 4837
8456 2 2 1 1 5816 4838 2087
8457 2 2 1 1 7608 2103 1295
8458 2 2 1 1 1204 1186 1221
8459 2 2 1 1 2105 2101 1264
8460 2 2 1 1 1368 1378 1350
8461 2 2 1 1 1368 1350 4839
8462 2 2 1 1 4156 4840 1382
8463 2 2 1 1 4841 2107 5842
8464 2 2 1 1 1027 1047 1013
8465 2 2 1 1 4842 1013 998
8466 2 2 1 1 1483 1471 1497
8467 2 2 1 1 1483 1497 4843
8468 2 2 1 1 4844 5791 1157
8469 2 2 1 1 4845 2109 5835
8470 2 2 1 1 4811 1326 4846
8471 2 2 1 1 2112 2111 1376
8472 2 2 1 1 998 1018 4875
8473 2 2 1 1 998 4875 944
8474 2 2 1 1 1024 1005 1044
8475 2 2 1 1 1024 1044 1072
8476 2 2 1 1 1497 1487 1515
8477 2 2 1 1 4847 1515 4873
8478 2 2 1 1 4821 1225 4848
8479 2 2 1 1 1168 2113 5827
8480 2 2 1 1 1089 7793 1076
8481 2 2 1 1 4849 4819 1120
8482 2 2 1 1 4850 2116 4865
8483 2 2 1 1 4851 2071 5822
8484 2 2 1 1 4852 2118 4878
8485 2 2 1 1 7817 1663 1633
8486 2 2 1 1 4853 4783 1626
8487 2 2 1 1 4854 2079 5824
8488 2 2 1 1 2121 2120 1485
8489 2 2 1 1 1611 1616 1594
8490 2 2 1 1 1611 1594 7624
8491 2 2 1 1 1055 1075 1045
8492 2 2 1 1 5863 1055 4882
8493 2 2 1 1 4855 4810 1089
8494 2 2 1 1 2122 2115 1043
8495 2 2 1 1 1468 1452 1483
8496 2 2 1 1 1194 2073 2124
8497 2 2 1 1 4856 2124 5826
8498 2 2 1 1 1304 2082 2126
8499 2 2 1 1 4159 4857 2127
8500 2 2 1 1 892 915 880
8501 2 2 1 1 892 880 4858
8502 2 2 1 1 4859 1554 1544
8503 2 2 1 1 983 971 1010
8504 2 2 1 1 983 1010 4860
8505 2 2 1 1 1615 1620 1652
8506 2 2 1 1 1615 1652 1657
8507 2 2 1 1 1228 2065 2128
8508 2 2 1 1 4162 4861 2129
8509 2 2 1 1 1554 1560 1518
8510 2 2 1 1 1554 1518 1507
8511 2 2 1 1 918 933 893
8512 2 2 1 1 918 893 868
8513 2 2 1 1 1010 986 1024
8514 2 2 1 1 2166 4862 1072
8515 2 2 1 1 1327 2092 2130
8516 2 2 1 1 4157 4863 2131
8517 2 2 1 1 1069 1049 1099
8518 2 2 1 1 1069 1099 1118
8519 2 2 1 1 1665 1658 1685
8520 2 2 1 1 1665 1685 4906
8521 2 2 1 1 1157 2070 2132
8522 2 2 1 1 1157 2132 4864
8523 2 2 1 1 5853 4816 1248
8524 2 2 1 1 7608 2104 2103
8525 2 2 1 1 1044 1017 1069
8526 2 2 1 1 1044 1069 1097
8527 2 2 1 1 7501 4828 5837
8528 2 2 1 1 2116 2135 4865
8529 2 2 1 1 2086 1247 2069
8530 2 2 1 1 4866 2096 4833
8531 2 2 1 1 1633 1640 1611
8532 2 2 1 1 4783 1611 1581
8533 2 2 1 1 960 4595 883
8534 2 2 1 1 1703 1686 1718
8535 2 2 1 1 1703 1718 4867
8536 2 2 1 1 880 908 873
8537 2 2 1 1 880 873 832
8538 2 2 1 1 1479 1473 1465
8539 2 2 1 1 1479 1465 1440
8540 2 2 1 1 1013 1033 998
8541 2 2 1 1 1159 1137 1169
8542 2 2 1 1 4868 1169 1211
8543 2 2 1 1 1350 1331 4870
8544 2 2 1 1 1382 2090 2137
8545 2 2 1 1 4871 2137 5841
8546 2 2 1 1 1518 4625 1479
8547 2 2 1 1 1518 1479 1466
8548 2 2 1 1 1185 1170 1204
8549 2 2 1 1 4872 1204 2105
8550 2 2 1 1 1515 1500 4581
8551 2 2 1 1 4873 4581 1557
8552 2 2 1 1 4815 1343 4825
8553 2 2 1 1 2139 2102 1285
8554 2 2 1 1 2140 2075 1372
8555 2 2 1 1 4874 2140 5844
8556 2 2 1 1 4875 993 960
8557 2 2 1 1 5843 7005 4800
8558 2 2 1 1 1099 1079 1126
8559 2 2 1 1 1099 1126 1146
8560 2 2 1 1 1262 2076 2142
8561 2 2 1 1 4876 2142 5846
8562 2 2 1 1 4824 1408 4877
8563 2 2 1 1 2118 2144 4878
8564 2 2 1 1 1465 1451 1427
8565 2 2 1 1 4879 1427 1409
8566 2 2 1 1 1076 1092 1055
8567 2 2 1 1 2115 2145 4899
8568 2 2 1 1 6296 1571 1585
8569 2 2 1 1 6296 1585 1593
8570 2 2 1 1 2068 1308 2081
8571 2 2 1 1 5858 2094 1241
8572 2 2 1 1 1409 1414 1385
8573 2 2 1 1 4897 1385 1355
8574 2 2 1 1 1045 1061 1027
8575 2 2 1 1 1045 1027 4882
8576 2 2 1 1 1126 1106 1138
8577 2 2 1 1 1126 1138 1180
8578 2 2 1 1 1446 4809 1468
8579 2 2 1 1 2120 2147 1485
8580 2 2 1 1 897 936 942
8581 2 2 1 1 4884 1701 1714
8582 2 2 1 1 1718 1731 4567
8583 2 2 1 1 873 877 4885
8584 2 2 1 1 4696 972 982
8585 2 2 1 1 942 936 982
8586 2 2 1 1 4887 942 899
8587 2 2 1 1 4884 1714 4912
8588 2 2 1 1 4888 4853 1626
8589 2 2 1 1 4889 982 4917
8590 2 2 1 1 4890 1676 4918
8591 2 2 1 1 1264 2101 2149
8592 2 2 1 1 1405 2119 4892
8593 2 2 1 1 4893 2097 4157
8594 2 2 1 1 4894 2102 5857
8595 2 2 1 1 4895 2095 4159
8596 2 2 1 1 1434 2121 4896
8597 2 2 1 1 1146 1126 1180
8598 2 2 1 1 1466 1479 1440
8599 2 2 1 1 6296 1593 4883
8600 2 2 1 1 4869 25 14
8601 2 2 1 1 1295 2103 4898
8602 2 2 1 1 2145 2156 4899
8603 2 2 1 1 4900 2099 4162
8604 2 2 1 1 5834 4901 3646
8605 2 2 1 1 5844 4902 3647
8606 2 2 1 1 2160 2139 1285
8607 2 2 1 1 5826 4903 3648
8608 2 2 1 1 960 911 4875
8609 2 2 1 1 4842 975 4904
8610 2 2 1 1 1118 1099 1146
8611 2 2 1 1 1072 1044 1097
8612 2 2 1 1 1544 1554 1507
8613 2 2 1 1 1097 1069 1118
8614 2 2 1 1 1507 1518 1466
8615 2 2 1 1 1615 1657 1632
8616 2 2 1 1 1652 1692 1657
8617 2 2 1 1 918 868 883
8618 2 2 1 1 5533 5719 3228
8619 2 2 1 1 960 883 911
8620 2 2 1 1 893 846 868
8621 2 2 1 1 5780 4859 1544
8622 2 2 1 1 4906 1730 5781
8623 2 2 1 1 832 873 828
8624 2 2 1 1 832 828 4907
8625 2 2 1 1 880 832 4858
8626 2 2 1 1 3649 4783 1581
8627 2 2 1 1 4567 1731 4908
8628 2 2 1 1 1718 4567 4867
8629 2 2 1 1 4885 877 4909
8630 2 2 1 1 4831 1023 2162
8631 2 2 1 1 4888 1626 4910
8632 2 2 1 1 899 942 4911
8633 2 2 1 1 897 2164 2163
8634 2 2 1 1 1755 4884 4912
8635 2 2 1 1 4914 4913 2165
8636 2 2 1 1 4829 1732 4914
8637 2 2 1 1 4830 897 2163
8638 2 2 1 1 4907 828 4915
8639 2 2 1 1 4916 4928 791
8640 2 2 1 1 997 4889 4917
8641 2 2 1 1 4911 997 947
8642 2 2 1 1 947 997 1007
8643 2 2 1 1 1690 4890 4918
8644 2 2 1 1 7676 1690 1712
8645 2 2 1 1 828 4885 4915
8646 2 2 1 1 7630 831 4920
8647 2 2 1 1 4921 2162 5867
8648 2 2 1 1 4910 1626 3649
8649 2 2 1 1 4934 7720 4924
8650 2 2 1 1 4923 1734 7629
8651 2 2 1 1 4924 1007 948
8652 2 2 1 1 1007 1053 1063
8653 2 2 1 1 1712 1661 1681
8654 2 2 1 1 1053 1038 1098
8655 2 2 1 1 1661 1641 1608
8656 2 2 1 1 4920 831 4926
8657 2 2 1 1 783 7630 737
8658 2 2 1 1 781 4927 735
8659 2 2 1 1 791 4928 738
8660 2 2 1 1 4916 791 4929
8661 2 2 1 1 1797 4930 1815
8662 2 2 1 1 4931 6127 1779
8663 2 2 1 1 2167 2166 1072
8664 2 2 1 1 2429 3649 1581
8665 2 2 1 1 1681 1661 1623
8666 2 2 1 1 4921 1084 4932
8667 2 2 1 1 1641 4933 1608
8668 2 2 1 1 1712 1681 1733
8669 2 2 1 1 4934 4924 948
8670 2 2 1 1 948 1007 1011
8671 2 2 1 1 1760 1712 1733
8672 2 2 1 1 1063 1053 1107
8673 2 2 1 1 4922 4943 2169
8674 2 2 1 1 4887 4935 2164
8675 2 2 1 1 4923 1778 4936
8676 2 2 1 1 1007 1063 1011
8677 2 2 1 1 4944 791 801
8678 2 2 1 1 1053 1098 1107
8679 2 2 1 1 1661 1608 1623
8680 2 2 1 1 788 4920 4938
8681 2 2 1 1 690 737 694
8682 2 2 1 1 735 690 688
8683 2 2 1 1 781 735 4939
8684 2 2 1 1 791 738 747
8685 2 2 1 1 4934 948 4940
8686 2 2 1 1 4941 1815 4947
8687 2 2 1 1 4931 1779 4942
8688 2 2 1 1 2165 2168 1770
8689 2 2 1 1 801 791 747
8690 2 2 1 1 801 747 761
8691 2 2 1 1 761 747 706
8692 2 2 1 1 801 761 817
8693 2 2 1 1 706 747 687
8694 2 2 1 1 761 706 723
8695 2 2 1 1 817 761 778
8696 2 2 1 1 1733 1681 1707
8697 2 2 1 1 1063 1107 1116
8698 2 2 1 1 1681 1623 1653
8699 2 2 1 1 846 4944 868
8700 2 2 1 1 948 1011 953
8701 2 2 1 1 4936 1778 6836
8702 2 2 1 1 737 742 694
8703 2 2 1 1 694 742 698
8704 2 2 1 1 3651 3650 2171
8705 2 2 1 1 1802 7611 4945
8706 2 2 1 1 761 723 778
8707 2 2 1 1 698 742 760
8708 2 2 1 1 1209 3645 3653
8709 2 2 1 1 747 738 687
8710 2 2 1 1 687 738 4946
8711 2 2 1 1 1823 6127 1848
8712 2 2 1 1 1344 3643 3655
8713 2 2 1 1 688 690 641
8714 2 2 1 1 1848 4941 4947
8715 2 2 1 1 817 778 836
8716 2 2 1 1 1376 3657 3656
8717 2 2 1 1 4940 948 953
8718 2 2 1 1 706 687 653
8719 2 2 1 1 3659 3658 2179
8720 2 2 1 1 690 694 645
8721 2 2 1 1 1778 1802 6836
8722 2 2 1 1 1123 3662 3661
8723 2 2 1 1 1317 3644 3664
8724 2 2 1 1 694 698 649
8725 2 2 1 1 1168 3667 3666
8726 2 2 1 1 723 706 671
8727 2 2 1 1 1 2 3
8728 2 2 1 1 1854 2188 2187
8729 2 2 1 1 1816 2186 2190
8730 2 2 1 1 4950 2187 2192
8731 2 2 1 1 2189 1838 2193
8732 2 2 1 1 1832 2191 2195
8733 2 2 1 1 1791 2194 2197
8734 2 2 1 1 1832 2195 4951
8735 2 2 1 1 1723 1766 7593
8736 2 2 1 1 1772 2196 2200
8737 2 2 1 1 4952 2199 2202
8738 2 2 1 1 1772 2200 2203
8739 2 2 1 1 1844 4953 7794
8740 2 2 1 1 1757 4954 4962
8741 2 2 1 1 1772 2203 2206
8742 2 2 1 1 1821 2204 4955
8743 2 2 1 1 1784 1800 4956
8744 2 2 1 1 1725 4957 1709
8745 2 2 1 1 1786 4958 7383
8746 2 2 1 1 1709 1757 4959
8747 2 2 1 1 4960 4963 1677
8748 2 2 1 1 4959 1757 4962
8749 2 2 1 1 1677 4963 1656
8750 2 2 1 1 1656 4964 7572
8751 2 2 1 1 4971 6366 4965
8752 2 2 1 1 4965 1784 4967
8753 2 2 1 1 1689 4966 4968
8754 2 2 1 1 1602 4969 1630
8755 2 2 1 1 4968 4966 4970
8756 2 2 1 1 1689 1722 1671
8757 2 2 1 1 1671 1722 1705
8758 2 2 1 1 7572 1671 1630
8759 2 2 1 1 1705 1722 1751
8760 2 2 1 1 1630 1671 1613
8761 2 2 1 1 1705 1751 1738
8762 2 2 1 1 1613 1671 1650
8763 2 2 1 1 1738 1751 1780
8764 2 2 1 1 1650 1671 1705
8765 2 2 1 1 1780 1751 1795
8766 2 2 1 1 1650 1705 1684
8767 2 2 1 1 1684 1705 1738
8768 2 2 1 1 1650 1684 1629
8769 2 2 1 1 1684 1738 1724
8770 2 2 1 1 1629 1684 1673
8771 2 2 1 1 1650 1629 1598
8772 2 2 1 1 1724 1738 1767
8773 2 2 1 1 1673 1684 1724
8774 2 2 1 1 1598 1629 1580
8775 2 2 1 1 1767 1738 1780
8776 2 2 1 1 1580 1629 1614
8777 2 2 1 1 1598 1580 1546
8778 2 2 1 1 1614 1629 1673
8779 2 2 1 1 1546 1580 1536
8780 2 2 1 1 1598 1546 1564
8781 2 2 1 1 1614 1673 1654
8782 2 2 1 1 1536 1580 1565
8783 2 2 1 1 1564 1546 1520
8784 2 2 1 1 1654 1673 1706
8785 2 2 1 1 1565 1580 1614
8786 2 2 1 1 1520 1546 1503
8787 2 2 1 1 1706 1673 1724
8788 2 2 1 1 1565 1614 1603
8789 2 2 1 1 1503 1546 1536
8790 2 2 1 1 1706 1724 1753
8791 2 2 1 1 1603 1614 1654
8792 2 2 1 1 1503 1536 1492
8793 2 2 1 1 1753 1724 1767
8794 2 2 1 1 1603 1654 1636
8795 2 2 1 1 1492 1536 1524
8796 2 2 1 1 1636 1654 1691
8797 2 2 1 1 1524 1536 1565
8798 2 2 1 1 1492 1524 1474
8799 2 2 1 1 1691 1654 1706
8800 2 2 1 1 1524 1565 1553
8801 2 2 1 1 1474 1524 1508
8802 2 2 1 1 1691 1706 1744
8803 2 2 1 1 1553 1565 1603
8804 2 2 1 1 1508 1524 1553
8805 2 2 1 1 1744 1706 1753
8806 2 2 1 1 1508 1553 1495
8807 2 2 1 1 1495 1553 1588
8808 2 2 1 1 1588 1553 1603
8809 2 2 1 1 1588 1603 1636
8810 2 2 1 1 1563 1495 1588
8811 2 2 1 1 1588 1636 1679
8812 2 2 1 1 1679 1636 1691
8813 2 2 1 1 1588 1679 1666
8814 2 2 1 1 1666 1679 1716
8815 2 2 1 1 1563 1588 1666
8816 2 2 1 1 1716 1679 1728
8817 2 2 1 1 1728 1679 1691
8818 2 2 1 1 1592 1563 1666
8819 2 2 1 1 1563 1512 1486
8820 2 2 1 1 1512 1563 1592
8821 2 2 1 1 1486 1512 1463
8822 2 2 1 1 1512 1592 1573
8823 2 2 1 1 7540 1592 1666
8824 2 2 1 1 7540 1666 1716
8825 2 2 1 1 1723 1672 1766
8826 2 2 1 1 1579 1672 1723
8827 2 2 1 1 7531 1579 1723
8828 2 2 1 1 7531 1723 7223
8829 2 2 1 1 1748 2212 2214
8830 2 2 1 1 4973 2213 2216
8831 2 2 1 1 1748 2214 2217
8832 2 2 1 1 1719 2215 2219
8833 2 2 1 1 1748 2217 2218
8834 2 2 1 1 1719 2219 2222
8835 2 2 1 1 1697 2220 2223
8836 2 2 1 1 1668 2221 2225
8837 2 2 1 1 4974 2222 2227
8838 2 2 1 1 1697 2223 2224
8839 2 2 1 1 4975 2226 2229
8840 2 2 1 1 1631 2228 2231
8841 2 2 1 1 4975 2229 4977
8842 2 2 1 1 1610 2230 2234
8843 2 2 1 1 1631 2231 2236
8844 2 2 1 1 1610 2234 2238
8845 2 2 1 1 1583 2235 2240
8846 2 2 1 1 4980 4976 1619
8847 2 2 1 1 2239 1610 2238
8848 2 2 1 1 4980 1619 4981
8849 2 2 1 1 4981 1619 4982
8850 2 2 1 1 1590 4983 1542
8851 2 2 1 1 1548 1602 1582
8852 2 2 1 1 1582 1602 1630
8853 2 2 1 1 1582 1630 1613
8854 2 2 1 1 1505 1548 1538
8855 2 2 1 1 1476 7477 1505
8856 2 2 1 1 1582 1613 1564
8857 2 2 1 1 1538 1548 1582
8858 2 2 1 1 1564 1613 1598
8859 2 2 1 1 1582 1564 1538
8860 2 2 1 1 1598 1613 1650
8861 2 2 1 1 1538 1564 1520
8862 2 2 1 1 1538 1520 1491
8863 2 2 1 1 1491 1520 1472
8864 2 2 1 1 1538 1491 1505
8865 2 2 1 1 1472 1520 1503
8866 2 2 1 1 1505 1491 1454
8867 2 2 1 1 1472 1503 1450
8868 2 2 1 1 1454 1491 1436
8869 2 2 1 1 1450 1503 1492
8870 2 2 1 1 1436 1491 1472
8871 2 2 1 1 1450 1492 1438
8872 2 2 1 1 1436 1472 1416
8873 2 2 1 1 1438 1492 1474
8874 2 2 1 1 1416 1472 1450
8875 2 2 1 1 1416 1450 1400
8876 2 2 1 1 1400 1450 1438
8877 2 2 1 1 1400 1438 1381
8878 2 2 1 1 1381 1438 1420
8879 2 2 1 1 1420 1438 1474
8880 2 2 1 1 1381 1420 1370
8881 2 2 1 1 1370 1420 1411
8882 2 2 1 1 1381 1370 1330
8883 2 2 1 1 1411 1420 1460
8884 2 2 1 1 1330 1370 1272
8885 2 2 1 1 1381 1330 1346
8886 2 2 1 1 1460 1420 1474
8887 2 2 1 1 1272 1370 1357
8888 2 2 1 1 1346 1330 1293
8889 2 2 1 1 1460 1474 1508
8890 2 2 1 1 1357 1370 1411
8891 2 2 1 1 1293 1330 1277
8892 2 2 1 1 1357 1411 1394
8893 2 2 1 1 1277 1330 1272
8894 2 2 1 1 1394 1411 1486
8895 2 2 1 1 1357 1394 1340
8896 2 2 1 1 1486 1411 1460
8897 2 2 1 1 1486 1460 1495
8898 2 2 1 1 1495 1460 1508
8899 2 2 1 1 1486 1495 1563
8900 2 2 1 1 1672 1579 1552
8901 2 2 1 1 1727 4925 1552
8902 2 2 1 1 1552 1579 1502
8903 2 2 1 1 1552 1502 1459
8904 2 2 1 1 1345 1459 1502
8905 2 2 1 1 1432 1459 1356
8906 2 2 1 1 7336 1459 1345
8907 2 2 1 1 1345 1502 1437
8908 2 2 1 1 1345 1348 1217
8909 2 2 1 1 1348 1345 1437
8910 2 2 1 1 1348 1437 1423
8911 2 2 1 1 1493 1643 1584
8912 2 2 1 1 1643 7531 7223
8913 2 2 1 1 1643 1792 1742
8914 2 2 1 1 1792 1824 1828
8915 2 2 1 1 1742 1792 1828
8916 2 2 1 1 1828 1824 6014
8917 2 2 1 1 2001 2018 1986
8918 2 2 1 1 1986 2018 1978
8919 2 2 1 1 1978 2018 1991
8920 2 2 1 1 1991 2018 2016
8921 2 2 1 1 2016 2018 2025
8922 2 2 1 1 1991 2016 2013
8923 2 2 1 1 1984 1991 1998
8924 2 2 1 1 2013 2016 2034
8925 2 2 1 1 1991 2013 1998
8926 2 2 1 1 1998 2013 2008
8927 2 2 1 1 2008 2013 2022
8928 2 2 1 1 2022 2013 2034
8929 2 2 1 1 2025 2034 2016
8930 2 2 1 1 2042 2034 2025
8931 2 2 1 1 2025 5983 2045
8932 2 2 1 1 2025 2045 3323
8933 2 2 1 1 2043 2042 7409
8934 2 2 1 1 2042 2025 3323
8935 2 2 1 1 2047 2051 2055
8936 2 2 1 1 2054 2047 2055
8937 2 2 1 1 2056 2051 7063
8938 2 2 1 1 2055 2051 2056
8939 2 2 1 1 2055 2056 2059
8940 2 2 1 1 2056 7063 2052
8941 2 2 1 1 4973 2216 4987
8942 2 2 1 1 4988 2242 2244
8943 2 2 1 1 1764 2243 4989
8944 2 2 1 1 4988 2244 4990
8945 2 2 1 1 1786 3671 3670
8946 2 2 1 1 5903 2246 4991
8947 2 2 1 1 1761 3675 3674
8948 2 2 1 1 1786 3670 3677
8949 2 2 1 1 1761 3674 3679
8950 2 2 1 1 1803 3682 3681
8951 2 2 1 1 1737 3685 3684
8952 2 2 1 1 1761 3679 3687
8953 2 2 1 1 1683 3690 3689
8954 2 2 1 1 1783 3693 3692
8955 2 2 1 1 7391 3689 2261
8956 2 2 1 1 1769 3696 3695
8957 2 2 1 1 1627 4993 7182
8958 2 2 1 1 3698 3697 2270
8959 2 2 1 1 1710 3701 3700
8960 2 2 1 1 3702 7182 4994
8961 2 2 1 1 1660 3705 3704
8962 2 2 1 1 7107 4995 5913
8963 2 2 1 1 1627 3702 3707
8964 2 2 1 1 1556 4996 2279
8965 2 2 1 1 1605 3710 3709
8966 2 2 1 1 1556 2279 2283
8967 2 2 1 1 4997 3711 7183
8968 2 2 1 1 1605 3709 3713
8969 2 2 1 1 1537 2282 2288
8970 2 2 1 1 1575 3716 3715
8971 2 2 1 1 1530 3719 3718
8972 2 2 1 1 3715 2291 3720
8973 2 2 1 1 1509 2292 2298
8974 2 2 1 1 4998 3721 7186
8975 2 2 1 1 3723 2296 3722
8976 2 2 1 1 1509 2298 2303
8977 2 2 1 1 4998 2299 4999
8978 2 2 1 1 1511 3725 3724
8979 2 2 1 1 2302 1537 2308
8980 2 2 1 1 1484 5000 2309
8981 2 2 1 1 2308 1537 2288
8982 2 2 1 1 1480 5001 7314
8983 2 2 1 1 1455 5927 5003
8984 2 2 1 1 1542 1561 5004
8985 2 2 1 1 5005 4986 5008
8986 2 2 1 1 5005 5008 7472
8987 2 2 1 1 1430 2314 2317
8988 2 2 1 1 5007 2315 2319
8989 2 2 1 1 1457 2316 2320
8990 2 2 1 1 1402 2318 2322
8991 2 2 1 1 1457 2320 2323
8992 2 2 1 1 1375 2321 2325
8993 2 2 1 1 1457 2323 2326
8994 2 2 1 1 1406 2324 2327
8995 2 2 1 1 1375 2325 2328
8996 2 2 1 1 1433 5009 5016
8997 2 2 1 1 2327 1457 2326
8998 2 2 1 1 1349 5010 5013
8999 2 2 1 1 1464 1489 5011
9000 2 2 1 1 1379 1406 5012
9001 2 2 1 1 1379 1433 5014
9002 2 2 1 1 1325 5015 1358
9003 2 2 1 1 5014 1433 5016
9004 2 2 1 1 1358 7324 1333
9005 2 2 1 1 1389 1444 1422
9006 2 2 1 1 1333 1389 1367
9007 2 2 1 1 1422 1444 1476
9008 2 2 1 1 1389 1422 1367
9009 2 2 1 1 1367 1422 1403
9010 2 2 1 1 1403 1422 1454
9011 2 2 1 1 1367 1403 1347
9012 2 2 1 1 1454 1422 1476
9013 2 2 1 1 1403 1454 1436
9014 2 2 1 1 1347 1403 1380
9015 2 2 1 1 1454 1476 1505
9016 2 2 1 1 1380 1403 1436
9017 2 2 1 1 1347 1380 1329
9018 2 2 1 1 1380 1436 1416
9019 2 2 1 1 1329 1380 1365
9020 2 2 1 1 1347 1329 1294
9021 2 2 1 1 1380 1416 1365
9022 2 2 1 1 1294 1329 1271
9023 2 2 1 1 1365 1416 1400
9024 2 2 1 1 1271 1329 1311
9025 2 2 1 1 1294 1271 1236
9026 2 2 1 1 1365 1400 1346
9027 2 2 1 1 1311 1329 1365
9028 2 2 1 1 1236 1271 1216
9029 2 2 1 1 1346 1400 1381
9030 2 2 1 1 1216 1271 1256
9031 2 2 1 1 1236 1216 1179
9032 2 2 1 1 1256 1271 1311
9033 2 2 1 1 1179 1216 1156
9034 2 2 1 1 1236 1179 1198
9035 2 2 1 1 1156 1216 1195
9036 2 2 1 1 1179 1156 1124
9037 2 2 1 1 1198 1179 1139
9038 2 2 1 1 1195 1216 1256
9039 2 2 1 1 1124 1156 5020
9040 2 2 1 1 1124 5021 2167
9041 2 2 1 1 1139 1179 1124
9042 2 2 1 1 1139 1124 5022
9043 2 2 1 1 1572 1552 1459
9044 2 2 1 1 3992 1572 1432
9045 2 2 1 1 1432 1572 1459
9046 2 2 1 1 3992 1432 1453
9047 2 2 1 1 1320 1432 1356
9048 2 2 1 1 1453 1432 1320
9049 2 2 1 1 1278 1320 1356
9050 2 2 1 1 1453 1320 1354
9051 2 2 1 1 1202 1320 1278
9052 2 2 1 1 1354 1202 1298
9053 2 2 1 1 1298 1202 3971
9054 2 2 1 1 1152 1202 1278
9055 2 2 1 1 1189 1298 3971
9056 2 2 1 1 1078 1189 1091
9057 2 2 1 1 1189 1078 7303
9058 2 2 1 1 3971 1202 1152
9059 2 2 1 1 7303 1078 1074
9060 2 2 1 1 1122 1074 1036
9061 2 2 1 1 1074 967 961
9062 2 2 1 1 967 1074 1078
9063 2 2 1 1 961 967 904
9064 2 2 1 1 904 967 912
9065 2 2 1 1 912 967 974
9066 2 2 1 1 974 967 1078
9067 2 2 1 1 912 974 920
9068 2 2 1 1 847 904 851
9069 2 2 1 1 974 1078 1091
9070 2 2 1 1 920 974 981
9071 2 2 1 1 851 904 912
9072 2 2 1 1 974 1091 981
9073 2 2 1 1 851 912 860
9074 2 2 1 1 981 1091 1040
9075 2 2 1 1 860 912 920
9076 2 2 1 1 851 860 805
9077 2 2 1 1 805 860 814
9078 2 2 1 1 851 805 809
9079 2 2 1 1 814 860 870
9080 2 2 1 1 805 814 759
9081 2 2 1 1 809 805 751
9082 2 2 1 1 870 860 920
9083 2 2 1 1 759 814 766
9084 2 2 1 1 751 805 759
9085 2 2 1 1 766 814 819
9086 2 2 1 1 759 766 713
9087 2 2 1 1 819 814 870
9088 2 2 1 1 766 819 775
9089 2 2 1 1 713 766 726
9090 2 2 1 1 819 870 878
9091 2 2 1 1 775 819 829
9092 2 2 1 1 726 766 775
9093 2 2 1 1 878 870 928
9094 2 2 1 1 829 819 878
9095 2 2 1 1 726 775 732
9096 2 2 1 1 928 870 920
9097 2 2 1 1 732 775 785
9098 2 2 1 1 726 732 684
9099 2 2 1 1 785 775 829
9100 2 2 1 1 732 785 743
9101 2 2 1 1 684 732 692
9102 2 2 1 1 785 829 840
9103 2 2 1 1 743 785 795
9104 2 2 1 1 692 732 743
9105 2 2 1 1 840 829 887
9106 2 2 1 1 795 785 840
9107 2 2 1 1 692 743 701
9108 2 2 1 1 887 829 878
9109 2 2 1 1 701 743 757
9110 2 2 1 1 692 701 5023
9111 2 2 1 1 757 743 795
9112 2 2 1 1 701 757 717
9113 2 2 1 1 5023 701 661
9114 2 2 1 1 757 795 815
9115 2 2 1 1 717 757 774
9116 2 2 1 1 661 701 717
9117 2 2 1 1 815 795 853
9118 2 2 1 1 774 757 815
9119 2 2 1 1 5024 717 683
9120 2 2 1 1 853 795 840
9121 2 2 1 1 683 717 733
9122 2 2 1 1 5024 683 5025
9123 2 2 1 1 733 717 774
9124 2 2 1 1 5026 733 695
9125 2 2 1 1 5025 683 5026
9126 2 2 1 1 733 774 787
9127 2 2 1 1 695 733 746
9128 2 2 1 1 5027 5026 695
9129 2 2 1 1 787 774 825
9130 2 2 1 1 746 733 787
9131 2 2 1 1 5027 695 657
9132 2 2 1 1 825 774 815
9133 2 2 1 1 644 657 5028
9134 2 2 1 1 5029 710 681
9135 2 2 1 1 710 746 771
9136 2 2 1 1 5030 5029 681
9137 2 2 1 1 771 746 806
9138 2 2 1 1 1328 1182 1273
9139 2 2 1 1 5030 681 5032
9140 2 2 1 1 806 746 787
9141 2 2 1 1 5032 681 5034
9142 2 2 1 1 5933 5033 2329
9143 2 2 1 1 597 2329 2331
9144 2 2 1 1 5037 5038 721
9145 2 2 1 1 612 2330 2332
9146 2 2 1 1 597 2331 2334
9147 2 2 1 1 754 3934 789
9148 2 2 1 1 721 5038 754
9149 2 2 1 1 612 2332 2335
9150 2 2 1 1 789 734 771
9151 2 2 1 1 637 5040 5939
9152 2 2 1 1 5041 2336 2338
9153 2 2 1 1 5043 5037 721
9154 2 2 1 1 5041 2338 5044
9155 2 2 1 1 813 754 789
9156 2 2 1 1 5045 776 799
9157 2 2 1 1 603 5047 2342
9158 2 2 1 1 799 776 835
9159 2 2 1 1 5045 799 5048
9160 2 2 1 1 5046 5042 5045
9161 2 2 1 1 5050 2341 5939
9162 2 2 1 1 835 776 813
9163 2 2 1 1 5049 5046 5045
9164 2 2 1 1 5050 691 5051
9165 2 2 1 1 2540 2539 5180
9166 2 2 1 1 5053 772 739
9167 2 2 1 1 2343 5940 5054
9168 2 2 1 1 862 799 835
9169 2 2 1 1 2344 5053 739
9170 2 2 1 1 4948 4009 7325
9171 2 2 1 1 5056 5058 824
9172 2 2 1 1 5052 5055 5057
9173 2 2 1 1 689 2344 2345
9174 2 2 1 1 889 826 862
9175 2 2 1 1 5059 5056 824
9176 2 2 1 1 5941 739 5060
9177 2 2 1 1 5059 824 5063
9178 2 2 1 1 2347 2346 740
9179 2 2 1 1 921 856 889
9180 2 2 1 1 5064 5062 857
9181 2 2 1 1 740 2346 2348
9182 2 2 1 1 923 884 954
9183 2 2 1 1 5064 857 5065
9184 2 2 1 1 740 2348 2350
9185 2 2 1 1 954 884 921
9186 2 2 1 1 5066 857 890
9187 2 2 1 1 767 2349 2351
9188 2 2 1 1 959 923 990
9189 2 2 1 1 767 2351 2353
9190 2 2 1 1 990 923 954
9191 2 2 1 1 5067 5071 5068
9192 2 2 1 1 792 2352 2354
9193 2 2 1 1 990 954 1021
9194 2 2 1 1 995 7243 1026
9195 2 2 1 1 5068 5071 5069
9196 2 2 1 1 5070 5066 890
9197 2 2 1 1 1021 954 989
9198 2 2 1 1 1026 959 990
9199 2 2 1 1 5069 5071 7445
9200 2 2 1 1 989 954 921
9201 2 2 1 1 1026 990 1052
9202 2 2 1 1 5072 963 939
9203 2 2 1 1 1052 990 1021
9204 2 2 1 1 1026 1052 1087
9205 2 2 1 1 5076 5074 5078
9206 2 2 1 1 2356 2355 875
9207 2 2 1 1 1052 1021 1085
9208 2 2 1 1 1087 1052 1112
9209 2 2 1 1 5101 5074 5075
9210 2 2 1 1 875 2355 2358
9211 2 2 1 1 1085 1021 1051
9212 2 2 1 1 1112 1052 1085
9213 2 2 1 1 1030 5075 995
9214 2 2 1 1 913 2357 2359
9215 2 2 1 1 1051 1021 989
9216 2 2 1 1 1112 1085 1142
9217 2 2 1 1 5076 5073 5074
9218 2 2 1 1 913 2359 2361
9219 2 2 1 1 1051 989 1025
9220 2 2 1 1 1142 1085 1111
9221 2 2 1 1 955 2360 2362
9222 2 2 1 1 913 2361 2364
9223 2 2 1 1 1025 989 958
9224 2 2 1 1 1111 1085 1051
9225 2 2 1 1 1020 5077 3516
9226 2 2 1 1 888 2363 2366
9227 2 2 1 1 958 989 921
9228 2 2 1 1 1111 1051 1086
9229 2 2 1 1 930 2365 2368
9230 2 2 1 1 1086 1051 1025
9231 2 2 1 1 1111 1086 1143
9232 2 2 1 1 1000 2367 2369
9233 2 2 1 1 5079 2368 2371
9234 2 2 1 1 1143 1086 1114
9235 2 2 1 1 1111 1143 1218
9236 2 2 1 1 977 2370 2373
9237 2 2 1 1 5079 2371 5080
9238 2 2 1 1 1114 1086 1056
9239 2 2 1 1 1218 1143 1207
9240 2 2 1 1 1039 2372 2377
9241 2 2 1 1 5950 2374 5081
9242 2 2 1 1 1056 1086 1025
9243 2 2 1 1 1207 1143 1181
9244 2 2 1 1 2376 1000 2369
9245 2 2 1 1 5082 5956 2381
9246 2 2 1 1 1181 1143 1114
9247 2 2 1 1 1207 1181 1292
9248 2 2 1 1 1022 5083 2382
9249 2 2 1 1 5082 2381 5084
9250 2 2 1 1 1292 1181 1245
9251 2 2 1 1 1207 1292 1261
9252 2 2 1 1 5085 5961 2386
9253 2 2 1 1 5086 3728 7190
9254 2 2 1 1 1245 1181 1148
9255 2 2 1 1 3729 7413 5088
9256 2 2 1 1 1148 1181 1114
9257 2 2 1 1 1083 2389 2393
9258 2 2 1 1 7192 5089 3730
9259 2 2 1 1 1292 1245 277
9260 2 2 1 1 5090 3731 7191
9261 2 2 1 1 7427 7228 3733
9262 2 2 1 1 984 3732 3735
9263 2 2 1 1 1095 5092 7356
9264 2 2 1 1 970 3738 3737
9265 2 2 1 1 1019 3741 3740
9266 2 2 1 1 5093 3742 7193
9267 2 2 1 1 1019 3740 3744
9268 2 2 1 1 1067 3747 3746
9269 2 2 1 1 1019 3744 3749
9270 2 2 1 1 1140 3751 3750
9271 2 2 1 1 1009 3754 3753
9272 2 2 1 1 1458 1407 1493
9273 2 2 1 1 3755 7195 5094
9274 2 2 1 1 3757 2419 7435
9275 2 2 1 1 1493 1359 1423
9276 2 2 1 1 7434 2422 3758
9277 2 2 1 1 7198 2423 4305
9278 2 2 1 1 3761 3760 2428
9279 2 2 1 1 1458 1493 1584
9280 2 2 1 1 1407 1458 1428
9281 2 2 1 1 1458 1584 1534
9282 2 2 1 1 1534 1584 1607
9283 2 2 1 1 1428 1458 1534
9284 2 2 1 1 1523 1534 1625
9285 2 2 1 1 1643 1742 1584
9286 2 2 1 1 1523 1625 1566
9287 2 2 1 1 1566 1625 1628
9288 2 2 1 1 1628 1625 5151
9289 2 2 1 1 1862 5151 1736
9290 2 2 1 1 1736 5151 1607
9291 2 2 1 1 1607 1625 1534
9292 2 2 1 1 1742 1736 1607
9293 2 2 1 1 1742 1607 1584
9294 2 2 1 1 1828 1862 1736
9295 2 2 1 1 1914 1842 1862
9296 2 2 1 1 3756 1842 1863
9297 2 2 1 1 1782 1842 1805
9298 2 2 1 1 1900 1863 1931
9299 2 2 1 1 1863 1900 1866
9300 2 2 1 1 3756 1863 1866
9301 2 2 1 1 1742 1828 1736
9302 2 2 1 1 1830 3756 1866
9303 2 2 1 1 1914 6006 1863
9304 2 2 1 1 1830 1866 1851
9305 2 2 1 1 1851 1866 1886
9306 2 2 1 1 1830 1851 1808
9307 2 2 1 1 1886 1866 1900
9308 2 2 1 1 1808 1851 1833
9309 2 2 1 1 1830 1808 1787
9310 2 2 1 1 1886 1900 1920
9311 2 2 1 1 1833 1851 1870
9312 2 2 1 1 1787 1808 1765
9313 2 2 1 1 1886 1920 1903
9314 2 2 1 1 1870 1851 1886
9315 2 2 1 1 1765 1808 1793
9316 2 2 1 1 1903 1920 1937
9317 2 2 1 1 1886 1903 1870
9318 2 2 1 1 1793 1808 1833
9319 2 2 1 1 1765 1793 1750
9320 2 2 1 1 1870 1903 1892
9321 2 2 1 1 1750 1793 1773
9322 2 2 1 1 1765 1750 1720
9323 2 2 1 1 5984 1920 1900
9324 2 2 1 1 1892 1903 1925
9325 2 2 1 1 1773 1793 1818
9326 2 2 1 1 1720 1750 1699
9327 2 2 1 1 1925 1903 1937
9328 2 2 1 1 1818 1793 1833
9329 2 2 1 1 1699 1750 1729
9330 2 2 1 1 1925 1937 1956
9331 2 2 1 1 1729 1750 1773
9332 2 2 1 1 1699 1729 1678
9333 2 2 1 1 1925 1956 1944
9334 2 2 1 1 1678 1729 1707
9335 2 2 1 1 1699 1678 1644
9336 2 2 1 1 1962 1956 1986
9337 2 2 1 1 1644 1678 1621
9338 2 2 1 1 1699 1644 1670
9339 2 2 1 1 1986 1956 2001
9340 2 2 1 1 1944 1956 1962
9341 2 2 1 1 1621 1678 1653
9342 2 2 1 1 1621 1653 1600
9343 2 2 1 1 1600 1653 1623
9344 2 2 1 1 1600 1623 1574
9345 2 2 1 1 1621 1600 1569
9346 2 2 1 1 1574 1623 1608
9347 2 2 1 1 1600 1574 1547
9348 2 2 1 1 1569 1600 1547
9349 2 2 1 1 1569 1547 1527
9350 2 2 1 1 1621 1569 1596
9351 2 2 1 1 1527 1547 1501
9352 2 2 1 1 1569 1527 1545
9353 2 2 1 1 1547 1574 1531
9354 2 2 1 1 1596 1569 1545
9355 2 2 1 1 1596 1545 7150
9356 2 2 1 1 1501 1547 1531
9357 2 2 1 1 1501 1531 1481
9358 2 2 1 1 1481 1531 1510
9359 2 2 1 1 1501 1481 1449
9360 2 2 1 1 1545 1527 1498
9361 2 2 1 1 1621 1596 1644
9362 2 2 1 1 1644 1596 1618
9363 2 2 1 1 1644 1618 1670
9364 2 2 1 1 1670 1618 1693
9365 2 2 1 1 1693 1618 1587
9366 2 2 1 1 1494 7150 1475
9367 2 2 1 1 7150 1494 1522
9368 2 2 1 1 1587 1522 1566
9369 2 2 1 1 1587 1566 1628
9370 2 2 1 1 1717 1628 5151
9371 2 2 1 1 1628 1717 1693
9372 2 2 1 1 1717 5151 1782
9373 2 2 1 1 1693 1587 1628
9374 2 2 1 1 1670 1693 1720
9375 2 2 1 1 1720 1693 1745
9376 2 2 1 1 1745 1693 1717
9377 2 2 1 1 1475 7150 1545
9378 2 2 1 1 1475 1498 1447
9379 2 2 1 1 1447 1498 1482
9380 2 2 1 1 1475 1447 1419
9381 2 2 1 1 1522 1494 1499
9382 2 2 1 1 1745 1717 1805
9383 2 2 1 1 1745 1787 1765
9384 2 2 1 1 1482 1498 1527
9385 2 2 1 1 1482 1527 1501
9386 2 2 1 1 1482 1501 1449
9387 2 2 1 1 1419 1447 1398
9388 2 2 1 1 1717 1782 1805
9389 2 2 1 1 1745 1805 1787
9390 2 2 1 1 1498 1475 1545
9391 2 2 1 1 1447 1482 1429
9392 2 2 1 1 1475 1419 1494
9393 2 2 1 1 1494 1419 1391
9394 2 2 1 1 1391 1419 1366
9395 2 2 1 1 1494 1391 1417
9396 2 2 1 1 1366 1419 1398
9397 2 2 1 1 1366 1398 1342
9398 2 2 1 1 1342 1398 1374
9399 2 2 1 1 1366 1342 1314
9400 2 2 1 1 1391 1366 1335
9401 2 2 1 1 1417 1391 1332
9402 2 2 1 1 1494 1417 1499
9403 2 2 1 1 1374 1398 1429
9404 2 2 1 1 1342 1374 1321
9405 2 2 1 1 1314 1342 1290
9406 2 2 1 1 1366 1314 1335
9407 2 2 1 1 1335 1314 1287
9408 2 2 1 1 1287 1314 1258
9409 2 2 1 1 1335 1287 1332
9410 2 2 1 1 1374 1429 1410
9411 2 2 1 1 1258 1314 1290
9412 2 2 1 1 1258 1290 1232
9413 2 2 1 1 1232 1290 1267
9414 2 2 1 1 1258 1232 1197
9415 2 2 1 1 1287 1258 1229
9416 2 2 1 1 1232 1267 1210
9417 2 2 1 1 1258 1197 1229
9418 2 2 1 1 1229 1197 1167
9419 2 2 1 1 1167 1197 1136
9420 2 2 1 1 1229 1167 1193
9421 2 2 1 1 1332 1287 1253
9422 2 2 1 1 1267 1290 1321
9423 2 2 1 1 1267 1321 1305
9424 2 2 1 1 1197 1232 1174
9425 2 2 1 1 1136 1197 1174
9426 2 2 1 1 1136 1174 1109
9427 2 2 1 1 1109 1174 1144
9428 2 2 1 1 1136 1109 1077
9429 2 2 1 1 1167 1136 1103
9430 2 2 1 1 1193 1167 1130
9431 2 2 1 1 1229 1193 1253
9432 2 2 1 1 1253 1193 1226
9433 2 2 1 1 1429 1482 1449
9434 2 2 1 1 1429 1449 1410
9435 2 2 1 1 1410 1449 1442
9436 2 2 1 1 1442 1449 1481
9437 2 2 1 1 1442 1481 1469
9438 2 2 1 1 1469 1481 1510
9439 2 2 1 1 1469 1510 1496
9440 2 2 1 1 1442 1469 1415
9441 2 2 1 1 1496 1510 1543
9442 2 2 1 1 1469 1496 1445
9443 2 2 1 1 1410 1442 1396
9444 2 2 1 1 1415 1469 1445
9445 2 2 1 1 1415 1445 1393
9446 2 2 1 1 1393 1445 1426
9447 2 2 1 1 1415 1393 1364
9448 2 2 1 1 1442 1415 1396
9449 2 2 1 1 1396 1415 1364
9450 2 2 1 1 1396 1364 1352
9451 2 2 1 1 1352 1364 1306
9452 2 2 1 1 1396 1352 1410
9453 2 2 1 1 1543 1510 1555
9454 2 2 1 1 1445 1496 1490
9455 2 2 1 1 5095 1364 1337
9456 2 2 1 1 1352 1306 1305
9457 2 2 1 1 1352 1305 1321
9458 2 2 1 1 1426 1445 1490
9459 2 2 1 1 1426 1490 1456
9460 2 2 1 1 1456 1490 5096
9461 2 2 1 1 1426 1456 1404
9462 2 2 1 1 1393 1426 1371
9463 2 2 1 1 1364 1393 1337
9464 2 2 1 1 1555 1510 1531
9465 2 2 1 1 1555 1531 1574
9466 2 2 1 1 1555 1574 1608
9467 2 2 1 1 1490 1496 1529
9468 2 2 1 1 1543 1555 5097
9469 2 2 1 1 5098 1109 5103
9470 2 2 1 1 5095 1337 1276
9471 2 2 1 1 5099 1456 1466
9472 2 2 1 1 1398 1447 1429
9473 2 2 1 1 1144 1174 1210
9474 2 2 1 1 1144 1210 1184
9475 2 2 1 1 1267 1305 1246
9476 2 2 1 1 1136 1077 1103
9477 2 2 1 1 5100 1077 5101
9478 2 2 1 1 5101 1077 2430
9479 2 2 1 1 1426 1404 1371
9480 2 2 1 1 1371 1404 1351
9481 2 2 1 1 5102 1404 1397
9482 2 2 1 1 1371 1351 1318
9483 2 2 1 1 1109 1144 5103
9484 2 2 1 1 1332 1391 1335
9485 2 2 1 1 1130 1167 1103
9486 2 2 1 1 1371 1318 1337
9487 2 2 1 1 1290 1342 1321
9488 2 2 1 1 1332 1253 1281
9489 2 2 1 1 1281 1253 1226
9490 2 2 1 1 1281 1226 1254
9491 2 2 1 1 1254 1226 1192
9492 2 2 1 1 1281 1254 1310
9493 2 2 1 1 1192 1226 1164
9494 2 2 1 1 1254 1192 1218
9495 2 2 1 1 1393 1371 1337
9496 2 2 1 1 1281 1310 1332
9497 2 2 1 1 1332 1310 1388
9498 2 2 1 1 1388 1310 1336
9499 2 2 1 1 1336 1310 1286
9500 2 2 1 1 1395 1388 1336
9501 2 2 1 1 1395 1336 1369
9502 2 2 1 1 1395 1369 1428
9503 2 2 1 1 1388 1395 1461
9504 2 2 1 1 1369 1336 1286
9505 2 2 1 1 1369 1286 1261
9506 2 2 1 1 1286 1310 1254
9507 2 2 1 1 1286 1254 1218
9508 2 2 1 1 1286 1218 1261
9509 2 2 1 1 1499 1388 1461
9510 2 2 1 1 1321 1374 1352
9511 2 2 1 1 1374 1410 1352
9512 2 2 1 1 1210 1267 1246
9513 2 2 1 1 1210 1246 1184
9514 2 2 1 1 5104 1246 1231
9515 2 2 1 1 1231 1246 5758
9516 2 2 1 1 2431 1231 5106
9517 2 2 1 1 1184 1163 1119
9518 2 2 1 1 1226 1193 1164
9519 2 2 1 1 5102 1397 5107
9520 2 2 1 1 1287 1229 1253
9521 2 2 1 1 1193 1130 1164
9522 2 2 1 1 1174 1232 1210
9523 2 2 1 1 1417 1332 1388
9524 2 2 1 1 1461 1395 1428
9525 2 2 1 1 1318 1351 5108
9526 2 2 1 1 2001 1956 1979
9527 2 2 1 1 1670 1720 1699
9528 2 2 1 1 1318 1303 5109
9529 2 2 1 1 1979 1956 1937
9530 2 2 1 1 5109 1303 5110
9531 2 2 1 1 5110 1303 5111
9532 2 2 1 1 1263 1240 5112
9533 2 2 1 1 2433 2432 1223
9534 2 2 1 1 2435 2434 1183
9535 2 2 1 1 1223 2432 2437
9536 2 2 1 1 1183 2434 2438
9537 2 2 1 1 1252 2436 2440
9538 2 2 1 1 1183 2438 2442
9539 2 2 1 1 5113 2439 5979
9540 2 2 1 1 1252 2440 2443
9541 2 2 1 1 5114 2441 2445
9542 2 2 1 1 2447 2446 1355
9543 2 2 1 1 2447 1355 2106
9544 2 2 1 1 2449 2448 5115
9545 2 2 1 1 5115 2448 5985
9546 2 2 1 1 1259 2450 5116
9547 2 2 1 1 1296 2449 2443
9548 2 2 1 1 1220 5117 5118
9549 2 2 1 1 7200 5118 3762
9550 2 2 1 1 3764 3763 2459
9551 2 2 1 1 7163 5120 3765
9552 2 2 1 1 1259 2457 5121
9553 2 2 1 1 1196 5981 5122
9554 2 2 1 1 5114 2445 5123
9555 2 2 1 1 1196 2462 5124
9556 2 2 1 1 1196 2465 5125
9557 2 2 1 1 2035 2034 2043
9558 2 2 1 1 2034 2035 2022
9559 2 2 1 1 2022 2035 2017
9560 2 2 1 1 2043 2034 2042
9561 2 2 1 1 2044 2035 2043
9562 2 2 1 1 2017 2035 7081
9563 2 2 1 1 7081 2035 2046
9564 2 2 1 1 2046 2035 2044
9565 2 2 1 1 2040 2046 2051
9566 2 2 1 1 7081 2046 2040
9567 2 2 1 1 2040 2051 2047
9568 2 2 1 1 2040 2047 2037
9569 2 2 1 1 2037 2047 2050
9570 2 2 1 1 2041 2037 2050
9571 2 2 1 1 2050 2047 2054
9572 2 2 1 1 2048 2041 2050
9573 2 2 1 1 2024 2037 2029
9574 2 2 1 1 2037 2041 2029
9575 2 2 1 1 2038 2048 2049
9576 2 2 1 1 2029 2041 2026
9577 2 2 1 1 2026 2041 2038
9578 2 2 1 1 2029 2026 2019
9579 2 2 1 1 2019 2026 2004
9580 2 2 1 1 2012 2026 2023
9581 2 2 1 1 2004 2026 2012
9582 2 2 1 1 2023 2026 2032
9583 2 2 1 1 2004 2012 1982
9584 2 2 1 1 2032 2026 2038
9585 2 2 1 1 2023 2032 2030
9586 2 2 1 1 1982 2012 2011
9587 2 2 1 1 2030 2032 2039
9588 2 2 1 1 2023 2030 2020
9589 2 2 1 1 2011 2012 2023
9590 2 2 1 1 2020 2030 2033
9591 2 2 1 1 2023 2020 2011
9592 2 2 1 1 2011 2020 2009
9593 2 2 1 1 2009 2020 5126
9594 2 2 1 1 2011 2009 1996
9595 2 2 1 1 1981 1982 2011
9596 2 2 1 1 2028 2020 2033
9597 2 2 1 1 2009 5126 2007
9598 2 2 1 1 1996 2009 1992
9599 2 2 1 1 1996 1981 2011
9600 2 2 1 1 2009 2007 1992
9601 2 2 1 1 1992 2007 1989
9602 2 2 1 1 1989 2007 2006
9603 2 2 1 1 1992 1989 1972
9604 2 2 1 1 2006 2007 5126
9605 2 2 1 1 1989 2006 1994
9606 2 2 1 1 1972 1989 1970
9607 2 2 1 1 5127 2006 2015
9608 2 2 1 1 1989 1994 1970
9609 2 2 1 1 1972 1970 1949
9610 2 2 1 1 1970 1994 1966
9611 2 2 1 1 1949 1970 1945
9612 2 2 1 1 1972 1949 1951
9613 2 2 1 1 1966 1994 1987
9614 2 2 1 1 1970 1966 1945
9615 2 2 1 1 1951 1949 1922
9616 2 2 1 1 1987 1994 5127
9617 2 2 1 1 1945 1966 1943
9618 2 2 1 1 1922 1949 1918
9619 2 2 1 1 1951 1922 1926
9620 2 2 1 1 5130 1943 1967
9621 2 2 1 1 1945 1943 1915
9622 2 2 1 1 1918 1949 1945
9623 2 2 1 1 1926 1922 1893
9624 2 2 1 1 1967 1966 1987
9625 2 2 1 1 1915 1943 5128
9626 2 2 1 1 1918 1945 1915
9627 2 2 1 1 1893 1922 1891
9628 2 2 1 1 2467 5129 1997
9629 2 2 1 1 5128 1943 5130
9630 2 2 1 1 1918 1915 1888
9631 2 2 1 1 1891 1922 1918
9632 2 2 1 1 1912 1939 5131
9633 2 2 1 1 1888 1915 5132
9634 2 2 1 1 5130 1967 5133
9635 2 2 1 1 5131 1939 5134
9636 2 2 1 1 5132 1915 5128
9637 2 2 1 1 5134 1939 5136
9638 2 2 1 1 1888 6578 1858
9639 2 2 1 1 5137 5135 5141
9640 2 2 1 1 1888 1858 1891
9641 2 2 1 1 5139 5137 5141
9642 2 2 1 1 2471 2470 1852
9643 2 2 1 1 1891 1858 1860
9644 2 2 1 1 1852 2470 2473
9645 2 2 1 1 1853 2471 2475
9646 2 2 1 1 5142 5140 6578
9647 2 2 1 1 1860 1858 7086
9648 2 2 1 1 1879 2472 2476
9649 2 2 1 1 1817 2474 2478
9650 2 2 1 1 1860 1827 1831
9651 2 2 1 1 1910 5144 1912
9652 2 2 1 1 5145 2477 2480
9653 2 2 1 1 1831 1827 7048
9654 2 2 1 1 1860 1831 1867
9655 2 2 1 1 1847 2479 2481
9656 2 2 1 1 5145 2480 6010
9657 2 2 1 1 5146 7048 1789
9658 2 2 1 1 1867 1831 1835
9659 2 2 1 1 5147 2482 2485
9660 2 2 1 1 1835 1831 1798
9661 2 2 1 1 5150 6016 2489
9662 2 2 1 1 7203 3766 7202
9663 2 2 1 1 1798 1831 1794
9664 2 2 1 1 1877 5152 2492
9665 2 2 1 1 1877 2492 2496
9666 2 2 1 1 5153 2493 4319
9667 2 2 1 1 1908 2495 2499
9668 2 2 1 1 5154 6021 2501
9669 2 2 1 1 1908 2499 2502
9670 2 2 1 1 1908 2502 2503
9671 2 2 1 1 1936 2505 5156
9672 2 2 1 1 1835 1798 1804
9673 2 2 1 1 1804 1798 1763
9674 2 2 1 1 1835 1804 1841
9675 2 2 1 1 1763 1798 1759
9676 2 2 1 1 1841 1804 1810
9677 2 2 1 1 1835 1841 1871
9678 2 2 1 1 1759 1798 1794
9679 2 2 1 1 1810 1804 1771
9680 2 2 1 1 1871 1841 1874
9681 2 2 1 1 5157 1794 1752
9682 2 2 1 1 1771 1804 1763
9683 2 2 1 1 1874 1841 1849
9684 2 2 1 1 1849 1841 1810
9685 2 2 1 1 1874 1849 1882
9686 2 2 1 1 5146 1789 5158
9687 2 2 1 1 1882 1849 1856
9688 2 2 1 1 1874 1882 1906
9689 2 2 1 1 5158 1789 5159
9690 2 2 1 1 1856 1849 1819
9691 2 2 1 1 1906 1882 1916
9692 2 2 1 1 1819 1849 1810
9693 2 2 1 1 1916 1882 1890
9694 2 2 1 1 1819 1810 1777
9695 2 2 1 1 1890 1882 1856
9696 2 2 1 1 1916 1890 1924
9697 2 2 1 1 1777 1810 1771
9698 2 2 1 1 1890 1856 1864
9699 2 2 1 1 1924 1890 1895
9700 2 2 1 1 1864 1856 1829
9701 2 2 1 1 1890 1864 1895
9702 2 2 1 1 1829 1856 1819
9703 2 2 1 1 1895 1864 1872
9704 2 2 1 1 1829 1819 1788
9705 2 2 1 1 1872 1864 1834
9706 2 2 1 1 1788 1819 1777
9707 2 2 1 1 1829 1788 1796
9708 2 2 1 1 1834 1864 1829
9709 2 2 1 1 1796 1788 1754
9710 2 2 1 1 1829 1796 1834
9711 2 2 1 1 1754 1788 1747
9712 2 2 1 1 1834 1796 5161
9713 2 2 1 1 1747 1788 1777
9714 2 2 1 1 5162 1747 1696
9715 2 2 1 1 1747 1777 1735
9716 2 2 1 1 1696 1747 1698
9717 2 2 1 1 1735 1777 1771
9718 2 2 1 1 1747 1735 1698
9719 2 2 1 1 1698 1735 1687
9720 2 2 1 1 1687 1735 1726
9721 2 2 1 1 1698 1687 5163
9722 2 2 1 1 1726 1735 1771
9723 2 2 1 1 1687 1726 1680
9724 2 2 1 1 1647 1698 5163
9725 2 2 1 1 1726 1771 1763
9726 2 2 1 1 1680 1726 1721
9727 2 2 1 1 5205 1687 1680
9728 2 2 1 1 1721 1726 1763
9729 2 2 1 1 1680 1721 1674
9730 2 2 1 1 1721 1763 1759
9731 2 2 1 1 1674 1721 5164
9732 2 2 1 1 1721 1759 5164
9733 2 2 1 1 5165 5157 1752
9734 2 2 1 1 5165 1752 5166
9735 2 2 1 1 2508 2507 1659
9736 2 2 1 1 1715 1664 5168
9737 2 2 1 1 1659 2507 2510
9738 2 2 1 1 5168 1664 5169
9739 2 2 1 1 1704 2509 2511
9740 2 2 1 1 2513 2512 1612
9741 2 2 1 1 1674 5170 5204
9742 2 2 1 1 1612 2512 2514
9743 2 2 1 1 1617 2513 2516
9744 2 2 1 1 7858 1617 5171
9745 2 2 1 1 1612 2514 2518
9746 2 2 1 1 1570 2515 2520
9747 2 2 1 1 2521 2516 1570
9748 2 2 1 1 5172 2517 2523
9749 2 2 1 1 5173 2519 2524
9750 2 2 1 1 1655 2522 2525
9751 2 2 1 1 5172 2523 5174
9752 2 2 1 1 5175 2525 2529
9753 2 2 1 1 3769 7204 5176
9754 2 2 1 1 1700 2528 2533
9755 2 2 1 1 5175 2529 5177
9756 2 2 1 1 1746 2532 2535
9757 2 2 1 1 3770 7205 5178
9758 2 2 1 1 1746 2535 2538
9759 2 2 1 1 5179 6043 2540
9760 2 2 1 1 1746 2538 2542
9761 2 2 1 1 1743 5180 2543
9762 2 2 1 1 1781 2541 2544
9763 2 2 1 1 1746 2542 2543
9764 2 2 1 1 5181 5160 5149
9765 2 2 1 1 5182 2545 2547
9766 2 2 1 1 1817 2548 2550
9767 2 2 1 1 5183 2549 2551
9768 2 2 1 1 1817 2550 2475
9769 2 2 1 1 5183 2551 5184
9770 2 2 1 1 1740 3773 3772
9771 2 2 1 1 1776 2554 5186
9772 2 2 1 1 3772 2555 3774
9773 2 2 1 1 7007 2556 5187
9774 2 2 1 1 1694 3777 3776
9775 2 2 1 1 5188 3778 7207
9776 2 2 1 1 1694 3776 3779
9777 2 2 1 1 5188 2562 3780
9778 2 2 1 1 5189 2563 4337
9779 2 2 1 1 1648 3784 3783
9780 2 2 1 1 1648 3783 3786
9781 2 2 1 1 1601 3789 3788
9782 2 2 1 1 1648 3786 3791
9783 2 2 1 1 1604 3794 3793
9784 2 2 1 1 5190 3791 7210
9785 2 2 1 1 3796 2576 3795
9786 2 2 1 1 5191 2581 4360
9787 2 2 1 1 3798 7480 5192
9788 2 2 1 1 3800 2580 3799
9789 2 2 1 1 1559 3804 3803
9790 2 2 1 1 1559 3803 3805
9791 2 2 1 1 1519 3808 3807
9792 2 2 1 1 1559 3805 3810
9793 2 2 1 1 1525 3813 3812
9794 2 2 1 1 5193 3810 7216
9795 2 2 1 1 1478 3816 3815
9796 2 2 1 1 3817 7217 5194
9797 2 2 1 1 3819 2596 3818
9798 2 2 1 1 1478 3815 3821
9799 2 2 1 1 3823 3822 2604
9800 2 2 1 1 3824 7455 5195
9801 2 2 1 1 7219 5196 3825
9802 2 2 1 1 3824 2606 3826
9803 2 2 1 1 5197 2607 2610
9804 2 2 1 1 7519 5198 3827
9805 2 2 1 1 3829 3828 2614
9806 2 2 1 1 5199 3830 7222
9807 2 2 1 1 1813 3833 3832
9808 2 2 1 1 1811 3829 3835
9809 2 2 1 1 1850 3838 3837
9810 2 2 1 1 1813 3832 3840
9811 2 2 1 1 3844 5200 2623
9812 2 2 1 1 1850 3837 3843
9813 2 2 1 1 7171 5039 5105
9814 2 2 1 1 1917 4083 3846
9815 2 2 1 1 5202 3847 7226
9816 2 2 1 1 7523 3848 2628
9817 2 2 1 1 5203 2631 2501
9818 2 2 1 1 3851 3850 2635
9819 2 2 1 1 1680 1674 5204
9820 2 2 1 1 5205 5206 1622
9821 2 2 1 1 1622 5206 1586
9822 2 2 1 1 5207 2636 4883
9823 2 2 1 1 1850 3843 3853
9824 2 2 1 1 1857 3856 3855
9825 2 2 1 1 1850 3853 5208
9826 2 2 1 1 1683 3698 3859
9827 2 2 1 1 6093 2642 4447
9828 2 2 1 1 1206 1278 1356
9829 2 2 1 1 1278 1206 1178
9830 2 2 1 1 7336 1206 1356
9831 2 2 1 1 1278 1178 1152
9832 2 2 1 1 1165 1206 1237
9833 2 2 1 1 1128 1178 1206
9834 2 2 1 1 1237 1206 7336
9835 2 2 1 1 1165 1237 1135
9836 2 2 1 1 1152 1178 1062
9837 2 2 1 1 1135 1237 1217
9838 2 2 1 1 1062 1178 1128
9839 2 2 1 1 1091 3971 1040
9840 2 2 1 1 1040 1152 1062
9841 2 2 1 1 1135 1217 1115
9842 2 2 1 1 991 1040 1002
9843 2 2 1 1 1135 1115 1058
9844 2 2 1 1 1002 1040 1062
9845 2 2 1 1 1058 1115 1082
9846 2 2 1 1 1135 1058 1037
9847 2 2 1 1 1082 1115 1199
9848 2 2 1 1 1058 1082 1016
9849 2 2 1 1 1037 1058 996
9850 2 2 1 1 7004 1115 1217
9851 2 2 1 1 1016 1082 1041
9852 2 2 1 1 996 1058 1016
9853 2 2 1 1 1041 1082 1102
9854 2 2 1 1 1016 1041 978
9855 2 2 1 1 1102 1082 1199
9856 2 2 1 1 1041 1102 1066
9857 2 2 1 1 978 1041 1006
9858 2 2 1 1 1066 1102 1125
9859 2 2 1 1 1041 1066 1006
9860 2 2 1 1 1125 1102 1199
9861 2 2 1 1 1006 1066 1029
9862 2 2 1 1 1125 1199 1245
9863 2 2 1 1 1029 1066 1093
9864 2 2 1 1 1125 1245 1148
9865 2 2 1 1 1093 1066 1125
9866 2 2 1 1 1093 1125 1148
9867 2 2 1 1 1245 1199 6996
9868 2 2 1 1 6996 1199 7004
9869 2 2 1 1 7004 1217 1348
9870 2 2 1 1 1245 1284 277
9871 2 2 1 1 1359 1284 1423
9872 2 2 1 1 1423 1284 1348
9873 2 2 1 1 1348 1284 6996
9874 2 2 1 1 1009 3753 3862
9875 2 2 1 1 999 3864 3863
9876 2 2 1 1 7235 5209 3865
9877 2 2 1 1 5210 3863 7236
9878 2 2 1 1 3867 3866 2653
9879 2 2 1 1 5210 2651 3868
9880 2 2 1 1 5211 3869 7238
9881 2 2 1 1 926 2656 5212
9882 2 2 1 1 7240 5213 3871
9883 2 2 1 1 3873 3872 2664
9884 2 2 1 1 5214 3874 7241
9885 2 2 1 1 5215 7558 2668
9886 2 2 1 1 876 2665 5216
9887 2 2 1 1 5214 2666 5217
9888 2 2 1 1 6109 2667 5218
9889 2 2 1 1 822 5219 2677
9890 2 2 1 1 5220 6121 2678
9891 2 2 1 1 867 2674 2680
9892 2 2 1 1 816 2676 2681
9893 2 2 1 1 822 2677 2683
9894 2 2 1 1 919 2679 2684
9895 2 2 1 1 867 2680 2686
9896 2 2 1 1 773 2682 2688
9897 2 2 1 1 822 2683 2690
9898 2 2 1 1 2685 919 2691
9899 2 2 1 1 867 2686 2692
9900 2 2 1 1 2687 816 2693
9901 2 2 1 1 780 2689 2695
9902 2 2 1 1 6131 2691 2697
9903 2 2 1 1 812 5221 808
9904 2 2 1 1 812 2693 2692
9905 2 2 1 1 976 2696 2698
9906 2 2 1 1 5222 808 758
9907 2 2 1 1 976 2698 2700
9908 2 2 1 1 7152 5223 3876
9909 2 2 1 1 6978 808 5225
9910 2 2 1 1 850 6947 5226
9911 2 2 1 1 750 802 800
9912 2 2 1 1 5226 855 2702
9913 2 2 1 1 924 2702 2703
9914 2 2 1 1 800 850 5227
9915 2 2 1 1 5228 855 861
9916 2 2 1 1 5229 2703 6131
9917 2 2 1 1 5227 850 5230
9918 2 2 1 1 2704 2697 976
9919 2 2 1 1 969 2704 5231
9920 2 2 1 1 730 2694 2708
9921 2 2 1 1 2707 773 2688
9922 2 2 1 1 730 2708 2709
9923 2 2 1 1 719 5232 708
9924 2 2 1 1 680 5233 669
9925 2 2 1 1 708 5234 5237
9926 2 2 1 1 669 5235 5240
9927 2 2 1 1 758 5236 5222
9928 2 2 1 1 705 6402 704
9929 2 2 1 1 704 755 750
9930 2 2 1 1 704 750 702
9931 2 2 1 1 702 750 749
9932 2 2 1 1 749 750 800
9933 2 2 1 1 702 749 703
9934 2 2 1 1 749 800 793
9935 2 2 1 1 703 749 753
9936 2 2 1 1 793 800 5238
9937 2 2 1 1 753 749 793
9938 2 2 1 1 793 5238 5239
9939 2 2 1 1 753 793 778
9940 2 2 1 1 753 778 723
9941 2 2 1 1 924 2711 2710
9942 2 2 1 1 660 5241 705
9943 2 2 1 1 5242 5243 621
9944 2 2 1 1 660 705 656
9945 2 2 1 1 621 5243 615
9946 2 2 1 1 5242 621 5244
9947 2 2 1 1 656 705 704
9948 2 2 1 1 615 660 656
9949 2 2 1 1 669 629 5245
9950 2 2 1 1 615 656 609
9951 2 2 1 1 2713 2712 640
9952 2 2 1 1 609 656 652
9953 2 2 1 1 640 2712 2715
9954 2 2 1 1 652 656 704
9955 2 2 1 1 609 652 607
9956 2 2 1 1 576 2714 2716
9957 2 2 1 1 652 704 702
9958 2 2 1 1 607 652 651
9959 2 2 1 1 5246 5244 621
9960 2 2 1 1 651 652 702
9961 2 2 1 1 607 651 608
9962 2 2 1 1 651 702 703
9963 2 2 1 1 608 651 654
9964 2 2 1 1 651 703 654
9965 2 2 1 1 615 609 574
9966 2 2 1 1 574 609 568
9967 2 2 1 1 615 574 577
9968 2 2 1 1 568 609 607
9969 2 2 1 1 577 574 530
9970 2 2 1 1 530 574 527
9971 2 2 1 1 577 530 542
9972 2 2 1 1 530 527 489
9973 2 2 1 1 542 530 5247
9974 2 2 1 1 582 577 542
9975 2 2 1 1 530 489 5247
9976 2 2 1 1 453 489 448
9977 2 2 1 1 495 5248 451
9978 2 2 1 1 448 489 484
9979 2 2 1 1 453 448 413
9980 2 2 1 1 451 453 416
9981 2 2 1 1 484 489 527
9982 2 2 1 1 413 448 412
9983 2 2 1 1 416 453 413
9984 2 2 1 1 412 448 446
9985 2 2 1 1 413 412 376
9986 2 2 1 1 446 448 484
9987 2 2 1 1 412 446 411
9988 2 2 1 1 376 412 375
9989 2 2 1 1 446 484 483
9990 2 2 1 1 411 446 447
9991 2 2 1 1 375 412 411
9992 2 2 1 1 483 484 525
9993 2 2 1 1 447 446 483
9994 2 2 1 1 525 484 527
9995 2 2 1 1 483 525 526
9996 2 2 1 1 525 527 568
9997 2 2 1 1 526 525 566
9998 2 2 1 1 568 527 574
9999 2 2 1 1 525 568 566
10000 2 2 1 1 566 568 607
10001 2 2 1 1 566 607 608
10002 2 2 1 1 566 608 572
10003 2 2 1 1 572 608 611
10004 2 2 1 1 566 572 526
10005 2 2 1 1 611 608 654
10006 2 2 1 1 526 572 528
10007 2 2 1 1 611 654 671
10008 2 2 1 1 528 572 575
10009 2 2 1 1 575 572 611
10010 2 2 1 1 528 575 533
10011 2 2 1 1 533 575 579
10012 2 2 1 1 528 533 491
10013 2 2 1 1 579 575 616
10014 2 2 1 1 491 533 494
10015 2 2 1 1 528 491 487
10016 2 2 1 1 616 575 611
10017 2 2 1 1 494 533 538
10018 2 2 1 1 487 491 450
10019 2 2 1 1 616 611 671
10020 2 2 1 1 538 533 579
10021 2 2 1 1 538 579 586
10022 2 2 1 1 450 491 494
10023 2 2 1 1 586 579 623
10024 2 2 1 1 538 586 536
10025 2 2 1 1 623 579 616
10026 2 2 1 1 586 623 633
10027 2 2 1 1 536 586 593
10028 2 2 1 1 623 616 653
10029 2 2 1 1 653 616 671
10030 2 2 1 1 5249 653 687
10031 2 2 1 1 5249 623 653
10032 2 2 1 1 593 586 633
10033 2 2 1 1 593 633 641
10034 2 2 1 1 641 633 688
10035 2 2 1 1 593 641 604
10036 2 2 1 1 604 641 645
10037 2 2 1 1 604 645 606
10038 2 2 1 1 606 645 649
10039 2 2 1 1 606 649 613
10040 2 2 1 1 604 606 561
10041 2 2 1 1 613 649 662
10042 2 2 1 1 606 613 567
10043 2 2 1 1 561 606 567
10044 2 2 1 1 561 567 523
10045 2 2 1 1 523 567 532
10046 2 2 1 1 561 523 520
10047 2 2 1 1 604 561 559
10048 2 2 1 1 662 649 698
10049 2 2 1 1 662 698 712
10050 2 2 1 1 712 698 760
10051 2 2 1 1 712 760 765
10052 2 2 1 1 662 712 677
10053 2 2 1 1 712 765 728
10054 2 2 1 1 613 662 631
10055 2 2 1 1 567 613 578
10056 2 2 1 1 677 712 728
10057 2 2 1 1 677 728 686
10058 2 2 1 1 686 728 736
10059 2 2 1 1 677 686 636
10060 2 2 1 1 662 677 631
10061 2 2 1 1 631 677 636
10062 2 2 1 1 631 636 589
10063 2 2 1 1 589 636 610
10064 2 2 1 1 631 589 578
10065 2 2 1 1 578 589 512
10066 2 2 1 1 512 589 557
10067 2 2 1 1 578 512 532
10068 2 2 1 1 578 532 567
10069 2 2 1 1 532 512 496
10070 2 2 1 1 557 589 610
10071 2 2 1 1 610 659 628
10072 2 2 1 1 557 610 6868
10073 2 2 1 1 7596 557 6868
10074 2 2 1 1 557 486 512
10075 2 2 1 1 659 610 686
10076 2 2 1 1 659 686 736
10077 2 2 1 1 659 736 756
10078 2 2 1 1 796 736 804
10079 2 2 1 1 628 659 724
10080 2 2 1 1 628 639 545
10081 2 2 1 1 724 659 756
10082 2 2 1 1 628 724 639
10083 2 2 1 1 639 724 744
10084 2 2 1 1 610 628 6868
10085 2 2 1 1 486 436 512
10086 2 2 1 1 512 436 496
10087 2 2 1 1 496 415 493
10088 2 2 1 1 415 496 436
10089 2 2 1 1 496 493 532
10090 2 2 1 1 532 493 523
10091 2 2 1 1 493 444 482
10092 2 2 1 1 523 493 520
10093 2 2 1 1 444 493 415
10094 2 2 1 1 482 444 443
10095 2 2 1 1 493 482 520
10096 2 2 1 1 520 482 536
10097 2 2 1 1 444 415 404
10098 2 2 1 1 728 765 784
10099 2 2 1 1 756 736 796
10100 2 2 1 1 804 736 784
10101 2 2 1 1 784 736 728
10102 2 2 1 1 756 796 790
10103 2 2 1 1 790 796 849
10104 2 2 1 1 756 790 724
10105 2 2 1 1 849 796 841
10106 2 2 1 1 790 849 854
10107 2 2 1 1 561 520 559
10108 2 2 1 1 559 520 536
10109 2 2 1 1 559 536 593
10110 2 2 1 1 559 593 604
10111 2 2 1 1 436 402 355
10112 2 2 1 1 402 436 486
10113 2 2 1 1 436 355 415
10114 2 2 1 1 486 7596 466
10115 2 2 1 1 636 686 610
10116 2 2 1 1 443 404 372
10117 2 2 1 1 438 443 372
10118 2 2 1 1 443 438 479
10119 2 2 1 1 578 613 631
10120 2 2 1 1 545 639 564
10121 2 2 1 1 443 444 404
10122 2 2 1 1 404 415 346
10123 2 2 1 1 346 415 355
10124 2 2 1 1 346 355 289
10125 2 2 1 1 289 355 298
10126 2 2 1 1 482 443 479
10127 2 2 1 1 744 724 790
10128 2 2 1 1 784 765 820
10129 2 2 1 1 364 402 427
10130 2 2 1 1 404 346 310
10131 2 2 1 1 310 346 289
10132 2 2 1 1 310 276 335
10133 2 2 1 1 310 335 372
10134 2 2 1 1 333 276 271
10135 2 2 1 1 310 289 258
10136 2 2 1 1 854 849 906
10137 2 2 1 1 276 310 258
10138 2 2 1 1 796 804 841
10139 2 2 1 1 402 364 355
10140 2 2 1 1 372 404 310
10141 2 2 1 1 790 854 807
10142 2 2 1 1 849 841 900
10143 2 2 1 1 371 335 333
10144 2 2 1 1 403 372 371
10145 2 2 1 1 438 403 450
10146 2 2 1 1 333 335 276
10147 2 2 1 1 372 335 371
10148 2 2 1 1 403 371 408
10149 2 2 1 1 337 333 284
10150 2 2 1 1 333 337 371
10151 2 2 1 1 298 355 364
10152 2 2 1 1 479 438 494
10153 2 2 1 1 289 298 264
10154 2 2 1 1 371 337 373
10155 2 2 1 1 438 372 403
10156 2 2 1 1 545 564 466
10157 2 2 1 1 649 645 694
10158 2 2 1 1 820 5701 838
10159 2 2 1 1 330 364 427
10160 2 2 1 1 483 526 487
10161 2 2 1 1 487 526 528
10162 2 2 1 1 483 487 447
10163 2 2 1 1 447 487 450
10164 2 2 1 1 447 450 408
10165 2 2 1 1 2019 2004 1995
10166 2 2 1 1 1995 2004 1973
10167 2 2 1 1 1995 1973 1977
10168 2 2 1 1 2019 1995 1999
10169 2 2 1 1 1995 1977 1999
10170 2 2 1 1 1973 2004 1963
10171 2 2 1 1 1999 1977 1983
10172 2 2 1 1 1963 2004 1982
10173 2 2 1 1 1973 1963 1940
10174 2 2 1 1 1983 1977 1958
10175 2 2 1 1 1940 1963 1934
10176 2 2 1 1 1973 1940 1947
10177 2 2 1 1 1958 1977 1953
10178 2 2 1 1 1934 1963 1957
10179 2 2 1 1 1947 1940 1916
10180 2 2 1 1 1953 1977 1973
10181 2 2 1 1 1957 1963 1982
10182 2 2 1 1 1916 1940 1906
10183 2 2 1 1 1957 1982 1981
10184 2 2 1 1 1906 1940 1934
10185 2 2 1 1 1957 1981 1955
10186 2 2 1 1 1955 1981 1975
10187 2 2 1 1 1957 1955 1929
10188 2 2 1 1 1975 1981 1996
10189 2 2 1 1 1929 1955 1926
10190 2 2 1 1 1975 1996 1992
10191 2 2 1 1 1926 1955 1951
10192 2 2 1 1 1929 1926 1896
10193 2 2 1 1 1951 1955 1975
10194 2 2 1 1 1896 1926 1893
10195 2 2 1 1 1951 1975 1972
10196 2 2 1 1 1896 1893 1867
10197 2 2 1 1 1972 1975 1992
10198 2 2 1 1 1867 1893 1860
10199 2 2 1 1 1896 1867 1871
10200 2 2 1 1 1860 1893 1891
10201 2 2 1 1 1871 1867 1835
10202 2 2 1 1 1896 1871 1901
10203 2 2 1 1 1901 1871 1874
10204 2 2 1 1 1896 1901 1929
10205 2 2 1 1 1929 1901 1934
10206 2 2 1 1 1934 1901 1906
10207 2 2 1 1 1929 1934 1957
10208 2 2 1 1 1906 1901 1874
10209 2 2 1 1 2019 2024 2029
10210 2 2 1 1 2024 2019 1999
10211 2 2 1 1 2024 1999 2002
10212 2 2 1 1 2002 1999 1983
10213 2 2 1 1 2002 1983 1988
10214 2 2 1 1 1988 1983 1965
10215 2 2 1 1 1965 1983 1958
10216 2 2 1 1 2002 1988 1993
10217 2 2 1 1 1965 1958 1935
10218 2 2 1 1 1993 1988 1971
10219 2 2 1 1 1935 1958 1927
10220 2 2 1 1 1971 1988 1965
10221 2 2 1 1 1927 1958 1953
10222 2 2 1 1 1935 1927 1902
10223 2 2 1 1 1927 1953 1924
10224 2 2 1 1 1902 1927 1895
10225 2 2 1 1 1924 1953 1947
10226 2 2 1 1 1927 1924 1895
10227 2 2 1 1 1947 1953 1973
10228 2 2 1 1 1971 1965 1946
10229 2 2 1 1 1946 1965 1935
10230 2 2 1 1 1971 1946 1954
10231 2 2 1 1 1946 1935 1913
10232 2 2 1 1 1954 1946 1923
10233 2 2 1 1 1971 1954 1980
10234 2 2 1 1 1913 1935 1902
10235 2 2 1 1 1946 1913 1923
10236 2 2 1 1 1980 1954 1961
10237 2 2 1 1 1913 1902 1878
10238 2 2 1 1 1923 1913 1889
10239 2 2 1 1 1961 1954 1932
10240 2 2 1 1 1878 1902 1872
10241 2 2 1 1 1923 1889 1897
10242 2 2 1 1 1932 1954 1923
10243 2 2 1 1 1872 1902 1895
10244 2 2 1 1 7201 2816 5654
10245 2 2 1 1 1980 1961 1985
10246 2 2 1 1 1985 1961 1968
10247 2 2 1 1 1980 1985 2000
10248 2 2 1 1 1968 1961 1942
10249 2 2 1 1 2000 1985 2003
10250 2 2 1 1 1942 1961 1932
10251 2 2 1 1 1968 1942 1950
10252 2 2 1 1 2003 1985 1990
10253 2 2 1 1 1942 1932 1904
10254 2 2 1 1 1950 1942 1919
10255 2 2 1 1 1990 1985 1968
10256 2 2 1 1 1904 1932 1897
10257 2 2 1 1 1919 1942 1904
10258 2 2 1 1 1897 1932 1923
10259 2 2 1 1 1904 1897 1868
10260 2 2 1 1 1889 1913 1878
10261 2 2 1 1 1889 1878 1859
10262 2 2 1 1 1859 1878 1843
10263 2 2 1 1 5250 1859 1848
10264 2 2 1 1 1848 1859 1823
10265 2 2 1 1 1823 1859 1843
10266 2 2 1 1 1843 1878 1872
10267 2 2 1 1 1843 1872 1834
10268 2 2 1 1 6014 935 7398
10269 2 2 1 1 1843 1806 1823
10270 2 2 1 1 1990 1968 1976
10271 2 2 1 1 1976 1968 1950
10272 2 2 1 1 1990 1976 1998
10273 2 2 1 1 1976 1950 1959
10274 2 2 1 1 1998 1976 1984
10275 2 2 1 1 1990 1998 2008
10276 2 2 1 1 1959 1950 1928
10277 2 2 1 1 1976 1959 1984
10278 2 2 1 1 1990 2008 2003
10279 2 2 1 1 1928 1950 1919
10280 2 2 1 1 1984 1959 1969
10281 2 2 1 1 2003 2008 2017
10282 2 2 1 1 1928 1919 1894
10283 2 2 1 1 1969 1959 1941
10284 2 2 1 1 1984 1969 1991
10285 2 2 1 1 2017 2008 2022
10286 2 2 1 1 1894 1919 1885
10287 2 2 1 1 1941 1959 1928
10288 2 2 1 1 1991 1969 1978
10289 2 2 1 1 1941 1928 1905
10290 2 2 1 1 1978 1969 1952
10291 2 2 1 1 1905 1928 1894
10292 2 2 1 1 1941 1905 1921
10293 2 2 1 1 1952 1969 1941
10294 2 2 1 1 1978 1952 1962
10295 2 2 1 1 1905 1894 1873
10296 2 2 1 1 1952 1941 1921
10297 2 2 1 1 1978 1962 1986
10298 2 2 1 1 1873 1894 1861
10299 2 2 1 1 1952 1921 1933
10300 2 2 1 1 1861 1894 1885
10301 2 2 1 1 1873 1861 1836
10302 2 2 1 1 1933 1921 1898
10303 2 2 1 1 1836 1861 1822
10304 2 2 1 1 1836 1822 6836
10305 2 2 1 1 5252 1802 1790
10306 2 2 1 1 1836 1839 1873
10307 2 2 1 1 1898 1921 1887
10308 2 2 1 1 1887 1921 1905
10309 2 2 1 1 1898 1887 1865
10310 2 2 1 1 1887 1905 1873
10311 2 2 1 1 1865 1887 1839
10312 2 2 1 1 1887 1873 1839
10313 2 2 1 1 1962 1952 1933
10314 2 2 1 1 1962 1933 1944
10315 2 2 1 1 1944 1933 1911
10316 2 2 1 1 1911 1933 1898
10317 2 2 1 1 1944 1911 1925
10318 2 2 1 1 1911 1898 1875
10319 2 2 1 1 1925 1911 1892
10320 2 2 1 1 1875 1898 1865
10321 2 2 1 1 1892 1911 1875
10322 2 2 1 1 1892 1875 1855
10323 2 2 1 1 1855 1875 1840
10324 2 2 1 1 1840 1875 1865
10325 2 2 1 1 1855 1840 1818
10326 2 2 1 1 1818 1840 1801
10327 2 2 1 1 1855 1818 1833
10328 2 2 1 1 1801 1840 1826
10329 2 2 1 1 1855 1833 1870
10330 2 2 1 1 1826 1840 1865
10331 2 2 1 1 1855 1870 1892
10332 2 2 1 1 1826 1865 1839
10333 2 2 1 1 1826 1839 5252
10334 2 2 1 1 1801 1826 1790
10335 2 2 1 1 1165 1135 1060
10336 2 2 1 1 1165 1060 1128
10337 2 2 1 1 1001 1060 1015
10338 2 2 1 1 1028 1001 964
10339 2 2 1 1 1128 1060 1028
10340 2 2 1 1 1001 1015 951
10341 2 2 1 1 1060 1001 1028
10342 2 2 1 1 951 1015 973
10343 2 2 1 1 973 1015 1037
10344 2 2 1 1 951 973 903
10345 2 2 1 1 1135 1015 1060
10346 2 2 1 1 903 973 929
10347 2 2 1 1 916 964 932
10348 2 2 1 1 929 973 996
10349 2 2 1 1 932 964 1001
10350 2 2 1 1 996 973 1037
10351 2 2 1 1 932 1001 951
10352 2 2 1 1 932 951 885
10353 2 2 1 1 885 951 903
10354 2 2 1 1 932 885 872
10355 2 2 1 1 885 903 843
10356 2 2 1 1 872 885 825
10357 2 2 1 1 843 903 866
10358 2 2 1 1 825 885 843
10359 2 2 1 1 866 903 929
10360 2 2 1 1 825 843 787
10361 2 2 1 1 866 929 882
10362 2 2 1 1 787 843 806
10363 2 2 1 1 882 929 950
10364 2 2 1 1 806 843 866
10365 2 2 1 1 950 929 996
10366 2 2 1 1 806 866 823
10367 2 2 1 1 950 996 1016
10368 2 2 1 1 823 866 882
10369 2 2 1 1 950 1016 978
10370 2 2 1 1 823 882 844
10371 2 2 1 1 950 978 909
10372 2 2 1 1 844 882 909
10373 2 2 1 1 909 978 937
10374 2 2 1 1 909 882 950
10375 2 2 1 1 937 978 1006
10376 2 2 1 1 937 1006 962
10377 2 2 1 1 962 1006 1029
10378 2 2 1 1 962 1029 994
10379 2 2 1 1 994 1029 1056
10380 2 2 1 1 1056 1029 1093
10381 2 2 1 1 994 1056 1025
10382 2 2 1 1 1056 1093 1114
10383 2 2 1 1 994 1025 958
10384 2 2 1 1 1114 1093 1148
10385 2 2 1 1 932 872 916
10386 2 2 1 1 806 823 771
10387 2 2 1 1 771 823 789
10388 2 2 1 1 789 823 844
10389 2 2 1 1 789 844 813
10390 2 2 1 1 813 844 874
10391 2 2 1 1 874 844 909
10392 2 2 1 1 874 909 937
10393 2 2 1 1 874 937 894
10394 2 2 1 1 894 937 962
10395 2 2 1 1 874 894 835
10396 2 2 1 1 894 962 927
10397 2 2 1 1 835 894 862
10398 2 2 1 1 874 835 813
10399 2 2 1 1 927 962 994
10400 2 2 1 1 862 894 927
10401 2 2 1 1 927 994 958
10402 2 2 1 1 927 958 889
10403 2 2 1 1 889 958 921
10404 2 2 1 1 427 466 454
10405 2 2 1 1 564 454 466
10406 2 2 1 1 1015 1135 1037
10407 2 2 1 1 1206 1165 1128
10408 2 2 1 1 5253 2700 6138
10409 2 2 1 1 614 666 643
10410 2 2 1 1 643 666 696
10411 2 2 1 1 614 643 595
10412 2 2 1 1 696 666 727
10413 2 2 1 1 643 696 672
10414 2 2 1 1 595 643 617
10415 2 2 1 1 7422 595 5254
10416 2 2 1 1 672 696 729
10417 2 2 1 1 5255 617 6826
10418 2 2 1 1 5254 595 5255
10419 2 2 1 1 672 729 700
10420 2 2 1 1 5257 5255 565
10421 2 2 1 1 700 729 5736
10422 2 2 1 1 700 751 707
10423 2 2 1 1 707 751 759
10424 2 2 1 1 707 759 713
10425 2 2 1 1 707 713 664
10426 2 2 1 1 664 713 674
10427 2 2 1 1 674 713 726
10428 2 2 1 1 664 674 5258
10429 2 2 1 1 700 5259 5260
10430 2 2 1 1 664 5261 620
10431 2 2 1 1 5262 620 598
10432 2 2 1 1 598 620 5263
10433 2 2 1 1 2763 5263 605
10434 2 2 1 1 598 573 5264
10435 2 2 1 1 5264 573 5265
10436 2 2 1 1 565 549 5266
10437 2 2 1 1 5266 549 5267
10438 2 2 1 1 543 519 5268
10439 2 2 1 1 5267 549 5269
10440 2 2 1 1 2719 2718 477
10441 2 2 1 1 2721 2720 474
10442 2 2 1 1 5661 497 5270
10443 2 2 1 1 2724 2723 452
10444 2 2 1 1 477 2718 2726
10445 2 2 1 1 501 2719 2728
10446 2 2 1 1 452 2723 2729
10447 2 2 1 1 452 2729 2731
10448 2 2 1 1 432 2730 2733
10449 2 2 1 1 455 2732 2728
10450 2 2 1 1 432 2733 2736
10451 2 2 1 1 2734 474 2720
10452 2 2 1 1 5271 2736 6145
10453 2 2 1 1 452 2731 2741
10454 2 2 1 1 467 2724 2743
10455 2 2 1 1 5272 7823 2745
10456 2 2 1 1 5271 2739 5273
10457 2 2 1 1 407 2746 5274
10458 2 2 1 1 507 2725 2749
10459 2 2 1 1 477 2726 2751
10460 2 2 1 1 5275 6162 2753
10461 2 2 1 1 6167 2748 7420
10462 2 2 1 1 3878 3877 2757
10463 2 2 1 1 452 2741 2742
10464 2 2 1 1 7820 2758 5276
10465 2 2 1 1 5277 2744 2761
10466 2 2 1 1 5272 2745 3879
10467 2 2 1 1 5265 573 5278
10468 2 2 1 1 401 7403 2766
10469 2 2 1 1 5258 674 5697
10470 2 2 1 1 477 2751 2768
10471 2 2 1 1 5279 2767 6176
10472 2 2 1 1 477 2768 2727
10473 2 2 1 1 5280 2769 6705
10474 2 2 1 1 6174 2770 2766
10475 2 2 1 1 5281 2772 6184
10476 2 2 1 1 5282 2773 6187
10477 2 2 1 1 5281 2774 5283
10478 2 2 1 1 405 5284 2779
10479 2 2 1 1 5285 2779 7759
10480 2 2 1 1 5285 2781 5287
10481 2 2 1 1 5282 2776 5288
10482 2 2 1 1 6222 362 6786
10483 2 2 1 1 5290 6202 2761
10484 2 2 1 1 6776 2790 5291
10485 2 2 1 1 5292 2791 6208
10486 2 2 1 1 3880 6776 5293
10487 2 2 1 1 5294 2795 6213
10488 2 2 1 1 6246 6212 5295
10489 2 2 1 1 5294 2797 5296
10490 2 2 1 1 322 6726 5299
10491 2 2 1 1 5300 2804 6230
10492 2 2 1 1 5292 2794 5302
10493 2 2 1 1 303 6234 6365
10494 2 2 1 1 7051 2811 6239
10495 2 2 1 1 270 6240 6697
10496 2 2 1 1 5305 2816 2799
10497 2 2 1 1 476 2817 2819
10498 2 2 1 1 2818 485 2820
10499 2 2 1 1 476 2819 2822
10500 2 2 1 1 7277 6676 5308
10501 2 2 1 1 7244 5309 3881
10502 2 2 1 1 5310 7035 6256
10503 2 2 1 1 5311 6232 6670
10504 2 2 1 1 5312 2832 6263
10505 2 2 1 1 5313 2833 7033
10506 2 2 1 1 5312 2834 5314
10507 2 2 1 1 5315 2783 2839
10508 2 2 1 1 5316 2785 2786
10509 2 2 1 1 5317 2840 6275
10510 2 2 1 1 358 6274 5318
10511 2 2 1 1 5317 2842 3883
10512 2 2 1 1 5319 6663 6282
10513 2 2 1 1 6284 2846 4478
10514 2 2 1 1 3885 7248 2849
10515 2 2 1 1 2820 485 2764
10516 2 2 1 1 6286 5320 2749
10517 2 2 1 1 5321 5322 580
10518 2 2 1 1 6287 5322 2763
10519 2 2 1 1 5321 580 560
10520 2 2 1 1 518 5323 560
10521 2 2 1 1 518 560 5324
10522 2 2 1 1 5324 560 5325
10523 2 2 1 1 2821 6288 5326
10524 2 2 1 1 2851 2850 534
10525 2 2 1 1 534 2850 2853
10526 2 2 1 1 508 2851 2855
10527 2 2 1 1 5325 560 5327
10528 2 2 1 1 2852 6290 5328
10529 2 2 1 1 5328 6290 5698
10530 2 2 1 1 534 2853 2856
10531 2 2 1 1 508 2855 2860
10532 2 2 1 1 5330 2859 6292
10533 2 2 1 1 508 2860 2822
10534 2 2 1 1 5331 2861 6294
10535 2 2 1 1 5330 2862 6299
10536 2 2 1 1 5477 2865 5332
10537 2 2 1 1 5333 2867 6305
10538 2 2 1 1 6588 5334 2872
10539 2 2 1 1 7012 2871 6307
10540 2 2 1 1 5335 2873 5337
10541 2 2 1 1 3284 5566 6130
10542 2 2 1 1 5331 2864 5339
10543 2 2 1 1 2883 2881 7242
10544 2 2 1 1 470 2882 2884
10545 2 2 1 1 470 2884 2886
10546 2 2 1 1 5340 2883 5341
10547 2 2 1 1 503 2885 2890
10548 2 2 1 1 5342 2886 6322
10549 2 2 1 1 431 5343 2893
10550 2 2 1 1 5344 2893 6330
10551 2 2 1 1 418 6329 5345
10552 2 2 1 1 5344 2895 5346
10553 2 2 1 1 546 2889 2900
10554 2 2 1 1 5347 2891 2902
10555 2 2 1 1 3886 7249 5348
10556 2 2 1 1 6341 2903 5349
10557 2 2 1 1 5350 2905 6347
10558 2 2 1 1 5351 2906 6350
10559 2 2 1 1 5350 2907 5352
10560 2 2 1 1 5353 2910 6356
10561 2 2 1 1 5354 2911 6359
10562 2 2 1 1 5353 2912 5355
10563 2 2 1 1 5357 2917 6368
10564 2 2 1 1 5358 2908 6518
10565 2 2 1 1 5351 2909 5359
10566 2 2 1 1 5360 2924 6379
10567 2 2 1 1 5361 6497 2928
10568 2 2 1 1 5360 2926 5362
10569 2 2 1 1 5354 2914 3888
10570 2 2 1 1 3915 5363 2932
10571 2 2 1 1 5333 2870 3889
10572 2 2 1 1 509 2879 2899
10573 2 2 1 1 6390 5364 2933
10574 2 2 1 1 6390 569 5365
10575 2 2 1 1 5365 569 6709
10576 2 2 1 1 5366 626 5025
10577 2 2 1 1 2900 2934 546
10578 2 2 1 1 5366 644 5367
10579 2 2 1 1 6440 6448 5368
10580 2 2 1 1 7251 6440 5369
10581 2 2 1 1 3890 7251 5370
10582 2 2 1 1 5371 6401 2835
10583 2 2 1 1 267 2836 5372
10584 2 2 1 1 663 3411 5636
10585 2 2 1 1 6332 2896 5375
10586 2 2 1 1 5376 2946 6415
10587 2 2 1 1 480 5377 6530
10588 2 2 1 1 5376 2948 5378
10589 2 2 1 1 379 2953 5380
10590 2 2 1 1 6372 2954 5381
10591 2 2 1 1 6320 5383 6435
10592 2 2 1 1 6940 2959 6436
10593 2 2 1 1 5385 2960 6441
10594 2 2 1 1 334 6437 5386
10595 2 2 1 1 5384 2961 5387
10596 2 2 1 1 6443 2962 5388
10597 2 2 1 1 366 2966 5389
10598 2 2 1 1 6452 2967 5390
10599 2 2 1 1 366 6295 5391
10600 2 2 1 1 5392 2963 6291
10601 2 2 1 1 5394 6467 2928
10602 2 2 1 1 5395 2977 6469
10603 2 2 1 1 5395 2979 5397
10604 2 2 1 1 294 2982 5398
10605 2 2 1 1 6477 2983 5399
10606 2 2 1 1 5400 2984 2988
10607 2 2 1 1 281 6471 5401
10608 2 2 1 1 281 2989 2991
10609 2 2 1 1 272 2990 2993
10610 2 2 1 1 281 2991 2995
10611 2 2 1 1 5402 2981 6281
10612 2 2 1 1 2996 281 2995
10613 2 2 1 1 2998 2997 232
10614 2 2 1 1 232 2997 3000
10615 2 2 1 1 6480 5403 2986
10616 2 2 1 1 2999 251 3003
10617 2 2 1 1 232 3000 3004
10618 2 2 1 1 6486 2992 5404
10619 2 2 1 1 302 3006 5405
10620 2 2 1 1 360 3009 5407
10621 2 2 1 1 302 5408 3011
10622 2 2 1 1 325 5406 5409
10623 2 2 1 1 272 2993 3015
10624 2 2 1 1 251 2994 3003
10625 2 2 1 1 3016 3015 269
10626 2 2 1 1 249 3016 3018
10627 2 2 1 1 268 2987 5410
10628 2 2 1 1 5400 2988 5411
10629 2 2 1 1 5412 3895 3894
10630 2 2 1 1 7257 5413 7547
10631 2 2 1 1 6769 3027 6520
10632 2 2 1 1 471 6521 6178
10633 2 2 1 1 6526 3030 7546
10634 2 2 1 1 5414 3029 5416
10635 2 2 1 1 517 5417 3035
10636 2 2 1 1 3896 3032 3897
10637 2 2 1 1 5419 2971 6142
10638 2 2 1 1 6507 3012 5420
10639 2 2 1 1 6132 3042 5421
10640 2 2 1 1 6541 3043 5422
10641 2 2 1 1 5429 5423 6548
10642 2 2 1 1 7259 5425 3898
10643 2 2 1 1 5426 3052 6551
10644 2 2 1 1 351 6547 5428
10645 2 2 1 1 321 3059 3061
10646 2 2 1 1 318 3060 3063
10647 2 2 1 1 321 3061 3065
10648 2 2 1 1 293 3010 3066
10649 2 2 1 1 302 3011 3014
10650 2 2 1 1 3068 3067 263
10651 2 2 1 1 3067 293 3069
10652 2 2 1 1 269 3068 3017
10653 2 2 1 1 3071 3070 235
10654 2 2 1 1 6563 3062 5430
10655 2 2 1 1 353 6089 5431
10656 2 2 1 1 5433 3074 6576
10657 2 2 1 1 5434 3064 6577
10658 2 2 1 1 316 3887 5435
10659 2 2 1 1 3900 3080 3901
10660 2 2 1 1 3902 7263 5436
10661 2 2 1 1 318 3063 3082
10662 2 2 1 1 5437 3065 3066
10663 2 2 1 1 5438 5514 223
10664 2 2 1 1 5439 3035 6583
10665 2 2 1 1 5440 3083 5784
10666 2 2 1 1 384 6086 5441
10667 2 2 1 1 5433 3078 3081
10668 2 2 1 1 3088 345 7168
10669 2 2 1 1 5442 4804 286
10670 2 2 1 1 7264 5443 3903
10671 2 2 1 1 5444 3090 3092
10672 2 2 1 1 345 3077 3094
10673 2 2 1 1 5445 5438 223
10674 2 2 1 1 5445 223 5446
10675 2 2 1 1 197 5450 5449
10676 2 2 1 1 5448 5446 6080
10677 2 2 1 1 6221 3346 6919
10678 2 2 1 1 196 5450 6715
10679 2 2 1 1 6080 182 5452
10680 2 2 1 1 5453 178 157
10681 2 2 1 1 5452 182 5454
10682 2 2 1 1 6711 3033 5456
10683 2 2 1 1 5457 3095 6602
10684 2 2 1 1 5458 3096 3099
10685 2 2 1 1 6608 3100 5459
10686 2 2 1 1 7310 3102 5460
10687 2 2 1 1 5461 3103 5989
10688 2 2 1 1 7268 5462 3907
10689 2 2 1 1 3908 7269 5463
10690 2 2 1 1 6620 3111 5464
10691 2 2 1 1 5465 5455 212
10692 2 2 1 1 3113 3112 239
10693 2 2 1 1 239 3112 3115
10694 2 2 1 1 232 3113 2998
10695 2 2 1 1 5466 3001 3019
10696 2 2 1 1 243 3116 3117
10697 2 2 1 1 228 3118 3120
10698 2 2 1 1 198 3119 3124
10699 2 2 1 1 228 3120 3126
10700 2 2 1 1 5468 6629 3128
10701 2 2 1 1 243 5467 5934
10702 2 2 1 1 218 3114 3123
10703 2 2 1 1 5470 3034 6592
10704 2 2 1 1 7271 5471 3910
10705 2 2 1 1 240 5472 7124
10706 2 2 1 1 157 178 3133
10707 2 2 1 1 4784 5473 3134
10708 2 2 1 1 5392 2974 3911
10709 2 2 1 1 5860 3914 3913
10710 2 2 1 1 462 4880 5474
10711 2 2 1 1 297 5475 7706
10712 2 2 1 1 7273 5363 3915
10713 2 2 1 1 460 5476 7275
10714 2 2 1 1 6654 5836 4517
10715 2 2 1 1 6657 3141 4518
10716 2 2 1 1 211 3125 3144
10717 2 2 1 1 5307 2824 5825
10718 2 2 1 1 5479 3145 6660
10719 2 2 1 1 5480 3146 6662
10720 2 2 1 1 220 5481 3918
10721 2 2 1 1 5480 3148 6666
10722 2 2 1 1 199 3151 3154
10723 2 2 1 1 5482 3152 3156
10724 2 2 1 1 3920 3919 3023
10725 2 2 1 1 331 3882 3922
10726 2 2 1 1 307 3925 3924
10727 2 2 1 1 6613 3104 6565
10728 2 2 1 1 3926 7276 5487
10729 2 2 1 1 5772 3168 5488
10730 2 2 1 1 198 3124 3173
10731 2 2 1 1 3928 3927 3175
10732 2 2 1 1 5490 5735 6692
10733 2 2 1 1 5492 6490 5750
10734 2 2 1 1 5491 3179 5493
10735 2 2 1 1 5444 3092 5494
10736 2 2 1 1 5495 2829 2866
10737 2 2 1 1 5492 3181 5496
10738 2 2 1 1 516 2857 2933
10739 2 2 1 1 3930 7280 5497
10740 2 2 1 1 5498 187 193
10741 2 2 1 1 5499 172 5500
10742 2 2 1 1 5500 172 5501
10743 2 2 1 1 5502 5504 149
10744 2 2 1 1 152 5502 149
10745 2 2 1 1 5503 5505 163
10746 2 2 1 1 149 5504 144
10747 2 2 1 1 131 149 126
10748 2 2 1 1 126 149 144
10749 2 2 1 1 126 144 120
10750 2 2 1 1 131 126 110
10751 2 2 1 1 5505 143 163
10752 2 2 1 1 5507 5506 5743
10753 2 2 1 1 5503 163 5509
10754 2 2 1 1 5509 163 5510
10755 2 2 1 1 3189 6710 5511
10756 2 2 1 1 3191 3190 170
10757 2 2 1 1 170 3190 3192
10758 2 2 1 1 120 144 139
10759 2 2 1 1 126 120 106
10760 2 2 1 1 5743 143 119
10761 2 2 1 1 128 119 107
10762 2 2 1 1 107 119 99
10763 2 2 1 1 128 107 116
10764 2 2 1 1 99 119 110
10765 2 2 1 1 107 99 90
10766 2 2 1 1 116 107 96
10767 2 2 1 1 3932 3931 3142
10768 2 2 1 1 7283 3933 3195
10769 2 2 1 1 4807 222 3071
10770 2 2 1 1 5513 3937 7284
10771 2 2 1 1 5449 223 5514
10772 2 2 1 1 5373 3344 5597
10773 2 2 1 1 3133 6715 5515
10774 2 2 1 1 5516 116 125
10775 2 2 1 1 125 116 105
10776 2 2 1 1 585 6695 5517
10777 2 2 1 1 585 3196 5518
10778 2 2 1 1 3939 3938 3199
10779 2 2 1 1 5519 6723 3201
10780 2 2 1 1 676 5521 7114
10781 2 2 1 1 5519 3201 5522
10782 2 2 1 1 5524 6736 3210
10783 2 2 1 1 5524 3210 5526
10784 2 2 1 1 5520 3203 5527
10785 2 2 1 1 5529 3216 6750
10786 2 2 1 1 5530 3217 6753
10787 2 2 1 1 5529 3218 5531
10788 2 2 1 1 625 3219 5306
10789 2 2 1 1 5530 3220 5532
10790 2 2 1 1 5533 3221 5719
10791 2 2 1 1 5534 3222 3187
10792 2 2 1 1 5535 3229 6768
10793 2 2 1 1 7286 5536 3940
10794 2 2 1 1 5537 3206 6770
10795 2 2 1 1 714 3211 5538
10796 2 2 1 1 3941 5525 5539
10797 2 2 1 1 5540 6546 3223
10798 2 2 1 1 3943 3942 3239
10799 2 2 1 1 5541 3144 3240
10800 2 2 1 1 420 5542 6585
10801 2 2 1 1 423 5329 5543
10802 2 2 1 1 6781 3242 5544
10803 2 2 1 1 7652 498 3944
10804 2 2 1 1 5547 3945 7288
10805 2 2 1 1 5547 3249 5548
10806 2 2 1 1 3253 5680 6793
10807 2 2 1 1 7290 5550 3947
10808 2 2 1 1 7290 3256 5551
10809 2 2 1 1 5552 5676 6802
10810 2 2 1 1 6140 3258 6803
10811 2 2 1 1 630 6801 5554
10812 2 2 1 1 5555 3262 6810
10813 2 2 1 1 673 6809 5666
10814 2 2 1 1 673 5627 5557
10815 2 2 1 1 5555 3264 5558
10816 2 2 1 1 3949 3948 3270
10817 2 2 1 1 3273 5610 6822
10818 2 2 1 1 763 3271 5561
10819 2 2 1 1 5559 6827 5562
10820 2 2 1 1 5552 3260 5563
10821 2 2 1 1 5564 3261 3281
10822 2 2 1 1 5553 6110 5565
10823 2 2 1 1 678 6818 5566
10824 2 2 1 1 678 3284 5567
10825 2 2 1 1 5568 3285 6728
10826 2 2 1 1 5570 3269 3278
10827 2 2 1 1 7231 3291 5571
10828 2 2 1 1 5572 3292 6852
10829 2 2 1 1 5447 3293 6855
10830 2 2 1 1 5574 3297 6862
10831 2 2 1 1 5575 3299 6865
10832 2 2 1 1 5574 3300 5576
10833 2 2 1 1 647 6864 5577
10834 2 2 1 1 647 3305 5578
10835 2 2 1 1 3952 3951 3309
10836 2 2 1 1 6066 3307 6068
10837 2 2 1 1 5580 3953 7294
10838 2 2 1 1 3952 3309 3954
10839 2 2 1 1 5581 3310 3317
10840 2 2 1 1 5579 3311 5582
10841 2 2 1 1 5575 3302 5583
10842 2 2 1 1 600 3320 5584
10843 2 2 1 1 6887 3321 5585
10844 2 2 1 1 5586 3322 3303
10845 2 2 1 1 3327 3325 7014
10846 2 2 1 1 513 5588 3329
10847 2 2 1 1 5587 3327 5589
10848 2 2 1 1 2042 3323 7409
10849 2 2 1 1 718 5592 3336
10850 2 2 1 1 5593 3336 3287
10851 2 2 1 1 3957 3956 3339
10852 2 2 1 1 833 5594 3341
10853 2 2 1 1 5595 3957 7297
10854 2 2 1 1 5596 3295 3312
10855 2 2 1 1 715 5373 5597
10856 2 2 1 1 5598 3345 6921
10857 2 2 1 1 6922 6221 4558
10858 2 2 1 1 5598 3347 3959
10859 2 2 1 1 5549 3253 5599
10860 2 2 1 1 505 3350 5600
10861 2 2 1 1 6927 3351 5601
10862 2 2 1 1 3960 3352 5602
10863 2 2 1 1 5603 6933 6934
10864 2 2 1 1 6930 3353 5604
10865 2 2 1 1 472 3358 3360
10866 2 2 1 1 473 3359 3361
10867 2 2 1 1 473 3361 3363
10868 2 2 1 1 472 3360 3365
10869 2 2 1 1 478 3362 3366
10870 2 2 1 1 473 3363 3368
10871 2 2 1 1 6965 5605 3370
10872 2 2 1 1 434 3364 3371
10873 2 2 1 1 6938 3365 3369
10874 2 2 1 1 3373 3372 398
10875 2 2 1 1 3372 434 3374
10876 2 2 1 1 433 3373 3376
10877 2 2 1 1 3374 434 3371
10878 2 2 1 1 396 5606 6942
10879 2 2 1 1 410 435 5607
10880 2 2 1 1 3378 3377 356
10881 2 2 1 1 5608 396 3378
10882 2 2 1 1 433 3376 3381
10883 2 2 1 1 3383 3382 385
10884 2 2 1 1 385 3382 3384
10885 2 2 1 1 5609 3375 3385
10886 2 2 1 1 385 3384 3094
10887 2 2 1 1 5611 3383 3247
10888 2 2 1 1 5607 435 3367
10889 2 2 1 1 3388 478 3366
10890 2 2 1 1 5613 5612 5616
10891 2 2 1 1 3390 3389 535
10892 2 2 1 1 535 3389 3391
10893 2 2 1 1 3390 535 3392
10894 2 2 1 1 5643 410 5613
10895 2 2 1 1 5614 4789 327
10896 2 2 1 1 3386 3393 345
10897 2 2 1 1 5620 5616 5615
10898 2 2 1 1 5607 6948 5613
10899 2 2 1 1 422 457 5617
10900 2 2 1 1 5617 457 5618
10901 2 2 1 1 5619 429 390
10902 2 2 1 1 457 5620 5618
10903 2 2 1 1 469 500 5621
10904 2 2 1 1 5621 500 5622
10905 2 2 1 1 469 514 481
10906 2 2 1 1 390 429 5624
10907 2 2 1 1 5619 390 382
10908 2 2 1 1 5622 500 3392
10909 2 2 1 1 3395 3394 584
10910 2 2 1 1 584 3394 3396
10911 2 2 1 1 584 3396 3397
10912 2 2 1 1 548 3395 3399
10913 2 2 1 1 3401 3400 576
10914 2 2 1 1 481 514 5625
10915 2 2 1 1 5626 481 441
10916 2 2 1 1 441 481 451
10917 2 2 1 1 3961 7299 5628
10918 2 2 1 1 596 3398 3404
10919 2 2 1 1 5629 6959 6961
10920 2 2 1 1 433 3381 3370
10921 2 2 1 1 548 3399 3400
10922 2 2 1 1 5630 3276 3340
10923 2 2 1 1 821 3406 3407
10924 2 2 1 1 3962 7300 5631
10925 2 2 1 1 3963 7301 5632
10926 2 2 1 1 602 5633 6897
10927 2 2 1 1 618 3409 5634
10928 2 2 1 1 6976 3410 5635
10929 2 2 1 1 5638 663 5636
10930 2 2 1 1 6055 6982 3412
10931 2 2 1 1 7533 5638 6990
10932 2 2 1 1 632 5648 5639
10933 2 2 1 1 5640 3419 5660
10934 2 2 1 1 7786 3964 3422
10935 2 2 1 1 3966 3965 3424
10936 2 2 1 1 5647 6991 5641
10937 2 2 1 1 3968 3967 3348
10938 2 2 1 1 833 3341 3431
10939 2 2 1 1 7737 3970 3433
10940 2 2 1 1 3377 382 5644
10941 2 2 1 1 5644 382 5645
10942 2 2 1 1 5645 382 390
10943 2 2 1 1 3434 3401 576
10944 2 2 1 1 596 3404 5646
10945 2 2 1 1 675 5647 3437
10946 2 2 1 1 5648 3403 3415
10947 2 2 1 1 3966 3424 3972
10948 2 2 1 1 5649 529 495
10949 2 2 1 1 5516 125 5650
10950 2 2 1 1 192 3153 5651
10951 2 2 1 1 105 116 96
10952 2 2 1 1 105 96 88
10953 2 2 1 1 88 96 79
10954 2 2 1 1 105 88 97
10955 2 2 1 1 79 96 90
10956 2 2 1 1 88 79 72
10957 2 2 1 1 97 88 82
10958 2 2 1 1 5652 97 114
10959 2 2 1 1 79 90 73
10960 2 2 1 1 385 3093 3387
10961 2 2 1 1 139 157 133
10962 2 2 1 1 3975 7307 5653
10963 2 2 1 1 5655 7201 3976
10964 2 2 1 1 288 7201 5655
10965 2 2 1 1 198 3173 3143
10966 2 2 1 1 7747 3978 3446
10967 2 2 1 1 213 5656 3448
10968 2 2 1 1 3980 3979 3248
10969 2 2 1 1 144 159 139
10970 2 2 1 1 7134 3450 3449
10971 2 2 1 1 126 106 110
10972 2 2 1 1 110 106 94
10973 2 2 1 1 94 106 91
10974 2 2 1 1 110 94 99
10975 2 2 1 1 91 106 102
10976 2 2 1 1 94 91 75
10977 2 2 1 1 5642 3429 5657
10978 2 2 1 1 131 110 119
10979 2 2 1 1 7529 148 3565
10980 2 2 1 1 240 7124 7805
10981 2 2 1 1 106 120 102
10982 2 2 1 1 102 120 117
10983 2 2 1 1 117 120 139
10984 2 2 1 1 102 117 98
10985 2 2 1 1 98 117 115
10986 2 2 1 1 102 98 83
10987 2 2 1 1 3982 3981 3455
10988 2 2 1 1 297 3985 3984
10989 2 2 1 1 5652 114 7027
10990 2 2 1 1 3457 7027 114
10991 2 2 1 1 261 3988 3987
10992 2 2 1 1 3192 3453 7529
10993 2 2 1 1 139 133 117
10994 2 2 1 1 107 90 96
10995 2 2 1 1 685 3436 3462
10996 2 2 1 1 3462 730 2709
10997 2 2 1 1 7034 5659 2713
10998 2 2 1 1 3437 3420 5660
10999 2 2 1 1 696 727 748
11000 2 2 1 1 748 727 779
11001 2 2 1 1 696 748 729
11002 2 2 1 1 748 779 811
11003 2 2 1 1 729 748 782
11004 2 2 1 1 811 779 839
11005 2 2 1 1 748 811 782
11006 2 2 1 1 811 839 871
11007 2 2 1 1 782 811 847
11008 2 2 1 1 871 839 896
11009 2 2 1 1 811 871 847
11010 2 2 1 1 871 896 961
11011 2 2 1 1 617 643 672
11012 2 2 1 1 515 5201 5661
11013 2 2 1 1 3990 3989 3464
11014 2 2 1 1 7316 3991 3466
11015 2 2 1 1 5662 3993 7315
11016 2 2 1 1 1480 7314 3994
11017 2 2 1 1 3996 3995 3471
11018 2 2 1 1 3998 3997 3473
11019 2 2 1 1 1480 3994 4000
11020 2 2 1 1 5663 4001 7320
11021 2 2 1 1 1424 3996 4002
11022 2 2 1 1 5664 4003 7322
11023 2 2 1 1 4005 4004 2601
11024 2 2 1 1 4007 4006 3482
11025 2 2 1 1 1338 5665 3484
11026 2 2 1 1 1322 3483 3485
11027 2 2 1 1 1338 3484 4008
11028 2 2 1 1 1322 3485 3488
11029 2 2 1 1 1300 5667 5668
11030 2 2 1 1 1322 3488 3489
11031 2 2 1 1 1266 5669 1238
11032 2 2 1 1 5670 3489 7052
11033 2 2 1 1 5671 5675 1238
11034 2 2 1 1 1266 1238 5672
11035 2 2 1 1 3490 3491 5673
11036 2 2 1 1 1180 5674 1213
11037 2 2 1 1 1180 1213 1146
11038 2 2 1 1 1146 1213 1187
11039 2 2 1 1 1187 1213 1243
11040 2 2 1 1 1146 1187 1118
11041 2 2 1 1 1118 1187 1162
11042 2 2 1 1 1243 1213 5675
11043 2 2 1 1 1162 1187 1224
11044 2 2 1 1 1118 1162 1097
11045 2 2 1 1 5677 1162 1139
11046 2 2 1 1 1187 1243 1224
11047 2 2 1 1 1224 1243 1279
11048 2 2 1 1 1307 1269 5678
11049 2 2 1 1 1279 1307 1333
11050 2 2 1 1 1162 1224 1198
11051 2 2 1 1 1224 1279 1255
11052 2 2 1 1 1255 1279 1312
11053 2 2 1 1 1224 1255 1198
11054 2 2 1 1 1198 1255 1236
11055 2 2 1 1 1312 1279 1333
11056 2 2 1 1 1312 1333 1367
11057 2 2 1 1 1255 1312 1294
11058 2 2 1 1 576 2716 3434
11059 2 2 1 1 1065 1155 7189
11060 2 2 1 1 1065 1070 1158
11061 2 2 1 1 1008 1070 1065
11062 2 2 1 1 1158 1070 1166
11063 2 2 1 1 941 1008 5105
11064 2 2 1 1 1014 941 914
11065 2 2 1 1 5105 1008 1065
11066 2 2 1 1 914 941 865
11067 2 2 1 1 1158 1166 1251
11068 2 2 1 1 1260 1166 1176
11069 2 2 1 1 1323 1260 1214
11070 2 2 1 1 1214 1260 1176
11071 2 2 1 1 1260 1251 1166
11072 2 2 1 1 1249 1323 1214
11073 2 2 1 1 1249 1214 1190
11074 2 2 1 1 1361 1323 1289
11075 2 2 1 1 1190 1214 1149
11076 2 2 1 1 1249 1190 1230
11077 2 2 1 1 1289 1323 1249
11078 2 2 1 1 1149 1214 1176
11079 2 2 1 1 1230 1190 1173
11080 2 2 1 1 1149 1176 1113
11081 2 2 1 1 1173 1190 1127
11082 2 2 1 1 1230 1173 1212
11083 2 2 1 1 1113 1176 1166
11084 2 2 1 1 1127 1190 1149
11085 2 2 1 1 1212 1173 1147
11086 2 2 1 1 1127 1149 1096
11087 2 2 1 1 1147 1173 1108
11088 2 2 1 1 1096 1149 1113
11089 2 2 1 1 1127 1096 1071
11090 2 2 1 1 1108 1173 1127
11091 2 2 1 1 1096 1113 1054
11092 2 2 1 1 1071 1096 1032
11093 2 2 1 1 1108 1127 1071
11094 2 2 1 1 1054 1113 1081
11095 2 2 1 1 1032 1096 1054
11096 2 2 1 1 1108 1071 1050
11097 2 2 1 1 1081 1113 1166
11098 2 2 1 1 1032 1054 992
11099 2 2 1 1 1050 1071 1012
11100 2 2 1 1 992 1054 1014
11101 2 2 1 1 1032 992 965
11102 2 2 1 1 1012 1071 1032
11103 2 2 1 1 1014 1054 1081
11104 2 2 1 1 965 992 906
11105 2 2 1 1 1014 1081 1070
11106 2 2 1 1 1014 1070 1008
11107 2 2 1 1 1070 1081 1166
11108 2 2 1 1 1014 1008 941
11109 2 2 1 1 992 914 906
11110 2 2 1 1 992 1014 914
11111 2 2 1 1 906 914 854
11112 2 2 1 1 1289 1249 1230
11113 2 2 1 1 1289 1230 1297
11114 2 2 1 1 1297 1230 1212
11115 2 2 1 1 1289 1297 1377
11116 2 2 1 1 1297 1212 1250
11117 2 2 1 1 1289 1377 1361
11118 2 2 1 1 1250 1212 1191
11119 2 2 1 1 1377 1340 1394
11120 2 2 1 1 1250 1191 1234
11121 2 2 1 1 1394 1486 1463
11122 2 2 1 1 1377 1394 1463
11123 2 2 1 1 1361 1463 1462
11124 2 2 1 1 1234 1191 1175
11125 2 2 1 1 1250 1234 1299
11126 2 2 1 1 1175 1191 1129
11127 2 2 1 1 1234 1175 1222
11128 2 2 1 1 1299 1234 1272
11129 2 2 1 1 1129 1191 1147
11130 2 2 1 1 1222 1175 1161
11131 2 2 1 1 1234 1222 1272
11132 2 2 1 1 1147 1191 1212
11133 2 2 1 1 1161 1175 1116
11134 2 2 1 1 1116 1175 1129
11135 2 2 1 1 1161 1116 1107
11136 2 2 1 1 1161 1107 1153
11137 2 2 1 1 1153 1107 1098
11138 2 2 1 1 1227 1153 1195
11139 2 2 1 1 1195 1153 5679
11140 2 2 1 1 1222 1227 1277
11141 2 2 1 1 1272 1222 1277
11142 2 2 1 1 7189 5105 1065
11143 2 2 1 1 1158 1251 1244
11144 2 2 1 1 1244 1251 1383
11145 2 2 1 1 1383 1251 1392
11146 2 2 1 1 1244 1383 1274
11147 2 2 1 1 1392 1251 1260
11148 2 2 1 1 1383 1392 1470
11149 2 2 1 1 1274 1383 1441
11150 2 2 1 1 1441 1383 1516
11151 2 2 1 1 1401 1392 1260
11152 2 2 1 1 1401 1260 1323
11153 2 2 1 1 1470 1516 1383
11154 2 2 1 1 1589 1516 1470
11155 2 2 1 1 1597 1589 1470
11156 2 2 1 1 1597 1470 1504
11157 2 2 1 1 5061 1649 1597
11158 2 2 1 1 1504 5061 1597
11159 2 2 1 1 1504 1401 1462
11160 2 2 1 1 914 865 854
11161 2 2 1 1 1244 1274 7439
11162 2 2 1 1 941 5105 5039
11163 2 2 1 1 941 837 865
11164 2 2 1 1 837 807 865
11165 2 2 1 1 837 941 5039
11166 2 2 1 1 837 7541 744
11167 2 2 1 1 7541 667 658
11168 2 2 1 1 658 667 5031
11169 2 2 1 1 7541 658 744
11170 2 2 1 1 744 658 639
11171 2 2 1 1 639 658 564
11172 2 2 1 1 564 468 454
11173 2 2 1 1 1050 1012 988
11174 2 2 1 1 988 1012 943
11175 2 2 1 1 1050 988 1031
11176 2 2 1 1 943 1012 965
11177 2 2 1 1 988 943 917
11178 2 2 1 1 1031 988 5762
11179 2 2 1 1 965 1012 1032
11180 2 2 1 1 943 965 900
11181 2 2 1 1 900 965 906
11182 2 2 1 1 917 943 879
11183 2 2 1 1 879 943 900
11184 2 2 1 1 917 879 858
11185 2 2 1 1 5681 879 841
11186 2 2 1 1 917 858 886
11187 2 2 1 1 888 2366 5682
11188 2 2 1 1 7057 3492 5683
11189 2 2 1 1 4010 7739 5685
11190 2 2 1 1 7327 5686 4012
11191 2 2 1 1 845 4010 7329
11192 2 2 1 1 4015 4014 3446
11193 2 2 1 1 7746 7329 6023
11194 2 2 1 1 5687 3507 3451
11195 2 2 1 1 798 7464 5688
11196 2 2 1 1 4018 4017 3511
11197 2 2 1 1 4020 4019 3464
11198 2 2 1 1 891 4016 4022
11199 2 2 1 1 869 4011 4024
11200 2 2 1 1 1516 1541 1441
11201 2 2 1 1 1344 3655 4026
11202 2 2 1 1 1182 1122 1154
11203 2 2 1 1 1328 1288 1182
11204 2 2 1 1 1182 1288 1189
11205 2 2 1 1 1189 1288 1298
11206 2 2 1 1 1425 1288 1328
11207 2 2 1 1 1387 1288 1425
11208 2 2 1 1 1298 1288 1387
11209 2 2 1 1 1535 1387 1517
11210 2 2 1 1 1517 1387 1425
11211 2 2 1 1 1595 1645 1517
11212 2 2 1 1 4937 1535 1645
11213 2 2 1 1 1645 1535 1517
11214 2 2 1 1 1645 1595 1639
11215 2 2 1 1 7853 1595 1425
11216 2 2 1 1 1595 1517 1425
11217 2 2 1 1 1298 1387 1354
11218 2 2 1 1 1387 1535 1453
11219 2 2 1 1 1354 1387 1453
11220 2 2 1 1 3992 1453 1535
11221 2 2 1 1 1160 7470 7159
11222 2 2 1 1 1552 1572 1727
11223 2 2 1 1 1672 1552 4925
11224 2 2 1 1 1425 1328 7849
11225 2 2 1 1 5098 1088 1042
11226 2 2 1 1 1042 1088 3516
11227 2 2 1 1 1062 1128 1028
11228 2 2 1 1 1028 964 949
11229 2 2 1 1 1062 1028 1002
11230 2 2 1 1 949 964 898
11231 2 2 1 1 1028 949 1002
11232 2 2 1 1 898 964 916
11233 2 2 1 1 949 898 887
11234 2 2 1 1 1002 949 940
11235 2 2 1 1 898 916 853
11236 2 2 1 1 949 887 940
11237 2 2 1 1 1002 940 991
11238 2 2 1 1 853 916 872
11239 2 2 1 1 940 887 878
11240 2 2 1 1 991 940 928
11241 2 2 1 1 853 872 815
11242 2 2 1 1 940 878 928
11243 2 2 1 1 815 872 825
11244 2 2 1 1 887 898 840
11245 2 2 1 1 840 898 853
11246 2 2 1 1 991 928 981
11247 2 2 1 1 981 928 920
11248 2 2 1 1 991 981 1040
11249 2 2 1 1 1647 5207 1593
11250 2 2 1 1 740 2350 3235
11251 2 2 1 1 714 7497 5690
11252 2 2 1 1 1063 1116 1073
11253 2 2 1 1 1073 1116 1129
11254 2 2 1 1 1063 1073 1011
11255 2 2 1 1 1805 1830 1787
11256 2 2 1 1 938 3729 4028
11257 2 2 1 1 922 4031 4030
11258 2 2 1 1 938 4028 4033
11259 2 2 1 1 922 4030 4035
11260 2 2 1 1 902 4038 4037
11261 2 2 1 1 922 4035 4040
11262 2 2 1 1 957 4043 4042
11263 2 2 1 1 902 4037 4045
11264 2 2 1 1 5691 4046 7331
11265 2 2 1 1 957 4042 4048
11266 2 2 1 1 4045 3530 4049
11267 2 2 1 1 957 4048 4051
11268 2 2 1 1 842 7333 4052
11269 2 2 1 1 946 4055 4054
11270 2 2 1 1 957 4051 4057
11271 2 2 1 1 842 4052 4059
11272 2 2 1 1 922 4040 4060
11273 2 2 1 1 5692 3540 4690
11274 2 2 1 1 5693 3541 4691
11275 2 2 1 1 900 841 879
11276 2 2 1 1 5681 841 804
11277 2 2 1 1 207 6255 134
11278 2 2 1 1 7496 207 278
11279 2 2 1 1 6003 134 6255
11280 2 2 1 1 6003 67 64
11281 2 2 1 1 64 67 7166
11282 2 2 1 1 30 41 4905
11283 2 2 1 1 47 41 30
11284 2 2 1 1 6003 64 109
11285 2 2 1 1 41 47 64
11286 2 2 1 1 24 30 18
11287 2 2 1 1 47 30 24
11288 2 2 1 1 11 17 4881
11289 2 2 1 1 18 17 11
11290 2 2 1 1 18 13 24
11291 2 2 1 1 13 18 11
11292 2 2 1 1 24 13 22
11293 2 2 1 1 22 13 985
11294 2 2 1 1 3 6 5786
11295 2 2 1 1 6 8 7
11296 2 2 1 1 16 4886 23
11297 2 2 1 1 16 10 12
11298 2 2 1 1 6 10 8
11299 2 2 1 1 28 23 20
11300 2 2 1 1 4133 4718 245
11301 2 2 1 1 31 28 20
11302 2 2 1 1 39 28 31
11303 2 2 1 1 48 39 36
11304 2 2 1 1 39 48 51
11305 2 2 1 1 45 48 36
11306 2 2 1 1 51 48 58
11307 2 2 1 1 36 39 31
11308 2 2 1 1 58 48 59
11309 2 2 1 1 36 31 29
11310 2 2 1 1 45 36 34
11311 2 2 1 1 59 48 45
11312 2 2 1 1 58 59 73
11313 2 2 1 1 34 36 29
11314 2 2 1 1 34 29 27
11315 2 2 1 1 29 31 20
11316 2 2 1 1 19 29 20
11317 2 2 1 1 29 19 21
11318 2 2 1 1 19 20 15
11319 2 2 1 1 278 207 264
11320 2 2 1 1 207 206 264
11321 2 2 1 1 173 206 138
11322 2 2 1 1 173 138 112
11323 2 2 1 1 169 173 112
11324 2 2 1 1 127 1540 112
11325 2 2 1 1 6003 109 134
11326 2 2 1 1 1540 169 112
11327 2 2 1 1 47 87 64
11328 2 2 1 1 134 109 138
11329 2 2 1 1 64 87 109
11330 2 2 1 1 134 138 206
11331 2 2 1 1 47 54 87
11332 2 2 1 1 54 47 24
11333 2 2 1 1 42 54 24
11334 2 2 1 1 42 24 22
11335 2 2 1 1 42 22 35
11336 2 2 1 1 42 35 52
11337 2 2 1 1 35 22 985
11338 2 2 1 1 33 25 4869
11339 2 2 1 1 25 35 985
11340 2 2 1 1 35 25 33
11341 2 2 1 1 16 4869 14
11342 2 2 1 1 38 33 26
11343 2 2 1 1 26 33 4869
11344 2 2 1 1 4869 16 26
11345 2 2 1 1 38 26 37
11346 2 2 1 1 26 16 23
11347 2 2 1 1 37 23 28
11348 2 2 1 1 37 26 23
11349 2 2 1 1 37 28 44
11350 2 2 1 1 44 28 39
11351 2 2 1 1 37 44 49
11352 2 2 1 1 44 39 51
11353 2 2 1 1 49 44 55
11354 2 2 1 1 37 49 38
11355 2 2 1 1 44 51 55
11356 2 2 1 1 38 49 60
11357 2 2 1 1 55 51 65
11358 2 2 1 1 60 49 61
11359 2 2 1 1 65 51 58
11360 2 2 1 1 61 49 55
11361 2 2 1 1 60 61 69
11362 2 2 1 1 61 55 71
11363 2 2 1 1 69 61 83
11364 2 2 1 1 38 60 43
11365 2 2 1 1 71 55 65
11366 2 2 1 1 60 69 74
11367 2 2 1 1 43 60 70
11368 2 2 1 1 71 65 75
11369 2 2 1 1 75 65 78
11370 2 2 1 1 78 65 58
11371 2 2 1 1 78 58 73
11372 2 2 1 1 78 73 90
11373 2 2 1 1 75 78 94
11374 2 2 1 1 74 69 84
11375 2 2 1 1 70 60 74
11376 2 2 1 1 84 69 83
11377 2 2 1 1 74 84 93
11378 2 2 1 1 70 74 86
11379 2 2 1 1 93 84 98
11380 2 2 1 1 74 93 86
11381 2 2 1 1 57 43 70
11382 2 2 1 1 86 93 103
11383 2 2 1 1 57 70 80
11384 2 2 1 1 80 70 86
11385 2 2 1 1 80 86 95
11386 2 2 1 1 89 80 95
11387 2 2 1 1 57 80 89
11388 2 2 1 1 68 57 89
11389 2 2 1 1 46 57 52
11390 2 2 1 1 46 52 35
11391 2 2 1 1 52 68 76
11392 2 2 1 1 42 52 63
11393 2 2 1 1 100 68 92
11394 2 2 1 1 52 76 63
11395 2 2 1 1 63 76 77
11396 2 2 1 1 77 76 108
11397 2 2 1 1 108 76 100
11398 2 2 1 1 42 63 54
11399 2 2 1 1 77 127 81
11400 2 2 1 1 54 63 77
11401 2 2 1 1 81 127 112
11402 2 2 1 1 77 81 54
11403 2 2 1 1 54 81 87
11404 2 2 1 1 87 81 112
11405 2 2 1 1 11 7 8
11406 2 2 1 1 11 8 13
11407 2 2 1 1 13 8 14
11408 2 2 1 1 985 13 14
11409 2 2 1 1 14 8 10
11410 2 2 1 1 207 134 206
11411 2 2 1 1 173 169 217
11412 2 2 1 1 169 165 217
11413 2 2 1 1 217 165 205
11414 2 2 1 1 205 165 176
11415 2 2 1 1 217 205 237
11416 2 2 1 1 217 237 271
11417 2 2 1 1 227 205 176
11418 2 2 1 1 254 237 227
11419 2 2 1 1 227 237 205
11420 2 2 1 1 237 254 284
11421 2 2 1 1 284 254 283
11422 2 2 1 1 283 254 252
11423 2 2 1 1 252 254 227
11424 2 2 1 1 284 283 313
11425 2 2 1 1 284 333 271
11426 2 2 1 1 284 271 237
11427 2 2 1 1 284 313 340
11428 2 2 1 1 340 313 347
11429 2 2 1 1 284 340 337
11430 2 2 1 1 337 340 373
11431 2 2 1 1 373 340 375
11432 2 2 1 1 375 340 347
11433 2 2 1 1 373 375 411
11434 2 2 1 1 375 347 376
11435 2 2 1 1 376 347 344
11436 2 2 1 1 344 347 311
11437 2 2 1 1 376 344 380
11438 2 2 1 1 311 347 313
11439 2 2 1 1 311 313 283
11440 2 2 1 1 311 283 280
11441 2 2 1 1 5694 311 280
11442 2 2 1 1 380 344 348
11443 2 2 1 1 376 380 413
11444 2 2 1 1 413 380 416
11445 2 2 1 1 416 380 378
11446 2 2 1 1 378 380 348
11447 2 2 1 1 378 348 357
11448 2 2 1 1 357 348 324
11449 2 2 1 1 357 324 338
11450 2 2 1 1 378 357 393
11451 2 2 1 1 416 378 417
11452 2 2 1 1 348 5694 304
11453 2 2 1 1 357 338 5695
11454 2 2 1 1 417 378 393
11455 2 2 1 1 417 393 5624
11456 2 2 1 1 417 441 451
11457 2 2 1 1 416 417 451
11458 2 2 1 1 6011 365 387
11459 2 2 1 1 7848 365 454
11460 2 2 1 1 365 7430 330
11461 2 2 1 1 330 7430 278
11462 2 2 1 1 330 278 298
11463 2 2 1 1 38 43 33
11464 2 2 1 1 33 43 46
11465 2 2 1 1 46 43 57
11466 2 2 1 1 33 46 35
11467 2 2 1 1 206 173 221
11468 2 2 1 1 206 221 258
11469 2 2 1 1 1540 127 108
11470 2 2 1 1 108 127 77
11471 2 2 1 1 1540 108 130
11472 2 2 1 1 1407 1428 1369
11473 2 2 1 1 165 1540 151
11474 2 2 1 1 2036 2033 2030
11475 2 2 1 1 5696 5161 1796
11476 2 2 1 1 684 692 642
11477 2 2 1 1 5697 642 619
11478 2 2 1 1 5676 3257 6802
11479 2 2 1 1 1918 1888 1891
11480 2 2 1 1 1294 1236 1255
11481 2 2 1 1 5190 2579 4063
11482 2 2 1 1 1744 1728 1691
11483 2 2 1 1 1112 1142 1192
11484 2 2 1 1 1192 1142 1218
11485 2 2 1 1 1264 2149 5699
11486 2 2 1 1 1947 1916 1924
11487 2 2 1 1 1376 3656 4065
11488 2 2 1 1 7687 4066 3422
11489 2 2 1 1 1087 1112 1164
11490 2 2 1 1 1164 1112 1192
11491 2 2 1 1 5700 1263 5754
11492 2 2 1 1 2017 2031 2014
11493 2 2 1 1 2031 7081 2040
11494 2 2 1 1 2017 2014 2003
11495 2 2 1 1 2031 2040 2027
11496 2 2 1 1 2003 2014 2000
11497 2 2 1 1 2027 2040 2037
11498 2 2 1 1 2000 2014 2010
11499 2 2 1 1 2000 2010 1993
11500 2 2 1 1 2002 2027 2024
11501 2 2 1 1 1993 2010 2002
11502 2 2 1 1 2000 1993 1980
11503 2 2 1 1 2002 2010 2027
11504 2 2 1 1 1980 1993 1971
11505 2 2 1 1 2027 2010 2031
11506 2 2 1 1 2031 2010 2014
11507 2 2 1 1 2024 2027 2037
11508 2 2 1 1 837 744 807
11509 2 2 1 1 1974 3545 2506
11510 2 2 1 1 848 2169 4938
11511 2 2 1 1 797 838 5701
11512 2 2 1 1 88 72 82
11513 2 2 1 1 5 4 4800
11514 2 2 1 1 7005 5843 15
11515 2 2 1 1 9 15 12
11516 2 2 1 1 4800 9 5
11517 2 2 1 1 4 5 3
11518 2 2 1 1 3 5 6
11519 2 2 1 1 6 5 10
11520 2 2 1 1 5786 6 7
11521 2 2 1 1 4 3 2
11522 2 2 1 1 4071 4070 3547
11523 2 2 1 1 4073 3548 4074
11524 2 2 1 1 6582 4796 5702
11525 2 2 1 1 1346 1293 1311
11526 2 2 1 1 1311 1293 1256
11527 2 2 1 1 1346 1311 1365
11528 2 2 1 1 1256 1293 1227
11529 2 2 1 1 2059 2058 2055
11530 2 2 1 1 1848 5703 5250
11531 2 2 1 1 61 71 83
11532 2 2 1 1 3551 188 3550
11533 2 2 1 1 179 3550 3553
11534 2 2 1 1 166 5704 5707
11535 2 2 1 1 201 3552 3555
11536 2 2 1 1 179 3553 5705
11537 2 2 1 1 7604 5706 3558
11538 2 2 1 1 166 5707 145
11539 2 2 1 1 201 3555 5708
11540 2 2 1 1 5709 3560 7084
11541 2 2 1 1 161 3558 3563
11542 2 2 1 1 161 3563 3565
11543 2 2 1 1 1909 5155 2504
11544 2 2 1 1 3457 5711 140
11545 2 2 1 1 1462 1512 1573
11546 2 2 1 1 1570 2520 3567
11547 2 2 1 1 1570 3567 3570
11548 2 2 1 1 7090 3568 5713
11549 2 2 1 1 1539 3569 5715
11550 2 2 1 1 5716 3571 3576
11551 2 2 1 1 7097 3573 5717
11552 2 2 1 1 5716 3576 5718
11553 2 2 1 1 1570 3570 2521
11554 2 2 1 1 1578 3579 3581
11555 2 2 1 1 1521 3580 3582
11556 2 2 1 1 4078 3572 4077
11557 2 2 1 1 7342 5720 4079
11558 2 2 1 1 4081 4080 3577
11559 2 2 1 1 1026 1087 1057
11560 2 2 1 1 5721 1087 1130
11561 2 2 1 1 1130 1087 1164
11562 2 2 1 1 1026 1057 995
11563 2 2 1 1 995 1057 1030
11564 2 2 1 1 1030 1057 5100
11565 2 2 1 1 1103 5721 1130
11566 2 2 1 1 2048 2050 2053
11567 2 2 1 1 784 820 858
11568 2 2 1 1 858 820 886
11569 2 2 1 1 2015 2005 5127
11570 2 2 1 1 7112 5722 3585
11571 2 2 1 1 599 3585 3188
11572 2 2 1 1 32 40 34
11573 2 2 1 1 1796 1754 5696
11574 2 2 1 1 689 2345 3205
11575 2 2 1 1 5723 3586 7115
11576 2 2 1 1 1198 1139 1162
11577 2 2 1 1 1522 1499 1566
11578 2 2 1 1 2435 1183 3587
11579 2 2 1 1 1860 7086 1827
11580 2 2 1 1 3591 3590 1145
11581 2 2 1 1 1145 3590 3593
11582 2 2 1 1 5724 3591 7121
11583 2 2 1 1 5725 1145 3624
11584 2 2 1 1 1108 1050 1094
11585 2 2 1 1 1094 1050 1031
11586 2 2 1 1 1108 1094 1147
11587 2 2 1 1 1094 1031 1073
11588 2 2 1 1 1147 1094 1129
11589 2 2 1 1 1129 1094 1073
11590 2 2 1 1 2049 4785 2038
11591 2 2 1 1 5697 674 684
11592 2 2 1 1 7084 5726 7123
11593 2 2 1 1 1142 1111 1218
11594 2 2 1 1 72 79 59
11595 2 2 1 1 91 102 83
11596 2 2 1 1 91 83 71
11597 2 2 1 1 807 854 865
11598 2 2 1 1 1818 1801 1773
11599 2 2 1 1 1773 1801 1758
11600 2 2 1 1 5727 1801 1790
11601 2 2 1 1 1773 1758 1729
11602 2 2 1 1 1729 1758 1707
11603 2 2 1 1 1917 4084 4083
11604 2 2 1 1 556 5483 3597
11605 2 2 1 1 261 3987 4086
11606 2 2 1 1 3600 5162 5729
11607 2 2 1 1 7456 2340 3455
11608 2 2 1 1 1428 1534 1461
11609 2 2 1 1 264 298 278
11610 2 2 1 1 1660 3704 4088
11611 2 2 1 1 1634 7861 4090
11612 2 2 1 1 1367 1347 1312
11613 2 2 1 1 542 495 529
11614 2 2 1 1 542 529 5730
11615 2 2 1 1 1074 961 1036
11616 2 2 1 1 3457 7128 5711
11617 2 2 1 1 5206 7858 5732
11618 2 2 1 1 5733 3581 3580
11619 2 2 1 1 1649 1646 1597
11620 2 2 1 1 895 2356 3604
11621 2 2 1 1 1681 1653 1707
11622 2 2 1 1 1637 1639 1595
11623 2 2 1 1 408 371 373
11624 2 2 1 1 1317 3664 4092
11625 2 2 1 1 4094 4093 2634
11626 2 2 1 1 21 27 29
11627 2 2 1 1 6014 1824 935
11628 2 2 1 1 5734 2343 7130
11629 2 2 1 1 5507 5743 128
11630 2 2 1 1 1246 1305 5758
11631 2 2 1 1 411 447 408
11632 2 2 1 1 1207 1261 1218
11633 2 2 1 1 809 751 5736
11634 2 2 1 1 1345 1217 1237
11635 2 2 1 1 97 82 5689
11636 2 2 1 1 875 2358 5737
11637 2 2 1 1 1401 1323 1361
11638 2 2 1 1 1361 1377 1463
11639 2 2 1 1 1361 1462 1401
11640 2 2 1 1 7859 7502 3608
11641 2 2 1 1 213 3448 4095
11642 2 2 1 1 1359 1493 1407
11643 2 2 1 1 277 1407 1369
11644 2 2 1 1 1292 277 1369
11645 2 2 1 1 4432 7855 5739
11646 2 2 1 1 723 671 654
11647 2 2 1 1 1345 1237 7336
11648 2 2 1 1 83 98 84
11649 2 2 1 1 603 5740 3166
11650 2 2 1 1 45 34 50
11651 2 2 1 1 1534 1523 1461
11652 2 2 1 1 968 1036 961
11653 2 2 1 1 1340 1377 1297
11654 2 2 1 1 1340 1297 1299
11655 2 2 1 1 1299 1297 1250
11656 2 2 1 1 847 851 809
11657 2 2 1 1 847 809 782
11658 2 2 1 1 782 5736 729
11659 2 2 1 1 3559 7854 5741
11660 2 2 1 1 822 2690 5742
11661 2 2 1 1 4097 4096 3538
11662 2 2 1 1 1638 1541 1589
11663 2 2 1 1 3613 3604 821
11664 2 2 1 1 1799 1822 1837
11665 2 2 1 1 1837 1822 1861
11666 2 2 1 1 1765 1720 1745
11667 2 2 1 1 217 276 221
11668 2 2 1 1 2467 7143 5744
11669 2 2 1 1 1168 3666 4098
11670 2 2 1 1 79 73 59
11671 2 2 1 1 53 66 62
11672 2 2 1 1 62 66 82
11673 2 2 1 1 53 62 50
11674 2 2 1 1 50 62 56
11675 2 2 1 1 53 50 40
11676 2 2 1 1 56 62 72
11677 2 2 1 1 50 56 45
11678 2 2 1 1 50 34 40
11679 2 2 1 1 1347 1294 1312
11680 2 2 1 1 1696 1698 5745
11681 2 2 1 1 1733 1707 1758
11682 2 2 1 1 1782 5151 1862
11683 2 2 1 1 1782 1862 1842
11684 2 2 1 1 1261 1292 1369
11685 2 2 1 1 1123 3661 4100
11686 2 2 1 1 450 494 438
11687 2 2 1 1 913 2364 5746
11688 2 2 1 1 1209 3653 4102
11689 2 2 1 1 5108 1351 5747
11690 2 2 1 1 1884 4105 4104
11691 2 2 1 1 5748 4106 7349
11692 2 2 1 1 1832 5749 5870
11693 2 2 1 1 1844 4109 4108
11694 2 2 1 1 1884 4112 4111
11695 2 2 1 1 1525 3812 4114
11696 2 2 1 1 889 862 927
11697 2 2 1 1 186 3447 3564
11698 2 2 1 1 1589 1597 1646
11699 2 2 1 1 641 690 645
11700 2 2 1 1 1769 3695 4116
11701 2 2 1 1 1119 1163 5751
11702 2 2 1 1 5752 1101 1059
11703 2 2 1 1 2377 3625 1039
11704 2 2 1 1 59 45 56
11705 2 2 1 1 4886 16 12
11706 2 2 1 1 1276 1337 5700
11707 2 2 1 1 5106 1231 5753
11708 2 2 1 1 5754 5724 1215
11709 2 2 1 1 849 900 906
11710 2 2 1 1 2020 2028 5126
11711 2 2 1 1 5843 19 15
11712 2 2 1 1 3692 2263 4117
11713 2 2 1 1 4119 4118 2257
11714 2 2 1 1 1861 1885 4363
11715 2 2 1 1 1919 1904 1885
11716 2 2 1 1 1885 1904 1868
11717 2 2 1 1 2053 2049 2048
11718 2 2 1 1 706 653 671
11719 2 2 1 1 777 3973 4121
11720 2 2 1 1 98 115 93
11721 2 2 1 1 494 538 479
11722 2 2 1 1 1388 1499 1417
11723 2 2 1 1 4945 1760 1733
11724 2 2 1 1 2038 2041 2048
11725 2 2 1 1 5755 3627 4728
11726 2 2 1 1 988 917 5762
11727 2 2 1 1 896 968 961
11728 2 2 1 1 1357 1340 1299
11729 2 2 1 1 75 91 71
11730 2 2 1 1 2058 2057 2055
11731 2 2 1 1 2055 2057 2054
11732 2 2 1 1 836 778 793
11733 2 2 1 1 904 847 871
11734 2 2 1 1 904 871 961
11735 2 2 1 1 5756 4122 7352
11736 2 2 1 1 7832 3628 5757
11737 2 2 1 1 7851 1997 5129
11738 2 2 1 1 1272 1357 1299
11739 2 2 1 1 2430 5078 5101
11740 2 2 1 1 5758 5753 1231
11741 2 2 1 1 2050 2054 2053
11742 2 2 1 1 538 536 479
11743 2 2 1 1 12 10 9
11744 2 2 1 1 3630 3516 1088
11745 2 2 1 1 605 5759 6287
11746 2 2 1 1 115 117 133
11747 2 2 1 1 1195 1256 1227
11748 2 2 1 1 5760 2393 7154
11749 2 2 1 1 4947 1815 5761
11750 2 2 1 1 1646 1638 1589
11751 2 2 1 1 5762 1011 1031
11752 2 2 1 1 1132 3755 4124
11753 2 2 1 1 403 408 450
11754 2 2 1 1 2021 2015 2006
11755 2 2 1 1 258 289 264
11756 2 2 1 1 27 32 34
11757 2 2 1 1 5763 907 5767
11758 2 2 1 1 1293 1277 1227
11759 2 2 1 1 4126 4125 3482
11760 2 2 1 1 1273 7849 1328
11761 2 2 1 1 1105 2407 5764
11762 2 2 1 1 468 7848 454
11763 2 2 1 1 5765 3659 7353
11764 2 2 1 1 90 99 78
11765 2 2 1 1 5767 5766 2710
11766 2 2 1 1 5763 5767 944
11767 2 2 1 1 114 5689 101
11768 2 2 1 1 1523 1566 1499
11769 2 2 1 1 264 206 258
11770 2 2 1 1 760 742 5768
11771 2 2 1 1 1183 2442 3588
11772 2 2 1 1 2032 2038 2039
11773 2 2 1 1 4128 4127 2427
11774 2 2 1 1 1036 1154 1122
11775 2 2 1 1 2057 2053 2054
11776 2 2 1 1 4133 4132 3599
11777 2 2 1 1 10 5 9
11778 2 2 1 1 427 454 365
11779 2 2 1 1 4134 7356 5769
11780 2 2 1 1 5744 5770 2468
11781 2 2 1 1 838 5771 820
11782 2 2 1 1 66 85 82
11783 2 2 1 1 1698 1647 5745
11784 2 2 1 1 148 5710 161
11785 2 2 1 1 1669 1649 5061
11786 2 2 1 1 5111 1303 5773
11787 2 2 1 1 5774 2390 7162
11788 2 2 1 1 790 807 744
11789 2 2 1 1 2039 2036 2030
11790 2 2 1 1 726 684 674
11791 2 2 1 1 640 2715 3435
11792 2 2 1 1 5775 157 5779
11793 2 2 1 1 5061 1504 1462
11794 2 2 1 1 1140 3750 4136
11795 2 2 1 1 4899 2156 2706
11796 2 2 1 1 5229 5776 2711
11797 2 2 1 1 3636 3602 1384
11798 2 2 1 1 3636 2446 1315
11799 2 2 1 1 86 103 95
11800 2 2 1 1 280 283 252
11801 2 2 1 1 3630 5752 1059
11802 2 2 1 1 1386 4139 4138
11803 2 2 1 1 1418 4142 4141
11804 2 2 1 1 1478 4144 4143
11805 2 2 1 1 5777 2636 1586
11806 2 2 1 1 4146 4145 2426
11807 2 2 1 1 4148 4147 2652
11808 2 2 1 1 944 4875 5785
11809 2 2 1 1 217 221 173
11810 2 2 1 1 276 258 221
11811 2 2 1 1 1466 1440 5099
11812 2 2 1 1 1507 1466 1456
11813 2 2 1 1 373 411 408
11814 2 2 1 1 82 72 62
11815 2 2 1 1 130 151 1540
11816 2 2 1 1 118 103 93
11817 2 2 1 1 905 936 897
11818 2 2 1 1 89 92 68
11819 2 2 1 1 3379 3385 398
11820 2 2 1 1 3639 3070 263
11821 2 2 1 1 158 135 5775
11822 2 2 1 1 280 304 5694
11823 2 2 1 1 3393 7168 345
11824 2 2 1 1 3079 3640 5434
11825 2 2 1 1 151 176 165
11826 2 2 1 1 338 5645 5695
11827 2 2 1 1 3133 5779 157
11828 2 2 1 1 68 100 76
11829 2 2 1 1 3378 7169 5608
11830 2 2 1 1 135 118 115
11831 2 2 1 1 100 130 108
11832 2 2 1 1 304 324 348
11833 2 2 1 1 1632 1657 1696
11834 2 2 1 1 3639 3640 259
11835 2 2 1 1 1707 1653 1678
11836 2 2 1 1 886 953 917
11837 2 2 1 1 1657 5729 1696
11838 2 2 1 1 271 276 217
11839 2 2 1 1 99 94 78
11840 2 2 1 1 1555 1608 5097
11841 2 2 1 1 1499 1461 1523
11842 2 2 1 1 2429 5780 1529
11843 2 2 1 1 1529 5096 1490
11844 2 2 1 1 804 784 5681
11845 2 2 1 1 1153 1098 5679
11846 2 2 1 1 3641 4906 5781
11847 2 2 1 1 1462 1463 1512
11848 2 2 1 1 818 4150 4149
11849 2 2 1 1 4152 4151 3349
11850 2 2 1 1 2105 5673 3491
11851 2 2 1 1 1468 2123 5782
11852 2 2 1 1 3638 4873 1557
11853 2 2 1 1 115 133 135
11854 2 2 1 1 4860 4862 2166
11855 2 2 1 1 330 427 365
11856 2 2 1 1 5783 5754 1215
11857 2 2 1 1 1073 1031 1011
11858 2 2 1 1 5784 3110 3085
11859 2 2 1 1 1868 4363 1885
11860 2 2 1 1 4520 4784 3150
11861 2 2 1 1 482 479 536
11862 2 2 1 1 56 72 59
11863 2 2 1 1 148 161 3565
11864 2 2 1 1 2934 3157 546
11865 2 2 1 1 115 118 93
11866 2 2 1 1 5785 5239 863
11867 2 2 1 1 3641 3600 1692
11868 2 2 1 1 5760 3631 3593
11869 2 2 1 1 330 298 364
11870 2 2 1 1 1541 1516 1589
11871 2 2 2 2 314 341 2060
11872 2 2 1 1 7848 387 365
11873 2 2 2 2 4797 246 2062
11874 2 2 2 2 246 233 2062
11875 2 2 2 2 319 2061 4806
11876 2 2 2 2 5787 2063 6597
11877 2 2 1 1 1257 5788 2066
11878 2 2 1 1 1313 5789 2067
11879 2 2 1 1 1247 5790 2069
11880 2 2 1 1 5791 2070 1157
11881 2 2 1 1 1373 5792 2072
11882 2 2 1 1 1341 5793 2075
11883 2 2 1 1 1291 5794 2077
11884 2 2 1 1 1283 5795 2078
11885 2 2 1 1 1408 4820 4877
11886 2 2 1 1 1239 5796 2080
11887 2 2 1 1 1308 5797 2081
11888 2 2 1 1 1265 5798 2083
11889 2 2 1 1 1172 5799 2085
11890 2 2 1 1 1233 5800 2087
11891 2 2 1 1 1205 5801 2089
11892 2 2 1 1 5802 2090 1382
11893 2 2 1 1 1270 5803 2091
11894 2 2 1 1 1302 5804 2093
11895 2 2 1 1 5805 2077 1262
11896 2 2 1 1 5805 1262 5806
11897 2 2 1 1 5808 5807 1304
11898 2 2 1 1 4155 5807 5808
11899 2 2 1 1 5809 2093 1327
11900 2 2 1 1 5809 1327 5810
11901 2 2 1 1 2098 5828 5811
11902 2 2 1 1 5812 2066 1228
11903 2 2 1 1 5812 1228 5813
11904 2 2 1 1 2100 5846 5814
11905 2 2 1 1 1221 1235 2101
11906 2 2 1 1 1316 1301 2102
11907 2 2 1 1 5735 3176 6692
11908 2 2 1 1 5816 2087 1268
11909 2 2 1 1 5816 1268 5817
11910 2 2 1 1 5138 3105 5489
11911 2 2 1 1 1204 1221 2105
11912 2 2 1 1 2105 1221 2101
11913 2 2 1 1 1368 2106 1355
11914 2 2 1 1 4902 4840 4156
11915 2 2 1 1 2108 4156 2107
11916 2 2 1 1 4844 1157 5818
11917 2 2 1 1 5819 1353 4874
11918 2 2 1 1 2112 5819 2111
11919 2 2 1 1 5820 1194 4856
11920 2 2 1 1 2114 5820 2113
11921 2 2 1 1 1089 1076 2115
11922 2 2 1 1 4849 1120 5821
11923 2 2 1 1 4851 1413 5823
11924 2 2 1 1 2079 1421 5824
11925 2 2 1 1 4854 1446 2120
11926 2 2 1 1 5486 3168 5772
11927 2 2 1 1 4855 1089 2122
11928 2 2 1 1 2122 1089 2115
11929 2 2 1 1 1468 1483 2123
11930 2 2 1 1 2073 1205 2089
11931 2 2 1 1 2124 2089 1171
11932 2 2 1 1 2124 2073 2089
11933 2 2 1 1 5826 1171 4903
11934 2 2 1 1 5827 2125 5866
11935 2 2 1 1 2113 4856 2125
11936 2 2 1 1 2082 1283 2078
11937 2 2 1 1 2126 2078 1309
11938 2 2 1 1 2126 2082 2078
11939 2 2 1 1 2127 5828 2098
11940 2 2 1 1 4160 5829 1344
11941 2 2 1 1 2065 1239 2080
11942 2 2 1 1 2128 2080 1208
11943 2 2 1 1 2128 2065 2080
11944 2 2 1 1 2129 5830 2114
11945 2 2 1 1 4163 5831 1168
11946 2 2 1 1 2129 4861 5830
11947 2 2 1 1 2092 1313 2067
11948 2 2 1 1 2130 2067 1339
11949 2 2 1 1 2130 2092 2067
11950 2 2 1 1 2131 5832 2112
11951 2 2 1 1 4158 5833 1376
11952 2 2 1 1 2131 4863 5832
11953 2 2 1 1 2070 1172 2085
11954 2 2 1 1 2132 2085 1131
11955 2 2 1 1 2132 2070 2085
11956 2 2 1 1 5834 1131 4901
11957 2 2 1 1 5835 2133 5864
11958 2 2 1 1 5853 1248 2134
11959 2 2 1 1 2134 1248 2104
11960 2 2 1 1 5821 1120 5838
11961 2 2 1 1 5839 2069 1280
11962 2 2 1 1 5839 1280 5840
11963 2 2 1 1 2136 5840 2096
11964 2 2 1 1 2090 1373 2072
11965 2 2 1 1 2137 2072 1405
11966 2 2 1 1 2137 2090 2072
11967 2 2 1 1 2137 1405 5841
11968 2 2 1 1 2107 2138 5842
11969 2 2 1 1 2107 4871 2138
11970 2 2 1 1 7855 3609 5739
11971 2 2 1 1 2139 1316 2102
11972 2 2 1 1 4822 1341 2075
11973 2 2 1 1 5844 1372 4902
11974 2 2 1 1 5845 2141 5865
11975 2 2 1 1 2111 4874 2141
11976 2 2 1 1 2076 1270 2091
11977 2 2 1 1 2142 2091 1242
11978 2 2 1 1 2142 2076 2091
11979 2 2 1 1 5846 1242 5814
11980 2 2 1 1 5847 2100 4835
11981 2 2 1 1 2143 5846 2100
11982 2 2 1 1 1413 5848 5849
11983 2 2 1 1 5823 1413 5849
11984 2 2 1 1 1076 1055 2145
11985 2 2 1 1 2115 1076 2145
11986 2 2 1 1 5850 2081 1282
11987 2 2 1 1 5850 1282 5851
11988 2 2 1 1 1446 1468 2147
11989 2 2 1 1 4891 4876 2143
11990 2 2 1 1 5852 5847 1209
11991 2 2 1 1 2101 1235 5853
11992 2 2 1 1 2149 2101 2134
11993 2 2 1 1 4852 1443 5854
11994 2 2 1 1 2138 4892 5855
11995 2 2 1 1 4892 2119 5856
11996 2 2 1 1 4157 5810 4863
11997 2 2 1 1 4158 7366 5833
11998 2 2 1 1 7366 4893 4157
11999 2 2 1 1 5857 1301 5850
12000 2 2 1 1 2152 5857 2146
12001 2 2 1 1 4159 5808 4857
12002 2 2 1 1 4160 7367 5829
12003 2 2 1 1 7367 4895 4159
12004 2 2 1 1 2121 1485 5859
12005 2 2 1 1 2144 4896 4161
12006 2 2 1 1 4896 2121 2154
12007 2 2 1 1 5817 1268 5861
12008 2 2 1 1 5862 4866 1317
12009 2 2 1 1 5863 1004 2156
12010 2 2 1 1 2145 1055 5863
12011 2 2 1 1 4162 5813 4861
12012 2 2 1 1 4163 7368 5831
12013 2 2 1 1 7368 4900 4162
12014 2 2 1 1 4850 1090 4164
12015 2 2 1 1 5835 5864 3662
12016 2 2 1 1 2133 3646 5864
12017 2 2 1 1 4841 1412 4165
12018 2 2 1 1 5845 5865 3657
12019 2 2 1 1 2141 3647 5865
12020 2 2 1 1 4870 1331 2139
12021 2 2 1 1 4845 1123 4166
12022 2 2 1 1 5827 5866 3667
12023 2 2 1 1 2125 3648 5866
12024 2 2 1 1 982 2162 4917
12025 2 2 1 1 2163 4926 831
12026 2 2 1 1 1732 4913 4914
12027 2 2 1 1 877 4830 4909
12028 2 2 1 1 2162 1023 5867
12029 2 2 1 1 5867 1023 2166
12030 2 2 1 1 899 4935 4887
12031 2 2 1 1 1815 5868 5761
12032 2 2 1 1 2165 1755 5869
12033 2 2 1 1 4167 4102 2170
12034 2 2 1 1 4169 4168 1177
12035 2 2 1 1 3650 2148 4167
12036 2 2 1 1 2157 4163 4170
12037 2 2 1 1 2173 4173 4172
12038 2 2 1 1 2173 3652 4173
12039 2 2 1 1 2151 4158 4174
12040 2 2 1 1 2175 4177 4176
12041 2 2 1 1 2175 3654 4177
12042 2 2 1 1 2159 4165 4178
12043 2 2 1 1 2177 4180 4179
12044 2 2 1 1 4180 4178 2176
12045 2 2 1 1 4182 4181 2178
12046 2 2 1 1 4184 4183 1467
12047 2 2 1 1 3658 2150 4182
12048 2 2 1 1 2158 4164 4186
12049 2 2 1 1 2181 4188 4187
12050 2 2 1 1 2181 3660 4188
12051 2 2 1 1 2153 4160 4189
12052 2 2 1 1 2183 4192 4191
12053 2 2 1 1 2183 3663 4192
12054 2 2 1 1 2161 4166 4193
12055 2 2 1 1 2185 4196 4195
12056 2 2 1 1 2185 3665 4196
12057 2 2 1 1 2188 1838 2186
12058 2 2 1 1 2187 2186 1816
12059 2 2 1 1 2187 2188 2186
12060 2 2 1 1 2186 1838 2189
12061 2 2 1 1 2190 2189 1800
12062 2 2 1 1 2190 2186 2189
12063 2 2 1 1 2187 1816 2191
12064 2 2 1 1 5870 2191 1832
12065 2 2 1 1 2192 2187 2191
12066 2 2 1 1 1800 2189 4956
12067 2 2 1 1 2191 1816 2194
12068 2 2 1 1 5871 2194 1791
12069 2 2 1 1 2195 2191 2194
12070 2 2 1 1 2194 1816 2196
12071 2 2 1 1 2197 2196 1772
12072 2 2 1 1 2197 2194 2196
12073 2 2 1 1 5871 1791 7485
12074 2 2 1 1 5872 5883 1807
12075 2 2 1 1 4951 2195 5873
12076 2 2 1 1 2196 1816 2190
12077 2 2 1 1 2200 2190 1800
12078 2 2 1 1 2200 2196 2190
12079 2 2 1 1 5872 1807 5874
12080 2 2 1 1 2202 2199 5875
12081 2 2 1 1 2203 4954 1757
12082 2 2 1 1 5874 1807 5876
12083 2 2 1 1 2205 5877 7339
12084 2 2 1 1 2205 5878 5877
12085 2 2 1 1 2206 4957 1725
12086 2 2 1 1 5876 1807 5879
12087 2 2 1 1 5880 4958 1786
12088 2 2 1 1 4955 2204 5881
12089 2 2 1 1 5879 1807 5883
12090 2 2 1 1 2210 2209 1764
12091 2 2 1 1 2210 5882 2209
12092 2 2 1 1 5884 5879 5883
12093 2 2 1 1 2211 7485 1791
12094 2 2 1 1 4961 2209 5884
12095 2 2 1 1 2211 1791 2212
12096 2 2 1 1 2213 2212 1748
12097 2 2 1 1 2213 2211 2212
12098 2 2 1 1 2212 1791 2197
12099 2 2 1 1 2214 2197 1772
12100 2 2 1 1 2214 2212 2197
12101 2 2 1 1 2213 1748 2215
12102 2 2 1 1 5885 2215 1719
12103 2 2 1 1 2216 2213 2215
12104 2 2 1 1 2214 1772 2206
12105 2 2 1 1 2217 2206 1725
12106 2 2 1 1 2217 2214 2206
12107 2 2 1 1 2215 1748 2218
12108 2 2 1 1 2219 2218 1697
12109 2 2 1 1 2219 2215 2218
12110 2 2 1 1 2217 1725 2220
12111 2 2 1 1 2218 2220 1697
12112 2 2 1 1 2218 2217 2220
12113 2 2 1 1 2219 1697 2221
12114 2 2 1 1 2222 2221 1668
12115 2 2 1 1 2222 2219 2221
12116 2 2 1 1 2223 4960 1677
12117 2 2 1 1 2221 1697 2224
12118 2 2 1 1 2225 2224 1642
12119 2 2 1 1 2225 2221 2224
12120 2 2 1 1 2222 1668 2226
12121 2 2 1 1 2227 2222 2226
12122 2 2 1 1 2223 1677 5887
12123 2 2 1 1 2226 1668 2228
12124 2 2 1 1 5888 2228 1631
12125 2 2 1 1 2229 2226 2228
12126 2 2 1 1 2228 1668 2230
12127 2 2 1 1 2231 2230 1610
12128 2 2 1 1 2231 2228 2230
12129 2 2 1 1 5888 1631 5889
12130 2 2 1 1 5890 4978 1662
12131 2 2 1 1 4977 2229 5891
12132 2 2 1 1 2230 1668 2225
12133 2 2 1 1 2234 2225 1642
12134 2 2 1 1 2234 2230 2225
12135 2 2 1 1 2231 1610 2235
12136 2 2 1 1 2236 2235 1583
12137 2 2 1 1 2236 2231 2235
12138 2 2 1 1 5889 1631 5892
12139 2 2 1 1 2234 1642 5895
12140 2 2 1 1 2235 1610 2239
12141 2 2 1 1 2240 2239 1561
12142 2 2 1 1 2240 2235 2239
12143 2 2 1 1 5892 1631 2236
12144 2 2 1 1 2241 2236 1583
12145 2 2 1 1 2241 2237 2236
12146 2 2 1 1 1561 2239 5004
12147 2 2 1 1 5885 1719 5896
12148 2 2 1 1 5897 2242 1741
12149 2 2 1 1 5898 4974 2227
12150 2 2 1 1 5886 5898 2227
12151 2 2 1 1 5897 1741 4197
12152 2 2 1 1 7383 5900 3671
12153 2 2 1 1 4989 2243 5901
12154 2 2 1 1 5899 5886 5902
12155 2 2 1 1 4198 7384 5903
12156 2 2 1 1 4990 2244 5904
12157 2 2 1 1 2245 4197 4199
12158 2 2 1 1 2249 4201 4200
12159 2 2 1 1 2249 3669 4201
12160 2 2 1 1 5902 5886 5905
12161 2 2 1 1 4202 5890 1662
12162 2 2 1 1 4991 2246 5906
12163 2 2 1 1 4203 3668 2247
12164 2 2 1 1 2251 4205 4204
12165 2 2 1 1 2251 3673 4205
12166 2 2 1 1 2249 4200 4207
12167 2 2 1 1 2253 4209 4208
12168 2 2 1 1 2253 3676 4209
12169 2 2 1 1 2251 4204 4211
12170 2 2 1 1 2255 4213 4212
12171 2 2 1 1 2255 3678 4213
12172 2 2 1 1 2252 4206 4214
12173 2 2 1 1 2257 4216 4119
12174 2 2 1 1 2257 3680 4216
12175 2 2 1 1 2254 4210 4218
12176 2 2 1 1 2259 4220 4219
12177 2 2 1 1 2259 3683 4220
12178 2 2 1 1 2255 4212 4222
12179 2 2 1 1 2256 4223 4215
12180 2 2 1 1 2256 3686 4223
12181 2 2 1 1 2258 4217 4224
12182 2 2 1 1 4225 2250 4202
12183 2 2 1 1 2261 3688 4225
12184 2 2 1 1 2260 4221 4227
12185 2 2 1 1 2263 4229 4228
12186 2 2 1 1 2263 3691 4229
12187 2 2 1 1 2261 5907 7391
12188 2 2 1 1 2262 4226 4231
12189 2 2 1 1 2267 4233 4232
12190 2 2 1 1 2267 3694 4233
12191 2 2 1 1 2264 5908 7170
12192 2 2 1 1 2268 2264 7173
12193 2 2 1 1 4235 4234 2269
12194 2 2 1 1 7393 3705 1660
12195 2 2 1 1 3697 2265 4235
12196 2 2 1 1 2266 4230 4236
12197 2 2 1 1 2271 4237 3859
12198 2 2 1 1 2271 3699 4237
12199 2 2 1 1 5893 4979 5911
12200 2 2 1 1 4238 4995 1576
12201 2 2 1 1 4994 2268 5910
12202 2 2 1 1 2269 4234 4239
12203 2 2 1 1 2275 4242 4241
12204 2 2 1 1 2275 3703 4242
12205 2 2 1 1 5909 5893 5911
12206 2 2 1 1 5912 4996 1556
12207 2 2 1 1 2273 4238 4243
12208 2 2 1 1 2274 4244 4240
12209 2 2 1 1 2274 3706 4244
12210 2 2 1 1 5911 4979 2241
12211 2 2 1 1 2279 2241 1583
12212 2 2 1 1 2279 2276 2241
12213 2 2 1 1 4246 4245 2280
12214 2 2 1 1 2281 4248 4247
12215 2 2 1 1 2281 3708 4248
12216 2 2 1 1 2279 1583 2282
12217 2 2 1 1 2283 2282 1537
12218 2 2 1 1 2283 2279 2282
12219 2 2 1 1 5914 5917 2284
12220 2 2 1 1 5915 113 1533
12221 2 2 1 1 5916 5914 2284
12222 2 2 1 1 2281 4247 4250
12223 2 2 1 1 2287 4252 4251
12224 2 2 1 1 2287 3712 4252
12225 2 2 1 1 2282 1583 2240
12226 2 2 1 1 2288 2240 1561
12227 2 2 1 1 2288 2282 2240
12228 2 2 1 1 2284 5917 5919
12229 2 2 1 1 5918 5912 1556
12230 2 2 1 1 2286 4249 4254
12231 2 2 1 1 2291 4256 4255
12232 2 2 1 1 2291 3714 4256
12233 2 2 1 1 5918 1556 2292
12234 2 2 1 1 2293 2292 1509
12235 2 2 1 1 2293 2289 2292
12236 2 2 1 1 2290 4253 4258
12237 2 2 1 1 4259 2294 3721
12238 2 2 1 1 2295 3717 4259
12239 2 2 1 1 4255 1530 7401
12240 2 2 1 1 4260 2296 3723
12241 2 2 1 1 2297 3720 4260
12242 2 2 1 1 2292 1556 2283
12243 2 2 1 1 2298 2283 1537
12244 2 2 1 1 2298 2292 2283
12245 2 2 1 1 5920 4997 2285
12246 2 2 1 1 5923 5915 1533
12247 2 2 1 1 5921 5920 2285
12248 2 2 1 1 7401 1530 4261
12249 2 2 1 1 4262 2300 3725
12250 2 2 1 1 2301 3722 4262
12251 2 2 1 1 2298 1537 2302
12252 2 2 1 1 2303 2302 1489
12253 2 2 1 1 2303 2298 2302
12254 2 2 1 1 5922 5000 1484
12255 2 2 1 1 4999 2299 5923
12256 2 2 1 1 2300 4261 4263
12257 2 2 1 1 2307 7408 4000
12258 2 2 1 1 7407 4263 2306
12259 2 2 1 1 1489 2302 5011
12260 2 2 1 1 2309 2293 1509
12261 2 2 1 1 2309 2304 2293
12262 2 2 1 1 2295 7845 3718
12263 2 2 1 1 7410 2295 5925
12264 2 2 1 1 1513 2308 5002
12265 2 2 1 1 2310 5926 2311
12266 2 2 1 1 2312 5927 1455
12267 2 2 1 1 2312 5928 5927
12268 2 2 1 1 2311 1506 5929
12269 2 2 1 1 2313 5922 1484
12270 2 2 1 1 5003 2311 5930
12271 2 2 1 1 2313 1484 2314
12272 2 2 1 1 2315 2314 1430
12273 2 2 1 1 2315 2313 2314
12274 2 2 1 1 2314 1484 2316
12275 2 2 1 1 2317 2316 1457
12276 2 2 1 1 2317 2314 2316
12277 2 2 1 1 2315 1430 2318
12278 2 2 1 1 5931 2318 1402
12279 2 2 1 1 2319 2315 2318
12280 2 2 1 1 2316 1484 2309
12281 2 2 1 1 2320 2309 1509
12282 2 2 1 1 2320 2316 2309
12283 2 2 1 1 2318 1430 2321
12284 2 2 1 1 2322 2321 1375
12285 2 2 1 1 2322 2318 2321
12286 2 2 1 1 2320 1509 2303
12287 2 2 1 1 2323 2303 1489
12288 2 2 1 1 2323 2320 2303
12289 2 2 1 1 2321 1430 2324
12290 2 2 1 1 2325 2324 1406
12291 2 2 1 1 2325 2321 2324
12292 2 2 1 1 2326 5009 1433
12293 2 2 1 1 2324 1430 2317
12294 2 2 1 1 2327 2317 1457
12295 2 2 1 1 2327 2324 2317
12296 2 2 1 1 2328 5010 1349
12297 2 2 1 1 1406 2327 5012
12298 2 2 1 1 1124 2167 5022
12299 2 2 1 1 5028 657 5932
12300 2 2 1 1 5933 2329 597
12301 2 2 1 1 2329 646 2330
12302 2 2 1 1 2331 2330 612
12303 2 2 1 1 2331 2329 2330
12304 2 2 1 1 2332 5035 665
12305 2 2 1 1 2331 612 2333
12306 2 2 1 1 2334 7313 562
12307 2 2 1 1 7313 2331 2333
12308 2 2 1 1 2335 5040 637
12309 2 2 1 1 2333 612 5937
12310 2 2 1 1 2337 2336 5935
12311 2 2 1 1 6197 2333 2336
12312 2 2 1 1 5937 612 2335
12313 2 2 1 1 5936 2335 637
12314 2 2 1 1 2338 2336 5937
12315 2 2 1 1 5936 637 2339
12316 2 2 1 1 5938 5047 603
12317 2 2 1 1 5044 2338 2339
12318 2 2 1 1 2339 637 2341
12319 2 2 1 1 2342 2341 655
12320 2 2 1 1 2342 7844 2341
12321 2 2 1 1 2341 637 5939
12322 2 2 1 1 655 5940 2343
12323 2 2 1 1 2344 739 5941
12324 2 2 1 1 720 5942 2347
12325 2 2 1 1 2346 769 5943
12326 2 2 1 1 2348 794 2349
12327 2 2 1 1 2350 2349 767
12328 2 2 1 1 2350 2348 2349
12329 2 2 1 1 2349 794 5944
12330 2 2 1 1 2351 827 2352
12331 2 2 1 1 2353 2352 792
12332 2 2 1 1 2353 2351 2352
12333 2 2 1 1 5945 2352 827
12334 2 2 1 1 5072 939 2355
12335 2 2 1 1 2355 939 2357
12336 2 2 1 1 2358 2357 913
12337 2 2 1 1 2358 2355 2357
12338 2 2 1 1 2357 939 5946
12339 2 2 1 1 2359 979 2360
12340 2 2 1 1 2361 2360 955
12341 2 2 1 1 2361 2359 2360
12342 2 2 1 1 2362 5077 1020
12343 2 2 1 1 2361 955 2363
12344 2 2 1 1 2364 2363 888
12345 2 2 1 1 2364 2361 2363
12346 2 2 1 1 2363 955 2365
12347 2 2 1 1 5947 2365 930
12348 2 2 1 1 2366 2363 2365
12349 2 2 1 1 2365 955 2367
12350 2 2 1 1 2368 2367 1000
12351 2 2 1 1 2368 2365 2367
12352 2 2 1 1 2367 955 2362
12353 2 2 1 1 2369 2362 1020
12354 2 2 1 1 2369 2367 2362
12355 2 2 1 1 2368 1000 2370
12356 2 2 1 1 5948 2370 977
12357 2 2 1 1 2371 2368 2370
12358 2 2 1 1 2370 1000 2372
12359 2 2 1 1 2373 2372 1039
12360 2 2 1 1 2373 2370 2372
12361 2 2 1 1 5948 977 5949
12362 2 2 1 1 2375 2374 5950
12363 2 2 1 1 5080 2371 5951
12364 2 2 1 1 2372 1000 2376
12365 2 2 1 1 2377 2376 1059
12366 2 2 1 1 2377 2372 2376
12367 2 2 1 1 5949 977 5952
12368 2 2 1 1 4264 7411 5953
12369 2 2 1 1 5081 2374 5954
12370 2 2 1 1 5955 2369 1020
12371 2 2 1 1 5957 5083 1022
12372 2 2 1 1 2382 2373 1039
12373 2 2 1 1 2382 2380 2373
12374 2 2 1 1 4265 7412 5958
12375 2 2 1 1 5084 2381 5959
12376 2 2 1 1 2386 5961 2385
12377 2 2 1 1 5962 4265 7414
12378 2 2 1 1 4266 5962 2387
12379 2 2 1 1 2390 2389 1083
12380 2 2 1 1 2390 2385 2389
12381 2 2 1 1 4268 5089 984
12382 2 2 1 1 5088 2387 4267
12383 2 2 1 1 2389 1022 2382
12384 2 2 1 1 2393 2382 1039
12385 2 2 1 1 2393 2389 2382
12386 2 2 1 1 7414 1003 4269
12387 2 2 1 1 7418 5963 3731
12388 2 2 1 1 2395 3730 5963
12389 2 2 1 1 5964 5085 2386
12390 2 2 1 1 5965 5964 2386
12391 2 2 1 1 5966 5969 2397
12392 2 2 1 1 5967 5091 1035
12393 2 2 1 1 5968 5966 2397
12394 2 2 1 1 7421 5969 4270
12395 2 2 1 1 7428 5092 1095
12396 2 2 1 1 4272 4271 2401
12397 2 2 1 1 4273 3738 970
12398 2 2 1 1 3734 2398 4272
12399 2 2 1 1 5970 4270 7425
12400 2 2 1 1 5971 5970 2403
12401 2 2 1 1 2401 4271 4275
12402 2 2 1 1 4276 2405 3741
12403 2 2 1 1 2406 3736 4276
12404 2 2 1 1 5972 5090 2396
12405 2 2 1 1 5973 5960 5087
12406 2 2 1 1 5974 5972 2396
12407 2 2 1 1 2405 4274 4278
12408 2 2 1 1 2409 4280 4279
12409 2 2 1 1 2409 3739 4280
12410 2 2 1 1 4281 7427 2400
12411 2 2 1 1 2409 4279 4283
12412 2 2 1 1 2412 4285 4284
12413 2 2 1 1 2412 3743 4285
12414 2 2 1 1 2411 4282 4287
12415 2 2 1 1 2414 4289 4288
12416 2 2 1 1 2414 3745 4289
12417 2 2 1 1 2412 4284 4291
12418 2 2 1 1 2416 4293 4292
12419 2 2 1 1 2416 3748 4293
12420 2 2 1 1 2413 4286 4294
12421 2 2 1 1 2418 4296 4295
12422 2 2 1 1 4296 4294 2417
12423 2 2 1 1 2415 4290 4298
12424 2 2 1 1 2420 4300 4299
12425 2 2 1 1 2420 3752 4300
12426 2 2 1 1 4301 5093 2410
12427 2 2 1 1 4302 7428 1095
12428 2 2 1 1 5094 2417 4301
12429 2 2 1 1 4297 1067 7433
12430 2 2 1 1 4303 2422 7434
12431 2 2 1 1 2423 7196 4303
12432 2 2 1 1 6013 1067 3746
12433 2 2 1 1 4304 2414 4288
12434 2 2 1 1 2424 3758 4304
12435 2 2 1 1 4146 2425 5976
12436 2 2 1 1 5977 7198 4305
12437 2 2 1 1 4306 4128 2427
12438 2 2 1 1 4307 7840 1177
12439 2 2 1 1 3760 2425 4306
12440 2 2 1 1 1077 1109 2430
12441 2 2 1 1 5104 1231 2431
12442 2 2 1 1 1240 5978 2433
12443 2 2 1 1 5112 1240 2434
12444 2 2 1 1 2432 1275 2436
12445 2 2 1 1 2437 2436 1252
12446 2 2 1 1 2437 2432 2436
12447 2 2 1 1 2434 1240 2433
12448 2 2 1 1 2438 2433 1223
12449 2 2 1 1 2438 2434 2433
12450 2 2 1 1 2436 1275 2439
12451 2 2 1 1 2440 2439 1315
12452 2 2 1 1 2440 2436 2439
12453 2 2 1 1 2438 1223 2441
12454 2 2 1 1 2442 2441 1160
12455 2 2 1 1 2442 2438 2441
12456 2 2 1 1 2439 1275 5979
12457 2 2 1 1 2440 1315 5980
12458 2 2 1 1 2441 1223 2444
12459 2 2 1 1 5981 2444 5122
12460 2 2 1 1 2445 2441 2444
12461 2 2 1 1 5980 1315 2446
12462 2 2 1 1 5982 2106 1319
12463 2 2 1 1 5982 1319 2448
12464 2 2 1 1 2448 1319 2160
12465 2 2 1 1 2450 5985 1285
12466 2 2 1 1 2450 5115 5985
12467 2 2 1 1 2450 1285 5986
12468 2 2 1 1 5987 5117 1220
12469 2 2 1 1 7673 5212 6103
12470 2 2 1 1 2443 2453 5999
12471 2 2 1 1 2443 2449 2453
12472 2 2 1 1 5990 4894 2152
12473 2 2 1 1 5991 5858 1241
12474 2 2 1 1 5992 5990 2152
12475 2 2 1 1 5991 1241 3651
12476 2 2 1 1 7444 5993 4169
12477 2 2 1 1 2455 3762 5993
12478 2 2 1 1 5987 1220 5994
12479 2 2 1 1 5119 2452 5987
12480 2 2 1 1 4309 4308 2458
12481 2 2 1 1 4311 4310 1140
12482 2 2 1 1 3763 2455 4309
12483 2 2 1 1 4312 3764 2459
12484 2 2 1 1 4136 4311 1140
12485 2 2 1 1 3765 2456 4312
12486 2 2 1 1 5120 1201 5995
12487 2 2 1 1 2453 2461 5999
12488 2 2 1 1 2444 1223 2437
12489 2 2 1 1 2462 2437 1252
12490 2 2 1 1 5122 2444 2437
12491 2 2 1 1 5981 1196 5996
12492 2 2 1 1 4124 7451 5997
12493 2 2 1 1 5123 2445 5998
12494 2 2 1 1 2462 1252 5999
12495 2 2 1 1 2465 5995 1201
12496 2 2 1 1 5124 2462 5999
12497 2 2 1 1 2465 1201 6000
12498 2 2 1 1 5997 6001 4313
12499 2 2 1 1 5133 5129 2467
12500 2 2 1 1 1853 6004 2471
12501 2 2 1 1 2470 1881 2472
12502 2 2 1 1 2473 2472 1879
12503 2 2 1 1 2473 2470 2472
12504 2 2 1 1 2471 1852 2474
12505 2 2 1 1 2475 2474 1817
12506 2 2 1 1 2475 2471 2474
12507 2 2 1 1 2476 5144 1910
12508 2 2 1 1 2474 1852 2477
12509 2 2 1 1 2478 2477 1814
12510 2 2 1 1 2478 2474 2477
12511 2 2 1 1 2477 1852 2479
12512 2 2 1 1 6007 2479 1847
12513 2 2 1 1 2480 2477 2479
12514 2 2 1 1 2479 1852 2473
12515 2 2 1 1 2481 2473 1879
12516 2 2 1 1 2481 2479 2473
12517 2 2 1 1 6007 1847 6008
12518 2 2 1 1 7145 2483 6010
12519 2 2 1 1 6008 1847 7001
12520 2 2 1 1 6012 2482 2484
12521 2 2 1 1 5148 2483 7453
12522 2 2 1 1 6015 5152 1877
12523 2 2 1 1 6575 6016 7001
12524 2 2 1 1 7839 4315 1812
12525 2 2 1 1 4316 6017 2490
12526 2 2 1 1 2492 2481 1879
12527 2 2 1 1 2492 2488 2481
12528 2 2 1 1 4318 7458 6018
12529 2 2 1 1 7203 2491 4317
12530 2 2 1 1 2492 1879 2495
12531 2 2 1 1 2496 2495 1908
12532 2 2 1 1 2496 2492 2495
12533 2 2 1 1 6019 4319 7220
12534 2 2 1 1 4116 2497 6020
12535 2 2 1 1 4319 7457 1774
12536 2 2 1 1 2495 1879 2476
12537 2 2 1 1 2499 2476 1910
12538 2 2 1 1 2499 2495 2476
12539 2 2 1 1 2496 1908 2500
12540 2 2 1 1 2501 5155 5203
12541 2 2 1 1 2499 1910 6022
12542 2 2 1 1 2500 1908 2503
12543 2 2 1 1 2504 2503 1936
12544 2 2 1 1 2504 2500 2503
12545 2 2 1 1 2502 1938 2505
12546 2 2 1 1 2503 2505 1936
12547 2 2 1 1 2503 2502 2505
12548 2 2 1 1 3507 4629 7066
12549 2 2 1 1 5156 2505 2469
12550 2 2 1 1 5167 1708 2507
12551 2 2 1 1 2507 1708 2509
12552 2 2 1 1 2510 2509 1704
12553 2 2 1 1 2510 2507 2509
12554 2 2 1 1 2509 1708 6024
12555 2 2 1 1 5169 1664 2512
12556 2 2 1 1 2512 1664 2508
12557 2 2 1 1 2514 2508 1659
12558 2 2 1 1 2514 2512 2508
12559 2 2 1 1 2513 1612 2515
12560 2 2 1 1 2516 2515 1570
12561 2 2 1 1 2516 2513 2515
12562 2 2 1 1 2514 1659 2517
12563 2 2 1 1 2518 2517 1609
12564 2 2 1 1 2518 2514 2517
12565 2 2 1 1 2515 1612 2519
12566 2 2 1 1 2520 2519 1567
12567 2 2 1 1 2520 2515 2519
12568 2 2 1 1 5171 1617 2516
12569 2 2 1 1 2517 1659 2522
12570 2 2 1 1 6026 2522 1655
12571 2 2 1 1 2523 2517 2522
12572 2 2 1 1 2519 1612 2518
12573 2 2 1 1 6027 2518 1609
12574 2 2 1 1 2524 2519 2518
12575 2 2 1 1 2522 1659 2510
12576 2 2 1 1 2525 2510 1704
12577 2 2 1 1 2525 2522 2510
12578 2 2 1 1 6026 1655 6028
12579 2 2 1 1 6029 7204 1606
12580 2 2 1 1 5174 2523 6030
12581 2 2 1 1 2525 1704 2528
12582 2 2 1 1 6031 2528 1700
12583 2 2 1 1 2529 2525 2528
12584 2 2 1 1 6028 1655 6032
12585 2 2 1 1 3798 7459 6033
12586 2 2 1 1 5176 2526 6034
12587 2 2 1 1 2528 1704 2532
12588 2 2 1 1 2533 2532 1746
12589 2 2 1 1 2533 2528 2532
12590 2 2 1 1 6031 1700 6035
12591 2 2 1 1 2530 6036 6033
12592 2 2 1 1 5177 2529 6037
12593 2 2 1 1 2532 1704 2511
12594 2 2 1 1 2535 2511 1749
12595 2 2 1 1 2535 2532 2511
12596 2 2 1 1 6035 1700 6038
12597 2 2 1 1 4320 7460 6039
12598 2 2 1 1 5178 2534 6040
12599 2 2 1 1 2535 1749 6041
12600 2 2 1 1 7007 5180 1743
12601 2 2 1 1 2538 1785 2541
12602 2 2 1 1 2542 2541 1781
12603 2 2 1 1 2542 2538 2541
12604 2 2 1 1 2543 2533 1746
12605 2 2 1 1 2543 2539 2533
12606 2 2 1 1 2541 1785 6044
12607 2 2 1 1 667 7541 5988
12608 2 2 1 1 2542 1781 2545
12609 2 2 1 1 2543 2545 1743
12610 2 2 1 1 2543 2542 2545
12611 2 2 1 1 2545 1781 2546
12612 2 2 1 1 2547 2546 1776
12613 2 2 1 1 2547 2545 2546
12614 2 2 1 1 2546 1781 2548
12615 2 2 1 1 2549 2548 1817
12616 2 2 1 1 2549 2546 2548
12617 2 2 1 1 2548 1781 2544
12618 2 2 1 1 2550 2544 1820
12619 2 2 1 1 2550 2548 2544
12620 2 2 1 1 2549 1817 2478
12621 2 2 1 1 6045 2478 1814
12622 2 2 1 1 2551 2549 2478
12623 2 2 1 1 2550 1820 6046
12624 2 2 1 1 6045 1814 6618
12625 2 2 1 1 2552 2487 6048
12626 2 2 1 1 5185 2552 7461
12627 2 2 1 1 7834 4321 4322
12628 2 2 1 1 2555 4324 4323
12629 2 2 1 1 2555 3771 4324
12630 2 2 1 1 2554 6051 6052
12631 2 2 1 1 5186 2554 6052
12632 2 2 1 1 4323 1739 4325
12633 2 2 1 1 4326 2557 3777
12634 2 2 1 1 2558 3774 4326
12635 2 2 1 1 1931 6006 7345
12636 2 2 1 1 5187 2556 7466
12637 2 2 1 1 2557 4325 4329
12638 2 2 1 1 2561 4331 4330
12639 2 2 1 1 2561 3775 4331
12640 2 2 1 1 6013 7433 1067
12641 2 2 1 1 4332 7468 2558
12642 2 2 1 1 2561 4330 4333
12643 2 2 1 1 2564 4335 4334
12644 2 2 1 1 4335 4333 2563
12645 2 2 1 1 7469 1694 4336
12646 2 2 1 1 2566 3780 7474
12647 2 2 1 1 4088 7478 6057
12648 2 2 1 1 3505 6023 7753
12649 2 2 1 1 2565 4336 4338
12650 2 2 1 1 2569 4340 4339
12651 2 2 1 1 2569 3782 4340
12652 2 2 1 1 2569 4339 4342
12653 2 2 1 1 2571 4344 4343
12654 2 2 1 1 2571 3785 4344
12655 2 2 1 1 2570 4341 4345
12656 2 2 1 1 2573 4348 4347
12657 2 2 1 1 2573 3787 4348
12658 2 2 1 1 2571 4343 4350
12659 2 2 1 1 2575 4352 4351
12660 2 2 1 1 2575 3790 4352
12661 2 2 1 1 2574 4349 4354
12662 2 2 1 1 2577 4356 4355
12663 2 2 1 1 2577 3792 4356
12664 2 2 1 1 6058 4351 7479
12665 2 2 1 1 4357 6058 2578
12666 2 2 1 1 4353 1601 4358
12667 2 2 1 1 4359 2580 3800
12668 2 2 1 1 2581 3795 4359
12669 2 2 1 1 4360 7484 6060
12670 2 2 1 1 4361 7487 6061
12671 2 2 1 1 7487 5191 4360
12672 2 2 1 1 7479 1604 6062
12673 2 2 1 1 3769 7213 1606
12674 2 2 1 1 5192 2578 4362
12675 2 2 1 1 4358 1601 3788
12676 2 2 1 1 7491 7492 4347
12677 2 2 1 1 2297 3799 7491
12678 2 2 1 1 6062 1604 6063
12679 2 2 1 1 7493 6064 3804
12680 2 2 1 1 2585 3801 6064
12681 2 2 1 1 4364 3793 2577
12682 2 2 1 1 2586 4366 4365
12683 2 2 1 1 2586 3802 4366
12684 2 2 1 1 2586 4365 4367
12685 2 2 1 1 2588 4369 4368
12686 2 2 1 1 4369 4367 2587
12687 2 2 1 1 4370 3797 2582
12688 2 2 1 1 2589 4372 4371
12689 2 2 1 1 2589 3806 4372
12690 2 2 1 1 2588 4368 4374
12691 2 2 1 1 2591 4376 4375
12692 2 2 1 1 2591 3809 4376
12693 2 2 1 1 2590 4373 4378
12694 2 2 1 1 2593 4380 4379
12695 2 2 1 1 2593 3811 4380
12696 2 2 1 1 6065 4375 7498
12697 2 2 1 1 2595 4381 7341
12698 2 2 1 1 4381 6065 2594
12699 2 2 1 1 2592 4377 4383
12700 2 2 1 1 2597 4385 4384
12701 2 2 1 1 2597 3814 4385
12702 2 2 1 1 4075 7499 6067
12703 2 2 1 1 5194 2594 4386
12704 2 2 1 1 4382 1519 3807
12705 2 2 1 1 4387 2589 4371
12706 2 2 1 1 2600 3818 4387
12707 2 2 1 1 2597 4384 4388
12708 2 2 1 1 2602 4390 4141
12709 2 2 1 1 2602 3820 4390
12710 2 2 1 1 4391 4114 2603
12711 2 2 1 1 4393 4392 1467
12712 2 2 1 1 3822 2598 4391
12713 2 2 1 1 4395 5196 1811
12714 2 2 1 1 5195 2490 4394
12715 2 2 1 1 6069 5147 2485
12716 2 2 1 1 7509 6070 4314
12717 2 2 1 1 2607 3825 6070
12718 2 2 1 1 4395 1811 3835
12719 2 2 1 1 4397 2608 4396
12720 2 2 1 1 2497 3826 4397
12721 2 2 1 1 6071 6073 2609
12722 2 2 1 1 4398 5198 1846
12723 2 2 1 1 6072 6071 2609
12724 2 2 1 1 7514 6073 4399
12725 2 2 1 1 7515 6074 3830
12726 2 2 1 1 2612 3827 6074
12727 2 2 1 1 2610 4398 4401
12728 2 2 1 1 4402 3833 1813
12729 2 2 1 1 3828 2610 4401
12730 2 2 1 1 6075 5150 2489
12731 2 2 1 1 6076 6075 2489
12732 2 2 1 1 2613 4400 4404
12733 2 2 1 1 2617 4406 4405
12734 2 2 1 1 2617 3831 4406
12735 2 2 1 1 2614 4402 4408
12736 2 2 1 1 2608 4410 4396
12737 2 2 1 1 2608 3834 4410
12738 2 2 1 1 2616 4403 4412
12739 2 2 1 1 2620 4414 4413
12740 2 2 1 1 2620 3836 4414
12741 2 2 1 1 2617 4405 4415
12742 2 2 1 1 2622 4418 4417
12743 2 2 1 1 2622 3839 4418
12744 2 2 1 1 4424 6078 1876
12745 2 2 1 1 2620 4413 4420
12746 2 2 1 1 2625 4423 4422
12747 2 2 1 1 2625 3842 4423
12748 2 2 1 1 7805 7124 5658
12749 2 2 1 1 2627 3844 6079
12750 2 2 1 1 243 5934 5469
12751 2 2 1 1 2630 4129 4131
12752 2 2 1 1 2629 6081 4427
12753 2 2 1 1 6083 4424 7527
12754 2 2 1 1 2632 6084 1909
12755 2 2 1 1 5778 1979 7503
12756 2 2 1 1 7525 4431 1930
12757 2 2 1 1 6087 3848 6085
12758 2 2 1 1 6088 5199 2615
12759 2 2 1 1 2501 6088 5154
12760 2 2 1 1 2632 1909 4094
12761 2 2 1 1 2635 2634 4432
12762 2 2 1 1 2635 3850 2634
12763 2 2 1 1 2636 1557 4883
12764 2 2 1 1 2625 4422 4434
12765 2 2 1 1 2638 4436 4435
12766 2 2 1 1 2638 3852 4436
12767 2 2 1 1 2637 4433 4438
12768 2 2 1 1 2640 4441 4440
12769 2 2 1 1 2640 3854 4441
12770 2 2 1 1 2638 4435 6090
12771 2 2 1 1 2621 6092 6091
12772 2 2 1 1 2270 7393 4445
12773 2 2 1 1 2271 4446 3700
12774 2 2 1 1 4446 4445 2642
12775 2 2 1 1 4447 6057 2567
12776 2 2 1 1 4068 7476 4803
12777 2 2 1 1 6086 3076 5441
12778 2 2 1 1 2420 4299 4449
12779 2 2 1 1 2645 4451 4450
12780 2 2 1 1 2645 3861 4451
12781 2 2 1 1 2644 4448 4452
12782 2 2 1 1 2647 4454 4453
12783 2 2 1 1 4454 4452 2646
12784 2 2 1 1 7542 6094 4455
12785 2 2 1 1 7543 6095 4456
12786 2 2 1 1 2649 3865 6095
12787 2 2 1 1 6096 4453 7544
12788 2 2 1 1 7149 3619 3620
12789 2 2 1 1 4457 6096 2650
12790 2 2 1 1 4458 4148 2652
12791 2 2 1 1 4460 4459 1064
12792 2 2 1 1 3866 2650 4458
12793 2 2 1 1 7545 987 4461
12794 2 2 1 1 7551 6097 3869
12795 2 2 1 1 2655 3868 6097
12796 2 2 1 1 6098 4461 7550
12797 2 2 1 1 2657 6099 6112
12798 2 2 1 1 6049 3578 6050
12799 2 2 1 1 3578 7104 6050
12800 2 2 1 1 4054 5213 946
12801 2 2 1 1 7239 2655 4462
12802 2 2 1 1 7550 987 6101
12803 2 2 1 1 5212 2656 6103
12804 2 2 1 1 7551 931 4463
12805 2 2 1 1 7555 6104 3874
12806 2 2 1 1 2663 3871 6104
12807 2 2 1 1 4464 3867 2653
12808 2 2 1 1 4465 4460 1064
12809 2 2 1 1 3872 2660 4464
12810 2 2 1 1 6105 4463 7557
12811 2 2 1 1 2666 6106 6114
12812 2 2 1 1 6053 6029 1606
12813 2 2 1 1 7555 881 6108
12814 2 2 1 1 4467 7558 6109
12815 2 2 1 1 6054 7780 2537
12816 2 2 1 1 6111 5211 2657
12817 2 2 1 1 5216 6111 2657
12818 2 2 1 1 6113 5219 822
12819 2 2 1 1 5217 2666 6114
12820 2 2 1 1 6108 881 6115
12821 2 2 1 1 7559 6116 3875
12822 2 2 1 1 5218 2667 6117
12823 2 2 1 1 2669 6118 2674
12824 2 2 1 1 2675 2674 867
12825 2 2 1 1 2675 2669 2674
12826 2 2 1 1 2670 6119 2676
12827 2 2 1 1 2677 2676 816
12828 2 2 1 1 2677 2670 2676
12829 2 2 1 1 6115 881 6120
12830 2 2 1 1 2678 6121 7133
12831 2 2 1 1 2674 6118 2679
12832 2 2 1 1 2680 2679 919
12833 2 2 1 1 2680 2674 2679
12834 2 2 1 1 2681 2675 867
12835 2 2 1 1 2681 2676 2675
12836 2 2 1 1 2677 816 2682
12837 2 2 1 1 2683 2682 773
12838 2 2 1 1 2683 2677 2682
12839 2 2 1 1 2679 6118 6122
12840 2 2 1 1 2661 2679 6122
12841 2 2 1 1 2680 919 2685
12842 2 2 1 1 2686 2685 861
12843 2 2 1 1 2686 2680 2685
12844 2 2 1 1 2682 816 2687
12845 2 2 1 1 2688 2687 762
12846 2 2 1 1 2688 2682 2687
12847 2 2 1 1 2683 773 2689
12848 2 2 1 1 6123 2689 780
12849 2 2 1 1 2690 2683 2689
12850 2 2 1 1 3991 2312 7719
12851 2 2 1 1 861 2685 5228
12852 2 2 1 1 6998 4554 6056
12853 2 2 1 1 2692 5221 812
12854 2 2 1 1 6126 2693 812
12855 2 2 1 1 2689 773 2694
12856 2 2 1 1 2695 2694 730
12857 2 2 1 1 2695 2689 2694
12858 2 2 1 1 2691 919 2696
12859 2 2 1 1 2697 2696 976
12860 2 2 1 1 2697 2691 2696
12861 2 2 1 1 2693 816 2681
12862 2 2 1 1 2692 2681 867
12863 2 2 1 1 2692 2693 2681
12864 2 2 1 1 2696 919 2684
12865 2 2 1 1 2698 2684 980
12866 2 2 1 1 2698 2696 2684
12867 2 2 1 1 2698 980 2699
12868 2 2 1 1 2700 5223 1034
12869 2 2 1 1 2700 2698 2699
12870 2 2 1 1 2699 980 3873
12871 2 2 1 1 5756 6128 4465
12872 2 2 1 1 2701 3876 6128
12873 2 2 1 1 850 5226 5230
12874 2 2 1 1 2702 855 6129
12875 2 2 1 1 6089 3072 5431
12876 2 2 1 1 969 5229 6131
12877 2 2 1 1 2704 6131 2697
12878 2 2 1 1 5231 5253 2705
12879 2 2 1 1 2706 2705 6133
12880 2 2 1 1 5231 2704 5253
12881 2 2 1 1 2694 773 2707
12882 2 2 1 1 2708 2707 719
12883 2 2 1 1 2708 2694 2707
12884 2 2 1 1 6974 3318 6880
12885 2 2 1 1 719 2707 5232
12886 2 2 1 1 2709 5233 680
12887 2 2 1 1 2710 4904 975
12888 2 2 1 1 5245 629 2712
12889 2 2 1 1 6068 6872 693
12890 2 2 1 1 2712 629 2714
12891 2 2 1 1 2715 2714 576
12892 2 2 1 1 2715 2712 2714
12893 2 2 1 1 2714 629 6136
12894 2 2 1 1 3300 6861 6077
12895 2 2 1 1 6138 1034 5757
12896 2 2 1 1 2705 2717 6133
12897 2 2 1 1 2705 6138 2717
12898 2 2 1 1 501 6139 2719
12899 2 2 1 1 3292 6850 6082
12900 2 2 1 1 5268 519 2720
12901 2 2 1 1 5270 497 6141
12902 2 2 1 1 6141 497 2723
12903 2 2 1 1 7326 3046 5427
12904 2 2 1 1 2718 521 2725
12905 2 2 1 1 2726 2725 507
12906 2 2 1 1 2726 2718 2725
12907 2 2 1 1 2719 477 2727
12908 2 2 1 1 2728 2727 455
12909 2 2 1 1 2728 2719 2727
12910 2 2 1 1 2723 497 2721
12911 2 2 1 1 2729 2721 474
12912 2 2 1 1 2729 2723 2721
12913 2 2 1 1 2729 474 2730
12914 2 2 1 1 2731 2730 432
12915 2 2 1 1 2731 2729 2730
12916 2 2 1 1 2730 474 2732
12917 2 2 1 1 2733 2732 455
12918 2 2 1 1 2733 2730 2732
12919 2 2 1 1 2732 474 2734
12920 2 2 1 1 2728 2734 501
12921 2 2 1 1 2728 2732 2734
12922 2 2 1 1 2733 455 2735
12923 2 2 1 1 2736 2733 2735
12924 2 2 1 1 6143 2720 519
12925 2 2 1 1 2735 455 2737
12926 2 2 1 1 2738 2737 439
12927 2 2 1 1 2738 2735 2737
12928 2 2 1 1 6145 414 7824
12929 2 2 1 1 6147 6145 7824
12930 2 2 1 1 2731 432 6148
12931 2 2 1 1 2741 2740 407
12932 2 2 1 1 2741 2731 2740
12933 2 2 1 1 2724 452 2742
12934 2 2 1 1 2743 2742 7820
12935 2 2 1 1 2743 2724 2742
12936 2 2 1 1 6149 7824 7819
12937 2 2 1 1 6150 2744 5277
12938 2 2 1 1 6151 6149 2744
12939 2 2 1 1 6146 392 6152
12940 2 2 1 1 2740 6153 407
12941 2 2 1 1 5273 2739 6154
12942 2 2 1 1 6152 392 6155
12943 2 2 1 1 2748 7816 6156
12944 2 2 1 1 5274 2746 6157
12945 2 2 1 1 2725 521 6158
12946 2 2 1 1 5567 6840 7655
12947 2 2 1 1 2726 507 2750
12948 2 2 1 1 2751 2750 461
12949 2 2 1 1 2751 2726 2750
12950 2 2 1 1 6155 392 6160
12951 2 2 1 1 2753 6162 6161
12952 2 2 1 1 6165 367 6163
12953 2 2 1 1 6168 2754 6164
12954 2 2 1 1 7420 2748 6165
12955 2 2 1 1 4468 3884 2756
12956 2 2 1 1 4470 4469 343
12957 2 2 1 1 3877 2754 4468
12958 2 2 1 1 2741 407 6166
12959 2 2 1 1 2742 2758 7820
12960 2 2 1 1 6166 407 6167
12961 2 2 1 1 386 7814 6168
12962 2 2 1 1 5276 2758 6169
12963 2 2 1 1 2761 6170 5290
12964 2 2 1 1 6150 374 3880
12965 2 2 1 1 7563 6172 4471
12966 2 2 1 1 2752 3879 6172
12967 2 2 1 1 3350 5599 6100
12968 2 2 1 1 2750 507 2764
12969 2 2 1 1 2765 2764 485
12970 2 2 1 1 2765 2750 2764
12971 2 2 1 1 6173 414 7812
12972 2 2 1 1 6174 2738 439
12973 2 2 1 1 6175 6173 2738
12974 2 2 1 1 2751 461 2767
12975 2 2 1 1 2768 2767 439
12976 2 2 1 1 2768 2751 2767
12977 2 2 1 1 6177 2769 419
12978 2 2 1 1 2770 6176 2769
12979 2 2 1 1 2768 439 2737
12980 2 2 1 1 2727 2737 455
12981 2 2 1 1 2727 2768 2737
12982 2 2 1 1 6179 7118 2771
12983 2 2 1 1 6192 5297 442
12984 2 2 1 1 6179 6705 7118
12985 2 2 1 1 6177 419 6180
12986 2 2 1 1 2766 6181 401
12987 2 2 1 1 2766 2770 6181
12988 2 2 1 1 6180 419 6182
12989 2 2 1 1 6183 2773 5282
12990 2 2 1 1 2774 5281 6184
12991 2 2 1 1 6182 419 6185
12992 2 2 1 1 6186 5284 405
12993 2 2 1 1 2776 5282 6187
12994 2 2 1 1 6183 377 6188
12995 2 2 1 1 6189 2777 6786
12996 2 2 1 1 5283 2774 6190
12997 2 2 1 1 6191 5280 6179
12998 2 2 1 1 6192 6191 6179
12999 2 2 1 1 3283 6107 6834
13000 2 2 1 1 2783 2782 476
13001 2 2 1 1 2783 2780 2782
13002 2 2 1 1 6193 5286 5315
13003 2 2 1 1 6194 2784 394
13004 2 2 1 1 5287 2781 7080
13005 2 2 1 1 6196 7809 2786
13006 2 2 1 1 6195 6271 368
13007 2 2 1 1 359 5420 6132
13008 2 2 1 1 6188 377 7265
13009 2 2 1 1 2789 7405 6198
13010 2 2 1 1 5289 2777 6199
13011 2 2 1 1 6189 362 6200
13012 2 2 1 1 2761 6201 5277
13013 2 2 1 1 2761 6202 6201
13014 2 2 1 1 6200 362 6203
13015 2 2 1 1 2792 2791 6204
13016 2 2 1 1 5291 2790 6205
13017 2 2 1 1 6203 362 6206
13018 2 2 1 1 7808 2793 5298
13019 2 2 1 1 2794 5292 6208
13020 2 2 1 1 4472 7565 6209
13021 2 2 1 1 4471 7566 6210
13022 2 2 1 1 5293 2792 4472
13023 2 2 1 1 6209 336 6211
13024 2 2 1 1 6212 2796 5295
13025 2 2 1 1 2797 5294 6213
13026 2 2 1 1 6211 336 6214
13027 2 2 1 1 2799 6215 5305
13028 2 2 1 1 5295 2796 6216
13029 2 2 1 1 6212 315 6217
13030 2 2 1 1 2801 2800 6218
13031 2 2 1 1 5296 2797 6219
13032 2 2 1 1 2771 7118 2765
13033 2 2 1 1 2802 2765 485
13034 2 2 1 1 618 5251 3415
13035 2 2 1 1 6206 362 6222
13036 2 2 1 1 2803 5298 7400
13037 2 2 1 1 5298 2793 6224
13038 2 2 1 1 2803 339 6225
13039 2 2 1 1 2805 2804 6226
13040 2 2 1 1 5299 2803 6227
13041 2 2 1 1 6225 339 6228
13042 2 2 1 1 6229 5309 328
13043 2 2 1 1 2807 5300 6230
13044 2 2 1 1 2805 305 6231
13045 2 2 1 1 2809 7055 6232
13046 2 2 1 1 5301 2805 7055
13047 2 2 1 1 6207 322 6233
13048 2 2 1 1 6234 2810 6365
13049 2 2 1 1 5302 2794 7062
13050 2 2 1 1 6233 322 6236
13051 2 2 1 1 7397 2810 6238
13052 2 2 1 1 6239 290 6242
13053 2 2 1 1 6240 6241 6697
13054 2 2 1 1 6244 6239 6242
13055 2 2 1 1 7049 7799 6243
13056 2 2 1 1 5304 6697 6244
13057 2 2 1 1 6245 288 2815
13058 2 2 1 1 6246 6648 315
13059 2 2 1 1 6247 6245 2815
13060 2 2 1 1 2802 485 2817
13061 2 2 1 1 2782 2817 476
13062 2 2 1 1 2782 2802 2817
13063 2 2 1 1 2817 485 2818
13064 2 2 1 1 2819 2818 518
13065 2 2 1 1 2819 2817 2818
13066 2 2 1 1 518 2818 5323
13067 2 2 1 1 2819 518 2821
13068 2 2 1 1 2822 2821 508
13069 2 2 1 1 2822 2819 2821
13070 2 2 1 1 6249 5311 2823
13071 2 2 1 1 6250 6259 7382
13072 2 2 1 1 6251 6249 2823
13073 2 2 1 1 6253 5472 240
13074 2 2 1 1 5308 2814 7049
13075 2 2 1 1 6228 339 4473
13076 2 2 1 1 7246 6254 4474
13077 2 2 1 1 2828 3881 6254
13078 2 2 1 1 6217 315 6257
13079 2 2 1 1 4476 5475 297
13080 2 2 1 1 7245 2800 4475
13081 2 2 1 1 6231 305 6258
13082 2 2 1 1 6259 2832 5312
13083 2 2 1 1 6670 2808 6260
13084 2 2 1 1 6258 305 6261
13085 2 2 1 1 6262 2833 296
13086 2 2 1 1 2834 5312 6263
13087 2 2 1 1 7028 5300 2807
13088 2 2 1 1 2835 6265 5371
13089 2 2 1 1 7132 6142 3041
13090 2 2 1 1 6262 296 6266
13091 2 2 1 1 2837 6267 6408
13092 2 2 1 1 5314 2834 6268
13093 2 2 1 1 2783 476 2838
13094 2 2 1 1 6269 2838 464
13095 2 2 1 1 2839 2783 2838
13096 2 2 1 1 6194 394 6270
13097 2 2 1 1 6271 2840 368
13098 2 2 1 1 2786 2785 6272
13099 2 2 1 1 6270 394 6273
13100 2 2 1 1 6274 2841 5318
13101 2 2 1 1 2842 5317 6275
13102 2 2 1 1 6273 394 6276
13103 2 2 1 1 2844 2843 6277
13104 2 2 1 1 5318 2841 6278
13105 2 2 1 1 6274 358 3890
13106 2 2 1 1 7244 6279 4477
13107 2 2 1 1 2828 3883 6279
13108 2 2 1 1 6280 7571 2846
13109 2 2 1 1 2753 6282 5275
13110 2 2 1 1 5418 2970 3039
13111 2 2 1 1 4478 7571 6283
13112 2 2 1 1 4469 2847 7248
13113 2 2 1 1 5414 3027 6769
13114 2 2 1 1 4479 3922 2848
13115 2 2 1 1 4481 4480 307
13116 2 2 1 1 7575 7248 4479
13117 2 2 1 1 3279 6124 6829
13118 2 2 1 1 531 2820 5320
13119 2 2 1 1 6286 2749 555
13120 2 2 1 1 6287 2763 605
13121 2 2 1 1 518 6288 2821
13122 2 2 1 1 5326 547 2850
13123 2 2 1 1 2850 547 2852
13124 2 2 1 1 2853 2852 599
13125 2 2 1 1 2853 2850 2852
13126 2 2 1 1 2851 534 2854
13127 2 2 1 1 2855 2854 488
13128 2 2 1 1 2855 2851 2854
13129 2 2 1 1 547 6290 2852
13130 2 2 1 1 2856 6709 569
13131 2 2 1 1 2854 534 2857
13132 2 2 1 1 2858 2857 516
13133 2 2 1 1 2858 2854 2857
13134 2 2 1 1 2855 488 2859
13135 2 2 1 1 2860 2859 464
13136 2 2 1 1 2860 2855 2859
13137 2 2 1 1 6292 488 7026
13138 2 2 1 1 6293 2861 445
13139 2 2 1 1 2862 6292 2861
13140 2 2 1 1 2860 464 2838
13141 2 2 1 1 2822 2838 476
13142 2 2 1 1 2822 2860 2838
13143 2 2 1 1 6294 7026 2863
13144 2 2 1 1 7242 5338 475
13145 2 2 1 1 5338 6294 2863
13146 2 2 1 1 6293 445 6297
13147 2 2 1 1 2866 6298 5495
13148 2 2 1 1 2866 5330 6299
13149 2 2 1 1 6297 445 6300
13150 2 2 1 1 2868 6025 6301
13151 2 2 1 1 5332 2865 6302
13152 2 2 1 1 6300 445 6303
13153 2 2 1 1 6304 6997 440
13154 2 2 1 1 2870 5333 6305
13155 2 2 1 1 6306 2868 2871
13156 2 2 1 1 7009 6306 7377
13157 2 2 1 1 7790 7020 7378
13158 2 2 1 1 6993 6277 2843
13159 2 2 1 1 6256 6310 5310
13160 2 2 1 1 6312 7790 7119
13161 2 2 1 1 2875 2874 6311
13162 2 2 1 1 5336 6309 6312
13163 2 2 1 1 6308 370 6313
13164 2 2 1 1 7518 2876 6314
13165 2 2 1 1 5337 2873 6315
13166 2 2 1 1 2863 7026 2858
13167 2 2 1 1 2878 6042 516
13168 2 2 1 1 2878 516 2879
13169 2 2 1 1 2880 2879 509
13170 2 2 1 1 2880 2878 2879
13171 2 2 1 1 6317 2881 440
13172 2 2 1 1 5339 2864 6318
13173 2 2 1 1 7242 475 2882
13174 2 2 1 1 6319 2882 470
13175 2 2 1 1 2883 7242 2882
13176 2 2 1 1 3336 6902 6901
13177 2 2 1 1 2884 2880 509
13178 2 2 1 1 2884 2882 2880
13179 2 2 1 1 2884 509 2885
13180 2 2 1 1 2886 2885 503
13181 2 2 1 1 2886 2884 2885
13182 2 2 1 1 7785 6319 5342
13183 2 2 1 1 6321 5343 431
13184 2 2 1 1 5341 2883 6319
13185 2 2 1 1 2885 509 2889
13186 2 2 1 1 2890 2889 546
13187 2 2 1 1 2890 2885 2889
13188 2 2 1 1 6322 503 7783
13189 2 2 1 1 6323 2891 458
13190 2 2 1 1 2892 6322 2891
13191 2 2 1 1 7785 5342 2892
13192 2 2 1 1 6326 6323 458
13193 2 2 1 1 6327 7785 2892
13194 2 2 1 1 6326 458 6328
13195 2 2 1 1 6329 2894 5345
13196 2 2 1 1 2895 5344 6330
13197 2 2 1 1 6328 458 6331
13198 2 2 1 1 2897 7782 6332
13199 2 2 1 1 5345 2894 6333
13200 2 2 1 1 6329 418 6334
13201 2 2 1 1 6335 7776 391
13202 2 2 1 1 5346 2895 6336
13203 2 2 1 1 2889 509 2899
13204 2 2 1 1 2900 2899 553
13205 2 2 1 1 2900 2889 2899
13206 2 2 1 1 6337 7273 2901
13207 2 2 1 1 6338 7625 490
13208 2 2 1 1 6339 6337 2901
13209 2 2 1 1 6321 431 6340
13210 2 2 1 1 4483 7576 6341
13211 2 2 1 1 5348 2888 4482
13212 2 2 1 1 6340 431 6342
13213 2 2 1 1 6343 6335 391
13214 2 2 1 1 5349 2903 6344
13215 2 2 1 1 6343 391 6345
13216 2 2 1 1 6346 2906 5351
13217 2 2 1 1 2907 5350 6347
13218 2 2 1 1 6345 391 6348
13219 2 2 1 1 6349 2908 354
13220 2 2 1 1 2909 5351 6350
13221 2 2 1 1 6346 363 6351
13222 2 2 1 1 6352 2910 370
13223 2 2 1 1 5352 2907 6353
13224 2 2 1 1 6351 363 6354
13225 2 2 1 1 6355 2911 332
13226 2 2 1 1 2912 5353 6356
13227 2 2 1 1 6354 363 6357
13228 2 2 1 1 6358 6375 326
13229 2 2 1 1 2914 5354 6359
13230 2 2 1 1 6355 332 6360
13231 2 2 1 1 6130 6838 3273
13232 2 2 1 1 5355 2912 6362
13233 2 2 1 1 6360 332 7577
13234 2 2 1 1 2917 6363 316
13235 2 2 1 1 2917 6364 6363
13236 2 2 1 1 3267 6969 6822
13237 2 2 1 1 4485 2918 7579
13238 2 2 1 1 5392 6291 2974
13239 2 2 1 1 6368 7261 2920
13240 2 2 1 1 6369 7603 323
13241 2 2 1 1 6954 6368 2920
13242 2 2 1 1 6952 5379 2922
13243 2 2 1 1 2923 6373 5385
13244 2 2 1 1 6295 2968 5391
13245 2 2 1 1 6349 354 6374
13246 2 2 1 1 6375 2924 326
13247 2 2 1 1 5359 2909 6376
13248 2 2 1 1 6374 354 6377
13249 2 2 1 1 6378 2925 7774
13250 2 2 1 1 2926 5360 6379
13251 2 2 1 1 6377 354 6380
13252 2 2 1 1 2928 6381 5394
13253 2 2 1 1 2928 6382 6381
13254 2 2 1 1 6378 317 6383
13255 2 2 1 1 6384 6474 294
13256 2 2 1 1 5362 2926 6385
13257 2 2 1 1 6358 326 3902
13258 2 2 1 1 5558 6819 6134
13259 2 2 1 1 2918 3888 7579
13260 2 2 1 1 6387 546 6669
13261 2 2 1 1 4512 6388 556
13262 2 2 1 1 6388 6387 6669
13263 2 2 1 1 6304 440 3886
13264 2 2 1 1 3269 6135 6848
13265 2 2 1 1 2874 7119 7580
13266 2 2 1 1 2899 5364 553
13267 2 2 1 1 6390 2933 569
13268 2 2 1 1 2900 6391 2934
13269 2 2 1 1 2900 553 6391
13270 2 2 1 1 2935 5368 6393
13271 2 2 1 1 5368 2844 6394
13272 2 2 1 1 6395 5357 2921
13273 2 2 1 1 6396 6369 323
13274 2 2 1 1 5369 6395 2921
13275 2 2 1 1 4487 6396 6397
13276 2 2 1 1 4477 7582 6398
13277 2 2 1 1 5370 2936 4487
13278 2 2 1 1 6397 323 6399
13279 2 2 1 1 2835 6400 5313
13280 2 2 1 1 2835 6401 6400
13281 2 2 1 1 6399 323 4488
13282 2 2 1 1 6110 6137 6804
13283 2 2 1 1 2940 6950 7584
13284 2 2 1 1 6266 296 7252
13285 2 2 1 1 7643 7771 6403
13286 2 2 1 1 5372 2836 6404
13287 2 2 1 1 6405 6622 2942
13288 2 2 1 1 6406 6621 409
13289 2 2 1 1 6407 6405 2942
13290 2 2 1 1 7585 6408 4490
13291 2 2 1 1 2945 3892 7586
13292 2 2 1 1 6412 5347 2902
13293 2 2 1 1 6411 6338 490
13294 2 2 1 1 5384 2959 6940
13295 2 2 1 1 6411 490 6413
13296 2 2 1 1 6414 5377 480
13297 2 2 1 1 2948 5376 6415
13298 2 2 1 1 6413 490 6416
13299 2 2 1 1 6417 5462 524
13300 2 2 1 1 7769 6418 2949
13301 2 2 1 1 6414 480 6419
13302 2 2 1 1 6420 6522 437
13303 2 2 1 1 5378 2948 6421
13304 2 2 1 1 6334 418 6422
13305 2 2 1 1 6423 2953 379
13306 2 2 1 1 6426 5374 2943
13307 2 2 1 1 6425 6406 409
13308 2 2 1 1 379 5383 6320
13309 2 2 1 1 6425 409 6427
13310 2 2 1 1 2956 2955 6428
13311 2 2 1 1 5381 2954 6429
13312 2 2 1 1 6427 409 6430
13313 2 2 1 1 6431 7269 399
13314 2 2 1 1 2958 5356 6432
13315 2 2 1 1 6434 6433 2959
13316 2 2 1 1 7767 6434 349
13317 2 2 1 1 7767 6435 6434
13318 2 2 1 1 7766 369 6442
13319 2 2 1 1 6437 6438 5386
13320 2 2 1 1 7765 349 5384
13321 2 2 1 1 2923 6441 6935
13322 2 2 1 1 5356 2955 6432
13323 2 2 1 1 6444 7766 6442
13324 2 2 1 1 2963 7763 6443
13325 2 2 1 1 5386 6438 6444
13326 2 2 1 1 6437 334 6445
13327 2 2 1 1 6446 5393 312
13328 2 2 1 1 5387 2961 6447
13329 2 2 1 1 6450 5382 2958
13330 2 2 1 1 6449 6431 399
13331 2 2 1 1 379 5380 6372
13332 2 2 1 1 6449 399 6451
13333 2 2 1 1 5389 2966 6453
13334 2 2 1 1 6451 399 6454
13335 2 2 1 1 6455 5413 7340
13336 2 2 1 1 5390 2967 6456
13337 2 2 1 1 2968 395 6457
13338 2 2 1 1 2972 6899 6458
13339 2 2 1 1 5391 2968 6899
13340 2 2 1 1 6459 6504 2973
13341 2 2 1 1 6460 6503 329
13342 2 2 1 1 6461 6459 2973
13343 2 2 1 1 6445 334 6462
13344 2 2 1 1 2976 6463 6484
13345 2 2 1 1 2976 6464 6463
13346 2 2 1 1 6446 312 6465
13347 2 2 1 1 2928 6466 5361
13348 2 2 1 1 2928 6467 6466
13349 2 2 1 1 6465 312 6875
13350 2 2 1 1 6468 5396 287
13351 2 2 1 1 2979 5395 6469
13352 2 2 1 1 6875 312 6470
13353 2 2 1 1 6310 2872 7009
13354 2 2 1 1 2981 6472 6471
13355 2 2 1 1 6468 287 6473
13356 2 2 1 1 6474 2982 294
13357 2 2 1 1 5397 2979 6475
13358 2 2 1 1 6473 287 6476
13359 2 2 1 1 2984 2983 6477
13360 2 2 1 1 5398 2982 6478
13361 2 2 1 1 6476 5402 2985
13362 2 2 1 1 2986 2985 6480
13363 2 2 1 1 5399 6476 2985
13364 2 2 1 1 6481 5466 2987
13365 2 2 1 1 6482 2987 268
13366 2 2 1 1 6125 6801 7661
13367 2 2 1 1 2989 5401 6484
13368 2 2 1 1 5401 2980 2976
13369 2 2 1 1 2989 6485 2990
13370 2 2 1 1 2991 2990 272
13371 2 2 1 1 2991 2989 2990
13372 2 2 1 1 2993 2992 6486
13373 2 2 1 1 2993 2990 2992
13374 2 2 1 1 2991 272 2994
13375 2 2 1 1 2995 2994 251
13376 2 2 1 1 2995 2991 2994
13377 2 2 1 1 6487 281 2996
13378 2 2 1 1 2985 6488 6480
13379 2 2 1 1 2985 6281 6488
13380 2 2 1 1 6489 2995 251
13381 2 2 1 1 6763 6754 6171
13382 2 2 1 1 6763 6171 3227
13383 2 2 1 1 6489 251 2997
13384 2 2 1 1 2997 251 2999
13385 2 2 1 1 3000 2999 225
13386 2 2 1 1 3000 2997 2999
13387 2 2 1 1 3002 239 3001
13388 2 2 1 1 6477 6492 5466
13389 2 2 1 1 2986 3002 6492
13390 2 2 1 1 6493 3003 249
13391 2 2 1 1 3004 5448 204
13392 2 2 1 1 3219 6751 5306
13393 2 2 1 1 7587 6496 4491
13394 2 2 1 1 5379 6410 2922
13395 2 2 1 1 7587 329 6498
13396 2 2 1 1 3008 5406 325
13397 2 2 1 1 5405 3006 6500
13398 2 2 1 1 6498 329 6501
13399 2 2 1 1 6506 7757 360
13400 2 2 1 1 5409 6771 6502
13401 2 2 1 1 6501 329 6503
13402 2 2 1 1 2972 2973 6504
13403 2 2 1 1 5407 3009 6505
13404 2 2 1 1 3008 325 3010
13405 2 2 1 1 3011 3010 293
13406 2 2 1 1 3011 3008 3010
13407 2 2 1 1 3013 3012 6507
13408 2 2 1 1 2993 302 3014
13409 2 2 1 1 3015 3014 269
13410 2 2 1 1 3015 2993 3014
13411 2 2 1 1 5531 6756 6248
13412 2 2 1 1 6509 2994 272
13413 2 2 1 1 6510 272 3015
13414 2 2 1 1 3016 249 6510
13415 2 2 1 1 3016 269 3017
13416 2 2 1 1 3018 3017 242
13417 2 2 1 1 3018 3016 3017
13418 2 2 1 1 6248 6285 3221
13419 2 2 1 1 3020 3019 243
13420 2 2 1 1 5410 5466 3019
13421 2 2 1 1 6482 268 6512
13422 2 2 1 1 6513 7619 301
13423 2 2 1 1 5411 2988 6514
13424 2 2 1 1 6516 4495 4494
13425 2 2 1 1 3024 3893 6517
13426 2 2 1 1 6454 399 3908
13427 2 2 1 1 3027 7547 6519
13428 2 2 1 1 5374 7374 2943
13429 2 2 1 1 3028 7756 6522
13430 2 2 1 1 6521 3028 6178
13431 2 2 1 1 6769 6520 3028
13432 2 2 1 1 3028 6520 7756
13433 2 2 1 1 6523 6419 480
13434 2 2 1 1 5415 3028 6524
13435 2 2 1 1 6523 480 6525
13436 2 2 1 1 4497 5417 517
13437 2 2 1 1 6440 2935 5369
13438 2 2 1 1 6521 471 6527
13439 2 2 1 1 6635 7754 6528
13440 2 2 1 1 5416 3029 6529
13441 2 2 1 1 6525 480 6530
13442 2 2 1 1 6417 6531 2950
13443 2 2 1 1 4497 517 4498
13444 2 2 1 1 4499 3036 3914
13445 2 2 1 1 3037 3897 4499
13446 2 2 1 1 6532 5470 3038
13447 2 2 1 1 6533 6636 430
13448 2 2 1 1 6534 6532 3038
13449 2 2 1 1 6457 395 6535
13450 2 2 1 1 6536 7280 389
13451 2 2 1 1 6142 2971 6537
13452 2 2 1 1 6539 7132 3041
13453 2 2 1 1 6538 6536 389
13454 2 2 1 1 6448 2844 5368
13455 2 2 1 1 6538 389 6540
13456 2 2 1 1 3044 3043 6541
13457 2 2 1 1 5421 3042 6542
13458 2 2 1 1 6540 389 6543
13459 2 2 1 1 6544 5425 426
13460 2 2 1 1 5422 3043 6545
13461 2 2 1 1 3044 7749 3047
13462 2 2 1 1 3048 6547 351
13463 2 2 1 1 3048 6548 6547
13464 2 2 1 1 6682 5429 3049
13465 2 2 1 1 5424 6682 3049
13466 2 2 1 1 6543 389 3930
13467 2 2 1 1 7599 6550 4500
13468 2 2 1 1 3052 3898 6550
13469 2 2 1 1 6551 7271 3053
13470 2 2 1 1 6552 7621 463
13471 2 2 1 1 6553 6551 3053
13472 2 2 1 1 6544 426 6554
13473 2 2 1 1 3056 3055 6555
13474 2 2 1 1 5427 3046 6556
13475 2 2 1 1 6559 7749 6557
13476 2 2 1 1 5428 3047 6559
13477 2 2 1 1 6560 351 3059
13478 2 2 1 1 5526 6741 6289
13479 2 2 1 1 3049 6560 6549
13480 2 2 1 1 3059 351 3060
13481 2 2 1 1 3061 3060 318
13482 2 2 1 1 3061 3059 3060
13483 2 2 1 1 3060 351 6562
13484 2 2 1 1 3063 3062 6563
13485 2 2 1 1 3063 3060 3062
13486 2 2 1 1 3061 318 3064
13487 2 2 1 1 3065 3064 292
13488 2 2 1 1 3065 3061 3064
13489 2 2 1 1 3066 6564 5437
13490 2 2 1 1 5437 6564 3050
13491 2 2 1 1 3216 5528 6740
13492 2 2 1 1 3014 6566 269
13493 2 2 1 1 269 6566 3068
13494 2 2 1 1 3213 6739 6144
13495 2 2 1 1 6568 3069 292
13496 2 2 1 1 3068 263 6570
13497 2 2 1 1 3209 6734 6386
13498 2 2 1 1 3205 3200 6727
13499 2 2 1 1 6570 263 3070
13500 2 2 1 1 3203 5520 6389
13501 2 2 1 1 3072 5430 6572
13502 2 2 1 1 6497 6382 2928
13503 2 2 1 1 3072 381 6573
13504 2 2 1 1 6573 381 6574
13505 2 2 1 1 6587 5443 420
13506 2 2 1 1 6576 6634 3077
13507 2 2 1 1 3078 3077 345
13508 2 2 1 1 3078 6576 3077
13509 2 2 1 1 5738 7691 6389
13510 2 2 1 1 3079 5442 286
13511 2 2 1 1 3079 6577 5442
13512 2 2 1 1 2919 4485 6579
13513 2 2 1 1 3080 6581 6580
13514 2 2 1 1 4502 282 4489
13515 2 2 1 1 4503 2939 4488
13516 2 2 1 1 2920 3901 4503
13517 2 2 1 1 3199 6721 6409
13518 2 2 1 1 4486 6513 301
13519 2 2 1 1 5436 2930 4504
13520 2 2 1 1 3082 3081 320
13521 2 2 1 1 3065 292 3069
13522 2 2 1 1 3066 3069 293
13523 2 2 1 1 3066 3065 3069
13524 2 2 1 1 6583 524 3083
13525 2 2 1 1 3084 5439 6583
13526 2 2 1 1 5440 5784 3085
13527 2 2 1 1 6587 420 6585
13528 2 2 1 1 3087 3086 6586
13529 2 2 1 1 5441 3076 6587
13530 2 2 1 1 3078 345 3088
13531 2 2 1 1 3081 3088 320
13532 2 2 1 1 3081 3078 3088
13533 2 2 1 1 6589 7168 308
13534 2 2 1 1 6723 3199 6409
13535 2 2 1 1 6574 381 4505
13536 2 2 1 1 7610 6593 4506
13537 2 2 1 1 3090 3903 6593
13538 2 2 1 1 6594 6651 3091
13539 2 2 1 1 6595 5476 460
13540 2 2 1 1 6596 6594 3091
13541 2 2 1 1 3077 6634 3093
13542 2 2 1 1 3094 3093 385
13543 2 2 1 1 3094 3077 3093
13544 2 2 1 1 6195 368 4474
13545 2 2 1 1 2788 3904 7612
13546 2 2 1 1 6527 471 6599
13547 2 2 1 1 3095 5456 7733
13548 2 2 1 1 5456 3033 6601
13549 2 2 1 1 6598 6602 3096
13550 2 2 1 1 6604 7712 3098
13551 2 2 1 1 6605 7311 550
13552 2 2 1 1 6606 6604 3098
13553 2 2 1 1 6603 506 6607
13554 2 2 1 1 4508 7615 6608
13555 2 2 1 1 7266 3097 4507
13556 2 2 1 1 6607 506 6609
13557 2 2 1 1 6615 7730 6610
13558 2 2 1 1 5459 3100 6611
13559 2 2 1 1 6609 506 6612
13560 2 2 1 1 5460 3102 6614
13561 2 2 1 1 6616 4880 462
13562 2 2 1 1 6617 6615 3106
13563 2 2 1 1 4509 5461 3107
13564 2 2 1 1 7574 6616 462
13565 2 2 1 1 7267 3054 4509
13566 2 2 1 1 4511 4510 3109
13567 2 2 1 1 7127 2340 3165
13568 2 2 1 1 3907 2949 4511
13569 2 2 1 1 6430 409 6619
13570 2 2 1 1 4496 7618 6620
13571 2 2 1 1 5463 2957 4513
13572 2 2 1 1 6619 409 6621
13573 2 2 1 1 2952 7727 6622
13574 2 2 1 1 5464 3111 6623
13575 2 2 1 1 6689 6511 6494
13576 2 2 1 1 3176 6689 6494
13577 2 2 1 1 5465 212 3112
13578 2 2 1 1 3112 212 3114
13579 2 2 1 1 3115 3114 218
13580 2 2 1 1 3115 3112 3114
13581 2 2 1 1 3113 239 3002
13582 2 2 1 1 2998 5403 257
13583 2 2 1 1 2998 3113 3002
13584 2 2 1 1 3001 239 3116
13585 2 2 1 1 3019 3116 243
13586 2 2 1 1 3019 3001 3116
13587 2 2 1 1 3116 239 3115
13588 2 2 1 1 3117 3115 218
13589 2 2 1 1 3117 3116 3115
13590 2 2 1 1 3117 218 3118
13591 2 2 1 1 6625 3118 228
13592 2 2 1 1 5467 3117 3118
13593 2 2 1 1 3118 218 3119
13594 2 2 1 1 3120 3119 198
13595 2 2 1 1 3120 3118 3119
13596 2 2 1 1 6625 228 6626
13597 2 2 1 1 3122 5934 6627
13598 2 2 1 1 3119 218 3123
13599 2 2 1 1 3124 3123 193
13600 2 2 1 1 3124 3119 3123
13601 2 2 1 1 3120 198 3125
13602 2 2 1 1 3126 3125 211
13603 2 2 1 1 3126 3120 3125
13604 2 2 1 1 6626 228 6642
13605 2 2 1 1 6628 3127 5473
13606 2 2 1 1 3128 6629 3127
13607 2 2 1 1 6631 255 6632
13608 2 2 1 1 5469 3122 6631
13609 2 2 1 1 342 6314 6364
13610 2 2 1 1 3021 6512 6633
13611 2 2 1 1 6512 268 3909
13612 2 2 1 1 6508 6688 6690
13613 2 2 1 1 3123 5498 193
13614 2 2 1 1 6635 6638 3130
13615 2 2 1 1 6636 5471 430
13616 2 2 1 1 6637 6635 3130
13617 2 2 1 1 7620 6638 3905
13618 2 2 1 1 7621 6639 4508
13619 2 2 1 1 3053 3910 6639
13620 2 2 1 1 6640 5479 3131
13621 2 2 1 1 406 3133 6590
13622 2 2 1 1 6642 228 3126
13623 2 2 1 1 3134 3126 211
13624 2 2 1 1 3134 5473 6642
13625 2 2 1 1 6460 329 4491
13626 2 2 1 1 6643 6495 6485
13627 2 2 1 1 3036 4498 4515
13628 2 2 1 1 7713 7623 6645
13629 2 2 1 1 3912 3036 4515
13630 2 2 1 1 6647 6571 3137
13631 2 2 1 1 6656 6647 6646
13632 2 2 1 1 6352 6308 5336
13633 2 2 1 1 6257 315 6648
13634 2 2 1 1 3139 6649 7308
13635 2 2 1 1 3139 6650 6649
13636 2 2 1 1 2932 6388 4512
13637 2 2 1 1 4516 3109 4510
13638 2 2 1 1 2901 3915 4516
13639 2 2 1 1 3091 6651 3140
13640 2 2 1 1 3141 6652 7628
13641 2 2 1 1 3141 6653 6652
13642 2 2 1 1 7539 6555 3055
13643 2 2 1 1 3906 6554 426
13644 2 2 1 1 6588 2872 6310
13645 2 2 1 1 4518 7628 6655
13646 2 2 1 1 3932 3142 7600
13647 2 2 1 1 5335 7082 7012
13648 2 2 1 1 3125 198 3143
13649 2 2 1 1 3144 3143 185
13650 2 2 1 1 3144 3125 3143
13651 2 2 1 1 6250 7382 7253
13652 2 2 1 1 3145 5478 6658
13653 2 2 1 1 5825 2824 6659
13654 2 2 1 1 6660 247 3146
13655 2 2 1 1 6661 6660 3146
13656 2 2 1 1 6662 247 5513
13657 2 2 1 1 6665 5481 220
13658 2 2 1 1 5481 6662 3147
13659 2 2 1 1 4519 3936 3149
13660 2 2 1 1 3150 6664 4520
13661 2 2 1 1 3918 3147 4519
13662 2 2 1 1 3152 6666 199
13663 2 2 1 1 6665 220 3153
13664 2 2 1 1 3154 3153 192
13665 2 2 1 1 3154 3151 3153
13666 2 2 1 1 3152 199 3155
13667 2 2 1 1 6667 5656 213
13668 2 2 1 1 3156 3152 3155
13669 2 2 1 1 6669 546 3157
13670 2 2 1 1 3158 3157 601
13671 2 2 1 1 3158 6669 3157
13672 2 2 1 1 4522 4521 3159
13673 2 2 1 1 4493 4523 282
13674 2 2 1 1 3919 3128 4522
13675 2 2 1 1 2831 4476 4525
13676 2 2 1 1 2848 4526 4480
13677 2 2 1 1 2848 3921 4526
13678 2 2 1 1 3160 4524 4527
13679 2 2 1 1 3162 4530 4529
13680 2 2 1 1 3162 3923 4530
13681 2 2 1 1 6672 5458 3099
13682 2 2 1 1 6671 6605 550
13683 2 2 1 1 421 2865 5477
13684 2 2 1 1 6671 550 6673
13685 2 2 1 1 6673 550 4531
13686 2 2 1 1 3166 5485 6675
13687 2 2 1 1 6677 590 3167
13688 2 2 1 1 6678 7276 587
13689 2 2 1 1 6679 6677 3167
13690 2 2 1 1 6680 3167 7710
13691 2 2 1 1 6681 3169 7134
13692 2 2 1 1 3104 6612 6565
13693 2 2 1 1 6678 587 6683
13694 2 2 1 1 6511 3171 6684
13695 2 2 1 1 5488 3168 6685
13696 2 2 1 1 3124 193 6686
13697 2 2 1 1 3145 6658 6567
13698 2 2 1 1 4533 4532 3174
13699 2 2 1 1 4534 3988 261
13700 2 2 1 1 3927 7707 4533
13701 2 2 1 1 3176 5489 6689
13702 2 2 1 1 5489 3105 6690
13703 2 2 1 1 6691 539 7702
13704 2 2 1 1 3137 6692 6646
13705 2 2 1 1 6491 7702 3178
13706 2 2 1 1 6490 6491 3178
13707 2 2 1 1 6694 539 7693
13708 2 2 1 1 6695 6696 5517
13709 2 2 1 1 6696 6694 3180
13710 2 2 1 1 6699 5535 3182
13711 2 2 1 1 3183 6699 6698
13712 2 2 1 1 5313 7033 6265
13713 2 2 1 1 6595 460 6700
13714 2 2 1 1 3185 3184 6701
13715 2 2 1 1 5494 3092 6702
13716 2 2 1 1 6703 5315 2839
13717 2 2 1 1 5330 6269 464
13718 2 2 1 1 6269 6703 2839
13719 2 2 1 1 7635 6704 4506
13720 2 2 1 1 6649 2815 288
13721 2 2 1 1 6695 585 6706
13722 2 2 1 1 3187 6707 5534
13723 2 2 1 1 5496 3181 6708
13724 2 2 1 1 2857 534 2856
13725 2 2 1 1 2933 2856 569
13726 2 2 1 1 2933 2857 2856
13727 2 2 1 1 4535 5418 3039
13728 2 2 1 1 4500 6533 430
13729 2 2 1 1 5497 3040 4535
13730 2 2 1 1 6676 2814 5308
13731 2 2 1 1 185 6710 3189
13732 2 2 1 1 6571 5490 3137
13733 2 2 1 1 5511 174 3190
13734 2 2 1 1 7029 5508 5506
13735 2 2 1 1 5508 3190 174
13736 2 2 1 1 3191 170 3193
13737 2 2 1 1 3154 3193 6712
13738 2 2 1 1 6641 6661 229
13739 2 2 1 1 4537 4536 3194
13740 2 2 1 1 3917 4538 460
13741 2 2 1 1 3931 3183 4537
13742 2 2 1 1 4539 4523 3159
13743 2 2 1 1 6483 6713 4521
13744 2 2 1 1 3933 2941 4539
13745 2 2 1 1 6714 4490 7645
13746 2 2 1 1 6483 3195 6713
13747 2 2 1 1 3935 6714 4540
13748 2 2 1 1 4807 3071 235
13749 2 2 1 1 178 6715 3133
13750 2 2 1 1 6717 6684 3171
13751 2 2 1 1 6716 6683 587
13752 2 2 1 1 5307 7389 2824
13753 2 2 1 1 6716 587 6718
13754 2 2 1 1 3198 3197 6719
13755 2 2 1 1 5518 3196 6720
13756 2 2 1 1 4541 3926 3170
13757 2 2 1 1 6721 6681 634
13758 2 2 1 1 3938 3197 4541
13759 2 2 1 1 6721 634 6722
13760 2 2 1 1 5521 6723 6409
13761 2 2 1 1 6725 7691 3202
13762 2 2 1 1 6724 5523 627
13763 2 2 1 1 6725 6389 7691
13764 2 2 1 1 6722 634 3204
13765 2 2 1 1 3205 6727 689
13766 2 2 1 1 5579 7689 6066
13767 2 2 1 1 5521 676 6729
13768 2 2 1 1 6730 7282 6737
13769 2 2 1 1 5522 3201 6731
13770 2 2 1 1 3202 6732 3207
13771 2 2 1 1 6730 6733 3207
13772 2 2 1 1 6730 6737 6734
13773 2 2 1 1 6735 3209 670
13774 2 2 1 1 2661 7673 6102
13775 2 2 1 1 6738 3211 714
13776 2 2 1 1 6735 670 6739
13777 2 2 1 1 6740 7686 624
13778 2 2 1 1 5526 3210 6741
13779 2 2 1 1 6724 627 6742
13780 2 2 1 1 6743 3215 588
13781 2 2 1 1 5527 3203 6744
13782 2 2 1 1 6742 627 6745
13783 2 2 1 1 6746 6740 624
13784 2 2 1 1 5528 3215 6747
13785 2 2 1 1 6746 624 6748
13786 2 2 1 1 6749 3217 581
13787 2 2 1 1 3218 5529 6750
13788 2 2 1 1 6748 624 6751
13789 2 2 1 1 6752 3219 625
13790 2 2 1 1 3220 5530 6753
13791 2 2 1 1 6749 581 6754
13792 2 2 1 1 6755 3221 540
13793 2 2 1 1 5531 3218 6756
13794 2 2 1 1 6758 5540 3223
13795 2 2 1 1 6812 7685 6757
13796 2 2 1 1 5303 2811 7051
13797 2 2 1 1 6752 625 6759
13798 2 2 1 1 3226 3225 6760
13799 2 2 1 1 5532 3220 6761
13800 2 2 1 1 6754 581 7703
13801 2 2 1 1 6762 7307 537
13802 2 2 1 1 5719 3221 6285
13803 2 2 1 1 6755 540 6764
13804 2 2 1 1 6765 3229 7682
13805 2 2 1 1 3187 3222 6766
13806 2 2 1 1 6764 540 6767
13807 2 2 1 1 7306 6640 6641
13808 2 2 1 1 3182 5535 6768
13809 2 2 1 1 6767 540 4542
13810 2 2 1 1 3038 5470 6592
13811 2 2 1 1 3232 3940 7538
13812 2 2 1 1 6770 5723 3233
13813 2 2 1 1 3234 6770 3233
13814 2 2 1 1 3235 7116 740
13815 2 2 1 1 5538 5537 3234
13816 2 2 1 1 6738 714 3236
13817 2 2 1 1 6772 3236 731
13818 2 2 1 1 5539 3212 6738
13819 2 2 1 1 6739 670 6773
13820 2 2 1 1 3223 6774 6757
13821 2 2 1 1 3223 6144 6774
13822 2 2 1 1 4543 3941 3237
13823 2 2 1 1 6775 6772 731
13824 2 2 1 1 3144 185 3189
13825 2 2 1 1 5651 3240 192
13826 2 2 1 1 3240 3144 3189
13827 2 2 1 1 6778 6777 3241
13828 2 2 1 1 3086 6778 6586
13829 2 2 1 1 3086 6779 6778
13830 2 2 1 1 1594 1577 1554
13831 2 2 1 1 3243 3242 6781
13832 2 2 1 1 6780 456 6782
13833 2 2 1 1 7289 5546 498
13834 2 2 1 1 5544 3242 6783
13835 2 2 1 1 6784 5603 3246
13836 2 2 1 1 5611 6784 3246
13837 2 2 1 1 6782 456 3980
13838 2 2 1 1 3232 3944 6785
13839 2 2 1 1 6785 3944 7654
13840 2 2 1 1 5459 6611 7730
13841 2 2 1 1 6787 6762 537
13842 2 2 1 1 4545 7656 3228
13843 2 2 1 1 6787 537 6788
13844 2 2 1 1 3251 3250 6789
13845 2 2 1 1 5548 3249 6790
13846 2 2 1 1 6788 537 6791
13847 2 2 1 1 6792 5550 552
13848 2 2 1 1 3253 5549 5680
13849 2 2 1 1 7657 6794 3960
13850 2 2 1 1 7658 6795 4546
13851 2 2 1 1 3245 3946 6795
13852 2 2 1 1 6791 537 3975
13853 2 2 1 1 3256 3947 6796
13854 2 2 1 1 6615 6610 6591
13855 2 2 1 1 7660 583 6797
13856 2 2 1 1 3258 3257 6798
13857 2 2 1 1 5551 3256 6799
13858 2 2 1 1 6797 583 6800
13859 2 2 1 1 6801 3259 5554
13860 2 2 1 1 3260 5552 6802
13861 2 2 1 1 6803 592 7670
13862 2 2 1 1 6140 6803 3261
13863 2 2 1 1 6807 6760 3225
13864 2 2 1 1 6806 6759 625
13865 2 2 1 1 322 6207 7808
13866 2 2 1 1 6806 625 6808
13867 2 2 1 1 6809 3263 5666
13868 2 2 1 1 3264 5555 6810
13869 2 2 1 1 6808 625 6811
13870 2 2 1 1 3265 5556 7666
13871 2 2 1 1 5556 3263 6813
13872 2 2 1 1 3265 668 6814
13873 2 2 1 1 3267 3266 6815
13874 2 2 1 1 5557 3265 6816
13875 2 2 1 1 6809 673 6817
13876 2 2 1 1 6818 3268 5566
13877 2 2 1 1 5558 3264 6819
13878 2 2 1 1 4548 3943 3239
13879 2 2 1 1 6820 6775 731
13880 2 2 1 1 3948 3266 4548
13881 2 2 1 1 6820 731 3271
13882 2 2 1 1 6827 6821 763
13883 2 2 1 1 6827 5559 6821
13884 2 2 1 1 6824 6969 3272
13885 2 2 1 1 6823 5592 718
13886 2 2 1 1 6824 6822 6969
13887 2 2 1 1 3271 731 6825
13888 2 2 1 1 3275 3274 792
13889 2 2 1 1 5561 3271 6825
13890 2 2 1 1 6828 7663 764
13891 2 2 1 1 7663 6827 3276
13892 2 2 1 1 6830 7661 3278
13893 2 2 1 1 6829 6847 638
13894 2 2 1 1 374 2790 6776
13895 2 2 1 1 6831 7683 3280
13896 2 2 1 1 6832 7301 594
13897 2 2 1 1 6833 6831 3280
13898 2 2 1 1 6835 5629 3282
13899 2 2 1 1 6834 6962 510
13900 2 2 1 1 6222 6786 5289
13901 2 2 1 1 6838 5560 3273
13902 2 2 1 1 6837 6823 718
13903 2 2 1 1 6837 718 6839
13904 2 2 1 1 5567 3284 6840
13905 2 2 1 1 6841 5593 3287
13906 2 2 1 1 6842 6904 770
13907 2 2 1 1 6843 6841 3287
13908 2 2 1 1 3286 722 6844
13909 2 2 1 1 3290 4430 6845
13910 2 2 1 1 5569 3286 4430
13911 2 2 1 1 6818 678 6846
13912 2 2 1 1 6847 3291 638
13913 2 2 1 1 3278 3269 6848
13914 2 2 1 1 6846 678 6849
13915 2 2 1 1 3292 5571 7227
13916 2 2 1 1 5571 3291 6851
13917 2 2 1 1 6853 3294 7650
13918 2 2 1 1 3294 6852 3293
13919 2 2 1 1 6855 679 6914
13920 2 2 1 1 6856 6857 5596
13921 2 2 1 1 6857 6855 3295
13922 2 2 1 1 6853 635 6858
13923 2 2 1 1 3963 7664 6859
13924 2 2 1 1 7292 3294 4549
13925 2 2 1 1 6858 635 6860
13926 2 2 1 1 6861 3299 7648
13927 2 2 1 1 3300 5574 6862
13928 2 2 1 1 6860 635 6863
13929 2 2 1 1 6864 3301 5577
13930 2 2 1 1 3302 5575 6865
13931 2 2 1 1 6867 7647 3303
13932 2 2 1 1 6866 6892 554
13933 2 2 1 1 5255 6826 565
13934 2 2 1 1 6870 7644 3296
13935 2 2 1 1 6869 6856 682
13936 2 2 1 1 6869 682 6871
13937 2 2 1 1 3307 3306 6872
13938 2 2 1 1 5578 3305 6873
13939 2 2 1 1 4551 4550 3308
13940 2 2 1 1 4552 3953 741
13941 2 2 1 1 3951 3306 4551
13942 2 2 1 1 7640 6068 7642
13943 2 2 1 1 4553 7667 3312
13944 2 2 1 1 4552 741 4554
13945 2 2 1 1 4555 3314 3969
13946 2 2 1 1 3315 3954 4555
13947 2 2 1 1 6877 7680 3316
13948 2 2 1 1 6878 7300 699
13949 2 2 1 1 6879 6877 3316
13950 2 2 1 1 6874 650 6880
13951 2 2 1 1 6881 5633 602
13952 2 2 1 1 5582 3311 6882
13953 2 2 1 1 6864 647 6883
13954 2 2 1 1 6884 6881 602
13955 2 2 1 1 5583 3302 6885
13956 2 2 1 1 6884 602 6886
13957 2 2 1 1 3322 3321 6887
13958 2 2 1 1 5584 3320 6888
13959 2 2 1 1 6886 602 6889
13960 2 2 1 1 6891 558 7014
13961 2 2 1 1 6892 3325 554
13962 2 2 1 1 6893 6891 3325
13963 2 2 1 1 7014 558 3326
13964 2 2 1 1 5573 7650 5447
13965 2 2 1 1 3326 558 3328
13966 2 2 1 1 3329 3328 522
13967 2 2 1 1 3329 3326 3328
13968 2 2 1 1 5588 513 6894
13969 2 2 1 1 5589 3327 6896
13970 2 2 1 1 6889 602 6897
13971 2 2 1 1 3333 3332 6898
13972 2 2 1 1 5590 6890 6889
13973 2 2 1 1 3324 7634 3334
13974 2 2 1 1 3328 3334 522
13975 2 2 1 1 3328 3324 3334
13976 2 2 1 1 6866 554 3961
13977 2 2 1 1 3095 6600 6624
13978 2 2 1 1 3281 3955 7672
13979 2 2 1 1 1868 4947 4363
13980 2 2 1 1 6901 6828 764
13981 2 2 1 1 6828 6902 3277
13982 2 2 1 1 6901 764 6903
13983 2 2 1 1 6904 7296 770
13984 2 2 1 1 6905 3336 6901
13985 2 2 1 1 6903 764 6906
13986 2 2 1 1 6907 5594 833
13987 2 2 1 1 6908 3956 7674
13988 2 2 1 1 6909 5630 3340
13989 2 2 1 1 3341 6910 6999
13990 2 2 1 1 6907 833 6912
13991 2 2 1 1 3074 3073 6634
13992 2 2 1 1 4557 7297 6913
13993 2 2 1 1 6914 679 7637
13994 2 2 1 1 6915 5373 715
13995 2 2 1 1 6916 6914 3344
13996 2 2 1 1 6917 6845 3289
13997 2 2 1 1 6918 6844 722
13998 2 2 1 1 7215 6917 3289
13999 2 2 1 1 6918 722 6919
14000 2 2 1 1 6920 7298 768
14001 2 2 1 1 3347 5598 6921
14002 2 2 1 1 3968 6842 770
14003 2 2 1 1 6920 768 4152
14004 2 2 1 1 3313 3959 6923
14005 2 2 1 1 6923 3959 7677
14006 2 2 1 1 6792 552 6924
14007 2 2 1 1 6925 6834 510
14008 2 2 1 1 5599 3253 6792
14009 2 2 1 1 6925 510 6926
14010 2 2 1 1 3352 3351 6927
14011 2 2 1 1 5430 6562 3058
14012 2 2 1 1 6926 510 6929
14013 2 2 1 1 5601 3351 6931
14014 2 2 1 1 6932 6965 3355
14015 2 2 1 1 4546 7678 6933
14016 2 2 1 1 6934 6965 3356
14017 2 2 1 1 3246 6934 3356
14018 2 2 1 1 6929 510 6936
14019 2 2 1 1 3358 5604 6937
14020 2 2 1 1 5604 3353 3357
14021 2 2 1 1 3358 511 3359
14022 2 2 1 1 3360 3359 473
14023 2 2 1 1 3360 3358 3359
14024 2 2 1 1 3361 6894 513
14025 2 2 1 1 3361 3359 3330
14026 2 2 1 1 3361 513 3362
14027 2 2 1 1 3363 3362 478
14028 2 2 1 1 3363 3361 3362
14029 2 2 1 1 3360 473 3364
14030 2 2 1 1 3365 3364 434
14031 2 2 1 1 3365 3360 3364
14032 2 2 1 1 3362 513 3329
14033 2 2 1 1 3366 3329 522
14034 2 2 1 1 3366 3362 3329
14035 2 2 1 1 3363 478 3367
14036 2 2 1 1 3368 3367 435
14037 2 2 1 1 3368 3363 3367
14038 2 2 1 1 3354 6938 3369
14039 2 2 1 1 3370 3369 433
14040 2 2 1 1 3370 3354 3369
14041 2 2 1 1 3364 473 3368
14042 2 2 1 1 3371 3368 435
14043 2 2 1 1 3371 3364 3368
14044 2 2 1 1 3369 6939 433
14045 2 2 1 1 3369 3365 6939
14046 2 2 1 1 433 6939 3373
14047 2 2 1 1 5416 6529 7754
14048 2 2 1 1 6941 3374 396
14049 2 2 1 1 3373 398 3375
14050 2 2 1 1 3376 3375 397
14051 2 2 1 1 3376 3373 3375
14052 2 2 1 1 396 3374 5606
14053 2 2 1 1 396 6942 3378
14054 2 2 1 1 3031 6525 2950
14055 2 2 1 1 3380 5609 6944
14056 2 2 1 1 3376 397 6945
14057 2 2 1 1 7132 6506 5419
14058 2 2 1 1 6945 397 3382
14059 2 2 1 1 3382 397 3380
14060 2 2 1 1 3384 3380 361
14061 2 2 1 1 3384 3382 3380
14062 2 2 1 1 6944 5609 3385
14063 2 2 1 1 486 466 427
14064 2 2 1 1 3384 361 3386
14065 2 2 1 1 3094 3386 345
14066 2 2 1 1 3094 3384 3386
14067 2 2 1 1 3383 385 3387
14068 2 2 1 1 3247 3383 3387
14069 2 2 1 1 5613 6948 5612
14070 2 2 1 1 6949 3366 522
14071 2 2 1 1 6771 6498 3009
14072 2 2 1 1 6875 6470 2980
14073 2 2 1 1 6949 522 3389
14074 2 2 1 1 3389 522 3334
14075 2 2 1 1 3391 3334 7634
14076 2 2 1 1 3391 3389 3334
14077 2 2 1 1 492 3390 5615
14078 2 2 1 1 5614 327 3393
14079 2 2 1 1 6876 2965 6467
14080 2 2 1 1 6953 3392 535
14081 2 2 1 1 6953 535 3394
14082 2 2 1 1 3394 535 3391
14083 2 2 1 1 3396 3391 570
14084 2 2 1 1 3396 3394 3391
14085 2 2 1 1 3396 570 6956
14086 2 2 1 1 3397 3396 6956
14087 2 2 1 1 3395 584 3398
14088 2 2 1 1 3399 3398 596
14089 2 2 1 1 3399 3395 3398
14090 2 2 1 1 514 6957 3401
14091 2 2 1 1 6911 5413 6455
14092 2 2 1 1 6895 511 6958
14093 2 2 1 1 4556 7679 6959
14094 2 2 1 1 5628 3331 6960
14095 2 2 1 1 3398 584 3403
14096 2 2 1 1 3404 3403 632
14097 2 2 1 1 3404 3398 3403
14098 2 2 1 1 6961 6937 3357
14099 2 2 1 1 6962 6936 510
14100 2 2 1 1 6963 6961 3357
14101 2 2 1 1 3381 424 6964
14102 2 2 1 1 3370 3356 6965
14103 2 2 1 1 3370 3381 3356
14104 2 2 1 1 3399 596 3405
14105 2 2 1 1 3400 3405 576
14106 2 2 1 1 3400 3399 3405
14107 2 2 1 1 6967 3406 821
14108 2 2 1 1 3340 6968 3406
14109 2 2 1 1 2962 6442 6928
14110 2 2 1 1 3407 3275 792
14111 2 2 1 1 4560 7680 6970
14112 2 2 1 1 4561 7681 6971
14113 2 2 1 1 5631 3316 4560
14114 2 2 1 1 4562 7683 6972
14115 2 2 1 1 3950 6829 638
14116 2 2 1 1 5632 3280 4562
14117 2 2 1 1 6880 650 6973
14118 2 2 1 1 3332 6974 6898
14119 2 2 1 1 3332 6897 6974
14120 2 2 1 1 6973 650 6975
14121 2 2 1 1 6984 7632 6976
14122 2 2 1 1 5634 3409 6977
14123 2 2 1 1 6980 5581 3317
14124 2 2 1 1 6979 6878 699
14125 2 2 1 1 6979 699 6981
14126 2 2 1 1 6988 7006 6982
14127 2 2 1 1 5636 3411 6983
14128 2 2 1 1 6984 7533 6990
14129 2 2 1 1 3415 5251 5648
14130 2 2 1 1 6981 699 6985
14131 2 2 1 1 6986 7302 752
14132 2 2 1 1 3417 5637 6055
14133 2 2 1 1 3413 6988 3418
14134 2 2 1 1 7626 6989 6991
14135 2 2 1 1 3414 6984 6990
14136 2 2 1 1 3419 5639 7626
14137 2 2 1 1 3166 7710 590
14138 2 2 1 1 5386 6444 7763
14139 2 2 1 1 3421 5660 3420
14140 2 2 1 1 4563 3962 3408
14141 2 2 1 1 7337 6992 745
14142 2 2 1 1 3964 3416 4563
14143 2 2 1 1 4565 4564 3423
14144 2 2 1 1 3965 7617 4565
14145 2 2 1 1 5641 3418 6995
14146 2 2 1 1 7695 4149 3427
14147 2 2 1 1 3958 4568 768
14148 2 2 1 1 3967 3343 7692
14149 2 2 1 1 6441 2927 6935
14150 2 2 1 1 7000 6999 3430
14151 2 2 1 1 3431 7000 875
14152 2 2 1 1 3431 3341 7000
14153 2 2 1 1 6912 833 7131
14154 2 2 1 1 7003 3432 7002
14155 2 2 1 1 7003 3970 7698
14156 2 2 1 1 5643 382 3377
14157 2 2 1 1 5625 514 3401
14158 2 2 1 1 5646 5640 3421
14159 2 2 1 1 5646 3404 5640
14160 2 2 1 1 3437 3436 685
14161 2 2 1 1 3437 3426 3436
14162 2 2 1 1 3403 584 3397
14163 2 2 1 1 3415 3397 6955
14164 2 2 1 1 3415 3403 3397
14165 2 2 1 1 4566 777 4570
14166 2 2 1 1 3425 3972 4571
14167 2 2 1 1 3423 4564 4572
14168 2 2 1 1 3440 4574 4573
14169 2 2 1 1 4574 4572 3439
14170 2 2 1 1 3153 220 7008
14171 2 2 1 1 3240 3441 5541
14172 2 2 1 1 5385 6952 6423
14173 2 2 1 1 3387 3087 7010
14174 2 2 1 1 3387 3093 7011
14175 2 2 1 1 7359 2951 6420
14176 2 2 1 1 4547 7704 7013
14177 2 2 1 1 5653 3227 6171
14178 2 2 1 1 7392 5303 2812
14179 2 2 1 1 7015 6240 270
14180 2 2 1 1 7199 7392 2812
14181 2 2 1 1 7015 270 3928
14182 2 2 1 1 7017 7016 4534
14183 2 2 1 1 3443 3976 7016
14184 2 2 1 1 3443 7016 7017
14185 2 2 1 1 3139 3977 7018
14186 2 2 1 1 1199 1115 7004
14187 2 2 1 1 3173 177 7019
14188 2 2 1 1 6523 6943 6419
14189 2 2 1 1 4578 4577 3445
14190 2 2 1 1 4015 4579 803
14191 2 2 1 1 3978 3428 4578
14192 2 2 1 1 3155 199 3447
14193 2 2 1 1 3448 3447 186
14194 2 2 1 1 3448 3155 3447
14195 2 2 1 1 4580 4538 3194
14196 2 2 1 1 4544 4536 502
14197 2 2 1 1 3979 3184 4580
14198 2 2 1 1 5740 603 2342
14199 2 2 1 1 5375 2896 6946
14200 2 2 1 1 2947 6413 6416
14201 2 2 1 1 7022 5687 3451
14202 2 2 1 1 3452 7022 7021
14203 2 2 1 1 1743 5182 7007
14204 2 2 1 1 7023 5482 3156
14205 2 2 1 1 7024 6667 213
14206 2 2 1 1 7025 7023 3156
14207 2 2 1 1 7714 3913 3136
14208 2 2 1 1 2896 6331 6946
14209 2 2 1 1 3981 3098 7712
14210 2 2 1 1 3444 4576 4583
14211 2 2 1 1 3161 4585 4528
14212 2 2 1 1 3161 3983 4585
14213 2 2 1 1 140 7027 3457
14214 2 2 1 1 3174 4532 4587
14215 2 2 1 1 6404 6950 2940
14216 2 2 1 1 3459 3986 4588
14217 2 2 1 1 3192 5508 7029
14218 2 2 1 1 7031 7030 2353
14219 2 2 1 1 3274 7031 792
14220 2 2 1 1 3274 3460 7031
14221 2 2 1 1 3436 725 7032
14222 2 2 1 1 3462 3461 730
14223 2 2 1 1 3462 3436 3461
14224 2 2 1 1 2925 6379 6951
14225 2 2 1 1 685 3462 5659
14226 2 2 1 1 7034 2713 640
14227 2 2 1 1 7034 640 3420
14228 2 2 1 1 6952 2922 6423
14229 2 2 1 1 4590 4589 3463
14230 2 2 1 1 4020 4591 798
14231 2 2 1 1 3989 3439 4590
14232 2 2 1 1 7036 1455 5007
14233 2 2 1 1 7721 3993 1424
14234 2 2 1 1 2921 5357 6954
14235 2 2 1 1 7037 5007 2319
14236 2 2 1 1 7038 5931 1402
14237 2 2 1 1 7039 7037 2319
14238 2 2 1 1 3466 7718 4593
14239 2 2 1 1 3469 7723 4594
14240 2 2 1 1 7722 4593 3468
14241 2 2 1 1 7038 1402 4596
14242 2 2 1 1 4597 4001 1362
14243 2 2 1 1 7040 3995 7724
14244 2 2 1 1 4598 4002 3472
14245 2 2 1 1 4138 4599 1386
14246 2 2 1 1 3997 3468 4598
14247 2 2 1 1 3469 4594 4601
14248 2 2 1 1 2307 4602 3724
14249 2 2 1 1 2307 3999 4602
14250 2 2 1 1 7041 4596 7045
14251 2 2 1 1 7042 4603 1338
14252 2 2 1 1 4603 7041 3475
14253 2 2 1 1 3471 4597 4604
14254 2 2 1 1 3472 4605 4599
14255 2 2 1 1 4605 4604 3477
14256 2 2 1 1 4606 7043 3478
14257 2 2 1 1 7044 4606 1477
14258 2 2 1 1 4606 7322 7043
14259 2 2 1 1 4608 4607 3479
14260 2 2 1 1 4389 4609 1418
14261 2 2 1 1 4004 3478 4608
14262 2 2 1 1 7046 7045 2322
14263 2 2 1 1 3480 7046 1375
14264 2 2 1 1 3480 3475 7046
14265 2 2 1 1 7042 1338 4610
14266 2 2 1 1 4126 4611 1295
14267 2 2 1 1 7047 4006 7734
14268 2 2 1 1 3480 1375 3483
14269 2 2 1 1 3484 3483 1322
14270 2 2 1 1 3484 3480 3483
14271 2 2 1 1 3483 1375 2328
14272 2 2 1 1 3485 2328 1349
14273 2 2 1 1 3485 3483 2328
14274 2 2 1 1 3487 3486 7050
14275 2 2 1 1 3487 4008 3486
14276 2 2 1 1 7776 6966 6410
14277 2 2 1 1 3488 5667 1300
14278 2 2 1 1 5345 6333 7782
14279 2 2 1 1 3489 5669 1266
14280 2 2 1 1 7052 1266 7054
14281 2 2 1 1 3486 3490 7050
14282 2 2 1 1 3486 7052 3490
14283 2 2 1 1 1266 7053 7054
14284 2 2 1 1 3490 7052 7054
14285 2 2 1 1 3434 5730 529
14286 2 2 1 1 5947 930 7056
14287 2 2 1 1 3493 3492 7057
14288 2 2 1 1 7056 930 7058
14289 2 2 1 1 4612 7735 7059
14290 2 2 1 1 5683 3492 7060
14291 2 2 1 1 4613 4024 3495
14292 2 2 1 1 7304 4614 818
14293 2 2 1 1 7788 3493 4613
14294 2 2 1 1 7614 4612 910
14295 2 2 1 1 6997 2869 6317
14296 2 2 1 1 4615 7061 3496
14297 2 2 1 1 5337 6315 7518
14298 2 2 1 1 4617 5686 891
14299 2 2 1 1 5685 3496 4616
14300 2 2 1 1 6993 2843 6276
14301 2 2 1 1 4619 7743 7064
14302 2 2 1 1 7528 3497 4618
14303 2 2 1 1 7740 910 3727
14304 2 2 1 1 7745 7065 4264
14305 2 2 1 1 3502 4012 7065
14306 2 2 1 1 3499 4617 4621
14307 2 2 1 1 3504 4624 7751
14308 2 2 1 1 3504 4013 4624
14309 2 2 1 1 7748 7746 3505
14310 2 2 1 1 7309 4626 786
14311 2 2 1 1 4014 3500 7746
14312 2 2 1 1 4627 5086 2388
14313 2 2 1 1 4628 7164 938
14314 2 2 1 1 7184 3502 4627
14315 2 2 1 1 3504 7751 4629
14316 2 2 1 1 3505 7753 4626
14317 2 2 1 1 7752 4629 3507
14318 2 2 1 1 7066 830 3508
14319 2 2 1 1 3451 7464 7021
14320 2 2 1 1 3451 7066 7464
14321 2 2 1 1 7069 830 7067
14322 2 2 1 1 3510 3509 7068
14323 2 2 1 1 5688 3508 7069
14324 2 2 1 1 4631 4622 3503
14325 2 2 1 1 4022 4620 891
14326 2 2 1 1 4017 3509 4631
14327 2 2 1 1 4632 4061 3512
14328 2 2 1 1 3990 4633 810
14329 2 2 1 1 4019 3510 4632
14330 2 2 1 1 3506 4628 4634
14331 2 2 1 1 3511 4636 4018
14332 2 2 1 1 3511 4021 4636
14333 2 2 1 1 3501 4619 4638
14334 2 2 1 1 3495 4639 4614
14335 2 2 1 1 3495 4023 4639
14336 2 2 1 1 2175 4176 4641
14337 2 2 1 1 2182 4642 4190
14338 2 2 1 1 2182 4025 4642
14339 2 2 1 1 2350 767 3517
14340 2 2 1 1 3235 2350 3517
14341 2 2 1 1 3236 6825 731
14342 2 2 1 1 2392 4268 4644
14343 2 2 1 1 3519 4646 4645
14344 2 2 1 1 3519 4027 4646
14345 2 2 1 1 3518 4643 4647
14346 2 2 1 1 3520 4649 4648
14347 2 2 1 1 3520 4029 4649
14348 2 2 1 1 3519 4645 4650
14349 2 2 1 1 3513 4652 4635
14350 2 2 1 1 3513 4032 4652
14351 2 2 1 1 3520 4648 4654
14352 2 2 1 1 3523 4656 4655
14353 2 2 1 1 3523 4034 4656
14354 2 2 1 1 4653 970 4657
14355 2 2 1 1 4658 3524 4043
14356 2 2 1 1 3525 4036 4658
14357 2 2 1 1 3523 4655 4660
14358 2 2 1 1 3527 4662 4661
14359 2 2 1 1 3527 4039 4662
14360 2 2 1 1 3524 4657 4663
14361 2 2 1 1 3528 4665 4664
14362 2 2 1 1 3528 4041 4665
14363 2 2 1 1 4666 4057 3529
14364 2 2 1 1 4668 4667 7424
14365 2 2 1 1 4044 3525 4666
14366 2 2 1 1 7070 4659 7332
14367 2 2 1 1 7071 4669 7772
14368 2 2 1 1 4669 7070 3531
14369 2 2 1 1 3528 4664 4670
14370 2 2 1 1 3533 4672 4671
14371 2 2 1 1 3533 4047 4672
14372 2 2 1 1 4668 7424 7773
14373 2 2 1 1 4673 3534 7333
14374 2 2 1 1 3531 4049 4673
14375 2 2 1 1 3533 4671 4675
14376 2 2 1 1 3536 4677 4676
14377 2 2 1 1 3536 4050 4677
14378 2 2 1 1 3534 7773 4678
14379 2 2 1 1 3537 4680 4679
14380 2 2 1 1 4680 4678 2673
14381 2 2 1 1 3535 4674 4681
14382 2 2 1 1 2659 4682 3870
14383 2 2 1 1 2659 4053 4682
14384 2 2 1 1 3536 4676 4683
14385 2 2 1 1 3529 4684 4667
14386 2 2 1 1 3529 4056 4684
14387 2 2 1 1 3537 4679 4685
14388 2 2 1 1 3539 4687 4121
14389 2 2 1 1 3539 4058 4687
14390 2 2 1 1 3527 4661 4688
14391 2 2 1 1 3521 4689 4651
14392 2 2 1 1 4689 4688 3540
14393 2 2 1 1 4690 7777 7072
14394 2 2 1 1 4633 7778 7073
14395 2 2 1 1 7778 5692 4690
14396 2 2 1 1 4691 5691 3532
14397 2 2 1 1 4692 7071 842
14398 2 2 1 1 7779 5693 4691
14399 2 2 1 1 7144 1651 3770
14400 2 2 1 1 2566 4063 6054
14401 2 2 1 1 2149 7608 4611
14402 2 2 1 1 3487 3481 4610
14403 2 2 1 1 2177 4179 4694
14404 2 2 1 1 2174 4695 4175
14405 2 2 1 1 2174 4064 4695
14406 2 2 1 1 7787 4591 3463
14407 2 2 1 1 7302 4589 752
14408 2 2 1 1 7605 3452 7784
14409 2 2 1 1 3545 1960 3544
14410 2 2 1 1 5156 3544 1936
14411 2 2 1 1 2506 3545 3544
14412 2 2 1 1 2169 838 797
14413 2 2 1 1 2560 4328 4698
14414 2 2 1 1 2643 4700 3860
14415 2 2 1 1 2643 4067 4700
14416 2 2 1 1 4701 3677 2253
14417 2 2 1 1 4702 4208 1803
14418 2 2 1 1 4070 2208 4701
14419 2 2 1 1 3547 4702 4703
14420 2 2 1 1 4704 1857 4706
14421 2 2 1 1 4707 3549 4109
14422 2 2 1 1 2205 4074 4707
14423 2 2 1 1 7075 6645 3135
14424 2 2 1 1 7795 7075 3135
14425 2 2 1 1 166 3551 5704
14426 2 2 1 1 3550 188 3552
14427 2 2 1 1 3553 3552 201
14428 2 2 1 1 3553 3550 3552
14429 2 2 1 1 3552 188 3554
14430 2 2 1 1 3555 3554 214
14431 2 2 1 1 3555 3552 3554
14432 2 2 1 1 3553 201 7078
14433 2 2 1 1 3557 3556 7079
14434 2 2 1 1 5710 7604 161
14435 2 2 1 1 3555 214 3559
14436 2 2 1 1 3560 5708 7083
14437 2 2 1 1 5708 3555 3559
14438 2 2 1 1 7084 231 5726
14439 2 2 1 1 7028 2807 6229
14440 2 2 1 1 3562 7084 3561
14441 2 2 1 1 3558 179 5705
14442 2 2 1 1 3563 3558 3557
14443 2 2 1 1 3563 186 3564
14444 2 2 1 1 3565 3564 170
14445 2 2 1 1 3565 3563 3564
14446 2 2 1 1 2520 1567 7087
14447 2 2 1 1 3567 3566 7088
14448 2 2 1 1 7087 1567 7089
14449 2 2 1 1 7091 3568 7090
14450 2 2 1 1 7091 3566 3568
14451 2 2 1 1 3567 1532 3569
14452 2 2 1 1 3570 3569 1539
14453 2 2 1 1 3570 3567 3569
14454 2 2 1 1 7089 1567 7092
14455 2 2 1 1 3817 7796 7093
14456 2 2 1 1 5713 3568 7094
14457 2 2 1 1 2833 6263 7033
14458 2 2 1 1 7798 7096 4078
14459 2 2 1 1 5714 5712 7091
14460 2 2 1 1 3569 1532 7097
14461 2 2 1 1 3575 3574 7098
14462 2 2 1 1 7100 5173 2524
14463 2 2 1 1 7101 6027 1609
14464 2 2 1 1 6027 7100 2524
14465 2 2 1 1 4709 4081 3577
14466 2 2 1 1 3574 7102 7098
14467 2 2 1 1 5717 3573 4709
14468 2 2 1 1 7101 1609 7103
14469 2 2 1 1 7104 6053 1606
14470 2 2 1 1 5718 3576 7105
14471 2 2 1 1 7104 1606 7213
14472 2 2 1 1 2595 7106 5193
14473 2 2 1 1 2595 7341 7106
14474 2 2 1 1 3570 1539 3579
14475 2 2 1 1 2521 3579 1578
14476 2 2 1 1 2521 3570 3579
14477 2 2 1 1 3581 1539 3580
14478 2 2 1 1 5733 3580 1521
14479 2 2 1 1 7108 1539 5715
14480 2 2 1 1 7109 3575 7098
14481 2 2 1 1 3582 7108 3575
14482 2 2 1 1 4708 1528 3823
14483 2 2 1 1 4710 2604 4393
14484 2 2 1 1 3583 4077 4710
14485 2 2 1 1 7801 7110 4183
14486 2 2 1 1 7802 7111 4181
14487 2 2 1 1 3584 4079 7111
14488 2 2 1 1 4711 4161 2154
14489 2 2 1 1 4080 3584 4711
14490 2 2 1 1 7112 3585 599
14491 2 2 1 1 3585 661 7113
14492 2 2 1 1 3188 3585 7113
14493 2 2 1 1 2345 720 3586
14494 2 2 1 1 7114 3586 676
14495 2 2 1 1 3205 2345 3586
14496 2 2 1 1 7115 720 2347
14497 2 2 1 1 7116 2347 740
14498 2 2 1 1 3233 7115 2347
14499 2 2 1 1 7117 3587 1141
14500 2 2 1 1 5304 6244 7799
14501 2 2 1 1 3589 3588 7120
14502 2 2 1 1 3587 1183 3588
14503 2 2 1 1 7117 1141 3590
14504 2 2 1 1 3590 1141 3592
14505 2 2 1 1 3593 3592 1083
14506 2 2 1 1 3593 3590 3592
14507 2 2 1 1 3591 1145 7121
14508 2 2 1 1 3458 4586 4712
14509 2 2 1 1 7122 7024 213
14510 2 2 1 1 7806 7123 4712
14511 2 2 1 1 3595 4714 4713
14512 2 2 1 1 3594 4716 4715
14513 2 2 1 1 3594 4082 4716
14514 2 2 1 1 7388 5825 5478
14515 2 2 1 1 3158 3596 5483
14516 2 2 1 1 7125 5933 597
14517 2 2 1 1 6584 7125 597
14518 2 2 1 1 5302 7062 6235
14519 2 2 1 1 3599 4719 4133
14520 2 2 1 1 3599 4085 4719
14521 2 2 1 1 5162 1696 5729
14522 2 2 1 1 3982 4531 550
14523 2 2 1 1 2275 4241 4721
14524 2 2 1 1 2568 4722 3781
14525 2 2 1 1 2568 4087 4722
14526 2 2 1 1 3601 4720 4723
14527 2 2 1 1 2572 4724 4346
14528 2 2 1 1 2572 4089 4724
14529 2 2 1 1 121 7128 3457
14530 2 2 1 1 5732 1578 3581
14531 2 2 1 1 2356 875 3430
14532 2 2 1 1 3604 3430 821
14533 2 2 1 1 3604 2356 3430
14534 2 2 1 1 2183 4191 4725
14535 2 2 1 1 3605 4727 4726
14536 2 2 1 1 4727 4725 3477
14537 2 2 1 1 2504 1936 7129
14538 2 2 1 1 4432 4728 1948
14539 2 2 1 1 2634 4093 3606
14540 2 2 1 1 7130 689 3204
14541 2 2 1 1 3449 3204 7134
14542 2 2 1 1 3449 7130 3204
14543 2 2 1 1 2358 913 5746
14544 2 2 1 1 3431 5737 7131
14545 2 2 1 1 5737 2358 3607
14546 2 2 1 1 7502 730 3461
14547 2 2 1 1 3608 7502 3461
14548 2 2 1 1 6199 7074 2788
14549 2 2 1 1 3562 3556 7078
14550 2 2 1 1 3562 4095 3556
14551 2 2 1 1 4729 4431 2633
14552 2 2 1 1 3851 4429 1907
14553 2 2 1 1 5739 3609 4729
14554 2 2 1 1 7135 7134 3169
14555 2 2 1 1 3166 7135 7710
14556 2 2 1 1 3166 5740 7135
14557 2 2 1 1 3610 7136 7138
14558 2 2 1 1 3559 7137 7083
14559 2 2 1 1 5741 3610 7138
14560 2 2 1 1 6123 780 7139
14561 2 2 1 1 2678 7140 5220
14562 2 2 1 1 5742 2690 7141
14563 2 2 1 1 4731 4730 3612
14564 2 2 1 1 7597 4732 4570
14565 2 2 1 1 4096 3611 4731
14566 2 2 1 1 864 7142 3613
14567 2 2 1 1 2787 5288 7076
14568 2 2 1 1 1997 7143 2467
14569 2 2 1 1 2185 4195 4733
14570 2 2 1 1 2172 4734 4171
14571 2 2 1 1 4734 4733 3614
14572 2 2 1 1 2181 4187 4736
14573 2 2 1 1 2184 4738 4194
14574 2 2 1 1 2184 4099 4738
14575 2 2 1 1 2787 7076 6195
14576 2 2 1 1 2776 6186 7077
14577 2 2 1 1 5746 7002 3432
14578 2 2 1 1 2173 4172 4739
14579 2 2 1 1 2170 4740 4168
14580 2 2 1 1 2170 4101 4740
14581 2 2 1 1 4742 4741 3616
14582 2 2 1 1 4108 4106 1844
14583 2 2 1 1 4103 3618 4742
14584 2 2 1 1 2202 7146 4952
14585 2 2 1 1 2784 7080 7085
14586 2 2 1 1 3620 3619 6047
14587 2 2 1 1 2192 7149 4950
14588 2 2 1 1 3549 4706 4744
14589 2 2 1 1 3617 4745 4104
14590 2 2 1 1 3617 4107 4745
14591 2 2 1 1 3621 4743 4746
14592 2 2 1 1 3622 4748 4747
14593 2 2 1 1 3622 4110 4748
14594 2 2 1 1 2593 4379 4749
14595 2 2 1 1 2603 4751 4392
14596 2 2 1 1 2603 4113 4751
14597 2 2 1 1 3447 6712 3193
14598 2 2 1 1 3564 3193 170
14599 2 2 1 1 3564 3447 3193
14600 2 2 1 1 2267 4232 4752
14601 2 2 1 1 2498 4753 3768
14602 2 2 1 1 2498 4115 4753
14603 2 2 1 1 5751 5725 3624
14604 2 2 1 1 1059 1101 3625
14605 2 2 1 1 2377 1059 3625
14606 2 2 1 1 4228 1769 4409
14607 2 2 1 1 4754 2618 4407
14608 2 2 1 1 3626 4117 4754
14609 2 2 1 1 4755 3840 2622
14610 2 2 1 1 3681 4417 1803
14611 2 2 1 1 4118 3626 4755
14612 2 2 1 1 3440 4573 4756
14613 2 2 1 1 3539 4757 4059
14614 2 2 1 1 3539 4120 4757
14615 2 2 1 1 3627 1948 4728
14616 2 2 1 1 3544 7129 1936
14617 2 2 1 1 3544 5755 3606
14618 2 2 1 1 4758 7151 3628
14619 2 2 1 1 7152 4758 7832
14620 2 2 1 1 4760 4759 3629
14621 2 2 1 1 2717 7517 7153
14622 2 2 1 1 5757 3628 4760
14623 2 2 1 1 2779 7095 6192
14624 2 2 1 1 5955 1020 3516
14625 2 2 1 1 7154 1039 3625
14626 2 2 1 1 3631 3625 1101
14627 2 2 1 1 3631 7154 3625
14628 2 2 1 1 2354 864 3613
14629 2 2 1 1 3407 3613 821
14630 2 2 1 1 7099 6189 6200
14631 2 2 1 1 2421 4302 4761
14632 2 2 1 1 7833 3632 7155
14633 2 2 1 1 4123 2421 4761
14634 2 2 1 1 4762 4092 3605
14635 2 2 1 1 4007 4726 1362
14636 2 2 1 1 4125 2155 4762
14637 2 2 1 1 7406 5284 6186
14638 2 2 1 1 5764 5774 7156
14639 2 2 1 1 7157 4184 7837
14640 2 2 1 1 7158 4763 7838
14641 2 2 1 1 4763 7157 3633
14642 2 2 1 1 907 5766 5767
14643 2 2 1 1 7470 1160 7155
14644 2 2 1 1 3588 3634 7120
14645 2 2 1 1 3588 7159 3634
14646 2 2 1 1 4764 4310 2458
14647 2 2 1 1 7840 4308 1177
14648 2 2 1 1 4127 2424 4764
14649 2 2 1 1 2624 4129 4421
14650 2 2 1 1 1880 4766 4715
14651 2 2 1 1 3635 4768 4767
14652 2 2 1 1 4086 4582 261
14653 2 2 1 1 4132 3635 4767
14654 2 2 1 1 3634 7161 7120
14655 2 2 1 1 3632 7160 7155
14656 2 2 1 1 5769 2404 5971
14657 2 2 1 1 7162 1083 3592
14658 2 2 1 1 7156 7162 3592
14659 2 2 1 1 2715 576 3405
14660 2 2 1 1 3435 3405 596
14661 2 2 1 1 3435 2715 3405
14662 2 2 1 1 2418 4295 4769
14663 2 2 1 1 7163 6000 1201
14664 2 2 1 1 4135 2418 4769
14665 2 2 1 1 2706 5776 969
14666 2 2 1 1 969 5776 5229
14667 2 2 1 1 5113 1334 3602
14668 2 2 1 1 4897 1355 2446
14669 2 2 1 1 1088 7165 3630
14670 2 2 1 1 3515 4640 4770
14671 2 2 1 1 3473 4771 3998
14672 2 2 1 1 3473 4137 4771
14673 2 2 1 1 3543 4693 4773
14674 2 2 1 1 2602 4774 3821
14675 2 2 1 1 2602 4140 4774
14676 2 2 1 1 3637 4772 4775
14677 2 2 1 1 3623 4776 4750
14678 2 2 1 1 4776 4775 3633
14679 2 2 1 1 2636 1622 1586
14680 2 2 1 1 5777 1586 3603
14681 2 2 1 1 4777 4456 2648
14682 2 2 1 1 3759 4455 1068
14683 2 2 1 1 4145 3614 4777
14684 2 2 1 1 4778 4737 3615
14685 2 2 1 1 4459 4735 1064
14686 2 2 1 1 4147 2649 4778
14687 2 2 1 1 4790 341 3385
14688 2 2 1 1 259 7167 3639
14689 2 2 1 1 4786 308 7168
14690 2 2 1 1 6121 2672 7133
14691 2 2 1 1 5787 259 3640
14692 2 2 1 1 1596 7150 1618
14693 2 2 1 1 356 7169 3378
14694 2 2 1 1 6568 292 3640
14695 2 2 1 1 3514 4637 4779
14696 2 2 1 1 3427 4780 4568
14697 2 2 1 1 4780 4779 3642
14698 2 2 1 1 4781 4579 3445
14699 2 2 1 1 4559 4577 741
14700 2 2 1 1 4151 3642 4781
14701 2 2 1 1 2579 4357 7144
14702 2 2 1 1 4872 2105 3491
14703 2 2 1 1 2123 1521 3582
14704 2 2 1 1 2147 7109 1485
14705 2 2 1 1 5782 2123 3582
14706 2 2 1 1 5733 4847 3638
14707 2 2 1 1 7592 7153 3629
14708 2 2 1 1 6016 2484 7001
14709 2 2 1 1 1010 4862 4860
14710 2 2 1 1 7174 556 3597
14711 2 2 1 1 3085 7174 6584
14712 2 2 1 1 3438 4570 4782
14713 2 2 1 1 6600 3914 7147
14714 2 2 1 1 4154 3438 4782
14715 2 2 1 1 7175 211 5541
14716 2 2 1 1 3918 7008 220
14717 2 2 1 1 7176 7175 3441
14718 2 2 1 1 7529 3565 170
14719 2 2 1 1 591 7177 2934
14720 2 2 1 1 6604 6624 5860
14721 2 2 1 1 3641 1762 7178
14722 2 2 1 1 3631 1101 3624
14723 2 2 1 1 3593 3624 1145
14724 2 2 1 1 3593 3631 3624
14725 2 2 1 1 4834 2097 4893
14726 2 2 1 1 4833 2095 4895
14727 2 2 1 1 4835 2099 4900
14728 2 2 1 1 5834 3646 2133
14729 2 2 1 1 5844 3647 2141
14730 2 2 1 1 5826 3648 2125
14731 2 2 1 1 2449 5982 2448
14732 2 2 1 1 1241 7179 3651
14733 2 2 1 1 3645 2157 3652
14734 2 2 1 1 3653 3652 2173
14735 2 2 1 1 3653 3645 3652
14736 2 2 1 1 3643 2151 3654
14737 2 2 1 1 3655 3654 2175
14738 2 2 1 1 3655 3643 3654
14739 2 2 1 1 3657 2159 7180
14740 2 2 1 1 5764 2407 5973
14741 2 2 1 1 2398 7192 5968
14742 2 2 1 1 3659 1412 7181
14743 2 2 1 1 3662 2158 3660
14744 2 2 1 1 3661 3660 2181
14745 2 2 1 1 3661 3662 3660
14746 2 2 1 1 3644 2153 3663
14747 2 2 1 1 3664 3663 2183
14748 2 2 1 1 3664 3644 3663
14749 2 2 1 1 3667 2161 3665
14750 2 2 1 1 3666 3665 2185
14751 2 2 1 1 3666 3667 3665
14752 2 2 1 1 7164 2388 4266
14753 2 2 1 1 3671 2245 3669
14754 2 2 1 1 3670 3669 2249
14755 2 2 1 1 3670 3671 3669
14756 2 2 1 1 3675 2248 3673
14757 2 2 1 1 3674 3673 2251
14758 2 2 1 1 3674 3675 3673
14759 2 2 1 1 3670 2249 3676
14760 2 2 1 1 3677 3676 2253
14761 2 2 1 1 3677 3670 3676
14762 2 2 1 1 3674 2251 3678
14763 2 2 1 1 3679 3678 2255
14764 2 2 1 1 3679 3674 3678
14765 2 2 1 1 3682 2252 3680
14766 2 2 1 1 3681 3680 2257
14767 2 2 1 1 3681 3682 3680
14768 2 2 1 1 3685 2254 3683
14769 2 2 1 1 3684 3683 2259
14770 2 2 1 1 3684 3685 3683
14771 2 2 1 1 3679 2255 3686
14772 2 2 1 1 3687 3686 2256
14773 2 2 1 1 3687 3679 3686
14774 2 2 1 1 3690 2258 3688
14775 2 2 1 1 3689 3688 2261
14776 2 2 1 1 3689 3690 3688
14777 2 2 1 1 3693 2260 3691
14778 2 2 1 1 3692 3691 2263
14779 2 2 1 1 3692 3693 3691
14780 2 2 1 1 3696 2262 3694
14781 2 2 1 1 3695 3694 2267
14782 2 2 1 1 3695 3696 3694
14783 2 2 1 1 4992 2265 3697
14784 2 2 1 1 3701 2266 3699
14785 2 2 1 1 3700 3699 2271
14786 2 2 1 1 3700 3701 3699
14787 2 2 1 1 1627 7182 3702
14788 2 2 1 1 3705 2269 3703
14789 2 2 1 1 3704 3703 2275
14790 2 2 1 1 3704 3705 3703
14791 2 2 1 1 3702 2273 3706
14792 2 2 1 1 3707 3706 2274
14793 2 2 1 1 3707 3702 3706
14794 2 2 1 1 3710 2278 3708
14795 2 2 1 1 3709 3708 2281
14796 2 2 1 1 3709 3710 3708
14797 2 2 1 1 3711 2280 7183
14798 2 2 1 1 3709 2281 3712
14799 2 2 1 1 3713 3712 2287
14800 2 2 1 1 3713 3709 3712
14801 2 2 1 1 3716 2286 3714
14802 2 2 1 1 3715 3714 2291
14803 2 2 1 1 3715 3716 3714
14804 2 2 1 1 3719 2290 3717
14805 2 2 1 1 3718 3717 2295
14806 2 2 1 1 3718 3719 3717
14807 2 2 1 1 5912 2277 4996
14808 2 2 1 1 2297 7185 3720
14809 2 2 1 1 3721 2294 7186
14810 2 2 1 1 7173 2264 7170
14811 2 2 1 1 1551 3723 6060
14812 2 2 1 1 7187 3725 2300
14813 2 2 1 1 1480 7188 5001
14814 2 2 1 1 3728 2384 7190
14815 2 2 1 1 938 7413 3729
14816 2 2 1 1 7192 3730 2395
14817 2 2 1 1 3731 2394 7191
14818 2 2 1 1 7427 3733 2400
14819 2 2 1 1 3732 2398 3734
14820 2 2 1 1 3735 3734 2402
14821 2 2 1 1 3735 3732 3734
14822 2 2 1 1 3738 2401 3736
14823 2 2 1 1 3737 3736 2406
14824 2 2 1 1 3737 3738 3736
14825 2 2 1 1 3741 2405 3739
14826 2 2 1 1 3740 3739 2409
14827 2 2 1 1 3740 3741 3739
14828 2 2 1 1 3742 2408 7193
14829 2 2 1 1 3740 2409 3743
14830 2 2 1 1 3744 3743 2412
14831 2 2 1 1 3744 3740 3743
14832 2 2 1 1 3747 2411 3745
14833 2 2 1 1 3746 3745 2414
14834 2 2 1 1 3746 3747 3745
14835 2 2 1 1 3744 2412 3748
14836 2 2 1 1 3749 3748 2416
14837 2 2 1 1 3749 3744 3748
14838 2 2 1 1 3751 2413 7194
14839 2 2 1 1 3754 2415 3752
14840 2 2 1 1 3753 3752 2420
14841 2 2 1 1 3753 3754 3752
14842 2 2 1 1 1132 7195 3755
14843 2 2 1 1 7197 3758 2424
14844 2 2 1 1 7196 2423 7198
14845 2 2 1 1 5976 2425 3760
14846 2 2 1 1 7200 3762 2455
14847 2 2 1 1 1331 4815 1316
14848 2 2 1 1 7200 2455 3763
14849 2 2 1 1 1201 5120 7163
14850 2 2 1 1 3766 2486 7202
14851 2 2 1 1 1914 1863 1842
14852 2 2 1 1 6018 2493 5153
14853 2 2 1 1 1606 7204 3769
14854 2 2 1 1 1651 7205 3770
14855 2 2 1 1 3773 2553 7834
14856 2 2 1 1 3772 3771 2555
14857 2 2 1 1 3772 3773 3771
14858 2 2 1 1 7206 3774 2558
14859 2 2 1 1 3777 2557 3775
14860 2 2 1 1 3776 3775 2561
14861 2 2 1 1 3776 3777 3775
14862 2 2 1 1 3778 2559 7207
14863 2 2 1 1 3776 2561 7208
14864 2 2 1 1 3181 5750 6696
14865 2 2 1 1 7781 3780 2566
14866 2 2 1 1 7861 7209 3781
14867 2 2 1 1 3784 2565 3782
14868 2 2 1 1 3783 3782 2569
14869 2 2 1 1 3783 3784 3782
14870 2 2 1 1 3783 2569 3785
14871 2 2 1 1 3786 3785 2571
14872 2 2 1 1 3786 3783 3785
14873 2 2 1 1 3789 2570 3787
14874 2 2 1 1 3788 3787 2573
14875 2 2 1 1 3788 3789 3787
14876 2 2 1 1 3786 2571 3790
14877 2 2 1 1 3791 3790 2575
14878 2 2 1 1 3791 3786 3790
14879 2 2 1 1 3794 2574 3792
14880 2 2 1 1 3793 3792 2577
14881 2 2 1 1 3793 3794 3792
14882 2 2 1 1 3791 2575 7210
14883 2 2 1 1 7211 3795 2581
14884 2 2 1 1 7211 2581 5191
14885 2 2 1 1 1651 7480 3798
14886 2 2 1 1 7212 3799 2297
14887 2 2 1 1 1931 1863 6006
14888 2 2 1 1 3804 2584 3802
14889 2 2 1 1 3803 3802 2586
14890 2 2 1 1 3803 3804 3802
14891 2 2 1 1 3803 2586 7214
14892 2 2 1 1 6042 2863 2858
14893 2 2 1 1 3808 2587 3806
14894 2 2 1 1 3807 3806 2589
14895 2 2 1 1 3807 3808 3806
14896 2 2 1 1 3805 2588 3809
14897 2 2 1 1 3810 3809 2591
14898 2 2 1 1 3810 3805 3809
14899 2 2 1 1 3813 2590 3811
14900 2 2 1 1 3812 3811 2593
14901 2 2 1 1 3812 3813 3811
14902 2 2 1 1 3810 2591 7216
14903 2 2 1 1 3816 2592 3814
14904 2 2 1 1 3815 3814 2597
14905 2 2 1 1 3815 3816 3814
14906 2 2 1 1 1562 7217 3817
14907 2 2 1 1 1477 3819 7044
14908 2 2 1 1 3815 2597 3820
14909 2 2 1 1 3821 3820 2602
14910 2 2 1 1 3821 3815 3820
14911 2 2 1 1 6067 2598 3822
14912 2 2 1 1 7750 7184 4627
14913 2 2 1 1 1774 7455 3824
14914 2 2 1 1 7219 3825 2607
14915 2 2 1 1 7220 3826 2497
14916 2 2 1 1 869 4948 4011
14917 2 2 1 1 7519 3827 2612
14918 2 2 1 1 5684 7002 888
14919 2 2 1 1 5197 2610 3828
14920 2 2 1 1 3830 2611 7222
14921 2 2 1 1 3833 2613 3831
14922 2 2 1 1 3832 3831 2617
14923 2 2 1 1 3832 3833 3831
14924 2 2 1 1 3829 2614 3834
14925 2 2 1 1 3835 3834 2608
14926 2 2 1 1 3835 3829 3834
14927 2 2 1 1 3838 2616 3836
14928 2 2 1 1 3837 3836 2620
14929 2 2 1 1 3837 3838 3836
14930 2 2 1 1 3832 2617 3839
14931 2 2 1 1 3840 3839 2622
14932 2 2 1 1 3840 3832 3839
14933 2 2 1 1 3841 2619 7520
14934 2 2 1 1 3837 2620 3842
14935 2 2 1 1 3843 3842 2625
14936 2 2 1 1 3843 3837 3842
14937 2 2 1 1 5200 3844 2627
14938 2 2 1 1 4765 2630 7224
14939 2 2 1 1 3845 7225 2629
14940 2 2 1 1 3847 2626 7226
14941 2 2 1 1 7497 3517 5690
14942 2 2 1 1 5202 2632 3850
14943 2 2 1 1 3851 1907 3850
14944 2 2 1 1 3843 2625 3852
14945 2 2 1 1 3853 3852 2638
14946 2 2 1 1 3853 3843 3852
14947 2 2 1 1 3856 2637 3854
14948 2 2 1 1 3855 3854 2640
14949 2 2 1 1 3855 3856 3854
14950 2 2 1 1 3853 2638 7229
14951 2 2 1 1 3858 6092 2621
14952 2 2 1 1 5208 3853 7229
14953 2 2 1 1 3698 2270 7230
14954 2 2 1 1 5668 5667 1325
14955 2 2 1 1 1710 7232 3860
14956 2 2 1 1 3753 2420 3861
14957 2 2 1 1 3862 3861 2645
14958 2 2 1 1 3862 3753 3861
14959 2 2 1 1 3864 2644 7233
14960 2 2 1 1 5256 6826 5262
14961 2 2 1 1 7235 3865 2649
14962 2 2 1 1 3863 2647 7236
14963 2 2 1 1 987 7237 3867
14964 2 2 1 1 7239 3868 2655
14965 2 2 1 1 3869 2654 7238
14966 2 2 1 1 1805 1842 3756
14967 2 2 1 1 7240 3871 2663
14968 2 2 1 1 6102 2660 3872
14969 2 2 1 1 3874 2662 7241
14970 2 2 1 1 3442 5654 7199
14971 2 2 1 1 1034 5223 7152
14972 2 2 1 1 6164 2754 3877
14973 2 2 1 1 3878 386 6164
14974 2 2 1 1 374 6776 3880
14975 2 2 1 1 6279 7244 2828
14976 2 2 1 1 6218 2800 7245
14977 2 2 1 1 6254 7246 2828
14978 2 2 1 1 367 7247 3884
14979 2 2 1 1 7248 2847 4479
14980 2 2 1 1 3885 343 5224
14981 2 2 1 1 440 7249 3886
14982 2 2 1 1 316 7250 3887
14983 2 2 1 1 332 5354 7577
14984 2 2 1 1 5624 429 441
14985 2 2 1 1 358 7251 3890
14986 2 2 1 1 7228 5091 3733
14987 2 2 1 1 3893 3025 6515
14988 2 2 1 1 7255 3893 3024
14989 2 2 1 1 632 3419 5640
14990 2 2 1 1 7257 7547 3027
14991 2 2 1 1 471 7258 3896
14992 2 2 1 1 471 3896 6599
14993 2 2 1 1 7259 3898 3052
14994 2 2 1 1 3887 2919 7260
14995 2 2 1 1 3900 6581 3080
14996 2 2 1 1 5435 3887 7260
14997 2 2 1 1 7261 3901 2920
14998 2 2 1 1 326 7263 3902
14999 2 2 1 1 7264 3903 3090
15000 2 2 1 1 7243 959 1026
15001 2 2 1 1 5457 3097 7266
15002 2 2 1 1 7328 3054 7267
15003 2 2 1 1 7268 3907 3110
15004 2 2 1 1 399 7269 3908
15005 2 2 1 1 6370 3129 7270
15006 2 2 1 1 7271 3910 3053
15007 2 2 1 1 6918 7215 6844
15008 2 2 1 1 3914 3036 3912
15009 2 2 1 1 3913 3912 3136
15010 2 2 1 1 3913 3914 3912
15011 2 2 1 1 7273 3915 2901
15012 2 2 1 1 6616 7574 3916
15013 2 2 1 1 460 7275 3917
15014 2 2 1 1 3441 7008 7176
15015 2 2 1 1 5468 3128 3919
15016 2 2 1 1 3882 2831 3921
15017 2 2 1 1 3922 3921 2848
15018 2 2 1 1 3922 3882 3921
15019 2 2 1 1 3925 3160 3923
15020 2 2 1 1 3924 3923 3162
15021 2 2 1 1 3924 3925 3923
15022 2 2 1 1 587 7276 3926
15023 2 2 1 1 270 7277 3928
15024 2 2 1 1 7218 6885 3319
15025 2 2 1 1 388 7279 6557
15026 2 2 1 1 389 7280 3930
15027 2 2 1 1 6881 7221 5633
15028 2 2 1 1 3932 499 7281
15029 2 2 1 1 7284 2944 6714
15030 2 2 1 1 3936 3935 3149
15031 2 2 1 1 3936 7284 3935
15032 2 2 1 1 7227 6851 6849
15033 2 2 1 1 7573 3197 3938
15034 2 2 1 1 638 7231 5572
15035 2 2 1 1 7286 3940 3232
15036 2 2 1 1 5525 3212 5539
15037 2 2 1 1 668 7287 3943
15038 2 2 1 1 7652 3944 3232
15039 2 2 1 1 7288 3231 7656
15040 2 2 1 1 7290 3947 3256
15041 2 2 1 1 6815 3266 3948
15042 2 2 1 1 5572 3294 7292
15043 2 2 1 1 6872 3306 3951
15044 2 2 1 1 7294 3308 7667
15045 2 2 1 1 7680 7568 6970
15046 2 2 1 1 6968 763 3275
15047 2 2 1 1 594 7295 6832
15048 2 2 1 1 6135 6134 6818
15049 2 2 1 1 3957 5595 7296
15050 2 2 1 1 7297 3339 6913
15051 2 2 1 1 768 7298 3958
15052 2 2 1 1 715 3959 7668
15053 2 2 1 1 505 5600 3960
15054 2 2 1 1 554 7299 3961
15055 2 2 1 1 699 7300 3962
15056 2 2 1 1 594 7301 3963
15057 2 2 1 1 7256 6798 5676
15058 2 2 1 1 5595 3343 3967
15059 2 2 1 1 7564 3314 6998
15060 2 2 1 1 5534 6707 6743
15061 2 2 1 1 709 3966 6994
15062 2 2 1 1 4575 7703 7272
15063 2 2 1 1 3974 3423 7305
15064 2 2 1 1 3222 6248 6755
15065 2 2 1 1 537 7307 3975
15066 2 2 1 1 5655 3976 3443
15067 2 2 1 1 7308 3977 3139
15068 2 2 1 1 5035 697 665
15069 2 2 1 1 6701 3184 3979
15070 2 2 1 1 3207 7282 6730
15071 2 2 1 1 3982 550 7311
15072 2 2 1 1 3985 3444 3983
15073 2 2 1 1 3984 3983 3161
15074 2 2 1 1 3984 3985 3983
15075 2 2 1 1 3988 3174 3986
15076 2 2 1 1 3987 3986 3459
15077 2 2 1 1 3987 3988 3986
15078 2 2 1 1 810 7312 3990
15079 2 2 1 1 6658 3937 7285
15080 2 2 1 1 3993 3465 7315
15081 2 2 1 1 152 143 5505
15082 2 2 1 1 7316 7314 3991
15083 2 2 1 1 5662 3467 3995
15084 2 2 1 1 3929 7291 7635
15085 2 2 1 1 6646 6692 7293
15086 2 2 1 1 3998 1448 7319
15087 2 2 1 1 3994 3469 3999
15088 2 2 1 1 4000 3999 2307
15089 2 2 1 1 4000 3994 3999
15090 2 2 1 1 7320 3470 7041
15091 2 2 1 1 3996 3471 7321
15092 2 2 1 1 4003 3474 7322
15093 2 2 1 1 4005 4384 7323
15094 2 2 1 1 5663 3476 4006
15095 2 2 1 1 4610 4008 3487
15096 2 2 1 1 4009 3494 7325
15097 2 2 1 1 845 7739 4010
15098 2 2 1 1 1189 3971 1091
15099 2 2 1 1 7327 4012 3502
15100 2 2 1 1 4010 3499 4013
15101 2 2 1 1 7329 4013 3504
15102 2 2 1 1 7329 4010 4013
15103 2 2 1 1 7064 3500 4014
15104 2 2 1 1 7068 3509 4017
15105 2 2 1 1 798 7330 4020
15106 2 2 1 1 3132 7306 6641
15107 2 2 1 1 4016 3506 4021
15108 2 2 1 1 4022 4021 3511
15109 2 2 1 1 4022 4016 4021
15110 2 2 1 1 4011 3501 4023
15111 2 2 1 1 4024 4023 3495
15112 2 2 1 1 4024 4011 4023
15113 2 2 1 1 3655 2175 4025
15114 2 2 1 1 4026 4025 2182
15115 2 2 1 1 4026 3655 4025
15116 2 2 1 1 3729 2392 4027
15117 2 2 1 1 4028 4027 3519
15118 2 2 1 1 4028 3729 4027
15119 2 2 1 1 4031 3518 4029
15120 2 2 1 1 4030 4029 3520
15121 2 2 1 1 4030 4031 4029
15122 2 2 1 1 4028 3519 4032
15123 2 2 1 1 4033 4032 3513
15124 2 2 1 1 4033 4028 4032
15125 2 2 1 1 4030 3520 4034
15126 2 2 1 1 4035 4034 3523
15127 2 2 1 1 4035 4030 4034
15128 2 2 1 1 4038 3522 4036
15129 2 2 1 1 4037 4036 3525
15130 2 2 1 1 4037 4038 4036
15131 2 2 1 1 4035 3523 4039
15132 2 2 1 1 4040 4039 3527
15133 2 2 1 1 4040 4035 4039
15134 2 2 1 1 4043 3524 4041
15135 2 2 1 1 4042 4041 3528
15136 2 2 1 1 4042 4043 4041
15137 2 2 1 1 4037 3525 4044
15138 2 2 1 1 4045 4044 3530
15139 2 2 1 1 4045 4037 4044
15140 2 2 1 1 7331 3526 7070
15141 2 2 1 1 4042 3528 4047
15142 2 2 1 1 4048 4047 3533
15143 2 2 1 1 4048 4042 4047
15144 2 2 1 1 7070 7332 3531
15145 2 2 1 1 4048 3533 4050
15146 2 2 1 1 4051 4050 3536
15147 2 2 1 1 4051 4048 4050
15148 2 2 1 1 7310 6610 3102
15149 2 2 1 1 7324 1389 1333
15150 2 2 1 1 4055 3535 4053
15151 2 2 1 1 4054 4053 2659
15152 2 2 1 1 4054 4055 4053
15153 2 2 1 1 4051 3536 4056
15154 2 2 1 1 4057 4056 3529
15155 2 2 1 1 4057 4051 4056
15156 2 2 1 1 4052 3537 4058
15157 2 2 1 1 4059 4058 3539
15158 2 2 1 1 4059 4052 4058
15159 2 2 1 1 4060 4040 7334
15160 2 2 1 1 7334 4040 3527
15161 2 2 1 1 852 7335 4061
15162 2 2 1 1 7073 3541 5693
15163 2 2 1 1 7474 4063 2566
15164 2 2 1 1 3656 2177 4064
15165 2 2 1 1 4065 4064 2174
15166 2 2 1 1 4065 3656 4064
15167 2 2 1 1 7733 6601 3037
15168 2 2 1 1 4069 2560 4067
15169 2 2 1 1 4068 4067 2643
15170 2 2 1 1 4803 4069 4067
15171 2 2 1 1 1821 7338 4071
15172 2 2 1 1 465 6711 5457
15173 2 2 1 1 7339 4074 2205
15174 2 2 1 1 172 5499 7317
15175 2 2 1 1 1488 4078 5720
15176 2 2 1 1 5720 4078 4077
15177 2 2 1 1 7342 4079 3584
15178 2 2 1 1 182 196 7318
15179 2 2 1 1 7342 3584 4080
15180 2 2 1 1 4084 3595 4082
15181 2 2 1 1 4083 4082 3594
15182 2 2 1 1 4083 4084 4082
15183 2 2 1 1 3987 3459 4085
15184 2 2 1 1 4086 4085 3599
15185 2 2 1 1 4086 3987 4085
15186 2 2 1 1 3704 2275 4087
15187 2 2 1 1 4088 4087 2568
15188 2 2 1 1 4088 3704 4087
15189 2 2 1 1 4091 3601 4089
15190 2 2 1 1 4090 4089 2572
15191 2 2 1 1 4090 4091 4089
15192 2 2 1 1 3664 2183 7344
15193 2 2 1 1 3087 384 5441
15194 2 2 1 1 4094 1909 4093
15195 2 2 1 1 213 4095 7122
15196 2 2 1 1 834 7346 4097
15197 2 2 1 1 353 5431 5433
15198 2 2 1 1 7348 3666 2185
15199 2 2 1 1 3661 2181 4099
15200 2 2 1 1 4100 4099 2184
15201 2 2 1 1 4100 3661 4099
15202 2 2 1 1 3653 2173 4101
15203 2 2 1 1 4102 4101 2170
15204 2 2 1 1 4102 3653 4101
15205 2 2 1 1 4105 3618 4103
15206 2 2 1 1 4104 4103 3617
15207 2 2 1 1 4104 4105 4103
15208 2 2 1 1 4106 3616 7349
15209 2 2 1 1 4109 3549 4107
15210 2 2 1 1 4108 4107 3617
15211 2 2 1 1 4108 4109 4107
15212 2 2 1 1 4112 3621 4110
15213 2 2 1 1 4111 4110 3622
15214 2 2 1 1 4111 4112 4110
15215 2 2 1 1 3812 2593 4113
15216 2 2 1 1 4114 4113 2603
15217 2 2 1 1 4114 3812 4113
15218 2 2 1 1 3695 2267 4115
15219 2 2 1 1 4116 4115 2498
15220 2 2 1 1 4116 3695 4115
15221 2 2 1 1 7350 4117 3626
15222 2 2 1 1 7350 3626 4118
15223 2 2 1 1 4119 1783 7350
15224 2 2 1 1 3973 3440 4120
15225 2 2 1 1 4121 4120 3539
15226 2 2 1 1 4121 3973 4120
15227 2 2 1 1 4122 2180 7352
15228 2 2 1 1 3755 2421 4123
15229 2 2 1 1 4124 4123 2464
15230 2 2 1 1 4124 3755 4123
15231 2 2 1 1 25 985 14
15232 2 2 1 1 7353 2179 7157
15233 2 2 1 1 7197 2424 4127
15234 2 2 1 1 7328 7267 3906
15235 2 2 1 1 5461 5989 3107
15236 2 2 1 1 4130 4131 2624
15237 2 2 1 1 2624 4131 4129
15238 2 2 1 1 3013 5409 3012
15239 2 2 1 1 3046 5425 6544
15240 2 2 1 1 1095 7356 4134
15241 2 2 1 1 3750 2418 4135
15242 2 2 1 1 4136 4135 2460
15243 2 2 1 1 4136 3750 4135
15244 2 2 1 1 4139 3515 4137
15245 2 2 1 1 4138 4137 3473
15246 2 2 1 1 4138 4139 4137
15247 2 2 1 1 4142 3543 4140
15248 2 2 1 1 4141 4140 2602
15249 2 2 1 1 4141 4142 4140
15250 2 2 1 1 7357 4144 3637
15251 2 2 1 1 1134 7358 4146
15252 2 2 1 1 7326 6541 5422
15253 2 2 1 1 7235 2649 4147
15254 2 2 1 1 2429 1591 3649
15255 2 2 1 1 4150 3514 7361
15256 2 2 1 1 768 7363 4152
15257 2 2 1 1 725 7364 7032
15258 2 2 1 1 1280 5807 4155
15259 2 2 1 1 2096 4155 2095
15260 2 2 1 1 1372 4840 4902
15261 2 2 1 1 5810 1327 4863
15262 2 2 1 1 2151 7366 4158
15263 2 2 1 1 2151 4893 7366
15264 2 2 1 1 5808 1304 4857
15265 2 2 1 1 2153 7367 4160
15266 2 2 1 1 2153 4895 7367
15267 2 2 1 1 2144 4161 4878
15268 2 2 1 1 5813 1228 4861
15269 2 2 1 1 2157 7368 4163
15270 2 2 1 1 2157 4900 7368
15271 2 2 1 1 5864 7369 2158
15272 2 2 1 1 5835 3662 1123
15273 2 2 1 1 3646 2117 7369
15274 2 2 1 1 5865 7370 2159
15275 2 2 1 1 5845 3657 1376
15276 2 2 1 1 3647 2108 7370
15277 2 2 1 1 5866 7371 2161
15278 2 2 1 1 3648 2110 7371
15279 2 2 1 1 5852 1209 4102
15280 2 2 1 1 2171 7372 4169
15281 2 2 1 1 2929 7343 6474
15282 2 2 1 1 287 6472 5402
15283 2 2 1 1 2171 3650 7372
15284 2 2 1 1 4163 1168 4098
15285 2 2 1 1 4170 4098 2172
15286 2 2 1 1 4170 4163 4098
15287 2 2 1 1 4173 2172 4171
15288 2 2 1 1 4172 4171 1134
15289 2 2 1 1 4172 4173 4171
15290 2 2 1 1 3652 2157 4170
15291 2 2 1 1 4173 4170 2172
15292 2 2 1 1 4173 3652 4170
15293 2 2 1 1 4158 1376 4065
15294 2 2 1 1 4174 4065 2174
15295 2 2 1 1 4174 4158 4065
15296 2 2 1 1 4177 2174 4175
15297 2 2 1 1 4176 4177 4175
15298 2 2 1 1 3654 2151 4174
15299 2 2 1 1 4177 4174 2174
15300 2 2 1 1 4177 3654 4174
15301 2 2 1 1 4178 5765 2176
15302 2 2 1 1 7347 312 5393
15303 2 2 1 1 4179 7158 1431
15304 2 2 1 1 7351 6456 2969
15305 2 2 1 1 7180 2159 4178
15306 2 2 1 1 5854 1443 4181
15307 2 2 1 1 7354 6447 2964
15308 2 2 1 1 4184 2179 7380
15309 2 2 1 1 2179 3658 7381
15310 2 2 1 1 2178 7381 4182
15311 2 2 1 1 4164 1090 4185
15312 2 2 1 1 4186 4185 2180
15313 2 2 1 1 4186 4164 4185
15314 2 2 1 1 4188 2180 4122
15315 2 2 1 1 4187 4122 1064
15316 2 2 1 1 4187 4188 4122
15317 2 2 1 1 3660 2158 4186
15318 2 2 1 1 4188 4186 2180
15319 2 2 1 1 4188 3660 4186
15320 2 2 1 1 4160 1344 4026
15321 2 2 1 1 4189 4026 2182
15322 2 2 1 1 4189 4160 4026
15323 2 2 1 1 4192 2182 4190
15324 2 2 1 1 4191 4190 1386
15325 2 2 1 1 4191 4192 4190
15326 2 2 1 1 3663 2153 4189
15327 2 2 1 1 4192 4189 2182
15328 2 2 1 1 4192 3663 4189
15329 2 2 1 1 4166 1123 4100
15330 2 2 1 1 4193 4100 2184
15331 2 2 1 1 4193 4166 4100
15332 2 2 1 1 4196 2184 4194
15333 2 2 1 1 4195 4194 1100
15334 2 2 1 1 4195 4196 4194
15335 2 2 1 1 3665 2161 4193
15336 2 2 1 1 4196 4193 2184
15337 2 2 1 1 4196 3665 4193
15338 2 2 1 1 7383 3671 1786
15339 2 2 1 1 2247 7384 4198
15340 2 2 1 1 4197 1741 7385
15341 2 2 1 1 369 6428 5382
15342 2 2 1 1 4201 2248 3675
15343 2 2 1 1 4200 3675 1761
15344 2 2 1 1 4200 4201 3675
15345 2 2 1 1 3669 2245 4199
15346 2 2 1 1 4201 4199 2248
15347 2 2 1 1 4201 3669 4199
15348 2 2 1 1 2250 7387 4202
15349 2 2 1 1 7359 6421 2951
15350 2 2 1 1 7385 1741 3668
15351 2 2 1 1 4205 2247 4198
15352 2 2 1 1 4204 4198 1713
15353 2 2 1 1 4204 4205 4198
15354 2 2 1 1 3673 2248 4203
15355 2 2 1 1 4205 4203 2247
15356 2 2 1 1 4205 3673 4203
15357 2 2 1 1 4200 1761 4206
15358 2 2 1 1 4207 4206 2252
15359 2 2 1 1 4207 4200 4206
15360 2 2 1 1 4209 2252 3682
15361 2 2 1 1 4208 3682 1803
15362 2 2 1 1 4208 4209 3682
15363 2 2 1 1 3676 2249 4207
15364 2 2 1 1 4209 4207 2252
15365 2 2 1 1 4209 3676 4207
15366 2 2 1 1 4204 1713 4210
15367 2 2 1 1 4211 4210 2254
15368 2 2 1 1 4211 4204 4210
15369 2 2 1 1 4213 2254 3685
15370 2 2 1 1 4212 3685 1737
15371 2 2 1 1 4212 4213 3685
15372 2 2 1 1 3678 2251 4211
15373 2 2 1 1 4213 4211 2254
15374 2 2 1 1 4213 3678 4211
15375 2 2 1 1 4206 1761 3687
15376 2 2 1 1 4214 3687 2256
15377 2 2 1 1 4214 4206 3687
15378 2 2 1 1 4216 2256 4215
15379 2 2 1 1 4119 4215 1783
15380 2 2 1 1 4119 4216 4215
15381 2 2 1 1 3680 2252 4214
15382 2 2 1 1 4216 4214 2256
15383 2 2 1 1 4216 3680 4214
15384 2 2 1 1 4210 1713 4217
15385 2 2 1 1 4218 4217 2258
15386 2 2 1 1 4218 4210 4217
15387 2 2 1 1 4220 2258 3690
15388 2 2 1 1 4219 3690 1683
15389 2 2 1 1 4219 4220 3690
15390 2 2 1 1 3683 2254 4218
15391 2 2 1 1 4220 4218 2258
15392 2 2 1 1 4220 3683 4218
15393 2 2 1 1 4212 1737 4221
15394 2 2 1 1 4222 4221 2260
15395 2 2 1 1 4222 4212 4221
15396 2 2 1 1 4223 2260 3693
15397 2 2 1 1 4215 3693 1783
15398 2 2 1 1 4215 4223 3693
15399 2 2 1 1 3686 2255 4222
15400 2 2 1 1 4223 4222 2260
15401 2 2 1 1 4223 3686 4222
15402 2 2 1 1 4217 1713 3672
15403 2 2 1 1 4224 3672 2250
15404 2 2 1 1 4224 4217 3672
15405 2 2 1 1 7360 6415 2947
15406 2 2 1 1 2261 4225 5907
15407 2 2 1 1 3688 2258 4224
15408 2 2 1 1 4225 4224 2250
15409 2 2 1 1 4225 3688 4224
15410 2 2 1 1 4221 1737 4226
15411 2 2 1 1 4227 4226 2262
15412 2 2 1 1 4227 4221 4226
15413 2 2 1 1 4229 2262 3696
15414 2 2 1 1 4228 3696 1769
15415 2 2 1 1 4228 4229 3696
15416 2 2 1 1 3691 2260 4227
15417 2 2 1 1 4229 4227 2262
15418 2 2 1 1 4229 3691 4227
15419 2 2 1 1 7390 4993 1627
15420 2 2 1 1 5927 2311 5003
15421 2 2 1 1 4226 1737 4230
15422 2 2 1 1 4231 4230 2266
15423 2 2 1 1 4231 4226 4230
15424 2 2 1 1 4233 2266 3701
15425 2 2 1 1 4232 3701 1710
15426 2 2 1 1 4232 4233 3701
15427 2 2 1 1 3694 2262 4231
15428 2 2 1 1 4233 4231 2266
15429 2 2 1 1 4233 3694 4231
15430 2 2 1 1 7390 1627 4234
15431 2 2 1 1 5376 7362 449
15432 2 2 1 1 1513 5002 1542
15433 2 2 1 1 2270 3697 7394
15434 2 2 1 1 2269 7394 4235
15435 2 2 1 1 4230 1737 3684
15436 2 2 1 1 4236 3684 2259
15437 2 2 1 1 4236 4230 3684
15438 2 2 1 1 4237 2259 4219
15439 2 2 1 1 3859 4219 1683
15440 2 2 1 1 3859 4237 4219
15441 2 2 1 1 3699 2266 4236
15442 2 2 1 1 4237 4236 2259
15443 2 2 1 1 4237 3699 4236
15444 2 2 1 1 2273 7395 4238
15445 2 2 1 1 4234 1627 3707
15446 2 2 1 1 4239 3707 2274
15447 2 2 1 1 4239 4234 3707
15448 2 2 1 1 4242 2274 4240
15449 2 2 1 1 4241 4240 1605
15450 2 2 1 1 4241 4242 4240
15451 2 2 1 1 3703 2269 4239
15452 2 2 1 1 4242 4239 2274
15453 2 2 1 1 4242 3703 4239
15454 2 2 1 1 4238 1576 7396
15455 2 2 1 1 2913 7365 6375
15456 2 2 1 1 4244 2278 3710
15457 2 2 1 1 4240 3710 1605
15458 2 2 1 1 4240 4244 3710
15459 2 2 1 1 3706 2273 4243
15460 2 2 1 1 4244 4243 2278
15461 2 2 1 1 4244 3706 4243
15462 2 2 1 1 7396 1576 4245
15463 2 2 1 1 4248 2280 3711
15464 2 2 1 1 4247 3711 1550
15465 2 2 1 1 4247 4248 3711
15466 2 2 1 1 3708 2278 4246
15467 2 2 1 1 4248 4246 2280
15468 2 2 1 1 4248 3708 4246
15469 2 2 1 1 4247 1550 4249
15470 2 2 1 1 4250 4249 2286
15471 2 2 1 1 4250 4247 4249
15472 2 2 1 1 4252 2286 3716
15473 2 2 1 1 4251 3716 1575
15474 2 2 1 1 4251 4252 3716
15475 2 2 1 1 3712 2281 4250
15476 2 2 1 1 4252 4250 2286
15477 2 2 1 1 4252 3712 4250
15478 2 2 1 1 4249 1550 4253
15479 2 2 1 1 4254 4253 2290
15480 2 2 1 1 4254 4249 4253
15481 2 2 1 1 4256 2290 3719
15482 2 2 1 1 4255 3719 1530
15483 2 2 1 1 4255 4256 3719
15484 2 2 1 1 3714 2286 4254
15485 2 2 1 1 4256 4254 2290
15486 2 2 1 1 4256 3714 4254
15487 2 2 1 1 4253 1550 4257
15488 2 2 1 1 4258 4257 2294
15489 2 2 1 1 4258 4253 4257
15490 2 2 1 1 7373 6336 6966
15491 2 2 1 1 2295 4259 5925
15492 2 2 1 1 3717 2290 4258
15493 2 2 1 1 4259 4258 2294
15494 2 2 1 1 4259 3717 4258
15495 2 2 1 1 1576 4995 7107
15496 2 2 1 1 2297 4260 7212
15497 2 2 1 1 2869 7375 6317
15498 2 2 1 1 4260 7401 2296
15499 2 2 1 1 421 7376 5495
15500 2 2 1 1 6306 2871 7377
15501 2 2 1 1 7404 4261 2300
15502 2 2 1 1 7378 6301 5333
15503 2 2 1 1 7379 6278 2843
15504 2 2 1 1 2301 4262 6061
15505 2 2 1 1 2837 7382 5314
15506 2 2 1 1 4262 7404 2300
15507 2 2 1 1 4263 5924 2306
15508 2 2 1 1 7386 7049 6252
15509 2 2 1 1 4000 7407 1480
15510 2 2 1 1 4992 3689 7391
15511 2 2 1 1 7408 2300 4263
15512 2 2 1 1 7407 4000 7408
15513 2 2 1 1 7410 7845 2295
15514 2 2 1 1 2379 7411 4264
15515 2 2 1 1 2384 7412 4265
15516 2 2 1 1 4265 1003 7414
15517 2 2 1 1 7063 2044 2052
15518 2 2 1 1 256 7388 5479
15519 2 2 1 1 2392 7415 4268
15520 2 2 1 1 7417 4269 2394
15521 2 2 1 1 7418 3731 1048
15522 2 2 1 1 7421 4270 2399
15523 2 2 1 1 7397 6238 2809
15524 2 2 1 1 5967 1035 4271
15525 2 2 1 1 2402 7423 4273
15526 2 2 1 1 303 6365 5303
15527 2 2 1 1 2402 3734 7423
15528 2 2 1 1 4270 1048 7425
15529 2 2 1 1 4271 1035 4274
15530 2 2 1 1 4275 4274 2405
15531 2 2 1 1 4275 4271 4274
15532 2 2 1 1 7426 3741 1019
15533 2 2 1 1 7400 6224 2789
15534 2 2 1 1 3736 2401 4275
15535 2 2 1 1 4276 4275 2405
15536 2 2 1 1 4276 3736 4275
15537 2 2 1 1 4274 1035 4277
15538 2 2 1 1 4278 4277 2408
15539 2 2 1 1 4278 4274 4277
15540 2 2 1 1 4280 2408 3742
15541 2 2 1 1 4279 3742 1080
15542 2 2 1 1 4279 4280 3742
15543 2 2 1 1 3739 2405 4278
15544 2 2 1 1 4280 4278 2408
15545 2 2 1 1 4280 3739 4278
15546 2 2 1 1 2025 2018 5983
15547 2 2 1 1 2001 5983 2018
15548 2 2 1 1 5296 6219 2800
15549 2 2 1 1 4279 1080 4282
15550 2 2 1 1 4283 4282 2411
15551 2 2 1 1 4283 4279 4282
15552 2 2 1 1 4285 2411 3747
15553 2 2 1 1 4284 3747 1067
15554 2 2 1 1 4284 4285 3747
15555 2 2 1 1 3743 2409 4283
15556 2 2 1 1 4285 4283 2411
15557 2 2 1 1 4285 3743 4283
15558 2 2 1 1 4282 1080 4286
15559 2 2 1 1 4287 4286 2413
15560 2 2 1 1 4287 4282 4286
15561 2 2 1 1 4289 2413 3751
15562 2 2 1 1 4288 3751 1140
15563 2 2 1 1 4288 4289 3751
15564 2 2 1 1 3745 2411 4287
15565 2 2 1 1 4289 4287 2413
15566 2 2 1 1 4289 3745 4287
15567 2 2 1 1 4284 1067 4290
15568 2 2 1 1 4291 4290 2415
15569 2 2 1 1 4291 4284 4290
15570 2 2 1 1 4293 2415 3754
15571 2 2 1 1 4292 3754 1009
15572 2 2 1 1 4292 4293 3754
15573 2 2 1 1 3748 2412 4291
15574 2 2 1 1 4293 4291 2415
15575 2 2 1 1 4293 3748 4291
15576 2 2 1 1 4286 1080 7429
15577 2 2 1 1 6170 2760 7403
15578 2 2 1 1 4295 7195 1132
15579 2 2 1 1 7194 2413 4294
15580 2 2 1 1 4290 1067 4297
15581 2 2 1 1 4298 4297 2419
15582 2 2 1 1 4298 4290 4297
15583 2 2 1 1 4300 2419 3757
15584 2 2 1 1 4299 4300 3757
15585 2 2 1 1 3752 2415 4298
15586 2 2 1 1 4300 4298 2419
15587 2 2 1 1 4300 3752 4298
15588 2 2 1 1 7405 6199 2788
15589 2 2 1 1 2421 7431 4302
15590 2 2 1 1 2785 7080 6194
15591 2 2 1 1 7406 6187 2775
15592 2 2 1 1 4303 7435 2422
15593 2 2 1 1 7435 7196 3757
15594 2 2 1 1 7436 3746 2414
15595 2 2 1 1 7265 377 5288
15596 2 2 1 1 7437 4288 1140
15597 2 2 1 1 6202 7416 2778
15598 2 2 1 1 428 5276 7419
15599 2 2 1 1 4304 7436 2414
15600 2 2 1 1 7434 1110 7440
15601 2 2 1 1 2426 5977 4146
15602 2 2 1 1 5977 4305 2425
15603 2 2 1 1 7441 1110 4128
15604 2 2 1 1 4306 2425 7441
15605 2 2 1 1 4307 2428 7442
15606 2 2 1 1 2428 3760 7442
15607 2 2 1 1 5993 7443 2171
15608 2 2 1 1 7444 4169 1177
15609 2 2 1 1 3762 2454 7443
15610 2 2 1 1 7444 1177 4308
15611 2 2 1 1 2459 7446 4311
15612 2 2 1 1 5215 7240 7558
15613 2 2 1 1 999 5210 7239
15614 2 2 1 1 2459 3763 7446
15615 2 2 1 1 5994 1220 3764
15616 2 2 1 1 6006 7398 7345
15617 2 2 1 1 1680 5204 5205
15618 2 2 1 1 4136 2460 7449
15619 2 2 1 1 2460 3765 7450
15620 2 2 1 1 2459 7450 4312
15621 2 2 1 1 2464 7451 4124
15622 2 2 1 1 2463 6001 5997
15623 2 2 1 1 6012 2484 7452
15624 2 2 1 1 6014 1862 1828
15625 2 2 1 1 2487 7454 6048
15626 2 2 1 1 7839 1812 7507
15627 2 2 1 1 7455 1774 7457
15628 2 2 1 1 2494 4317 7458
15629 2 2 1 1 7458 4317 2493
15630 2 2 1 1 6019 7220 2497
15631 2 2 1 1 6019 2497 4116
15632 2 2 1 1 2531 7459 3798
15633 2 2 1 1 2537 7460 4320
15634 2 2 1 1 2554 7462 6051
15635 2 2 1 1 4321 1775 3767
15636 2 2 1 1 4322 3767 2494
15637 2 2 1 1 4322 4321 3767
15638 2 2 1 1 4324 2494 4318
15639 2 2 1 1 4323 4318 1739
15640 2 2 1 1 4323 4324 4318
15641 2 2 1 1 3771 7834 4322
15642 2 2 1 1 4324 4322 2494
15643 2 2 1 1 4324 3771 4322
15644 2 2 1 1 7463 4325 2557
15645 2 2 1 1 7465 3777 1694
15646 2 2 1 1 2527 7432 6029
15647 2 2 1 1 4326 7463 2557
15648 2 2 1 1 2780 7759 442
15649 2 2 1 1 2540 7467 5179
15650 2 2 1 1 4325 1739 4328
15651 2 2 1 1 4329 4328 2560
15652 2 2 1 1 4329 4325 4328
15653 2 2 1 1 4331 2560 4069
15654 2 2 1 1 4330 4069 4803
15655 2 2 1 1 4330 4331 4069
15656 2 2 1 1 3775 2557 4329
15657 2 2 1 1 4331 4329 2560
15658 2 2 1 1 4331 3775 4329
15659 2 2 1 1 7468 7206 2558
15660 2 2 1 1 7469 7465 1694
15661 2 2 1 1 4330 4803 7471
15662 2 2 1 1 7553 7209 1634
15663 2 2 1 1 2506 2469 7438
15664 2 2 1 1 7208 2561 4333
15665 2 2 1 1 1065 1158 1155
15666 2 2 1 1 7473 4336 2565
15667 2 2 1 1 7471 4803 7476
15668 2 2 1 1 2568 7478 4088
15669 2 2 1 1 7478 4337 2567
15670 2 2 1 1 4336 1694 3779
15671 2 2 1 1 4338 3779 2564
15672 2 2 1 1 4338 4336 3779
15673 2 2 1 1 4340 2564 4334
15674 2 2 1 1 7553 4334 7209
15675 2 2 1 1 4339 4340 4334
15676 2 2 1 1 3782 2565 4338
15677 2 2 1 1 4340 4338 2564
15678 2 2 1 1 4340 3782 4338
15679 2 2 1 1 7553 1634 4341
15680 2 2 1 1 4342 4341 2570
15681 2 2 1 1 4342 4339 4341
15682 2 2 1 1 4344 2570 3789
15683 2 2 1 1 4343 3789 1601
15684 2 2 1 1 4343 4344 3789
15685 2 2 1 1 3785 2569 4342
15686 2 2 1 1 4344 4342 2570
15687 2 2 1 1 4344 3785 4342
15688 2 2 1 1 4341 1634 4090
15689 2 2 1 1 4345 4090 2572
15690 2 2 1 1 4345 4341 4090
15691 2 2 1 1 4348 2572 4346
15692 2 2 1 1 4347 4346 1575
15693 2 2 1 1 4347 4348 4346
15694 2 2 1 1 3787 2570 4345
15695 2 2 1 1 4348 4345 2572
15696 2 2 1 1 4348 3787 4345
15697 2 2 1 1 4343 1601 4349
15698 2 2 1 1 4350 4349 2574
15699 2 2 1 1 4350 4343 4349
15700 2 2 1 1 4352 2574 3794
15701 2 2 1 1 4351 3794 1604
15702 2 2 1 1 4351 4352 3794
15703 2 2 1 1 3790 2571 4350
15704 2 2 1 1 4352 4350 2574
15705 2 2 1 1 4352 3790 4350
15706 2 2 1 1 4349 1601 4353
15707 2 2 1 1 4354 4353 2576
15708 2 2 1 1 4354 4349 4353
15709 2 2 1 1 4356 2576 3796
15710 2 2 1 1 4355 3796 1558
15711 2 2 1 1 4355 4356 3796
15712 2 2 1 1 3792 2574 4354
15713 2 2 1 1 4356 4354 2576
15714 2 2 1 1 4356 3792 4354
15715 2 2 1 1 4351 1604 7479
15716 2 2 1 1 138 109 87
15717 2 2 1 1 5092 2399 2404
15718 2 2 1 1 7482 4358 2580
15719 2 2 1 1 7484 3800 1551
15720 2 2 1 1 7447 826 889
15721 2 2 1 1 4359 7482 2580
15722 2 2 1 1 7484 1551 6060
15723 2 2 1 1 2582 7487 4361
15724 2 2 1 1 2582 5191 7487
15725 2 2 1 1 2531 7488 3769
15726 2 2 1 1 772 5048 7448
15727 2 2 1 1 7490 3788 2573
15728 2 2 1 1 571 5041 7456
15729 2 2 1 1 2297 7491 7185
15730 2 2 1 1 7492 7490 2573
15731 2 2 1 1 4347 7492 2573
15732 2 2 1 1 7493 3804 1559
15733 2 2 1 1 3801 2583 7494
15734 2 2 1 1 6063 1604 3793
15735 2 2 1 1 4366 2577 4355
15736 2 2 1 1 4365 4355 1558
15737 2 2 1 1 4365 4366 4355
15738 2 2 1 1 3802 2584 4364
15739 2 2 1 1 4366 4364 2577
15740 2 2 1 1 4366 3802 4364
15741 2 2 1 1 4365 1558 7495
15742 2 2 1 1 4369 2587 3808
15743 2 2 1 1 4368 3808 1519
15744 2 2 1 1 4368 4369 3808
15745 2 2 1 1 7214 2586 4367
15746 2 2 1 1 7495 1558 3797
15747 2 2 1 1 4372 2582 4361
15748 2 2 1 1 4371 4361 1511
15749 2 2 1 1 4371 4372 4361
15750 2 2 1 1 3806 2587 4370
15751 2 2 1 1 4372 4370 2582
15752 2 2 1 1 4372 3806 4370
15753 2 2 1 1 4368 1519 4373
15754 2 2 1 1 4374 4373 2590
15755 2 2 1 1 4374 4368 4373
15756 2 2 1 1 4376 2590 3813
15757 2 2 1 1 4375 3813 1525
15758 2 2 1 1 4375 4376 3813
15759 2 2 1 1 3809 2588 4374
15760 2 2 1 1 4376 4374 2590
15761 2 2 1 1 4376 3809 4374
15762 2 2 1 1 4373 1519 4377
15763 2 2 1 1 4378 4377 2592
15764 2 2 1 1 4378 4373 4377
15765 2 2 1 1 4380 2592 3816
15766 2 2 1 1 4379 3816 1478
15767 2 2 1 1 4379 4380 3816
15768 2 2 1 1 3811 2590 4378
15769 2 2 1 1 4380 4378 2592
15770 2 2 1 1 4380 3811 4378
15771 2 2 1 1 4375 1525 7498
15772 2 2 1 1 2305 4999 5000
15773 2 2 1 1 4377 1519 4382
15774 2 2 1 1 4383 4382 2596
15775 2 2 1 1 4383 4377 4382
15776 2 2 1 1 4385 2596 3819
15777 2 2 1 1 4384 3819 1477
15778 2 2 1 1 4384 4385 3819
15779 2 2 1 1 3814 2592 4383
15780 2 2 1 1 4385 4383 2596
15781 2 2 1 1 4385 3814 4383
15782 2 2 1 1 2599 7499 4075
15783 2 2 1 1 2243 4987 7475
15784 2 2 1 1 7500 3807 2589
15785 2 2 1 1 2600 4387 5664
15786 2 2 1 1 2208 7486 4958
15787 2 2 1 1 4387 7500 2589
15788 2 2 1 1 4384 1477 7323
15789 2 2 1 1 4388 4005 2601
15790 2 2 1 1 4388 4384 4005
15791 2 2 1 1 4390 2601 4389
15792 2 2 1 1 4141 4389 1418
15793 2 2 1 1 4141 4390 4389
15794 2 2 1 1 3820 2597 4388
15795 2 2 1 1 4390 4388 2601
15796 2 2 1 1 4390 3820 4388
15797 2 2 1 1 7504 1525 4114
15798 2 2 1 1 4391 2598 7504
15799 2 2 1 1 2604 7505 4393
15800 2 2 1 1 2199 4951 5872
15801 2 2 1 1 2604 3822 7505
15802 2 2 1 1 4950 7489 1854
15803 2 2 1 1 5008 4986 7477
15804 2 2 1 1 2606 7508 4395
15805 2 2 1 1 7155 7160 7470
15806 2 2 1 1 7509 4314 1845
15807 2 2 1 1 7511 3835 2608
15808 2 2 1 1 2497 4397 6020
15809 2 2 1 1 4397 7511 2608
15810 2 2 1 1 4933 5097 1608
15811 2 2 1 1 7514 4399 2611
15812 2 2 1 1 7515 3830 1876
15813 2 2 1 1 4398 1846 4400
15814 2 2 1 1 4401 4400 2613
15815 2 2 1 1 4401 4398 4400
15816 2 2 1 1 2614 7516 4402
15817 2 2 1 1 4912 4890 7676
15818 2 2 1 1 2614 3828 7516
15819 2 2 1 1 4400 1846 4403
15820 2 2 1 1 4404 4403 2616
15821 2 2 1 1 4404 4400 4403
15822 2 2 1 1 4406 2616 3838
15823 2 2 1 1 4405 3838 1850
15824 2 2 1 1 4405 4406 3838
15825 2 2 1 1 3831 2613 4404
15826 2 2 1 1 4406 4404 2616
15827 2 2 1 1 4406 3831 4404
15828 2 2 1 1 4402 1813 4407
15829 2 2 1 1 4408 4407 2618
15830 2 2 1 1 4408 4402 4407
15831 2 2 1 1 4410 2618 4409
15832 2 2 1 1 4396 4409 1769
15833 2 2 1 1 4396 4410 4409
15834 2 2 1 1 3834 2614 4408
15835 2 2 1 1 4410 4408 2618
15836 2 2 1 1 4410 3834 4408
15837 2 2 1 1 4403 1846 4411
15838 2 2 1 1 4412 4411 2619
15839 2 2 1 1 4412 4403 4411
15840 2 2 1 1 4414 2619 3841
15841 2 2 1 1 4413 3841 1883
15842 2 2 1 1 4413 4414 3841
15843 2 2 1 1 3836 2616 4412
15844 2 2 1 1 4414 4412 2619
15845 2 2 1 1 4414 3836 4412
15846 2 2 1 1 4405 1850 3858
15847 2 2 1 1 4415 3858 2621
15848 2 2 1 1 4415 4405 3858
15849 2 2 1 1 4418 2621 4416
15850 2 2 1 1 4417 4416 1803
15851 2 2 1 1 4417 4418 4416
15852 2 2 1 1 3839 2617 4415
15853 2 2 1 1 4418 4415 2621
15854 2 2 1 1 4418 3839 4415
15855 2 2 1 1 1526 1568 1548
15856 2 2 1 1 1542 4985 4986
15857 2 2 1 1 4413 1883 4130
15858 2 2 1 1 4420 4130 2624
15859 2 2 1 1 4420 4413 4130
15860 2 2 1 1 4423 2624 4421
15861 2 2 1 1 4422 4421 1880
15862 2 2 1 1 4422 4423 4421
15863 2 2 1 1 3842 2620 4420
15864 2 2 1 1 4423 4420 2624
15865 2 2 1 1 4423 3842 4420
15866 2 2 1 1 6078 4424 2626
15867 2 2 1 1 7521 3847 1907
15868 2 2 1 1 4130 1883 7522
15869 2 2 1 1 4425 7523 2628
15870 2 2 1 1 7523 4131 3849
15871 2 2 1 1 4428 7524 4426
15872 2 2 1 1 4427 7525 1930
15873 2 2 1 1 7525 4428 4426
15874 2 2 1 1 7224 2630 4425
15875 2 2 1 1 4428 6081 7224
15876 2 2 1 1 4424 1876 7527
15877 2 2 1 1 4846 4623 4822
15878 2 2 1 1 2633 6087 4429
15879 2 2 1 1 7524 7530 4426
15880 2 2 1 1 7170 1662 7481
15881 2 2 2 2 7510 2064 4807
15882 2 2 1 1 3850 4094 2634
15883 2 2 1 1 3850 2632 4094
15884 2 2 1 1 4422 1880 4433
15885 2 2 1 1 4434 4433 2637
15886 2 2 1 1 4434 4422 4433
15887 2 2 1 1 4436 2637 3856
15888 2 2 1 1 4435 3856 1857
15889 2 2 1 1 4435 4436 3856
15890 2 2 1 1 3852 2625 4434
15891 2 2 1 1 4436 4434 2637
15892 2 2 1 1 4436 3852 4434
15893 2 2 1 1 4433 1880 4437
15894 2 2 1 1 4438 4437 2639
15895 2 2 1 1 4438 4433 4437
15896 2 2 1 1 4441 2639 4439
15897 2 2 1 1 4440 4439 1899
15898 2 2 1 1 4440 4441 4439
15899 2 2 1 1 3854 2637 4438
15900 2 2 1 1 4441 4438 2639
15901 2 2 1 1 4441 3854 4438
15902 2 2 1 1 4435 1857 7532
15903 2 2 1 1 4443 4442 2641
15904 2 2 1 1 6090 4435 7532
15905 2 2 1 1 6091 7535 7534
15906 2 2 1 1 7229 2638 6090
15907 2 2 1 1 7534 7535 2641
15908 2 2 1 1 6091 6092 7535
15909 2 2 1 1 7393 1660 7536
15910 2 2 1 1 7512 1669 1573
15911 2 2 2 2 4808 7804 350
15912 2 2 1 1 3700 7232 1710
15913 2 2 2 2 4791 4787 7513
15914 2 2 1 1 7230 2270 4445
15915 2 2 1 1 2643 6093 4068
15916 2 2 1 1 6093 4447 2567
15917 2 2 1 1 4449 4448 2644
15918 2 2 1 1 4449 4299 4448
15919 2 2 1 1 4451 2644 3864
15920 2 2 1 1 4450 3864 999
15921 2 2 1 1 4450 4451 3864
15922 2 2 1 1 3861 2420 4449
15923 2 2 1 1 4451 4449 2644
15924 2 2 1 1 4451 3861 4449
15925 2 2 1 1 4452 6094 2646
15926 2 2 1 1 7153 7517 3629
15927 2 2 1 1 4453 5209 1046
15928 2 2 1 1 7233 2644 4452
15929 2 2 1 1 6095 7542 2648
15930 2 2 1 1 7543 4456 1100
15931 2 2 1 1 3865 2646 7542
15932 2 2 1 1 4453 1046 7544
15933 2 2 1 1 7545 7237 987
15934 2 2 1 1 7544 1046 4148
15935 2 2 1 1 2653 7548 4460
15936 2 2 1 1 3501 7528 7743
15937 2 2 1 1 2653 3866 7548
15938 2 2 1 1 7549 4461 2654
15939 2 2 1 1 7551 3869 931
15940 2 2 1 1 4461 987 7550
15941 2 2 1 1 2659 7552 4054
15942 2 2 1 1 7554 4463 2662
15943 2 2 1 1 7555 3874 881
15944 2 2 1 1 1756 4919 4930
15945 2 2 1 1 6101 987 3867
15946 2 2 1 1 6922 4558 7537
15947 2 2 1 1 2664 7556 4465
15948 2 2 1 1 7538 7651 3231
15949 2 2 1 1 2664 3872 7556
15950 2 2 1 1 6654 4517 7539
15951 2 2 1 1 4463 931 7557
15952 2 2 1 1 2668 7558 4467
15953 2 2 1 1 1549 1437 1502
15954 2 2 1 1 7559 3875 834
15955 2 2 1 1 6128 7560 2664
15956 2 2 1 1 2701 6128 5756
15957 2 2 1 1 3876 5223 7560
15958 2 2 1 1 6163 367 3884
15959 2 2 1 1 4470 2757 7561
15960 2 2 1 1 2757 3877 7561
15961 2 2 1 1 7562 3880 2762
15962 2 2 1 1 7563 4471 7402
15963 2 2 1 1 2792 7565 4472
15964 2 2 1 1 2762 5293 7566
15965 2 2 1 1 7566 4472 2795
15966 2 2 1 1 7567 4473 2827
15967 2 2 1 1 7246 4474 368
15968 2 2 1 1 5984 7857 6854
15969 2 2 1 1 2831 7245 7569
15970 2 2 1 1 7569 4475 2830
15971 2 2 1 1 6279 7570 2845
15972 2 2 1 1 7244 4477 328
15973 2 2 1 1 3883 2842 7570
15974 2 2 1 1 2846 7571 4478
15975 2 2 1 1 2756 6284 4469
15976 2 2 1 1 6284 4478 2847
15977 2 2 1 1 6283 331 3922
15978 2 2 1 1 4339 4334 7553
15979 2 2 1 1 4481 2849 7575
15980 2 2 1 1 2848 7575 4479
15981 2 2 1 1 1979 5984 7503
15982 2 2 1 1 2904 5348 7576
15983 2 2 1 1 7576 4482 2903
15984 2 2 1 1 2919 6367 4485
15985 2 2 1 1 6367 4484 2918
15986 2 2 1 1 7578 3902 2931
15987 2 2 1 1 1689 1671 7572
15988 2 2 1 1 7581 3886 2904
15989 2 2 1 1 2874 7580 6311
15990 2 2 1 1 6396 323 6397
15991 2 2 1 1 2845 5370 7582
15992 2 2 1 1 7582 4487 2937
15993 2 2 1 1 7584 7583 2939
15994 2 2 1 1 2940 7584 6403
15995 2 2 1 1 3891 2938 7583
15996 2 2 1 1 7586 7585 2944
15997 2 2 1 1 2945 7586 6658
15998 2 2 1 1 3892 2837 7585
15999 2 2 1 1 7587 4491 329
16000 2 2 1 1 7589 255 3920
16001 2 2 1 1 7588 3920 3023
16002 2 2 1 1 6515 4492 7589
16003 2 2 1 1 7590 3023 4493
16004 2 2 1 1 7591 4493 282
16005 2 2 1 1 1914 1862 6014
16006 2 2 1 1 6519 3908 3026
16007 2 2 1 1 7594 4496 437
16008 2 2 1 1 3032 6526 4497
16009 2 2 1 1 7595 4498 3036
16010 2 2 1 1 3037 4499 6600
16011 2 2 1 1 3969 3314 7564
16012 2 2 1 1 4499 7595 3036
16013 2 2 1 1 7598 3930 3051
16014 2 2 1 1 7599 4500 430
16015 2 2 1 1 6579 5412 3894
16016 2 2 1 1 7601 7255 3024
16017 2 2 1 1 6579 4485 5412
16018 2 2 1 1 6580 6516 4494
16019 2 2 1 1 4502 7591 282
16020 2 2 1 1 7260 2919 6579
16021 2 2 1 1 6516 7601 3024
16022 2 2 1 1 6580 6581 7601
16023 2 2 1 1 7602 4489 2939
16024 2 2 1 1 7568 3952 6970
16025 2 2 1 1 7603 4488 323
16026 2 2 1 1 6719 3197 7573
16027 2 2 1 1 7574 7274 3916
16028 2 2 1 1 4503 7602 2939
16029 2 2 1 1 6384 294 7606
16030 2 2 1 1 2931 7607 4486
16031 2 2 1 1 7254 3025 3893
16032 2 2 1 1 7609 4505 3089
16033 2 2 1 1 7610 4506 425
16034 2 2 1 1 6018 5153 3768
16035 2 2 1 1 7613 4474 2827
16036 2 2 1 1 2788 7612 6198
16037 2 2 1 1 1764 2209 4961
16038 2 2 1 1 2122 7153 7592
16039 2 2 1 1 3101 7266 7615
16040 2 2 1 1 7615 4507 3100
16041 2 2 1 1 5988 5039 7171
16042 2 2 1 1 3108 7616 3916
16043 2 2 1 1 5769 5971 7161
16044 2 2 1 1 6416 490 4510
16045 2 2 1 1 3619 7148 6047
16046 2 2 1 1 4686 4732 7597
16047 2 2 1 1 3109 3907 4511
16048 2 2 1 1 3026 5463 7618
16049 2 2 1 1 7618 4513 3111
16050 2 2 1 1 7619 3895 5412
16051 2 2 1 1 6633 3909 3025
16052 2 2 1 1 6639 7620 3101
16053 2 2 1 1 7621 4508 463
16054 2 2 1 1 3910 3130 7620
16055 2 2 1 1 7622 4491 3005
16056 2 2 1 1 5484 6613 6565
16057 2 2 1 1 4498 517 4514
16058 2 2 1 1 4515 4514 3135
16059 2 2 1 1 4515 4498 4514
16060 2 2 1 1 3136 7623 7713
16061 2 2 1 1 3567 2520 3566
16062 2 2 1 1 3136 3912 7623
16063 2 2 1 1 2932 4512 3109
16064 2 2 1 1 7625 4510 490
16065 2 2 1 1 3915 2932 3109
16066 2 2 1 1 4516 3915 3109
16067 2 2 1 1 3140 7627 4517
16068 2 2 1 1 3108 6654 3906
16069 2 2 1 1 7539 4517 6555
16070 2 2 1 1 3141 7628 4518
16071 2 2 1 1 3142 6657 7600
16072 2 2 1 1 7600 4518 3138
16073 2 2 1 1 4519 3147 3936
16074 2 2 1 1 888 5682 3493
16075 2 2 1 1 5473 4784 241
16076 2 2 1 1 3150 3918 6664
16077 2 2 1 1 7604 3558 161
16078 2 2 1 1 6628 241 4521
16079 2 2 1 1 4066 7337 7605
16080 2 2 1 1 3023 7631 4493
16081 2 2 1 1 7608 1295 4611
16082 2 2 1 1 3023 3919 7631
16083 2 2 1 1 5690 7030 3460
16084 2 2 1 1 4476 297 4524
16085 2 2 1 1 4525 4524 3160
16086 2 2 1 1 4525 4476 4524
16087 2 2 1 1 4526 3160 3925
16088 2 2 1 1 4480 3925 307
16089 2 2 1 1 4480 4526 3925
16090 2 2 1 1 3921 2831 4525
16091 2 2 1 1 4526 4525 3160
16092 2 2 1 1 4526 3921 4525
16093 2 2 1 1 4524 297 3984
16094 2 2 1 1 4527 3984 3161
16095 2 2 1 1 4527 4524 3984
16096 2 2 1 1 4530 3161 4528
16097 2 2 1 1 4529 4528 275
16098 2 2 1 1 4529 4530 4528
16099 2 2 1 1 3923 3160 4527
16100 2 2 1 1 4530 4527 3161
16101 2 2 1 1 4530 3923 4527
16102 2 2 1 1 3164 4531 5485
16103 2 2 1 1 6253 240 4532
16104 2 2 1 1 7061 4612 7614
16105 2 2 1 1 3175 7633 4534
16106 2 2 1 1 3175 3927 7633
16107 2 2 1 1 7635 4506 3089
16108 2 2 1 1 3057 7636 6558
16109 2 2 1 1 3051 7638 4500
16110 2 2 1 1 6995 6988 6994
16111 2 2 1 1 4537 3183 7639
16112 2 2 1 1 3917 3142 7641
16113 2 2 1 1 3142 3931 7641
16114 2 2 1 1 675 7626 6991
16115 2 2 1 1 4539 2941 7643
16116 2 2 1 1 6483 4521 241
16117 2 2 1 1 3195 3933 6713
16118 2 2 1 1 7645 267 7283
16119 2 2 1 1 4540 7645 3195
16120 2 2 1 1 3195 7645 7283
16121 2 2 1 1 3149 7646 4520
16122 2 2 1 1 3149 3935 7646
16123 2 2 1 1 7632 3410 6976
16124 2 2 1 1 6718 587 3926
16125 2 2 1 1 7649 4541 3170
16126 2 2 1 1 3945 7538 3231
16127 2 2 1 1 7611 7629 1760
16128 2 2 1 1 3940 3230 7651
16129 2 2 1 1 3391 7634 570
16130 2 2 1 1 6773 670 3941
16131 2 2 1 1 7653 4543 3237
16132 2 2 1 1 7654 3980 3248
16133 2 2 1 1 3944 3244 7654
16134 2 2 1 1 7656 5533 3228
16135 2 2 1 1 6914 7637 3344
16136 2 2 1 1 3249 7288 4545
16137 2 2 1 1 6795 7657 3254
16138 2 2 1 1 7658 4546 459
16139 2 2 1 1 3946 3251 7657
16140 2 2 1 1 7659 3975 3255
16141 2 2 1 1 7660 4547 583
16142 2 2 1 1 3947 3252 7659
16143 2 2 1 1 6814 668 3943
16144 2 2 1 1 3272 6900 3277
16145 2 2 1 1 7640 7642 3310
16146 2 2 1 1 6059 7640 3310
16147 2 2 1 1 3298 7292 7664
16148 2 2 1 1 7664 4549 3297
16149 2 2 1 1 6874 6059 650
16150 2 2 1 1 6871 682 4550
16151 2 2 1 1 3309 7665 4552
16152 2 2 1 1 7644 5573 3296
16153 2 2 1 1 3309 3951 7665
16154 2 2 1 1 7667 5596 3312
16155 2 2 1 1 7668 6915 715
16156 2 2 1 1 3313 7294 4553
16157 2 2 1 1 7669 4554 3314
16158 2 2 1 1 7647 5586 3303
16159 2 2 1 1 3315 4555 6971
16160 2 2 1 1 6861 7648 600
16161 2 2 1 1 4555 7669 3314
16162 2 2 1 1 6853 7650 635
16163 2 2 1 1 7671 3961 3335
16164 2 2 1 1 3281 7672 5564
16165 2 2 1 1 6852 6082 3293
16166 2 2 1 1 3956 3337 7674
16167 2 2 1 1 7675 7304 818
16168 2 2 1 1 3343 7297 4557
16169 2 2 1 1 4430 3289 6845
16170 2 2 1 1 3348 6922 3968
16171 2 2 1 1 7537 4558 5568
16172 2 2 1 1 7677 4152 3349
16173 2 2 1 1 3313 6923 5580
16174 2 2 1 1 6923 7677 3349
16175 2 2 1 1 3254 7678 4546
16176 2 2 1 1 3335 7679 4556
16177 2 2 1 1 3316 7680 4560
16178 2 2 1 1 3408 7681 4561
16179 2 2 1 1 3280 7683 4562
16180 2 2 1 1 3298 7684 3950
16181 2 2 1 1 6985 699 3962
16182 2 2 1 1 7661 5570 3278
16183 2 2 1 1 5562 6827 7663
16184 2 2 1 1 6992 4066 7687
16185 2 2 1 1 3422 3964 7688
16186 2 2 1 1 3408 7688 4563
16187 2 2 1 1 6986 752 4564
16188 2 2 1 1 7663 3276 764
16189 2 2 1 1 3424 7690 4566
16190 2 2 1 1 3424 3965 7690
16191 2 2 1 1 7692 818 4149
16192 2 2 1 1 3265 7666 6812
16193 2 2 1 1 3958 3348 7694
16194 2 2 1 1 3348 3967 7695
16195 2 2 1 1 4149 7695 7692
16196 2 2 1 1 4554 741 7696
16197 2 2 1 1 7697 7309 786
16198 2 2 1 1 3970 3342 7698
16199 2 2 1 1 6804 6137 551
16200 2 2 1 1 3438 7699 4570
16201 2 2 1 1 4571 7364 725
16202 2 2 1 1 4571 7700 3438
16203 2 2 1 1 7700 3972 3424
16204 2 2 1 1 4564 752 7701
16205 2 2 1 1 6803 7670 3261
16206 2 2 1 1 3241 456 6780
16207 2 2 1 1 4573 7312 810
16208 2 2 1 1 3942 3238 4543
16209 2 2 1 1 7305 3423 4572
16210 2 2 1 1 1734 7676 1712
16211 2 2 1 1 3255 7704 4547
16212 2 2 1 1 7016 7705 3175
16213 2 2 1 1 7017 4534 261
16214 2 2 1 1 3976 3442 7705
16215 2 2 1 1 7018 4576 3444
16216 2 2 1 1 7706 3985 297
16217 2 2 1 1 3977 3443 7018
16218 2 2 1 1 7696 741 4577
16219 2 2 1 1 6765 7682 541
16220 2 2 1 1 7685 6758 3223
16221 2 2 1 1 4015 3446 7708
16222 2 2 1 1 3446 3978 7709
16223 2 2 1 1 3445 7709 4578
16224 2 2 1 1 6700 460 4538
16225 2 2 1 1 3248 7711 4544
16226 2 2 1 1 3210 6736 3209
16227 2 2 1 1 7689 3307 6066
16228 2 2 1 1 3248 3979 7711
16229 2 2 1 1 7691 6732 3202
16230 2 2 1 1 3455 7713 7456
16231 2 2 1 1 3455 3981 7714
16232 2 2 1 1 3913 7714 7712
16233 2 2 1 1 4576 261 4582
16234 2 2 1 1 4583 4582 3456
16235 2 2 1 1 4583 4576 4582
16236 2 2 1 1 4585 3456 4584
16237 2 2 1 1 4528 4584 275
16238 2 2 1 1 4528 4585 4584
16239 2 2 1 1 3983 3444 4583
16240 2 2 1 1 4585 4583 3456
16241 2 2 1 1 4585 3983 4583
16242 2 2 1 1 4532 240 4586
16243 2 2 1 1 4587 4586 3458
16244 2 2 1 1 4587 4532 4586
16245 2 2 1 1 7715 5726 231
16246 2 2 1 1 3986 3174 4587
16247 2 2 1 1 4588 4587 3458
16248 2 2 1 1 4588 3986 4587
16249 2 2 1 1 7701 752 4589
16250 2 2 1 1 4020 3464 7716
16251 2 2 1 1 3464 3989 7717
16252 2 2 1 1 3463 7717 4590
16253 2 2 1 1 7718 3465 3993
16254 2 2 1 1 1331 7761 4815
16255 2 2 1 1 7719 7036 3465
16256 2 2 1 1 6693 6490 541
16257 2 2 1 1 7721 7718 3993
16258 2 2 1 1 4594 7722 1448
16259 2 2 1 1 4581 7738 4883
16260 2 2 1 1 7723 3466 4593
16261 2 2 1 1 7722 4594 7723
16262 2 2 1 1 7040 7724 3470
16263 2 2 1 1 7040 3470 4001
16264 2 2 1 1 3995 3467 7724
16265 2 2 1 1 7725 1424 4002
16266 2 2 1 1 4598 3468 7725
16267 2 2 1 1 3473 7726 4138
16268 2 2 1 1 3473 3997 7726
16269 2 2 1 1 6691 7702 3177
16270 2 2 1 1 4594 1448 4600
16271 2 2 1 1 4601 4600 3474
16272 2 2 1 1 4601 4594 4600
16273 2 2 1 1 4602 3474 4003
16274 2 2 1 1 3724 4003 1511
16275 2 2 1 1 3724 4602 4003
16276 2 2 1 1 3999 3469 4601
16277 2 2 1 1 4602 4601 3474
16278 2 2 1 1 4602 3999 4601
16279 2 2 1 1 7041 7045 3475
16280 2 2 1 1 4603 5665 1338
16281 2 2 1 1 3476 7320 4603
16282 2 2 1 1 4597 1362 7728
16283 2 2 1 1 6508 544 6688
16284 2 2 1 1 4605 3477 7729
16285 2 2 1 1 7707 2826 6253
16286 2 2 1 1 7321 3471 4604
16287 2 2 1 1 3172 3171 6511
16288 2 2 1 1 4600 1448 7731
16289 2 2 1 1 4606 7323 1477
16290 2 2 1 1 7322 3474 7043
16291 2 2 1 1 7731 1448 4607
16292 2 2 1 1 6680 7710 3169
16293 2 2 1 1 2601 7732 4389
16294 2 2 1 1 2601 4004 7732
16295 2 2 1 1 7047 7734 3481
16296 2 2 1 1 7047 3481 4611
16297 2 2 1 1 3148 6662 5481
16298 2 2 1 1 4006 3476 7734
16299 2 2 1 1 4008 5670 3486
16300 2 2 1 1 3494 7735 4612
16301 2 2 1 1 4613 3493 7736
16302 2 2 1 1 7304 3970 7737
16303 2 2 2 2 6590 208 4801
16304 2 2 1 1 7614 910 7740
16305 2 2 1 1 960 966 4595
16306 2 2 1 1 3132 6641 5482
16307 2 2 1 1 3499 7741 4617
16308 2 2 1 1 3020 5469 6630
16309 2 2 1 1 7739 845 7742
16310 2 2 1 1 3501 4011 7528
16311 2 2 1 1 7743 4618 3500
16312 2 2 1 1 7744 3727 2379
16313 2 2 1 1 7745 4264 956
16314 2 2 1 1 4617 891 4620
16315 2 2 1 1 4621 4620 3503
16316 2 2 1 1 4621 4617 4620
16317 2 2 1 1 4624 3503 4622
16318 2 2 1 1 7751 4622 830
16319 2 2 1 1 7751 4624 4622
16320 2 2 1 1 4013 3499 4621
16321 2 2 1 1 4624 4621 3503
16322 2 2 1 1 4624 4013 4621
16323 2 2 1 1 7746 845 7329
16324 2 2 1 1 7727 2942 6622
16325 2 2 1 1 7309 3978 7747
16326 2 2 1 1 3446 4014 7748
16327 2 2 1 1 6023 3505 7746
16328 2 2 1 1 6615 6591 6571
16329 2 2 1 1 3506 7750 4628
16330 2 2 1 1 3105 3104 6613
16331 2 2 1 1 7730 3102 6610
16332 2 2 1 1 4625 1473 1479
16333 2 2 1 1 6603 6598 506
16334 2 2 1 1 4630 1620 1615
16335 2 2 1 1 7753 3504 4629
16336 2 2 1 1 7752 4626 7753
16337 2 2 1 1 6602 6624 3096
16338 2 2 1 1 7067 830 4622
16339 2 2 1 1 3511 7755 4022
16340 2 2 1 1 3095 7733 6600
16341 2 2 1 1 3511 4017 7755
16342 2 2 1 1 3510 7758 4632
16343 2 2 1 1 2334 3085 6584
16344 2 2 1 1 3464 7760 3990
16345 2 2 1 1 3464 4019 7760
16346 2 2 1 1 4628 938 4033
16347 2 2 1 1 4634 4033 3513
16348 2 2 1 1 4634 4628 4033
16349 2 2 1 1 4636 3513 4635
16350 2 2 1 1 4018 4635 852
16351 2 2 1 1 4018 4636 4635
16352 2 2 1 1 4021 3506 4634
16353 2 2 1 1 4636 4634 3513
16354 2 2 1 1 4636 4021 4634
16355 2 2 1 1 4619 803 4637
16356 2 2 1 1 4638 4637 3514
16357 2 2 1 1 4638 4619 4637
16358 2 2 1 1 4639 3514 4150
16359 2 2 1 1 4614 4150 818
16360 2 2 1 1 4614 4639 4150
16361 2 2 1 1 4023 3501 4638
16362 2 2 1 1 4639 4638 3514
16363 2 2 1 1 4639 4023 4638
16364 2 2 1 1 4176 1418 4640
16365 2 2 1 1 4641 4640 3515
16366 2 2 1 1 4641 4176 4640
16367 2 2 1 1 4642 3515 4139
16368 2 2 1 1 4190 4139 1386
16369 2 2 1 1 4190 4642 4139
16370 2 2 1 1 4025 2175 4641
16371 2 2 1 1 4642 4641 3515
16372 2 2 1 1 4642 4025 4641
16373 2 2 1 1 4268 984 4643
16374 2 2 1 1 4644 4643 3518
16375 2 2 1 1 4644 4268 4643
16376 2 2 1 1 4646 3518 4031
16377 2 2 1 1 4645 4031 922
16378 2 2 1 1 4645 4646 4031
16379 2 2 1 1 4027 2392 4644
16380 2 2 1 1 4646 4644 3518
16381 2 2 1 1 4646 4027 4644
16382 2 2 1 1 4643 984 3735
16383 2 2 1 1 4647 3735 2402
16384 2 2 1 1 4647 4643 3735
16385 2 2 1 1 4649 2402 4273
16386 2 2 1 1 4648 4273 970
16387 2 2 1 1 4648 4649 4273
16388 2 2 1 1 4029 3518 4647
16389 2 2 1 1 4649 4647 2402
16390 2 2 1 1 4649 4029 4647
16391 2 2 1 1 4645 922 4060
16392 2 2 1 1 4650 4060 3521
16393 2 2 1 1 4650 4645 4060
16394 2 2 1 1 4652 3521 4651
16395 2 2 1 1 4635 4651 852
16396 2 2 1 1 4635 4652 4651
16397 2 2 1 1 4032 3519 4650
16398 2 2 1 1 4652 4650 3521
16399 2 2 1 1 4652 4032 4650
16400 2 2 1 1 4648 970 4653
16401 2 2 1 1 4654 4653 3522
16402 2 2 1 1 4654 4648 4653
16403 2 2 1 1 4656 3522 4038
16404 2 2 1 1 4655 4038 902
16405 2 2 1 1 4655 4656 4038
16406 2 2 1 1 4034 3520 4654
16407 2 2 1 1 4656 4654 3522
16408 2 2 1 1 4656 4034 4654
16409 2 2 1 1 7762 4657 3524
16410 2 2 1 1 7764 4043 957
16411 2 2 1 1 3058 3057 6558
16412 2 2 1 1 4658 7762 3524
16413 2 2 1 1 4655 902 4659
16414 2 2 1 1 4660 4659 3526
16415 2 2 1 1 4660 4655 4659
16416 2 2 1 1 4662 3526 4046
16417 2 2 1 1 4661 4046 859
16418 2 2 1 1 4661 4662 4046
16419 2 2 1 1 4039 3523 4660
16420 2 2 1 1 4662 4660 3526
16421 2 2 1 1 4662 4039 4660
16422 2 2 1 1 4657 970 3737
16423 2 2 1 1 4663 3737 2406
16424 2 2 1 1 4663 4657 3737
16425 2 2 1 1 7749 388 6557
16426 2 2 1 1 4664 7426 1019
16427 2 2 1 1 4041 3524 4663
16428 2 2 1 1 4665 4663 2406
16429 2 2 1 1 4665 4041 4663
16430 2 2 1 1 3050 3049 6549
16431 2 2 1 1 7764 957 4057
16432 2 2 1 1 3530 7768 4668
16433 2 2 1 1 3530 4044 7768
16434 2 2 1 1 4659 902 7332
16435 2 2 1 1 7754 3033 6528
16436 2 2 1 1 3532 7331 4669
16437 2 2 1 1 4664 1019 3749
16438 2 2 1 1 4670 3749 2416
16439 2 2 1 1 4670 4664 3749
16440 2 2 1 1 4672 2416 4292
16441 2 2 1 1 4671 4292 1009
16442 2 2 1 1 4671 4672 4292
16443 2 2 1 1 4047 3528 4670
16444 2 2 1 1 4672 4670 2416
16445 2 2 1 1 4672 4047 4670
16446 2 2 1 1 7770 7773 3534
16447 2 2 1 1 7756 437 6522
16448 2 2 1 1 7772 7333 842
16449 2 2 1 1 7772 4673 7333
16450 2 2 1 1 7757 6502 360
16451 2 2 1 1 4673 7770 3534
16452 2 2 1 1 4671 1009 4674
16453 2 2 1 1 4675 4674 3535
16454 2 2 1 1 4675 4671 4674
16455 2 2 1 1 4677 3535 4055
16456 2 2 1 1 4676 4055 946
16457 2 2 1 1 4676 4677 4055
16458 2 2 1 1 4050 3533 4675
16459 2 2 1 1 4677 4675 3535
16460 2 2 1 1 4677 4050 4675
16461 2 2 1 1 2981 6471 281
16462 2 2 1 1 4679 7559 834
16463 2 2 1 1 6899 2971 6458
16464 2 2 1 1 7775 3534 4678
16465 2 2 1 1 4680 3537 7775
16466 2 2 1 1 4674 1009 3862
16467 2 2 1 1 4681 3862 2645
16468 2 2 1 1 4681 4674 3862
16469 2 2 1 1 4682 2645 4450
16470 2 2 1 1 3870 4450 999
16471 2 2 1 1 3870 4682 4450
16472 2 2 1 1 4053 3535 4681
16473 2 2 1 1 4682 4681 2645
16474 2 2 1 1 4682 4053 4681
16475 2 2 1 1 4683 5215 2668
16476 2 2 1 1 4684 2668 4467
16477 2 2 1 1 4667 4467 7424
16478 2 2 1 1 4667 4684 4467
16479 2 2 1 1 4056 3536 4683
16480 2 2 1 1 4684 4683 2668
16481 2 2 1 1 4684 4056 4683
16482 2 2 1 1 4679 834 4097
16483 2 2 1 1 4685 4097 3538
16484 2 2 1 1 4685 4679 4097
16485 2 2 1 1 4687 3538 4686
16486 2 2 1 1 4121 7597 777
16487 2 2 1 1 4121 4687 4686
16488 2 2 1 1 4058 3537 4685
16489 2 2 1 1 4687 4685 3538
16490 2 2 1 1 4687 4058 4685
16491 2 2 1 1 4688 4661 7777
16492 2 2 1 1 7777 4661 859
16493 2 2 1 1 4651 7335 852
16494 2 2 1 1 7335 4689 3540
16495 2 2 1 1 7334 3527 4688
16496 2 2 1 1 4689 3521 7334
16497 2 2 1 1 7777 859 7072
16498 2 2 1 1 3512 7778 4633
16499 2 2 1 1 3512 5692 7778
16500 2 2 1 1 7072 859 5691
16501 2 2 1 1 3542 7779 4692
16502 2 2 1 1 3542 5693 7779
16503 2 2 1 1 7780 3770 2537
16504 2 2 1 1 7763 2962 6443
16505 2 2 1 1 2149 4611 5699
16506 2 2 1 1 4008 4610 1338
16507 2 2 1 1 4179 1431 4693
16508 2 2 1 1 4694 4693 3543
16509 2 2 1 1 4694 4179 4693
16510 2 2 1 1 4695 3543 4142
16511 2 2 1 1 4175 4695 4142
16512 2 2 1 1 4064 2177 4694
16513 2 2 1 1 4695 4694 3543
16514 2 2 1 1 4695 4064 4694
16515 2 2 1 1 6439 349 7765
16516 2 2 1 1 905 4696 936
16517 2 2 1 1 6436 369 7766
16518 2 2 1 1 7302 3964 7786
16519 2 2 1 1 3422 4066 7787
16520 2 2 1 1 4591 7787 7605
16521 2 2 1 1 4328 1739 7262
16522 2 2 1 1 4698 4697 3546
16523 2 2 1 1 4698 4328 4697
16524 2 2 1 1 4700 3546 4699
16525 2 2 1 1 3860 4699 1710
16526 2 2 1 1 3860 4700 4699
16527 2 2 1 1 4067 2560 4698
16528 2 2 1 1 4700 4698 3546
16529 2 2 1 1 4700 4067 4698
16530 2 2 1 1 2960 6435 7767
16531 2 2 1 1 5880 1786 3677
16532 2 2 1 1 3547 7789 4702
16533 2 2 1 1 3547 4070 7789
16534 2 2 1 1 4703 7534 2641
16535 2 2 1 1 4703 4702 4444
16536 2 2 1 1 4705 2641 4442
16537 2 2 1 1 4704 7532 1857
16538 2 2 1 1 4705 7791 2641
16539 2 2 1 1 4705 4072 7791
16540 2 2 1 1 7792 4706 3549
16541 2 2 1 1 2950 6418 7769
16542 2 2 1 1 7794 4109 1844
16543 2 2 1 1 7771 2940 6403
16544 2 2 1 1 4707 7792 3549
16545 2 2 1 1 3084 7795 5439
16546 2 2 1 1 2599 7796 3817
16547 2 2 1 1 7798 4078 1488
16548 2 2 1 1 7798 1488 4081
16549 2 2 1 1 3574 5717 7102
16550 2 2 1 1 7800 3823 2604
16551 2 2 1 1 7800 4708 3823
16552 2 2 1 1 3583 4710 7110
16553 2 2 1 1 7110 4710 4393
16554 2 2 1 1 4710 7800 2604
16555 2 2 1 1 4710 4077 7800
16556 2 2 1 1 7111 7801 2178
16557 2 2 1 1 7802 4181 1443
16558 2 2 1 1 4079 3583 7801
16559 2 2 1 1 7802 1443 4161
16560 2 2 1 1 7803 4711 2154
16561 2 2 1 1 6378 7774 317
16562 2 2 1 1 7776 6410 5379
16563 2 2 1 1 7805 4586 240
16564 2 2 1 1 7806 4712 3454
16565 2 2 1 1 4714 1899 4439
16566 2 2 1 1 4713 4439 2639
16567 2 2 1 1 4713 4714 4439
16568 2 2 1 1 4716 2639 4437
16569 2 2 1 1 4715 4437 1880
16570 2 2 1 1 4715 4716 4437
16571 2 2 1 1 4082 3595 4713
16572 2 2 1 1 4716 4713 2639
16573 2 2 1 1 4716 4082 4713
16574 2 2 1 1 7715 231 7807
16575 2 2 1 1 4719 3598 4718
16576 2 2 1 1 5409 7757 3012
16577 2 2 1 1 4133 4719 4718
16578 2 2 1 1 4085 3459 4717
16579 2 2 1 1 4719 4717 3598
16580 2 2 1 1 4719 4085 4717
16581 2 2 1 1 7782 2896 6332
16582 2 2 1 1 7127 3165 4531
16583 2 2 1 1 4241 1605 4720
16584 2 2 1 1 4721 4720 3601
16585 2 2 1 1 4721 4241 4720
16586 2 2 1 1 4722 3601 4091
16587 2 2 1 1 7209 7861 1634
16588 2 2 1 1 3781 4722 4091
16589 2 2 1 1 4087 2275 4721
16590 2 2 1 1 4722 4721 3601
16591 2 2 1 1 4722 4087 4721
16592 2 2 1 1 4720 1605 3713
16593 2 2 1 1 4723 3713 2287
16594 2 2 1 1 4723 4720 3713
16595 2 2 1 1 4724 2287 4251
16596 2 2 1 1 4346 4251 1575
16597 2 2 1 1 4346 4724 4251
16598 2 2 1 1 4089 3601 4723
16599 2 2 1 1 4724 4723 2287
16600 2 2 1 1 4724 4089 4723
16601 2 2 1 1 6322 7783 2891
16602 2 2 1 1 4725 7729 3477
16603 2 2 1 1 2887 6319 7785
16604 2 2 1 1 4726 7728 1362
16605 2 2 1 1 1776 2552 5185
16606 2 2 1 1 7344 2183 4725
16607 2 2 1 1 2634 3606 4728
16608 2 2 1 1 4432 2634 4728
16609 2 2 1 1 4095 7079 3556
16610 2 2 1 1 3609 7811 4729
16611 2 2 1 1 6307 7020 7790
16612 2 2 1 1 2635 7813 3851
16613 2 2 1 1 2872 6306 7009
16614 2 2 1 1 6292 7026 2861
16615 2 2 1 1 7049 256 6252
16616 2 2 1 1 7799 2813 6243
16617 2 2 1 1 7139 780 4730
16618 2 2 1 1 3538 7815 4686
16619 2 2 1 1 7055 2808 6232
16620 2 2 1 1 3538 4096 7815
16621 2 2 1 1 4195 1100 7818
16622 2 2 1 1 4171 7358 1134
16623 2 2 1 1 6207 2793 7808
16624 2 2 1 1 7821 2185 4733
16625 2 2 1 1 4734 2172 7821
16626 2 2 1 1 4187 1064 4735
16627 2 2 1 1 4736 4735 3615
16628 2 2 1 1 4736 4187 4735
16629 2 2 1 1 4738 3615 4737
16630 2 2 1 1 4194 4737 1100
16631 2 2 1 1 4194 4738 4737
16632 2 2 1 1 4099 2181 4736
16633 2 2 1 1 4738 4736 3615
16634 2 2 1 1 4738 4099 4736
16635 2 2 1 1 4172 1134 3761
16636 2 2 1 1 4739 3761 2428
16637 2 2 1 1 4739 4172 3761
16638 2 2 1 1 4740 2428 4307
16639 2 2 1 1 4168 4307 1177
16640 2 2 1 1 4168 4740 4307
16641 2 2 1 1 4101 2173 4739
16642 2 2 1 1 4740 4739 2428
16643 2 2 1 1 4740 4101 4739
16644 2 2 1 1 3618 7822 4742
16645 2 2 1 1 7809 5316 2786
16646 2 2 1 1 5286 2781 2780
16647 2 2 1 1 4108 3617 7825
16648 2 2 1 1 3617 4103 7826
16649 2 2 1 1 3616 7826 4742
16650 2 2 1 1 7827 7148 3619
16651 2 2 1 1 4706 1857 4743
16652 2 2 1 1 4744 4743 3621
16653 2 2 1 1 4744 4706 4743
16654 2 2 1 1 4745 3621 4112
16655 2 2 1 1 4104 4112 1884
16656 2 2 1 1 4104 4745 4112
16657 2 2 1 1 4107 3549 4744
16658 2 2 1 1 4745 4744 3621
16659 2 2 1 1 4745 4107 4744
16660 2 2 1 1 4743 1857 3855
16661 2 2 1 1 4746 3855 2640
16662 2 2 1 1 4746 4743 3855
16663 2 2 1 1 4748 2640 4440
16664 2 2 1 1 4747 4440 1899
16665 2 2 1 1 4747 4748 4440
16666 2 2 1 1 4110 3621 4746
16667 2 2 1 1 4748 4746 2640
16668 2 2 1 1 4748 4110 4746
16669 2 2 1 1 4379 1478 4143
16670 2 2 1 1 4749 4143 3623
16671 2 2 1 1 4749 4379 4143
16672 2 2 1 1 4751 3623 4750
16673 2 2 1 1 4392 4750 1467
16674 2 2 1 1 4392 4751 4750
16675 2 2 1 1 4113 2593 4749
16676 2 2 1 1 4751 4749 3623
16677 2 2 1 1 4751 4113 4749
16678 2 2 1 1 4232 1710 4699
16679 2 2 1 1 4752 4699 3546
16680 2 2 1 1 4752 4232 4699
16681 2 2 1 1 4753 3546 4697
16682 2 2 1 1 6018 7262 1739
16683 2 2 1 1 3768 4753 4697
16684 2 2 1 1 4115 2267 4752
16685 2 2 1 1 4753 4752 3546
16686 2 2 1 1 4753 4115 4752
16687 2 2 1 1 7828 4409 2618
16688 2 2 1 1 7829 4407 1813
16689 2 2 1 1 6173 7812 2738
16690 2 2 1 1 4754 7828 2618
16691 2 2 1 1 7829 1813 3840
16692 2 2 1 1 4755 3626 7829
16693 2 2 1 1 3681 7830 4417
16694 2 2 1 1 3681 2257 7830
16695 2 2 1 1 2257 4118 7830
16696 2 2 1 1 2622 7830 4755
16697 2 2 1 1 4573 810 4062
16698 2 2 1 1 4756 4062 3542
16699 2 2 1 1 4756 4573 4062
16700 2 2 1 1 4757 3542 4692
16701 2 2 1 1 4059 4692 842
16702 2 2 1 1 4059 4757 4692
16703 2 2 1 1 4120 3440 4756
16704 2 2 1 1 4757 4756 3542
16705 2 2 1 1 4757 4120 4756
16706 2 2 1 1 5755 4728 3606
16707 2 2 1 1 4185 1090 7831
16708 2 2 1 1 4758 3628 7832
16709 2 2 1 1 7831 1090 4759
16710 2 2 1 1 7814 2755 6168
16711 2 2 1 1 2717 5757 7517
16712 2 2 1 1 4302 1095 4134
16713 2 2 1 1 4761 4134 3632
16714 2 2 1 1 4761 4302 4134
16715 2 2 1 1 3632 7833 4761
16716 2 2 1 1 5862 1317 4092
16717 2 2 1 1 2753 6161 5319
16718 2 2 1 1 7816 2747 6156
16719 2 2 1 1 4007 3482 7835
16720 2 2 1 1 3482 4125 7836
16721 2 2 1 1 3605 7836 4762
16722 2 2 1 1 4184 1467 7837
16723 2 2 1 1 4763 3633 7838
16724 2 2 1 1 2176 7353 4763
16725 2 2 1 1 7437 1140 4310
16726 2 2 1 1 6150 5277 374
16727 2 2 1 1 6149 7819 2744
16728 2 2 1 1 2427 4127 7841
16729 2 2 1 1 2458 7841 4764
16730 2 2 1 1 4765 3846 3594
16731 2 2 1 1 3594 3846 4083
16732 2 2 1 1 4129 2630 4766
16733 2 2 1 1 4421 4766 1880
16734 2 2 1 1 4421 4129 4766
16735 2 2 1 1 4766 2630 4765
16736 2 2 1 1 4715 4765 3594
16737 2 2 1 1 4715 4766 4765
16738 2 2 1 1 4768 275 4584
16739 2 2 1 1 4767 4584 3456
16740 2 2 1 1 4767 4768 4584
16741 2 2 1 1 3599 7842 4086
16742 2 2 1 1 2743 7820 428
16743 2 2 1 1 6146 7823 392
16744 2 2 1 1 3599 4132 7842
16745 2 2 1 1 4295 1132 4313
16746 2 2 1 1 4769 4313 2466
16747 2 2 1 1 4769 4295 4313
16748 2 2 1 1 6147 7824 7823
16749 2 2 1 1 2466 7843 4769
16750 2 2 1 1 4640 1418 4609
16751 2 2 1 1 4770 4609 3479
16752 2 2 1 1 4770 4640 4609
16753 2 2 1 1 4771 3479 4607
16754 2 2 1 1 3998 4607 1448
16755 2 2 1 1 3998 4771 4607
16756 2 2 1 1 4137 3515 4770
16757 2 2 1 1 4771 4770 3479
16758 2 2 1 1 4771 4137 4770
16759 2 2 1 1 4693 1431 4772
16760 2 2 1 1 4773 4772 3637
16761 2 2 1 1 4773 4693 4772
16762 2 2 1 1 4774 3637 4144
16763 2 2 1 1 3821 4144 1478
16764 2 2 1 1 3821 4774 4144
16765 2 2 1 1 4140 3543 4773
16766 2 2 1 1 4774 4773 3637
16767 2 2 1 1 4774 4140 4773
16768 2 2 1 1 4775 7838 3633
16769 2 2 1 1 4750 7837 1467
16770 2 2 1 1 7846 3637 4775
16771 2 2 1 1 4776 3623 7846
16772 2 2 1 1 7818 1100 4456
16773 2 2 1 1 2426 7847 3759
16774 2 2 2 2 2063 2062 6597
16775 2 2 1 1 2426 4145 7847
16776 2 2 1 1 7543 1100 4737
16777 2 2 1 1 2652 7850 4459
16778 2 2 1 1 2553 4321 7834
16779 2 2 1 1 2501 6021 2500
16780 2 2 1 1 2652 4147 7850
16781 2 2 1 1 4637 803 7852
16782 2 2 1 1 6017 4315 7839
16783 2 2 1 1 4568 7363 768
16784 2 2 1 1 7361 3514 4779
16785 2 2 1 1 7852 803 4579
16786 2 2 1 1 3349 7856 4559
16787 2 2 1 1 3349 4151 7856
16788 2 2 1 1 7844 2339 2341
16789 2 2 1 1 2135 4759 4865
16790 2 2 1 1 4153 7592 3629
16791 2 2 1 1 4570 777 7597
16792 2 2 1 1 4782 4732 3612
16793 2 2 1 1 4782 4570 4732
16794 2 2 2 2 314 4791 7513
16795 2 2 1 1 3608 4154 7859
16796 2 2 2 2 308 4788 7860
16797 2 2 1 1 4783 1633 1611
16798 2 2 1 1 7845 5924 3718
16799 2 2 1 1 3649 1626 4783
16800 2 2 1 1 7176 3918 3150
16801 2 2 1 1 4784 4520 241
16802 2 2 2 2 4788 4787 295
16803 2 2 1 1 327 4786 3393
16804 2 2 2 2 7513 4787 327
16805 2 2 2 2 4786 327 4787
16806 2 2 2 2 7860 4792 274
16807 2 2 2 2 4788 4786 4787
16808 2 2 2 2 7513 4789 341
16809 2 2 1 1 361 6944 4789
16810 2 2 2 2 2060 4790 352
16811 2 2 1 1 352 4790 3379
16812 2 2 2 2 4791 4793 279
16813 2 2 2 2 4789 7513 327
16814 2 2 2 2 4792 4794 260
16815 2 2 2 2 4788 295 4792
16816 2 2 2 2 4791 314 4793
16817 2 2 2 2 279 248 4794
16818 2 2 2 2 4792 295 4794
16819 2 2 2 2 260 234 4795
16820 2 2 2 2 260 4795 4792
16821 2 2 1 1 7849 7853 1425
16822 2 2 1 1 1592 1682 1573
16823 2 2 2 2 4795 4797 274
16824 2 2 2 2 4805 4797 2063
16825 2 2 2 2 291 4798 324
16826 2 2 2 2 338 324 4798
16827 2 2 2 2 246 216 233
16828 2 2 2 2 233 216 202
16829 2 2 2 2 7167 259 6597
16830 2 2 1 1 1682 7512 1573
16831 2 2 1 1 5127 7851 1987
16832 2 2 2 2 202 180 4801
16833 2 2 2 2 4801 2064 202
16834 2 2 2 2 180 154 4802
16835 2 2 2 2 4802 6590 4801
16836 2 2 2 2 299 4808 6569
16837 2 2 2 2 350 6569 4808
16838 2 2 2 2 7860 274 4805
16839 2 2 1 1 6589 308 4804
16840 2 2 2 2 4805 274 4797
16841 2 2 2 2 356 7804 7169
16842 2 2 2 2 4806 2061 352
16843 2 2 2 2 7510 4799 233
16844 2 2 2 2 233 2064 7510
16845 2 2 2 2 235 7510 4807
16846 2 2 1 1 4807 5512 222
16847 2 2 1 1 2005 1997 7851
16848 2 2 1 1 1439 1452 4809
16849 2 2 1 1 5824 1439 4809
16850 2 2 1 1 1117 7793 4810
16851 2 2 1 1 4855 4828 4810
16852 2 2 1 1 2067 4811 1339
16853 2 2 1 1 1339 4811 1353
16854 2 2 1 1 4812 1308 2068
16855 2 2 1 1 2069 4813 1280
16856 2 2 1 1 5807 4813 2083
16857 2 2 1 1 4814 1172 2070
16858 2 2 1 1 4796 6197 2336
16859 2 2 1 1 7854 3610 5741
16860 2 2 1 1 1219 1233 4838
16861 2 2 1 1 4836 1219 4816
16862 2 2 1 1 4817 1205 2073
16863 2 2 1 1 2078 4818 1309
16864 2 2 1 1 5809 4818 2093
16865 2 2 1 1 1150 5975 4819
16866 2 2 1 1 2084 1150 4819
16867 2 2 1 1 4820 1421 2079
16868 2 2 1 1 780 2695 7502
16869 2 2 1 1 1235 4836 4816
16870 2 2 1 1 2080 4821 1208
16871 2 2 1 1 1208 4821 1194
16872 2 2 1 1 1353 4822 2140
16873 2 2 1 1 2081 4823 1282
16874 2 2 1 1 5805 4823 2077
16875 2 2 1 1 1390 4824 5822
16876 2 2 1 1 1413 4824 5848
16877 2 2 1 1 4826 1373 2090
16878 2 2 1 1 2091 4827 1242
16879 2 2 1 1 5812 4827 2066
16880 2 2 1 1 1133 7506 4828
16881 2 2 1 1 7501 1133 4828
16882 2 2 1 1 7503 5984 6854
16883 2 2 1 1 1446 5824 4809
16884 2 2 1 1 936 4696 982
16885 2 2 1 1 1731 1711 4829
16886 2 2 1 1 1731 4829 4908
16887 2 2 1 1 877 905 4830
16888 2 2 1 1 4909 4830 2163
16889 2 2 1 1 972 983 4831
16890 2 2 1 1 982 972 4831
16891 2 2 1 1 2094 4832 1241
16892 2 2 1 1 1241 4832 7179
16893 2 2 1 1 4866 4833 1317
16894 2 2 1 1 1317 4833 3644
16895 2 2 1 1 5829 4834 1344
16896 2 2 1 1 1344 4834 3643
16897 2 2 1 1 5847 4835 1209
16898 2 2 1 1 1209 4835 3645
16899 2 2 1 1 1221 4836 1235
16900 2 2 1 1 1316 4837 1301
16901 2 2 1 1 4837 2068 1301
16902 2 2 1 1 4838 1233 2087
16903 2 2 1 1 1368 4839 2106
16904 2 2 1 1 4839 1319 2106
16905 2 2 1 1 4840 5802 1382
16906 2 2 1 1 1372 2074 4840
16907 2 2 1 1 2108 2107 4841
16908 2 2 1 1 7370 4841 4165
16909 2 2 1 1 1027 1013 4842
16910 2 2 1 1 1027 4842 4882
16911 2 2 1 1 2123 4843 1521
16912 2 2 1 1 1521 4843 5733
16913 2 2 1 1 1171 2088 4844
16914 2 2 1 1 1171 4844 4903
16915 2 2 1 1 2110 2109 4845
16916 2 2 1 1 7371 4845 4166
16917 2 2 1 1 4811 4846 1353
16918 2 2 1 1 4846 4822 1353
16919 2 2 1 1 1497 1515 4847
16920 2 2 1 1 4843 1497 4847
16921 2 2 1 1 4821 4848 1194
16922 2 2 1 1 4848 2073 1194
16923 2 2 1 1 2114 2113 1168
16924 2 2 1 1 5827 3667 1168
16925 2 2 1 1 1131 2084 4849
16926 2 2 1 1 1131 4849 4901
16927 2 2 1 1 2117 2116 4850
16928 2 2 1 1 7369 4850 4164
16929 2 2 1 1 1405 2071 4851
16930 2 2 1 1 1405 4851 5823
16931 2 2 1 1 2119 2118 4852
16932 2 2 1 1 2119 4852 5856
16933 2 2 1 1 1667 7817 4853
16934 2 2 1 1 4888 1667 4853
16935 2 2 1 1 1434 2079 4854
16936 2 2 1 1 1434 4854 2121
16937 2 2 1 1 1055 1045 4882
16938 2 2 1 1 7858 1578 5732
16939 2 2 1 1 5837 4828 4855
16940 2 2 1 1 5837 4855 4153
16941 2 2 1 1 2123 1483 4843
16942 2 2 1 1 1194 2124 4856
16943 2 2 1 1 2113 5820 4856
16944 2 2 1 1 4857 5828 2127
16945 2 2 1 1 4857 1304 2126
16946 2 2 1 1 892 4858 846
16947 2 2 1 1 4858 832 4916
16948 2 2 1 1 7624 1594 4859
16949 2 2 1 1 4831 4860 1023
16950 2 2 1 1 4860 2166 1023
16951 2 2 1 1 4861 2128 5830
16952 2 2 1 1 4861 1228 2128
16953 2 2 1 1 4862 1024 1072
16954 2 2 1 1 1010 1024 4862
16955 2 2 1 1 4863 2130 5832
16956 2 2 1 1 4863 1327 2130
16957 2 2 1 1 1665 4906 1692
16958 2 2 1 1 1692 4906 3641
16959 2 2 1 1 1157 4864 5818
16960 2 2 1 1 2109 4864 2133
16961 2 2 1 1 1235 4816 5853
16962 2 2 1 1 7861 4091 4090
16963 2 2 1 1 2134 2104 7608
16964 2 2 1 1 2149 2134 7608
16965 2 2 1 1 1120 7501 5838
16966 2 2 1 1 4850 4865 1090
16967 2 2 1 1 4865 4759 1090
16968 2 2 1 1 2136 2096 4866
16969 2 2 1 1 5862 2136 4866
16970 2 2 1 1 1703 4867 1730
16971 2 2 1 1 4842 998 975
16972 2 2 1 1 998 944 975
16973 2 2 1 1 1159 1169 4868
16974 2 2 1 1 1180 1159 4868
16975 2 2 1 1 1350 1363 7761
16976 2 2 1 1 3 5786 1
16977 2 2 1 1 1350 4870 4839
16978 2 2 1 1 1319 4870 2160
16979 2 2 1 1 1382 2137 4871
16980 2 2 1 1 4156 1382 4871
16981 2 2 1 1 1185 1204 4872
16982 2 2 1 1 1185 4872 1211
16983 2 2 1 1 1515 4581 4873
16984 2 2 1 1 3638 4847 4873
16985 2 2 1 1 4815 4592 1316
16986 2 2 1 1 4592 4825 1324
16987 2 2 1 1 1353 2140 4874
16988 2 2 1 1 2111 5819 4874
16989 2 2 1 1 4796 2337 5702
16990 2 2 1 1 5491 3177 6491
16991 2 2 1 1 1262 2142 4876
16992 2 2 1 1 5806 1262 4876
16993 2 2 1 1 5848 4877 1434
16994 2 2 1 1 4877 2079 1434
16995 2 2 1 1 4852 4878 1443
16996 2 2 1 1 4878 4161 1443
16997 2 2 1 1 1465 1427 4879
16998 2 2 1 1 1440 1465 4879
16999 2 2 1 1 2146 2094 5858
17000 2 2 1 1 2152 2146 5858
17001 2 2 1 1 1409 1385 4897
17002 2 2 1 1 1384 1409 4897
17003 2 2 1 1 5863 4882 1004
17004 2 2 1 1 4882 4842 4904
17005 2 2 1 1 4068 4803 4067
17006 2 2 1 1 5448 6080 204
17007 2 2 1 1 5843 21 19
17008 2 2 1 1 1732 1701 4884
17009 2 2 1 1 1732 4884 4913
17010 2 2 1 1 1756 4567 4919
17011 2 2 1 1 873 4885 828
17012 2 2 1 1 1701 1667 1676
17013 2 2 1 1 1714 1701 1676
17014 2 2 1 1 897 942 4887
17015 2 2 1 1 4887 2164 897
17016 2 2 1 1 982 4831 2162
17017 2 2 1 1 1676 1667 4888
17018 2 2 1 1 1676 4888 4918
17019 2 2 1 1 942 982 4889
17020 2 2 1 1 942 4889 4911
17021 2 2 1 1 1714 1676 4890
17022 2 2 1 1 1714 4890 4912
17023 2 2 1 1 7179 4891 2148
17024 2 2 1 1 2148 4891 2143
17025 2 2 1 1 1405 4892 5841
17026 2 2 1 1 5855 4892 2150
17027 2 2 1 1 3643 4834 4893
17028 2 2 1 1 2151 3643 4893
17029 2 2 1 1 1285 2102 4894
17030 2 2 1 1 5986 1285 4894
17031 2 2 1 1 3644 4833 4895
17032 2 2 1 1 2153 3644 4895
17033 2 2 1 1 1440 5731 1397
17034 2 2 1 1 1434 4896 2144
17035 2 2 1 1 52 57 68
17036 2 2 1 1 1384 4897 3636
17037 2 2 1 1 2155 4898 2136
17038 2 2 1 1 4868 5674 1180
17039 2 2 1 1 2115 4899 1043
17040 2 2 1 1 6133 4899 2706
17041 2 2 1 1 3645 4835 4900
17042 2 2 1 1 2157 3645 4900
17043 2 2 1 1 4901 2117 3646
17044 2 2 1 1 4901 4849 5821
17045 2 2 1 1 4902 2108 3647
17046 2 2 1 1 4902 4156 2108
17047 2 2 1 1 4839 4870 1319
17048 2 2 1 1 4903 2110 3648
17049 2 2 1 1 4903 4844 5818
17050 2 2 1 1 4882 4904 1004
17051 2 2 1 1 2711 1004 4904
17052 2 2 1 1 1585 1632 1593
17053 2 2 1 1 1593 1632 1647
17054 2 2 1 1 165 169 1540
17055 2 2 1 1 1581 4859 5780
17056 2 2 1 1 5780 2429 1581
17057 2 2 1 1 1685 1730 4906
17058 2 2 1 1 4928 4907 781
17059 2 2 1 1 781 4907 4927
17060 2 2 1 1 4919 4908 1770
17061 2 2 1 1 4908 4829 4914
17062 2 2 1 1 138 87 112
17063 2 2 1 1 4915 4909 831
17064 2 2 1 1 4909 2163 831
17065 2 2 1 1 4918 4910 1641
17066 2 2 1 1 1641 4910 4933
17067 2 2 1 1 899 4911 947
17068 2 2 1 1 4911 4889 997
17069 2 2 1 1 4923 4912 1734
17070 2 2 1 1 7676 4890 1690
17071 2 2 1 1 4913 1755 2165
17072 2 2 1 1 4913 4884 1755
17073 2 2 1 1 4908 4914 1770
17074 2 2 1 1 4914 2165 1770
17075 2 2 1 1 4927 4915 783
17076 2 2 1 1 4915 831 7630
17077 2 2 1 1 832 4907 4916
17078 2 2 1 1 4858 4916 4929
17079 2 2 1 1 997 4917 1038
17080 2 2 1 1 4917 2162 6668
17081 2 2 1 1 997 1038 1053
17082 2 2 1 1 1007 997 1053
17083 2 2 1 1 15 4886 12
17084 2 2 1 1 1690 4918 1641
17085 2 2 1 1 4918 4888 4910
17086 2 2 1 1 1690 1641 1661
17087 2 2 1 1 1712 1690 1661
17088 2 2 1 1 4886 15 20
17089 2 2 1 1 4886 20 23
17090 2 2 1 1 1756 4930 1797
17091 2 2 1 1 4919 4567 4908
17092 2 2 1 1 4885 4909 4915
17093 2 2 1 1 4938 4920 4926
17094 2 2 1 1 6668 2162 4921
17095 2 2 1 1 1038 4921 4932
17096 2 2 1 1 4933 3649 1591
17097 2 2 1 1 7 11 4881
17098 2 2 1 1 899 7720 4922
17099 2 2 1 1 899 4922 4935
17100 2 2 1 1 1755 4912 4923
17101 2 2 1 1 1755 4923 5869
17102 2 2 1 1 947 1007 4924
17103 2 2 1 1 4934 4922 7720
17104 2 2 1 1 1734 1712 1760
17105 2 2 1 1 7629 1734 1760
17106 2 2 1 1 7 4881 5786
17107 2 2 1 1 18 4905 17
17108 2 2 1 1 30 4905 18
17109 2 2 1 1 4938 4926 848
17110 2 2 1 1 2164 848 4926
17111 2 2 1 1 7630 4920 788
17112 2 2 1 1 7496 6255 207
17113 2 2 1 1 4927 4907 4915
17114 2 2 1 1 4928 781 738
17115 2 2 1 1 4916 4907 4928
17116 2 2 1 1 4858 4929 846
17117 2 2 1 1 846 4929 4944
17118 2 2 1 1 4930 5868 1815
17119 2 2 1 1 4919 1770 4930
17120 2 2 1 1 1038 4932 1098
17121 2 2 1 1 5679 5020 1156
17122 2 2 1 1 4933 1591 5097
17123 2 2 1 1 4933 4910 3649
17124 2 2 1 1 4943 4922 4934
17125 2 2 1 1 4943 4934 4949
17126 2 2 1 1 309 7496 278
17127 2 2 1 1 1778 7611 1802
17128 2 2 1 1 4935 848 2164
17129 2 2 1 1 2169 848 4935
17130 2 2 1 1 5869 4936 1799
17131 2 2 1 1 1799 4936 1822
17132 2 2 1 1 737 788 742
17133 2 2 1 1 7630 788 737
17134 2 2 1 1 788 4938 5768
17135 2 2 1 1 4938 2169 797
17136 2 2 1 1 4927 783 735
17137 2 2 1 1 781 4939 738
17138 2 2 1 1 4939 4946 738
17139 2 2 1 1 4949 4940 886
17140 2 2 1 1 886 4940 953
17141 2 2 1 1 5868 1770 2168
17142 2 2 1 1 4930 1770 5868
17143 2 2 1 1 1797 1815 4941
17144 2 2 1 1 4931 1797 6127
17145 2 2 1 1 4867 4942 1730
17146 2 2 1 1 4942 5781 1730
17147 2 2 1 1 801 817 868
17148 2 2 1 1 883 868 817
17149 2 2 1 1 838 2169 4943
17150 2 2 1 1 4943 5771 838
17151 2 2 1 1 742 788 5768
17152 2 2 1 1 5768 4938 797
17153 2 2 1 1 4944 801 868
17154 2 2 1 1 4944 4929 791
17155 2 2 1 1 114 97 5689
17156 2 2 1 1 1802 4945 1790
17157 2 2 1 1 5727 4945 1733
17158 2 2 1 1 687 4946 5249
17159 2 2 1 1 1848 4947 5703
17160 2 2 1 1 1672 4925 1766
17161 2 2 1 1 3992 1535 4937
17162 2 2 1 1 4949 886 5771
17163 2 2 1 1 4949 4934 4940
17164 2 2 1 1 1854 2187 4950
17165 2 2 1 1 4950 7149 7489
17166 2 2 1 1 1832 4951 2199
17167 2 2 1 1 1832 2199 4952
17168 2 2 1 1 4952 5749 1832
17169 2 2 1 1 7794 5878 2205
17170 2 2 1 1 2202 5875 5748
17171 2 2 1 1 4954 1800 1784
17172 2 2 1 1 2200 1800 4954
17173 2 2 1 1 1821 4955 7338
17174 2 2 1 1 1784 4956 4967
17175 2 2 1 1 4956 2193 1825
17176 2 2 1 1 4957 1757 1709
17177 2 2 1 1 2203 1757 4957
17178 2 2 1 1 7383 5882 2210
17179 2 2 1 1 7486 2207 4958
17180 2 2 1 1 1709 4959 4966
17181 2 2 1 1 4966 4959 4970
17182 2 2 1 1 1725 1709 4960
17183 2 2 1 1 2220 1725 4960
17184 2 2 1 1 1764 4961 4972
17185 2 2 1 1 6366 4962 1784
17186 2 2 1 1 4962 4954 1784
17187 2 2 1 1 4963 4964 1656
17188 2 2 1 1 4960 1709 4963
17189 2 2 1 1 4970 6366 1768
17190 2 2 1 1 4970 4959 4962
17191 2 2 1 1 4964 4966 1689
17192 2 2 1 1 4963 1709 4964
17193 2 2 1 1 1677 1656 1619
17194 2 2 1 1 5887 1677 1619
17195 2 2 1 1 1768 6366 4971
17196 2 2 1 1 7483 4965 4967
17197 2 2 1 1 4982 4969 1602
17198 2 2 1 1 1619 1656 4982
17199 2 2 1 1 7483 4967 1825
17200 2 2 1 1 4967 4956 1825
17201 2 2 1 1 1689 4968 1722
17202 2 2 1 1 4969 7572 1630
17203 2 2 1 1 4982 1656 4969
17204 2 2 1 1 4968 4970 1768
17205 2 2 1 1 7572 4964 1689
17206 2 2 1 1 1795 4971 1809
17207 2 2 1 1 4971 4965 1809
17208 2 2 1 1 4972 2211 2213
17209 2 2 1 1 4972 4961 2211
17210 2 2 1 1 4972 2213 4973
17211 2 2 1 1 1764 4973 2243
17212 2 2 1 1 1719 2222 4974
17213 2 2 1 1 5896 1719 4974
17214 2 2 1 1 5886 2226 4975
17215 2 2 1 1 5886 4975 5905
17216 2 2 1 1 1642 5887 4976
17217 2 2 1 1 5895 1642 4976
17218 2 2 1 1 5905 4977 2233
17219 2 2 1 1 2233 4977 2232
17220 2 2 1 1 7481 5894 7173
17221 2 2 1 1 2233 2232 4978
17222 2 2 1 1 4979 2237 2241
17223 2 2 1 1 5894 2237 4979
17224 2 2 1 1 1590 5895 4980
17225 2 2 1 1 1590 4980 4983
17226 2 2 1 1 4983 4981 1568
17227 2 2 1 1 1568 4981 4984
17228 2 2 1 1 4984 4982 1602
17229 2 2 1 1 4983 4985 1542
17230 2 2 1 1 4983 4980 4981
17231 2 2 1 1 4984 1602 1548
17232 2 2 1 1 4984 4981 4982
17233 2 2 1 1 4985 1568 1526
17234 2 2 1 1 4983 1568 4985
17235 2 2 1 1 1568 4984 1548
17236 2 2 1 1 4985 1526 4986
17237 2 2 1 1 5008 7477 1476
17238 2 2 1 1 4986 1526 7477
17239 2 2 1 1 4973 4987 2243
17240 2 2 1 1 7475 4987 5896
17241 2 2 1 1 1741 2242 4988
17242 2 2 1 1 1741 4988 3668
17243 2 2 1 1 1764 4989 2210
17244 2 2 1 1 2210 4989 5900
17245 2 2 1 1 3668 4990 2247
17246 2 2 1 1 2247 4990 7384
17247 2 2 1 1 3672 4991 2250
17248 2 2 1 1 2250 4991 7387
17249 2 2 1 1 1683 3689 4992
17250 2 2 1 1 1683 4992 3698
17251 2 2 1 1 4993 2264 2268
17252 2 2 1 1 7172 2264 4993
17253 2 2 1 1 3702 4994 2273
17254 2 2 1 1 2273 4994 7395
17255 2 2 1 1 7107 5913 2277
17256 2 2 1 1 4238 7395 4995
17257 2 2 1 1 4996 2276 2279
17258 2 2 1 1 5913 2276 4996
17259 2 2 1 1 1550 3711 4997
17260 2 2 1 1 4257 1550 4997
17261 2 2 1 1 5915 2284 113
17262 2 2 1 1 1533 2289 2293
17263 2 2 1 1 1533 113 2289
17264 2 2 1 1 1506 3721 4998
17265 2 2 1 1 1506 4998 5929
17266 2 2 1 1 5929 4999 2305
17267 2 2 1 1 5000 4999 2304
17268 2 2 1 1 5000 2304 2309
17269 2 2 1 1 7188 2306 3726
17270 2 2 1 1 7407 2306 7188
17271 2 2 1 1 7314 5928 2312
17272 2 2 1 1 5001 3726 2310
17273 2 2 1 1 5002 1561 1542
17274 2 2 1 1 5002 2288 1561
17275 2 2 1 1 1455 5003 5006
17276 2 2 1 1 2313 5003 2305
17277 2 2 1 1 1542 5004 1590
17278 2 2 1 1 5004 2238 1590
17279 2 2 1 1 1513 4986 5005
17280 2 2 1 1 5006 2313 2315
17281 2 2 1 1 5006 5003 2313
17282 2 2 1 1 5005 7472 1464
17283 2 2 1 1 5006 2315 5007
17284 2 2 1 1 7037 7036 5007
17285 2 2 1 1 7472 5008 1444
17286 2 2 1 1 1444 5008 1476
17287 2 2 1 1 5009 1489 1464
17288 2 2 1 1 2323 1489 5009
17289 2 2 1 1 5010 1406 1379
17290 2 2 1 1 2325 1406 5010
17291 2 2 1 1 1464 5011 5005
17292 2 2 1 1 5011 2308 1513
17293 2 2 1 1 1379 5012 1433
17294 2 2 1 1 5012 2326 1433
17295 2 2 1 1 5013 5015 1325
17296 2 2 1 1 5013 5010 1379
17297 2 2 1 1 1379 5014 5017
17298 2 2 1 1 5018 5017 5019
17299 2 2 1 1 5015 5017 1358
17300 2 2 1 1 5013 1379 5015
17301 2 2 1 1 5019 5016 1464
17302 2 2 1 1 5016 5009 1464
17303 2 2 1 1 5017 5018 7324
17304 2 2 1 1 5017 5014 5019
17305 2 2 1 1 1358 5017 7324
17306 2 2 1 1 1389 5018 1444
17307 2 2 1 1 5018 5019 1444
17308 2 2 1 1 1444 5019 7472
17309 2 2 1 1 5019 5014 5016
17310 2 2 1 1 1124 5020 5021
17311 2 2 1 1 4932 1084 5020
17312 2 2 1 1 5021 1084 2167
17313 2 2 1 1 5021 5020 1084
17314 2 2 1 1 1139 5022 5677
17315 2 2 1 1 5022 2167 1072
17316 2 2 1 1 648 5023 5722
17317 2 2 1 1 661 717 5024
17318 2 2 1 1 661 5024 7113
17319 2 2 1 1 7113 5025 626
17320 2 2 1 1 5366 5025 644
17321 2 2 1 1 683 733 5026
17322 2 2 1 1 5025 5026 5027
17323 2 2 1 1 644 5025 5027
17324 2 2 1 1 644 5027 657
17325 2 2 1 1 1611 7624 1581
17326 2 2 1 1 710 695 746
17327 2 2 1 1 644 5028 5367
17328 2 2 1 1 601 5028 5728
17329 2 2 1 1 5932 657 5029
17330 2 2 1 1 5728 5932 622
17331 2 2 1 1 5030 5932 5029
17332 2 2 1 1 1154 1273 1182
17333 2 2 1 1 622 5932 5030
17334 2 2 1 1 622 5030 5033
17335 2 2 1 1 734 710 771
17336 2 2 1 1 5034 710 734
17337 2 2 1 1 5033 5032 646
17338 2 2 1 1 646 5032 697
17339 2 2 1 1 5032 5034 697
17340 2 2 1 1 697 5034 5036
17341 2 2 1 1 5033 646 2329
17342 2 2 1 1 5033 5030 5032
17343 2 2 1 1 5036 5034 734
17344 2 2 1 1 646 697 5035
17345 2 2 1 1 2330 646 5035
17346 2 2 1 1 5036 3934 754
17347 2 2 1 1 691 665 5037
17348 2 2 1 1 5038 5036 754
17349 2 2 1 1 5037 697 5038
17350 2 2 1 1 562 6197 4796
17351 2 2 1 1 2337 4796 2336
17352 2 2 1 1 7464 3508 5688
17353 2 2 1 1 5040 665 691
17354 2 2 1 1 2332 665 5040
17355 2 2 1 1 5935 2336 5041
17356 2 2 1 1 7456 5041 5044
17357 2 2 1 1 721 776 5042
17358 2 2 1 1 5043 721 5042
17359 2 2 1 1 691 5037 5043
17360 2 2 1 1 5046 5043 5042
17361 2 2 1 1 7456 5044 2340
17362 2 2 1 1 5047 5044 2339
17363 2 2 1 1 5042 776 5045
17364 2 2 1 1 691 5043 5046
17365 2 2 1 1 691 5046 5051
17366 2 2 1 1 5047 7844 2342
17367 2 2 1 1 5938 5044 5047
17368 2 2 1 1 5049 5048 772
17369 2 2 1 1 7448 5048 826
17370 2 2 1 1 5051 5049 711
17371 2 2 1 1 711 5049 772
17372 2 2 1 1 655 2341 5050
17373 2 2 1 1 655 5050 5940
17374 2 2 1 1 5048 799 826
17375 2 2 1 1 826 799 862
17376 2 2 1 1 5049 5045 5048
17377 2 2 1 1 5940 5051 711
17378 2 2 1 1 5051 5046 5049
17379 2 2 1 1 739 772 5052
17380 2 2 1 1 711 772 5053
17381 2 2 1 1 5054 711 5053
17382 2 2 1 1 2343 5054 689
17383 2 2 1 1 689 5054 2344
17384 2 2 1 1 869 4009 4948
17385 2 2 1 1 739 5052 5060
17386 2 2 1 1 856 7447 889
17387 2 2 1 1 5055 7447 856
17388 2 2 1 1 5055 856 5056
17389 2 2 1 1 5057 5055 5056
17390 2 2 1 1 5060 5057 769
17391 2 2 1 1 5059 5057 5056
17392 2 2 1 1 5056 856 5058
17393 2 2 1 1 769 5057 5059
17394 2 2 1 1 769 5059 5943
17395 2 2 1 1 720 5941 5942
17396 2 2 1 1 5060 5052 5057
17397 2 2 1 1 824 884 5062
17398 2 2 1 1 5063 824 5062
17399 2 2 1 1 5943 5063 794
17400 2 2 1 1 5064 5063 5062
17401 2 2 1 1 857 884 923
17402 2 2 1 1 5062 884 857
17403 2 2 1 1 794 5063 5064
17404 2 2 1 1 794 5064 5944
17405 2 2 1 1 5944 5065 827
17406 2 2 1 1 5066 5065 857
17407 2 2 1 1 890 923 959
17408 2 2 1 1 857 923 890
17409 2 2 1 1 827 5065 5066
17410 2 2 1 1 5945 827 5066
17411 2 2 1 1 890 959 5067
17412 2 2 1 1 890 5067 5070
17413 2 2 1 1 5071 7243 995
17414 2 2 1 1 5067 959 7243
17415 2 2 1 1 5070 5068 864
17416 2 2 1 1 864 5068 7142
17417 2 2 1 1 7142 5069 895
17418 2 2 1 1 895 5069 963
17419 2 2 1 1 864 5945 5070
17420 2 2 1 1 5070 5067 5068
17421 2 2 1 1 5069 7445 963
17422 2 2 1 1 7445 5071 995
17423 2 2 1 1 895 963 5072
17424 2 2 1 1 895 5072 2356
17425 2 2 1 1 939 963 5073
17426 2 2 1 1 5946 939 5073
17427 2 2 1 1 5101 5075 1030
17428 2 2 1 1 5073 963 5074
17429 2 2 1 1 5075 7445 995
17430 2 2 1 1 5074 963 5075
17431 2 2 1 1 979 5946 5076
17432 2 2 1 1 1042 979 5076
17433 2 2 1 1 5077 979 1042
17434 2 2 1 1 2360 979 5077
17435 2 2 1 1 1042 5076 5078
17436 2 2 1 1 1042 5078 2430
17437 2 2 1 1 930 2368 5079
17438 2 2 1 1 930 5079 7058
17439 2 2 1 1 7058 5080 2375
17440 2 2 1 1 2375 5080 2374
17441 2 2 1 1 3727 5081 2379
17442 2 2 1 1 2379 5081 7411
17443 2 2 1 1 5953 2378 5956
17444 2 2 1 1 956 5082 3728
17445 2 2 1 1 5083 2380 2382
17446 2 2 1 1 3728 5084 2384
17447 2 2 1 1 2384 5084 7412
17448 2 2 1 1 5958 2383 5961
17449 2 2 1 1 4269 1003 5085
17450 2 2 1 1 956 3728 5086
17451 2 2 1 1 7745 956 5086
17452 2 2 1 1 5087 2385 2390
17453 2 2 1 1 2386 2385 5087
17454 2 2 1 1 3729 5088 2392
17455 2 2 1 1 2392 5088 7415
17456 2 2 1 1 5089 2391 3730
17457 2 2 1 1 4268 7415 5089
17458 2 2 1 1 1048 3731 5090
17459 2 2 1 1 7425 1048 5090
17460 2 2 1 1 3732 7192 2398
17461 2 2 1 1 5091 5968 2397
17462 2 2 1 1 5091 2397 3733
17463 2 2 1 1 5967 5968 5091
17464 2 2 1 1 2381 2380 5083
17465 2 2 1 1 7421 2399 5092
17466 2 2 1 1 1105 2403 2407
17467 2 2 1 1 5971 2403 1105
17468 2 2 1 1 1080 3742 5093
17469 2 2 1 1 7429 1080 5093
17470 2 2 1 1 3755 5094 2421
17471 2 2 1 1 2421 5094 7431
17472 2 2 1 1 564 658 5031
17473 2 2 1 1 5977 3759 7198
17474 2 2 1 1 564 5031 468
17475 2 2 1 1 1306 1364 5095
17476 2 2 1 1 5753 5095 1276
17477 2 2 1 1 1456 5096 1507
17478 2 2 1 1 1544 1507 5096
17479 2 2 1 1 837 5039 7541
17480 2 2 1 1 64 7166 41
17481 2 2 1 1 2430 1109 5098
17482 2 2 1 1 2430 5098 1042
17483 2 2 1 1 1404 1456 5099
17484 2 2 1 1 1397 1404 5099
17485 2 2 1 1 1103 1077 5100
17486 2 2 1 1 5100 1057 5721
17487 2 2 1 1 1030 5100 5101
17488 2 2 1 1 5101 5078 5074
17489 2 2 1 1 1351 1404 5102
17490 2 2 1 1 1351 5102 5747
17491 2 2 1 1 5098 5103 1088
17492 2 2 1 1 1088 5103 7165
17493 2 2 1 1 1184 1246 5104
17494 2 2 1 1 1184 5104 1163
17495 2 2 1 1 5758 1305 1306
17496 2 2 1 1 1163 5104 2431
17497 2 2 1 1 2431 5106 1215
17498 2 2 1 1 1215 5106 5783
17499 2 2 1 1 5752 1119 5751
17500 2 2 1 1 1144 1184 1119
17501 2 2 1 1 5103 1144 1119
17502 2 2 1 1 5099 1440 1397
17503 2 2 1 1 5747 5107 1334
17504 2 2 1 1 1334 5107 3602
17505 2 2 1 1 1318 5108 1303
17506 2 2 1 1 1303 5108 5773
17507 2 2 1 1 1263 5109 1240
17508 2 2 1 1 5109 5110 1240
17509 2 2 1 1 1240 5110 5978
17510 2 2 1 1 5978 5111 1275
17511 2 2 1 1 1275 5111 5979
17512 2 2 1 1 1263 5112 1203
17513 2 2 1 1 1203 5112 2435
17514 2 2 1 1 1315 2439 5113
17515 2 2 1 1 1315 5113 3636
17516 2 2 1 1 1160 2441 5114
17517 2 2 1 1 7155 5114 5123
17518 2 2 1 1 1259 5115 2450
17519 2 2 1 1 2452 5116 2451
17520 2 2 1 1 5061 1573 1669
17521 2 2 1 1 1504 1470 1392
17522 2 2 1 1 5117 2451 5992
17523 2 2 1 1 2452 2451 5117
17524 2 2 1 1 5118 2454 3762
17525 2 2 1 1 5118 5117 2454
17526 2 2 1 1 1259 5119 2457
17527 2 2 1 1 2457 5119 2456
17528 2 2 1 1 5120 2456 3765
17529 2 2 1 1 2457 2456 5120
17530 2 2 1 1 4880 3106 5474
17531 2 2 1 1 2453 5121 2461
17532 2 2 1 1 1196 5122 2462
17533 2 2 1 1 2462 5122 2437
17534 2 2 1 1 7155 5123 2464
17535 2 2 1 1 2464 5123 7451
17536 2 2 1 1 1196 5124 2465
17537 2 2 1 1 2465 5124 2461
17538 2 2 1 1 1196 5125 5996
17539 2 2 1 1 2463 5125 6001
17540 2 2 1 1 2006 5126 2021
17541 2 2 1 1 2028 2021 5126
17542 2 2 1 1 1994 2006 5127
17543 2 2 1 1 1504 1392 1401
17544 2 2 1 1 7851 5127 2005
17545 2 2 1 1 1158 1244 7439
17546 2 2 1 1 1943 1966 1967
17547 2 2 1 1 5132 5128 5141
17548 2 2 1 1 1912 5128 1939
17549 2 2 1 1 5738 3198 7691
17550 2 2 1 1 5129 1967 1987
17551 2 2 1 1 5128 5130 1939
17552 2 2 1 1 1939 5130 5136
17553 2 2 1 1 1912 5131 1910
17554 2 2 1 1 1910 5131 6022
17555 2 2 1 1 1888 5132 5135
17556 2 2 1 1 5135 5132 5141
17557 2 2 1 1 5136 5133 1964
17558 2 2 1 1 1964 5133 2467
17559 2 2 1 1 6022 5134 1938
17560 2 2 1 1 1938 5134 6002
17561 2 2 1 1 5141 5128 1912
17562 2 2 1 1 1888 5135 6578
17563 2 2 1 1 5142 6578 5143
17564 2 2 1 1 5133 1967 5129
17565 2 2 1 1 6002 5136 1964
17566 2 2 1 1 5136 5130 5133
17567 2 2 1 1 5143 5137 1853
17568 2 2 1 1 1853 5137 6004
17569 2 2 1 1 6578 5140 1858
17570 2 2 1 1 7438 2468 5770
17571 2 2 1 1 2506 7438 1974
17572 2 2 1 1 6004 5139 1881
17573 2 2 1 1 1881 5139 1912
17574 2 2 1 1 1858 5140 7086
17575 2 2 1 1 5149 5140 5181
17576 2 2 1 1 5139 5141 1912
17577 2 2 1 1 5181 5142 1820
17578 2 2 1 1 1820 5142 6046
17579 2 2 1 1 6046 5143 1853
17580 2 2 1 1 5143 5135 5137
17581 2 2 1 1 1827 7086 5149
17582 2 2 1 1 7086 5140 5149
17583 2 2 1 1 5144 1881 1912
17584 2 2 1 1 2472 1881 5144
17585 2 2 1 1 1814 2477 5145
17586 2 2 1 1 1814 5145 6618
17587 2 2 1 1 5145 6010 2483
17588 2 2 1 1 2483 7145 6009
17589 2 2 1 1 7048 1827 1789
17590 2 2 1 1 1752 1794 5146
17591 2 2 1 1 6009 2482 5147
17592 2 2 1 1 7507 1812 5147
17593 2 2 1 1 2487 5148 7454
17594 2 2 1 1 1789 1827 5149
17595 2 2 1 1 5159 1789 5149
17596 2 2 1 1 7452 2484 6016
17597 2 2 1 1 4399 1845 5150
17598 2 2 1 1 1775 3766 7203
17599 2 2 1 1 1775 7203 3767
17600 2 2 1 1 5152 2488 2492
17601 2 2 1 1 6015 6575 5152
17602 2 2 1 1 3767 7203 2494
17603 2 2 1 1 2494 7203 4317
17604 2 2 1 1 475 2878 2880
17605 2 2 1 1 2498 3768 5153
17606 2 2 1 1 1877 2496 6021
17607 2 2 1 1 5154 6015 1877
17608 2 2 1 1 5155 2500 2504
17609 2 2 1 1 3544 5156 2506
17610 2 2 1 1 2506 5156 2469
17611 2 2 1 1 1759 1794 5157
17612 2 2 1 1 1752 5146 5166
17613 2 2 1 1 5166 5158 1749
17614 2 2 1 1 1749 5158 6041
17615 2 2 1 1 6041 5159 1785
17616 2 2 1 1 5160 5159 5149
17617 2 2 1 1 1785 5159 5160
17618 2 2 1 1 6044 1785 5160
17619 2 2 1 1 7439 1155 1158
17620 2 2 1 1 5696 1806 5161
17621 2 2 1 1 1754 1747 5162
17622 2 2 1 1 1754 5162 3600
17623 2 2 1 1 1647 5163 1622
17624 2 2 1 1 1622 5163 5205
17625 2 2 1 1 1674 5164 1715
17626 2 2 1 1 1715 5164 5157
17627 2 2 1 1 1708 5165 6024
17628 2 2 1 1 6024 5166 1749
17629 2 2 1 1 5166 5146 5158
17630 2 2 1 1 1715 5167 1664
17631 2 2 1 1 1664 5167 2508
17632 2 2 1 1 1715 5168 1674
17633 2 2 1 1 1674 5168 5170
17634 2 2 1 1 5170 5169 1617
17635 2 2 1 1 1617 5169 2513
17636 2 2 1 1 5170 1617 1624
17637 2 2 1 1 5170 5168 5169
17638 2 2 1 1 1624 1617 7858
17639 2 2 1 1 1578 5171 2521
17640 2 2 1 1 1609 2517 5172
17641 2 2 1 1 1609 5172 7103
17642 2 2 1 1 1567 2519 5173
17643 2 2 1 1 7092 1567 5173
17644 2 2 1 1 7103 5174 2527
17645 2 2 1 1 7432 5174 2526
17646 2 2 1 1 1655 2525 5175
17647 2 2 1 1 1655 5175 6032
17648 2 2 1 1 3769 5176 2531
17649 2 2 1 1 2531 5176 7459
17650 2 2 1 1 6032 5177 2530
17651 2 2 1 1 2530 5177 6036
17652 2 2 1 1 3770 5178 2537
17653 2 2 1 1 2537 5178 7460
17654 2 2 1 1 6039 2536 6043
17655 2 2 1 1 5179 3778 1695
17656 2 2 1 1 5180 2539 2543
17657 2 2 1 1 1820 6044 5181
17658 2 2 1 1 5181 5140 5142
17659 2 2 1 1 1743 2545 5182
17660 2 2 1 1 5182 2556 7007
17661 2 2 1 1 5183 5184 2552
17662 2 2 1 1 2552 5184 2487
17663 2 2 1 1 2554 5185 7462
17664 2 2 1 1 1776 5186 2547
17665 2 2 1 1 2547 5186 5182
17666 2 2 1 1 2540 5187 7467
17667 2 2 1 1 1695 3778 5188
17668 2 2 1 1 7781 5188 3780
17669 2 2 1 1 3781 7209 5189
17670 2 2 1 1 2568 3781 5189
17671 2 2 1 1 1648 3791 5190
17672 2 2 1 1 7474 5190 4063
17673 2 2 1 1 3797 7211 5191
17674 2 2 1 1 2582 3797 5191
17675 2 2 1 1 3798 5192 2531
17676 2 2 1 1 2531 5192 7488
17677 2 2 1 1 7213 2583 3801
17678 2 2 1 1 3769 7488 7213
17679 2 2 1 1 1559 3810 5193
17680 2 2 1 1 5193 7493 1559
17681 2 2 1 1 3817 5194 2599
17682 2 2 1 1 2599 5194 7499
17683 2 2 1 1 3824 5195 2606
17684 2 2 1 1 2606 5195 7508
17685 2 2 1 1 5196 2605 3825
17686 2 2 1 1 4395 7508 5196
17687 2 2 1 1 7219 2607 5197
17688 2 2 1 1 1811 5197 3829
17689 2 2 1 1 5198 2609 3827
17690 2 2 1 1 6072 2609 5198
17691 2 2 1 1 1876 3830 5199
17692 2 2 1 1 7527 1876 5199
17693 2 2 1 1 5200 3841 2623
17694 2 2 1 1 1883 3841 5200
17695 2 2 1 1 1883 5200 7522
17696 2 2 1 1 1917 3846 3845
17697 2 2 1 1 1907 3847 5202
17698 2 2 1 1 1907 5202 3850
17699 2 2 1 1 3849 3848 7523
17700 2 2 1 1 1243 1307 1279
17701 2 2 1 1 1909 6084 5203
17702 2 2 1 1 5203 5155 1909
17703 2 2 1 1 5204 5170 1624
17704 2 2 1 1 5204 1624 5205
17705 2 2 1 1 5205 5163 1687
17706 2 2 1 1 5206 1624 7858
17707 2 2 1 1 5205 1624 5206
17708 2 2 1 1 1622 2636 5207
17709 2 2 1 1 1647 1622 5207
17710 2 2 1 1 1850 5208 3858
17711 2 2 1 1 3858 5208 3857
17712 2 2 1 1 3860 7232 6093
17713 2 2 1 1 2643 3860 6093
17714 2 2 1 1 5209 2646 3865
17715 2 2 1 1 4454 2646 5209
17716 2 2 1 1 999 3863 5210
17717 2 2 1 1 6025 5332 2867
17718 2 2 1 1 931 3869 5211
17719 2 2 1 1 7557 931 5211
17720 2 2 1 1 3870 7239 2659
17721 2 2 1 1 2659 7239 7552
17722 2 2 1 1 926 5212 6122
17723 2 2 1 1 5213 2658 3871
17724 2 2 1 1 4054 7552 5213
17725 2 2 1 1 881 3874 5214
17726 2 2 1 1 881 5214 6120
17727 2 2 1 1 4676 946 5215
17728 2 2 1 1 2669 5216 6112
17729 2 2 1 1 6120 5217 2671
17730 2 2 1 1 5219 5217 2670
17731 2 2 1 1 2673 5218 6116
17732 2 2 1 1 876 2669 2675
17733 2 2 1 1 876 5216 2669
17734 2 2 1 1 5219 2670 2677
17735 2 2 1 1 834 3875 5220
17736 2 2 1 1 5220 7346 834
17737 2 2 1 1 5221 5225 808
17738 2 2 1 1 2686 861 5221
17739 2 2 1 1 812 808 5222
17740 2 2 1 1 5222 6126 812
17741 2 2 1 1 758 808 6978
17742 2 2 1 1 5223 2699 7560
17743 2 2 1 1 2700 2699 5223
17744 2 2 1 1 802 6978 6947
17745 2 2 1 1 6947 5225 855
17746 2 2 1 1 855 5225 861
17747 2 2 1 1 5221 861 5225
17748 2 2 1 1 5230 5226 2702
17749 2 2 1 1 802 850 800
17750 2 2 1 1 802 6947 850
17751 2 2 1 1 800 5227 5238
17752 2 2 1 1 863 5227 907
17753 2 2 1 1 6129 855 5228
17754 2 2 1 1 5228 2691 6131
17755 2 2 1 1 924 2703 5229
17756 2 2 1 1 5229 2711 924
17757 2 2 1 1 5227 5230 907
17758 2 2 1 1 907 5230 5766
17759 2 2 1 1 5766 5230 2702
17760 2 2 1 1 5766 2702 924
17761 2 2 1 1 969 5231 2706
17762 2 2 1 1 2706 5231 2705
17763 2 2 1 1 5232 5234 708
17764 2 2 1 1 5232 2688 762
17765 2 2 1 1 5233 5235 669
17766 2 2 1 1 2708 719 5233
17767 2 2 1 1 5237 5236 758
17768 2 2 1 1 5232 762 5234
17769 2 2 1 1 5235 719 708
17770 2 2 1 1 5233 719 5235
17771 2 2 1 1 5236 762 6126
17772 2 2 1 1 5234 762 5236
17773 2 2 1 1 5237 758 6402
17774 2 2 1 1 5237 5234 5236
17775 2 2 1 1 5239 5238 863
17776 2 2 1 1 5238 5227 863
17777 2 2 1 1 703 753 723
17778 2 2 1 1 654 703 723
17779 2 2 1 1 793 5239 836
17780 2 2 1 1 1300 5668 5671
17781 2 2 1 1 5240 5241 660
17782 2 2 1 1 5240 5235 708
17783 2 2 1 1 5241 5237 6402
17784 2 2 1 1 5240 708 5241
17785 2 2 1 1 5240 660 5243
17786 2 2 1 1 669 5242 629
17787 2 2 1 1 5243 660 615
17788 2 2 1 1 5242 5240 5243
17789 2 2 1 1 5242 5244 629
17790 2 2 1 1 6136 629 5244
17791 2 2 1 1 669 5245 680
17792 2 2 1 1 680 5245 2713
17793 2 2 1 1 582 6136 5246
17794 2 2 1 1 5246 577 582
17795 2 2 1 1 615 577 621
17796 2 2 1 1 621 577 5246
17797 2 2 1 1 542 5247 495
17798 2 2 1 1 5247 5248 495
17799 2 2 1 1 5201 5254 543
17800 2 2 1 1 5201 543 5661
17801 2 2 1 1 5248 489 453
17802 2 2 1 1 5247 489 5248
17803 2 2 1 1 5248 453 451
17804 2 2 1 1 633 623 5249
17805 2 2 1 1 688 633 5249
17806 2 2 1 1 765 760 5701
17807 2 2 1 1 820 765 5701
17808 2 2 1 1 1897 1889 5250
17809 2 2 1 1 5250 5703 1897
17810 2 2 1 1 1889 1859 5250
17811 2 2 1 1 2816 7201 6245
17812 2 2 1 1 1843 1834 1806
17813 2 2 1 1 1834 5161 1806
17814 2 2 1 1 1836 5252 1839
17815 2 2 1 1 4566 3974 777
17816 2 2 1 1 1826 5252 1790
17817 2 2 1 1 777 3974 3973
17818 2 2 1 1 976 2700 5253
17819 2 2 1 1 2704 976 5253
17820 2 2 1 1 7422 5254 563
17821 2 2 1 1 563 5254 5201
17822 2 2 1 1 595 617 5255
17823 2 2 1 1 5254 5255 5257
17824 2 2 1 1 6826 617 5262
17825 2 2 1 1 5256 549 565
17826 2 2 1 1 543 5254 5257
17827 2 2 1 1 5257 519 543
17828 2 2 1 1 700 5736 751
17829 2 2 1 1 410 5643 3377
17830 2 2 1 1 707 664 5259
17831 2 2 1 1 707 5259 700
17832 2 2 1 1 664 5258 5261
17833 2 2 1 1 605 5258 5759
17834 2 2 1 1 5259 664 620
17835 2 2 1 1 700 5260 672
17836 2 2 1 1 617 672 5260
17837 2 2 1 1 5261 605 5263
17838 2 2 1 1 5261 5258 605
17839 2 2 1 1 5259 620 5262
17840 2 2 1 1 5262 5260 5259
17841 2 2 1 1 598 5263 573
17842 2 2 1 1 2763 573 5263
17843 2 2 1 1 5263 620 5261
17844 2 2 1 1 5642 7564 3429
17845 2 2 1 1 598 5264 5256
17846 2 2 1 1 549 5264 5269
17847 2 2 1 1 5269 5265 521
17848 2 2 1 1 521 5265 6158
17849 2 2 1 1 5256 5264 549
17850 2 2 1 1 565 5266 5257
17851 2 2 1 1 519 5266 6143
17852 2 2 1 1 6143 5267 501
17853 2 2 1 1 501 5267 6139
17854 2 2 1 1 5257 5266 519
17855 2 2 1 1 5661 5268 497
17856 2 2 1 1 497 5268 2721
17857 2 2 1 1 6139 5269 521
17858 2 2 1 1 5269 5264 5265
17859 2 2 1 1 543 5268 5661
17860 2 2 1 1 515 5270 2722
17861 2 2 1 1 2722 6141 467
17862 2 2 1 1 467 6141 2724
17863 2 2 1 1 414 6805 7812
17864 2 2 1 1 2738 7812 2735
17865 2 2 1 1 432 2736 5271
17866 2 2 1 1 432 5271 6148
17867 2 2 1 1 392 5272 6160
17868 2 2 1 1 6148 5273 2740
17869 2 2 1 1 2740 5273 6153
17870 2 2 1 1 6167 5274 2748
17871 2 2 1 1 2748 5274 7816
17872 2 2 1 1 6156 2747 6162
17873 2 2 1 1 5275 7247 367
17874 2 2 1 1 407 5274 6167
17875 2 2 1 1 7419 5276 2759
17876 2 2 1 1 2759 5276 7814
17877 2 2 1 1 5277 2790 374
17878 2 2 1 1 6158 5278 555
17879 2 2 1 1 555 5278 2763
17880 2 2 1 1 5642 3969 7564
17881 2 2 1 1 5759 5697 619
17882 2 2 1 1 439 2767 5279
17883 2 2 1 1 439 5279 6174
17884 2 2 1 1 419 2769 5280
17885 2 2 1 1 6185 419 5280
17886 2 2 1 1 401 2772 5281
17887 2 2 1 1 7416 5281 5283
17888 2 2 1 1 377 6183 5282
17889 2 2 1 1 7416 5283 2778
17890 2 2 1 1 2778 5283 2777
17891 2 2 1 1 7095 2775 6191
17892 2 2 1 1 405 2779 5285
17893 2 2 1 1 5316 5285 5287
17894 2 2 1 1 5286 2780 2783
17895 2 2 1 1 5316 5287 2785
17896 2 2 1 1 7265 5288 2787
17897 2 2 1 1 6271 6196 2786
17898 2 2 1 1 362 6189 6786
17899 2 2 1 1 2789 5289 7405
17900 2 2 1 1 401 5281 7416
17901 2 2 1 1 5290 7403 401
17902 2 2 1 1 2792 5291 2791
17903 2 2 1 1 6204 2791 5292
17904 2 2 1 1 336 5292 6214
17905 2 2 1 1 3880 5293 2762
17906 2 2 1 1 7566 5293 4472
17907 2 2 1 1 6210 2795 5294
17908 2 2 1 1 6663 7402 5296
17909 2 2 1 1 315 6212 6246
17910 2 2 1 1 2799 5295 6215
17911 2 2 1 1 5319 7402 6663
17912 2 2 1 1 1751 1768 1795
17913 2 2 1 1 6179 2771 5297
17914 2 2 1 1 6726 5298 2803
17915 2 2 1 1 6223 2803 7400
17916 2 2 1 1 322 5299 7399
17917 2 2 1 1 2805 5299 2804
17918 2 2 1 1 6226 2804 5300
17919 2 2 1 1 6261 305 5300
17920 2 2 1 1 322 7399 6236
17921 2 2 1 1 2809 5301 7055
17922 2 2 1 1 6214 5302 2798
17923 2 2 1 1 2798 5302 6235
17924 2 2 1 1 6365 7397 2811
17925 2 2 1 1 6237 2811 7397
17926 2 2 1 1 6365 2811 5303
17927 2 2 1 1 7392 303 5303
17928 2 2 1 1 270 5304 6676
17929 2 2 1 1 2814 5304 7799
17930 2 2 1 1 303 7392 5305
17931 2 2 1 1 5305 6234 303
17932 2 2 1 1 2780 442 2782
17933 2 2 1 1 6243 2813 7389
17934 2 2 1 1 270 6676 7277
17935 2 2 1 1 2826 5308 7386
17936 2 2 1 1 5309 2806 3881
17937 2 2 1 1 2807 2806 5309
17938 2 2 1 1 394 2784 5310
17939 2 2 1 1 5310 6276 394
17940 2 2 1 1 3882 7245 2831
17941 2 2 1 1 7569 7245 4475
17942 2 2 1 1 6232 2808 6670
17943 2 2 1 1 6242 290 5311
17944 2 2 1 1 7382 6259 5312
17945 2 2 1 1 296 2833 5313
17946 2 2 1 1 5313 7252 296
17947 2 2 1 1 7253 7382 2837
17948 2 2 1 1 2837 5314 6267
17949 2 2 1 1 5286 2783 5315
17950 2 2 1 1 7085 6193 5315
17951 2 2 1 1 405 5285 5316
17952 2 2 1 1 6186 405 5316
17953 2 2 1 1 368 2840 5317
17954 2 2 1 1 7246 5317 3883
17955 2 2 1 1 358 5318 6448
17956 2 2 1 1 2844 6448 7379
17957 2 2 1 1 5319 7563 7402
17958 2 2 1 1 3884 7247 6284
17959 2 2 1 1 2756 3884 6284
17960 2 2 1 1 5320 507 2749
17961 2 2 1 1 5320 2764 507
17962 2 2 1 1 6286 555 5322
17963 2 2 1 1 5323 5321 560
17964 2 2 1 1 5322 555 2763
17965 2 2 1 1 5321 6286 5322
17966 2 2 1 1 5323 531 5321
17967 2 2 1 1 5323 2820 531
17968 2 2 1 1 518 5324 6288
17969 2 2 1 1 547 5324 6290
17970 2 2 1 1 6290 5325 5698
17971 2 2 1 1 2821 5326 508
17972 2 2 1 1 508 5326 2851
17973 2 2 1 1 5698 5327 619
17974 2 2 1 1 2852 5328 599
17975 2 2 1 1 599 5328 7112
17976 2 2 1 1 7112 5698 648
17977 2 2 1 1 642 648 5698
17978 2 2 1 1 464 2859 5330
17979 2 2 1 1 5311 6670 2823
17980 2 2 1 1 445 2861 5331
17981 2 2 1 1 445 5331 6303
17982 2 2 1 1 5477 5332 5334
17983 2 2 1 1 2868 5332 6025
17984 2 2 1 1 6301 2867 5333
17985 2 2 1 1 7790 7378 7119
17986 2 2 1 1 5334 6306 2872
17987 2 2 1 1 5334 5332 2868
17988 2 2 1 1 383 7377 5335
17989 2 2 1 1 383 5335 6392
17990 2 2 1 1 6588 6256 7376
17991 2 2 1 1 370 6308 6352
17992 2 2 1 1 2875 5336 2874
17993 2 2 1 1 6392 5337 2877
17994 2 2 1 1 2877 5337 7518
17995 2 2 1 1 2882 475 2880
17996 2 2 1 1 6303 5339 2869
17997 2 2 1 1 7375 5339 6318
17998 2 2 1 1 440 2881 5340
17999 2 2 1 1 440 5340 7249
18000 2 2 1 1 410 5607 5613
18001 2 2 1 1 7249 5341 2888
18002 2 2 1 1 2888 5341 2887
18003 2 2 1 1 470 2886 5342
18004 2 2 1 1 5343 2887 6327
18005 2 2 1 1 2888 2887 5343
18006 2 2 1 1 431 2893 5344
18007 2 2 1 1 431 5344 6342
18008 2 2 1 1 7374 5345 2897
18009 2 2 1 1 2897 5345 7782
18010 2 2 1 1 6342 5346 2898
18011 2 2 1 1 2898 5346 7373
18012 2 2 1 1 458 2891 5347
18013 2 2 1 1 6331 458 5347
18014 2 2 1 1 3886 5348 2904
18015 2 2 1 1 7576 5348 4482
18016 2 2 1 1 400 5349 2905
18017 2 2 1 1 6335 5349 2898
18018 2 2 1 1 400 2905 5350
18019 2 2 1 1 6311 5350 5352
18020 2 2 1 1 363 6346 5351
18021 2 2 1 1 6311 5352 2875
18022 2 2 1 1 2875 5352 6353
18023 2 2 1 1 370 2910 5353
18024 2 2 1 1 370 5353 6313
18025 2 2 1 1 332 2911 5354
18026 2 2 1 1 6313 5355 2876
18027 2 2 1 1 2876 5355 6362
18028 2 2 1 1 2876 6362 6314
18029 2 2 1 1 3887 7250 6367
18030 2 2 1 1 2919 3887 6367
18031 2 2 1 1 6364 2917 5357
18032 2 2 1 1 6395 342 5357
18033 2 2 1 1 354 2908 5358
18034 2 2 1 1 5358 6935 354
18035 2 2 1 1 6357 5359 7365
18036 2 2 1 1 7365 5359 6376
18037 2 2 1 1 326 2924 5360
18038 2 2 1 1 326 5360 7263
18039 2 2 1 1 7774 2925 6497
18040 2 2 1 1 5361 2977 317
18041 2 2 1 1 7263 5362 2930
18042 2 2 1 1 2930 5362 2929
18043 2 2 1 1 5363 2890 6387
18044 2 2 1 1 503 2890 5363
18045 2 2 1 1 5364 516 2933
18046 2 2 1 1 2879 516 5364
18047 2 2 1 1 553 6390 6391
18048 2 2 1 1 591 5365 626
18049 2 2 1 1 5365 6709 626
18050 2 2 1 1 6709 3188 626
18051 2 2 1 1 591 626 5366
18052 2 2 1 1 591 5366 7177
18053 2 2 1 1 7177 5367 601
18054 2 2 1 1 5367 5028 601
18055 2 2 1 1 358 6448 6440
18056 2 2 1 1 6393 5368 6394
18057 2 2 1 1 358 6440 7251
18058 2 2 1 1 2936 5369 2921
18059 2 2 1 1 3890 5370 2845
18060 2 2 1 1 7582 5370 4487
18061 2 2 1 1 6398 2937 6401
18062 2 2 1 1 5371 6229 328
18063 2 2 1 1 7252 2938 3891
18064 2 2 1 1 5313 6400 7252
18065 2 2 1 1 267 5372 7283
18066 2 2 1 1 2941 5372 7771
18067 2 2 1 1 5327 580 619
18068 2 2 1 1 5327 560 580
18069 2 2 1 1 418 5345 7374
18070 2 2 1 1 6422 418 5374
18071 2 2 1 1 7253 2837 3892
18072 2 2 1 1 7382 5312 5314
18073 2 2 1 1 449 5375 2946
18074 2 2 1 1 6338 6412 2902
18075 2 2 1 1 449 2946 5376
18076 2 2 1 1 2952 7362 5378
18077 2 2 1 1 6530 6418 2950
18078 2 2 1 1 2948 7360 5377
18079 2 2 1 1 6622 7362 2952
18080 2 2 1 1 2952 5378 7359
18081 2 2 1 1 391 7776 5379
18082 2 2 1 1 6348 391 5379
18083 2 2 1 1 6372 5380 2954
18084 2 2 1 1 6406 6426 2943
18085 2 2 1 1 6372 5381 5383
18086 2 2 1 1 2956 5381 2955
18087 2 2 1 1 6428 5356 5382
18088 2 2 1 1 6370 7270 3909
18089 2 2 1 1 6320 6435 2960
18090 2 2 1 1 5383 5381 2956
18091 2 2 1 1 349 2959 5384
18092 2 2 1 1 6876 5384 5387
18093 2 2 1 1 6320 2960 5385
18094 2 2 1 1 5385 6423 379
18095 2 2 1 1 5392 5386 2963
18096 2 2 1 1 2963 5386 7763
18097 2 2 1 1 6876 5387 2965
18098 2 2 1 1 2965 5387 7354
18099 2 2 1 1 366 5388 2966
18100 2 2 1 1 6431 6450 2958
18101 2 2 1 1 366 5389 6295
18102 2 2 1 1 2968 5389 2967
18103 2 2 1 1 4867 4931 4942
18104 2 2 1 1 2970 5390 7351
18105 2 2 1 1 6504 5391 2972
18106 2 2 1 1 2972 5391 6899
18107 2 2 1 1 334 5386 5392
18108 2 2 1 1 334 5392 6462
18109 2 2 1 1 6470 7347 2976
18110 2 2 1 1 2965 7354 5393
18111 2 2 1 1 7765 5384 5394
18112 2 2 1 1 5394 6381 7765
18113 2 2 1 1 317 2977 5395
18114 2 2 1 1 317 5395 6383
18115 2 2 1 1 2979 2978 5396
18116 2 2 1 1 6383 5397 7343
18117 2 2 1 1 7343 5397 6475
18118 2 2 1 1 5400 5398 2984
18119 2 2 1 1 2984 5398 2983
18120 2 2 1 1 6492 5399 2986
18121 2 2 1 1 2986 5399 2985
18122 2 2 1 1 294 5398 5400
18123 2 2 1 1 294 5400 7606
18124 2 2 1 1 281 5401 2989
18125 2 2 1 1 6484 5401 2976
18126 2 2 1 1 6476 287 5402
18127 2 2 1 1 5403 3002 2986
18128 2 2 1 1 2998 3002 5403
18129 2 2 1 1 302 5404 3006
18130 2 2 1 1 3006 5404 6496
18131 2 2 1 1 302 5405 5408
18132 2 2 1 1 3008 5405 3007
18133 2 2 1 1 5406 6771 5409
18134 2 2 1 1 3008 3007 5406
18135 2 2 1 1 6458 5407 2972
18136 2 2 1 1 2973 5407 6505
18137 2 2 1 1 5408 3008 3011
18138 2 2 1 1 5408 5405 3008
18139 2 2 1 1 325 5409 5424
18140 2 2 1 1 6630 5410 3020
18141 2 2 1 1 3020 5410 3019
18142 2 2 1 1 7606 5411 3022
18143 2 2 1 1 3022 5411 6514
18144 2 2 1 1 301 7619 5412
18145 2 2 1 1 4485 301 5412
18146 2 2 1 1 5413 2969 7547
18147 2 2 1 1 2970 7351 6911
18148 2 2 1 1 7257 3027 5414
18149 2 2 1 1 5470 7340 5416
18150 2 2 1 1 471 6178 7258
18151 2 2 1 1 6943 5415 6524
18152 2 2 1 1 3896 7258 6526
18153 2 2 1 1 3032 3896 6526
18154 2 2 1 1 5470 5416 3034
18155 2 2 1 1 3034 5416 7754
18156 2 2 1 1 5417 6531 3035
18157 2 2 1 1 4497 6526 7546
18158 2 2 1 1 395 5390 5418
18159 2 2 1 1 6535 395 5418
18160 2 2 1 1 6458 2971 5419
18161 2 2 1 1 6506 360 5419
18162 2 2 1 1 6132 5420 3042
18163 2 2 1 1 6536 6539 3041
18164 2 2 1 1 6132 5421 5423
18165 2 2 1 1 3044 5421 3043
18166 2 2 1 1 3045 5422 6545
18167 2 2 1 1 5429 6548 3048
18168 2 2 1 1 5423 5421 3044
18169 2 2 1 1 6361 5424 3050
18170 2 2 1 1 5425 3045 3898
18171 2 2 1 1 7259 3052 5426
18172 2 2 1 1 426 7259 7328
18173 2 2 1 1 388 7326 7279
18174 2 2 1 1 3055 5427 6556
18175 2 2 1 1 351 5428 6562
18176 2 2 1 1 359 5423 5429
18177 2 2 1 1 3013 6507 6682
18178 2 2 1 1 353 6563 6089
18179 2 2 1 1 6572 5430 3058
18180 2 2 1 1 384 3073 6086
18181 2 2 1 1 3076 5432 3075
18182 2 2 1 1 5431 3074 5433
18183 2 2 1 1 353 5433 3081
18184 2 2 1 1 292 3064 5434
18185 2 2 1 1 5434 3640 292
18186 2 2 1 1 316 5435 3900
18187 2 2 1 1 3900 5435 3899
18188 2 2 1 1 3902 5436 2931
18189 2 2 1 1 2931 5436 7607
18190 2 2 1 1 321 3065 5437
18191 2 2 1 1 5437 3050 321
18192 2 2 1 1 249 3018 5438
18193 2 2 1 1 6493 249 5438
18194 2 2 1 1 517 3035 5439
18195 2 2 1 1 5439 4514 517
18196 2 2 1 1 6582 3083 5440
18197 2 2 1 1 2334 562 5440
18198 2 2 1 1 3087 5441 3086
18199 2 2 1 1 320 5442 3082
18200 2 2 1 1 5443 3075 3903
18201 2 2 1 1 3076 3075 5443
18202 2 2 1 1 7264 3090 5444
18203 2 2 1 1 420 5444 5542
18204 2 2 1 1 7265 2787 3904
18205 2 2 1 1 377 5282 5288
18206 2 2 1 1 225 6493 5445
18207 2 2 1 1 225 5445 5446
18208 2 2 1 1 6080 5446 196
18209 2 2 1 1 196 5446 5450
18210 2 2 1 1 5450 223 5449
18211 2 2 1 1 197 5449 222
18212 2 2 1 1 225 5446 5448
18213 2 2 1 1 3000 225 5448
18214 2 2 1 1 204 6080 5452
18215 2 2 1 1 7298 3346 6221
18216 2 2 1 1 6915 6916 5373
18217 2 2 1 1 7318 6715 178
18218 2 2 1 1 5450 5446 223
18219 2 2 1 1 5451 7318 178
18220 2 2 1 1 6080 196 182
18221 2 2 1 1 182 7318 5451
18222 2 2 1 1 182 5451 5454
18223 2 2 1 1 5455 5452 187
18224 2 2 1 1 5451 178 5453
18225 2 2 1 1 159 5453 139
18226 2 2 1 1 5454 159 164
18227 2 2 1 1 5504 159 144
18228 2 2 1 1 7317 5454 164
18229 2 2 1 1 5454 5451 159
18230 2 2 1 1 204 5452 5455
18231 2 2 1 1 3004 204 5455
18232 2 2 1 1 6711 5456 3095
18233 2 2 1 1 6711 3095 5457
18234 2 2 1 1 465 5457 3905
18235 2 2 1 1 6598 3096 5458
18236 2 2 1 1 6612 506 5458
18237 2 2 1 1 3905 7266 3101
18238 2 2 1 1 7615 7266 4507
18239 2 2 1 1 5461 5459 3103
18240 2 2 1 1 3103 5459 7730
18241 2 2 1 1 504 7310 5138
18242 2 2 1 1 463 5459 5461
18243 2 2 1 1 6552 463 5461
18244 2 2 1 1 3906 7267 3108
18245 2 2 1 1 3108 7267 7616
18246 2 2 1 1 5462 2949 3907
18247 2 2 1 1 7769 2949 5462
18248 2 2 1 1 3908 5463 3026
18249 2 2 1 1 7618 5463 4513
18250 2 2 1 1 437 6620 6420
18251 2 2 1 1 2952 5464 7727
18252 2 2 1 1 232 3004 5465
18253 2 2 1 1 232 5465 3113
18254 2 2 1 1 243 3117 5467
18255 2 2 1 1 5934 5467 6627
18256 2 2 1 1 255 5468 3920
18257 2 2 1 1 243 5469 3020
18258 2 2 1 1 3909 7270 3025
18259 2 2 1 1 7270 4492 3025
18260 2 2 1 1 6455 7340 5470
18261 2 2 1 1 5471 3130 3910
18262 2 2 1 1 6637 3130 5471
18263 2 2 1 1 5472 2825 7306
18264 2 2 1 1 2826 7386 5472
18265 2 2 1 1 5473 3127 6642
18266 2 2 1 1 6628 5473 241
18267 2 2 1 1 462 5474 6655
18268 2 2 1 1 6646 6647 3137
18269 2 2 1 1 7706 6650 3139
18270 2 2 1 1 4476 7569 5475
18271 2 2 1 1 7275 6653 3141
18272 2 2 1 1 6596 3091 5476
18273 2 2 1 1 3916 7274 5836
18274 2 2 1 1 3108 3916 6654
18275 2 2 1 1 3917 7275 6657
18276 2 2 1 1 3142 3917 6657
18277 2 2 1 1 7388 5478 3145
18278 2 2 1 1 6658 5478 2945
18279 2 2 1 1 7388 3145 5479
18280 2 2 1 1 6252 256 5479
18281 2 2 1 1 6661 3146 5480
18282 2 2 1 1 229 5480 3152
18283 2 2 1 1 5481 3147 3918
18284 2 2 1 1 5480 6666 3152
18285 2 2 1 1 657 710 5029
18286 2 2 1 1 7720 947 4924
18287 2 2 1 1 556 6388 5483
18288 2 2 1 1 498 5546 3944
18289 2 2 1 1 139 5453 157
18290 2 2 1 1 544 6613 5815
18291 2 2 1 1 6605 6672 3099
18292 2 2 1 1 5486 5815 6674
18293 2 2 1 1 5815 5484 3163
18294 2 2 1 1 590 5485 3166
18295 2 2 1 1 6675 5485 3165
18296 2 2 1 1 544 5486 5772
18297 2 2 1 1 3926 5487 3170
18298 2 2 1 1 6681 6680 3169
18299 2 2 1 1 6688 5488 3172
18300 2 2 1 1 3172 5488 3171
18301 2 2 1 1 5735 5138 3176
18302 2 2 1 1 6689 5489 6690
18303 2 2 1 1 504 5735 5490
18304 2 2 1 1 6591 504 5490
18305 2 2 1 1 499 7293 5491
18306 2 2 1 1 499 5491 7281
18307 2 2 1 1 6490 3178 5750
18308 2 2 1 1 541 5492 6765
18309 2 2 1 1 7281 5493 3183
18310 2 2 1 1 6698 6699 3182
18311 2 2 1 1 5542 5494 3185
18312 2 2 1 1 3185 5494 3184
18313 2 2 1 1 7376 2829 5495
18314 2 2 1 1 5495 2865 421
18315 2 2 1 1 7279 5427 7291
18316 2 2 1 1 7291 5427 3056
18317 2 2 1 1 6765 5496 3187
18318 2 2 1 1 3187 5496 6707
18319 2 2 1 1 3930 5497 3051
18320 2 2 1 1 3051 5497 7638
18321 2 2 1 1 6709 599 3188
18322 2 2 1 1 2853 599 6709
18323 2 2 1 1 3114 212 5498
18324 2 2 1 1 193 187 5499
18325 2 2 1 1 193 5499 6686
18326 2 2 1 1 172 7317 164
18327 2 2 1 1 5499 187 7317
18328 2 2 1 1 6686 5500 177
18329 2 2 1 1 177 5500 5501
18330 2 2 1 1 5505 5501 152
18331 2 2 1 1 152 5501 5502
18332 2 2 1 1 172 164 5502
18333 2 2 1 1 5501 172 5502
18334 2 2 1 1 152 149 131
18335 2 2 1 1 177 5501 5503
18336 2 2 1 1 177 5503 7019
18337 2 2 1 1 5502 164 5504
18338 2 2 1 1 5503 5501 5505
18339 2 2 1 1 163 143 5506
18340 2 2 1 1 163 5506 5510
18341 2 2 1 1 5506 143 5743
18342 2 2 1 1 5506 5507 7029
18343 2 2 1 1 5510 5508 174
18344 2 2 1 1 3192 3190 5508
18345 2 2 1 1 7019 5509 185
18346 2 2 1 1 185 5509 6710
18347 2 2 1 1 6710 5510 174
18348 2 2 1 1 5510 5506 5508
18349 2 2 1 1 3189 5511 192
18350 2 2 1 1 192 5511 3191
18351 2 2 1 1 192 3191 3154
18352 2 2 1 1 3154 3191 3193
18353 2 2 1 1 5507 128 136
18354 2 2 1 1 128 116 136
18355 2 2 1 1 197 222 5512
18356 2 2 1 1 5512 5515 197
18357 2 2 1 1 208 5512 4807
18358 2 2 1 1 247 7285 5513
18359 2 2 1 1 3147 6662 5513
18360 2 2 1 1 222 5514 242
18361 2 2 1 1 3018 242 5514
18362 2 2 1 1 222 242 3071
18363 2 2 1 1 222 5449 5514
18364 2 2 1 1 3133 5515 6590
18365 2 2 1 1 5512 208 5515
18366 2 2 1 1 136 116 5516
18367 2 2 2 2 6597 4799 7167
18368 2 2 1 1 148 5516 5650
18369 2 2 1 1 585 5517 3196
18370 2 2 1 1 6683 6717 3171
18371 2 2 1 1 5520 585 5738
18372 2 2 1 1 3198 5518 6720
18373 2 2 1 1 6719 3939 5519
18374 2 2 1 1 6732 5519 5522
18375 2 2 1 1 585 5518 5738
18376 2 2 1 1 585 5520 6706
18377 2 2 1 1 3311 5579 6066
18378 2 2 1 1 6732 5522 3207
18379 2 2 1 1 7282 5522 6731
18380 2 2 1 1 5523 6733 3208
18381 2 2 1 1 6725 3202 5523
18382 2 2 1 1 627 5524 6745
18383 2 2 1 1 670 3209 5525
18384 2 2 1 1 670 5525 3941
18385 2 2 1 1 6745 5526 3214
18386 2 2 1 1 7686 6289 3213
18387 2 2 1 1 6706 5527 3186
18388 2 2 1 1 3186 5527 6744
18389 2 2 1 1 6740 5528 3214
18390 2 2 1 1 588 3216 5529
18391 2 2 1 1 5534 5529 5531
18392 2 2 1 1 581 3217 5530
18393 2 2 1 1 581 5530 7278
18394 2 2 1 1 5534 5531 3222
18395 2 2 1 1 625 5306 6811
18396 2 2 1 1 6757 7685 3223
18397 2 2 1 1 7272 5532 3226
18398 2 2 1 1 3226 5532 3225
18399 2 2 1 1 540 3221 5533
18400 2 2 1 1 4542 540 5533
18401 2 2 1 1 588 5529 5534
18402 2 2 1 1 2779 6192 7759
18403 2 2 1 1 7682 3229 5535
18404 2 2 1 1 6693 541 5535
18405 2 2 1 1 5536 3230 3940
18406 2 2 1 1 3182 3230 6698
18407 2 2 1 1 6737 3206 5537
18408 2 2 1 1 714 5538 7497
18409 2 2 1 1 3235 5538 3234
18410 2 2 1 1 3941 5539 3237
18411 2 2 1 1 3237 5539 3236
18412 2 2 1 1 7686 3213 6546
18413 2 2 1 1 6751 624 5540
18414 2 2 1 1 211 3144 5541
18415 2 2 1 1 5541 3441 7175
18416 2 2 1 1 6585 6779 3086
18417 2 2 1 1 5542 5444 5494
18418 2 2 1 1 423 5543 5545
18419 2 2 1 1 3243 5543 3242
18420 2 2 1 1 459 6781 7658
18421 2 2 1 1 3245 5544 3244
18422 2 2 1 1 423 5545 3247
18423 2 2 1 1 3247 5545 5611
18424 2 2 1 1 5546 3244 3944
18425 2 2 1 1 3245 3244 5546
18426 2 2 1 1 498 3945 5547
18427 2 2 1 1 498 5547 7289
18428 2 2 1 1 7289 5548 3251
18429 2 2 1 1 3251 5548 3250
18430 2 2 1 1 6789 5680 5549
18431 2 2 1 1 505 5549 3350
18432 2 2 1 1 7289 3251 3946
18433 2 2 1 1 7289 5547 5548
18434 2 2 1 1 5550 3252 3947
18435 2 2 1 1 3253 3252 5550
18436 2 2 1 1 5553 5551 3258
18437 2 2 1 1 3258 5551 6799
18438 2 2 1 1 7256 5676 5552
18439 2 2 1 1 592 7256 6972
18440 2 2 1 1 552 5551 5553
18441 2 2 1 1 552 5553 6924
18442 2 2 1 1 630 5554 3262
18443 2 2 1 1 6759 6807 3225
18444 2 2 1 1 630 3262 5555
18445 2 2 1 1 5570 5555 5558
18446 2 2 1 1 673 5666 5627
18447 2 2 1 1 7666 5556 6813
18448 2 2 1 1 5560 673 5610
18449 2 2 1 1 3267 5557 6816
18450 2 2 1 1 5570 5558 3269
18451 2 2 1 1 716 3949 5559
18452 2 2 1 1 716 5559 5562
18453 2 2 1 1 673 5557 5610
18454 2 2 1 1 6817 673 5560
18455 2 2 1 1 3275 5561 3274
18456 2 2 1 1 6900 5562 3277
18457 2 2 1 1 6972 5563 3279
18458 2 2 1 1 6847 6124 3278
18459 2 2 1 1 6137 3261 5564
18460 2 2 1 1 5564 4556 551
18461 2 2 1 1 6924 5565 3283
18462 2 2 1 1 6962 6107 3282
18463 2 2 1 1 678 5566 3284
18464 2 2 1 1 6823 6130 3273
18465 2 2 1 1 678 5567 7234
18466 2 2 1 1 3286 5567 7655
18467 2 2 1 1 7655 3285 5568
18468 2 2 1 1 6919 722 5568
18469 2 2 1 1 678 7234 6849
18470 2 2 1 1 3290 5569 4430
18471 2 2 1 1 630 5555 5570
18472 2 2 1 1 6801 630 5570
18473 2 2 1 1 7231 5571 3292
18474 2 2 1 1 6850 3292 7227
18475 2 2 1 1 7231 3292 5572
18476 2 2 1 1 638 5572 3950
18477 2 2 1 1 7650 3293 5447
18478 2 2 1 1 6863 635 5573
18479 2 2 1 1 3950 7292 3298
18480 2 2 1 1 7664 7292 4549
18481 2 2 1 1 6859 3297 5574
18482 2 2 1 1 594 5574 7295
18483 2 2 1 1 7648 3299 5575
18484 2 2 1 1 600 5575 5583
18485 2 2 1 1 7295 5576 3304
18486 2 2 1 1 6892 6867 3303
18487 2 2 1 1 647 5577 3305
18488 2 2 1 1 6856 6870 3296
18489 2 2 1 1 5579 647 7689
18490 2 2 1 1 3306 5578 6873
18491 2 2 1 1 647 5578 7689
18492 2 2 1 1 647 5579 6883
18493 2 2 1 1 741 3953 5580
18494 2 2 1 1 5580 4559 741
18495 2 2 1 1 6059 3310 5581
18496 2 2 1 1 6975 650 5581
18497 2 2 1 1 6883 5582 3319
18498 2 2 1 1 7221 5582 6882
18499 2 2 1 1 600 5583 3320
18500 2 2 1 1 6881 3320 7218
18501 2 2 1 1 5586 5584 3322
18502 2 2 1 1 3322 5584 3321
18503 2 2 1 1 558 6887 5591
18504 2 2 1 1 3324 5585 6890
18505 2 2 1 1 600 5584 5586
18506 2 2 1 1 6861 600 5586
18507 2 2 1 1 554 3325 5587
18508 2 2 1 1 554 5587 7299
18509 2 2 1 1 5588 3326 3329
18510 2 2 1 1 3296 5573 5447
18511 2 2 1 1 7299 5589 3331
18512 2 2 1 1 3331 5589 3330
18513 2 2 1 1 6956 570 3333
18514 2 2 1 1 3333 5590 3332
18515 2 2 1 1 5591 3324 3328
18516 2 2 1 1 5591 5585 3324
18517 2 2 1 1 7295 3304 3955
18518 2 2 1 1 7295 5574 5576
18519 2 2 1 1 5592 6902 3336
18520 2 2 1 1 6824 3272 5592
18521 2 2 1 1 718 3336 5593
18522 2 2 1 1 6839 718 5593
18523 2 2 1 1 6910 5594 6909
18524 2 2 1 1 6908 3338 5594
18525 2 2 1 1 770 7296 5595
18526 2 2 1 1 770 5595 3968
18527 2 2 1 1 682 6856 5596
18528 2 2 1 1 4550 682 5596
18529 2 2 1 1 715 5597 3345
18530 2 2 1 1 7215 5597 6917
18531 2 2 1 1 715 3345 5598
18532 2 2 1 1 715 5598 3959
18533 2 2 1 1 3958 7298 6221
18534 2 2 1 1 3348 3958 6922
18535 2 2 1 1 5549 5599 3350
18536 2 2 1 1 6834 6100 3283
18537 2 2 1 1 721 754 776
18538 2 2 1 1 3352 5600 3351
18539 2 2 1 1 6965 6927 5605
18540 2 2 1 1 3354 5601 6930
18541 2 2 1 1 3960 5602 3254
18542 2 2 1 1 3254 5602 7678
18543 2 2 1 1 6933 3355 6934
18544 2 2 1 1 6784 3243 5603
18545 2 2 1 1 472 5604 3358
18546 2 2 1 1 6937 5604 3357
18547 2 2 1 1 5605 3354 3370
18548 2 2 1 1 5605 5601 3354
18549 2 2 1 1 5606 435 410
18550 2 2 1 1 5606 3371 435
18551 2 2 1 1 6941 396 5608
18552 2 2 1 1 5608 352 3379
18553 2 2 1 1 397 3375 5609
18554 2 2 1 1 3380 397 5609
18555 2 2 1 1 3375 398 3385
18556 2 2 1 1 424 3383 5611
18557 2 2 1 1 5611 3246 424
18558 2 2 1 1 6948 478 3388
18559 2 2 1 1 6948 3367 478
18560 2 2 1 1 5616 492 5615
18561 2 2 1 1 5612 3388 492
18562 2 2 1 1 5613 457 422
18563 2 2 1 1 361 4789 5614
18564 2 2 1 1 361 5614 3386
18565 2 2 1 1 457 5616 5620
18566 2 2 1 1 5615 3392 500
18567 2 2 1 1 5616 457 5613
18568 2 2 1 1 5616 5612 492
18569 2 2 1 1 5619 5617 429
18570 2 2 1 1 429 5617 5623
18571 2 2 1 1 5623 5618 469
18572 2 2 1 1 5618 500 469
18573 2 2 1 1 422 5617 5619
18574 2 2 1 1 422 5619 382
18575 2 2 1 1 5620 500 5618
18576 2 2 1 1 5620 5615 500
18577 2 2 1 1 469 5621 514
18578 2 2 1 1 514 5621 6957
18579 2 2 1 1 6957 5622 548
18580 2 2 1 1 6953 5622 3392
18581 2 2 1 1 5623 5626 441
18582 2 2 1 1 5623 5617 5618
18583 2 2 1 1 390 5624 393
18584 2 2 1 1 5553 3258 6140
18585 2 2 1 1 5649 5625 529
18586 2 2 1 1 529 5625 3434
18587 2 2 1 1 469 481 5626
18588 2 2 1 1 5623 469 5626
18589 2 2 1 1 7234 5567 3286
18590 2 2 1 1 495 451 5649
18591 2 2 1 1 3961 5628 3335
18592 2 2 1 1 3335 5628 7679
18593 2 2 1 1 6959 3402 6961
18594 2 2 1 1 6804 551 5629
18595 2 2 1 1 764 3276 5630
18596 2 2 1 1 6906 764 5630
18597 2 2 1 1 3962 5631 3408
18598 2 2 1 1 3408 5631 7681
18599 2 2 1 1 3963 5632 3298
18600 2 2 1 1 3298 5632 7684
18601 2 2 2 2 279 4794 295
18602 2 2 1 1 7221 3318 5633
18603 2 2 1 1 618 5634 5251
18604 2 2 1 1 5251 5634 7632
18605 2 2 1 1 663 5635 3411
18606 2 2 1 1 6878 6980 3317
18607 2 2 1 1 3413 5636 7006
18608 2 2 1 1 618 3415 6955
18609 2 2 1 1 709 5637 3966
18610 2 2 1 1 6990 6989 7626
18611 2 2 1 1 5638 5636 3413
18612 2 2 1 1 3404 632 5640
18613 2 2 1 1 675 6991 5647
18614 2 2 1 1 3426 5641 3425
18615 2 2 1 1 745 3969 5642
18616 2 2 1 1 745 5642 7337
18617 2 2 1 1 6909 5594 3338
18618 2 2 1 1 5643 422 382
18619 2 2 1 1 5643 5613 422
18620 2 2 1 1 3377 5644 356
18621 2 2 1 1 356 5644 350
18622 2 2 1 1 350 5644 5645
18623 2 2 1 1 338 350 5645
18624 2 2 1 1 429 5623 441
18625 2 2 1 1 596 5646 3435
18626 2 2 1 1 3435 5646 3421
18627 2 2 1 1 5647 3426 3437
18628 2 2 1 1 5647 5641 3426
18629 2 2 1 1 632 3403 5648
18630 2 2 1 1 5648 3414 5639
18631 2 2 1 1 390 393 5695
18632 2 2 1 1 5695 5645 390
18633 2 2 1 1 481 5625 5649
18634 2 2 1 1 5649 451 481
18635 2 2 1 1 5710 5650 140
18636 2 2 1 1 5650 7027 140
18637 2 2 1 1 7399 2805 5301
18638 2 2 1 1 3240 5651 3441
18639 2 2 1 1 105 97 5652
18640 2 2 1 1 125 105 5652
18641 2 2 1 1 3975 5653 3255
18642 2 2 1 1 3255 5653 7704
18643 2 2 1 1 6119 876 2676
18644 2 2 1 1 6240 7199 2812
18645 2 2 1 1 7201 3442 3976
18646 2 2 1 1 7201 5654 3442
18647 2 2 1 1 7308 5655 3977
18648 2 2 1 1 3977 5655 3443
18649 2 2 1 1 5656 3155 3448
18650 2 2 1 1 3156 3155 5656
18651 2 2 1 1 7134 3204 634
18652 2 2 1 1 7337 5657 3452
18653 2 2 1 1 7021 7022 3451
18654 2 2 1 1 3453 148 7529
18655 2 2 1 1 5658 3132 7023
18656 2 2 1 1 7124 5472 7306
18657 2 2 1 1 125 5652 5650
18658 2 2 1 1 3457 114 121
18659 2 2 1 1 101 121 114
18660 2 2 1 1 5256 5262 598
18661 2 2 1 1 6825 3460 3274
18662 2 2 1 1 3236 3460 6825
18663 2 2 1 1 5659 680 2713
18664 2 2 1 1 5659 2709 680
18665 2 2 1 1 3437 5660 675
18666 2 2 1 1 3419 675 5660
18667 2 2 1 1 5262 617 5260
18668 2 2 1 1 563 5201 515
18669 2 2 1 1 5661 5270 515
18670 2 2 1 1 1424 3993 5662
18671 2 2 1 1 1424 5662 3996
18672 2 2 1 1 1362 4001 5663
18673 2 2 1 1 1362 5663 4007
18674 2 2 1 1 1511 4003 5664
18675 2 2 1 1 5664 4371 1511
18676 2 2 1 1 5665 3475 3480
18677 2 2 1 1 4603 3475 5665
18678 2 2 1 1 5665 3480 3484
18679 2 2 1 1 6843 6728 6841
18680 2 2 1 1 5568 6728 3288
18681 2 2 1 1 3485 1349 5667
18682 2 2 1 1 5668 5678 1269
18683 2 2 1 1 5669 5671 1238
18684 2 2 1 1 3488 1300 5669
18685 2 2 1 1 1322 3489 5670
18686 2 2 1 1 3484 1322 5670
18687 2 2 1 1 5668 1269 5671
18688 2 2 1 1 5669 1300 5671
18689 2 2 1 1 1266 5672 7053
18690 2 2 1 1 1211 5672 4868
18691 2 2 1 1 7050 5673 1264
18692 2 2 1 1 2105 1264 5673
18693 2 2 1 1 4868 5672 5674
18694 2 2 1 1 5674 1238 5675
18695 2 2 1 1 5672 1238 5674
18696 2 2 1 1 1213 5674 5675
18697 2 2 1 1 5671 1269 5675
18698 2 2 1 1 1243 5675 1269
18699 2 2 1 1 5610 5557 3267
18700 2 2 1 1 5610 3267 6822
18701 2 2 1 1 1097 1162 5677
18702 2 2 1 1 1072 1097 5677
18703 2 2 1 1 5668 1325 5678
18704 2 2 1 1 1161 1153 1227
18705 2 2 1 1 1161 1227 1222
18706 2 2 1 1 1195 5679 1156
18707 2 2 1 1 5679 1098 4932
18708 2 2 1 1 5627 5556 3265
18709 2 2 1 1 5762 917 953
18710 2 2 1 1 858 879 5681
18711 2 2 1 1 5681 784 858
18712 2 2 1 1 5666 3263 5556
18713 2 2 1 1 5627 5666 5556
18714 2 2 1 1 3493 5682 3492
18715 2 2 1 1 4009 5683 3494
18716 2 2 1 1 3494 5683 7735
18717 2 2 1 1 6992 4561 745
18718 2 2 1 1 4010 5685 3499
18719 2 2 1 1 3499 5685 7741
18720 2 2 1 1 4011 4948 7528
18721 2 2 1 1 7528 4948 3497
18722 2 2 1 1 5686 3498 4012
18723 2 2 1 1 4617 7741 5686
18724 2 2 1 1 4016 7327 7184
18725 2 2 1 1 3506 4016 7184
18726 2 2 1 1 7752 3507 5687
18727 2 2 1 1 7697 786 5687
18728 2 2 1 1 798 5688 7330
18729 2 2 1 1 3510 5688 3509
18730 2 2 1 1 85 101 5689
18731 2 2 1 1 5689 82 85
18732 2 2 1 1 714 5690 3236
18733 2 2 1 1 3236 5690 3460
18734 2 2 1 1 859 4046 5691
18735 2 2 1 1 4691 7072 5691
18736 2 2 1 1 4061 7335 5692
18737 2 2 1 1 3512 4061 5692
18738 2 2 1 1 4062 7073 5693
18739 2 2 1 1 3542 4062 5693
18740 2 2 1 1 344 311 5694
18741 2 2 1 1 348 344 5694
18742 2 2 1 1 357 5695 393
18743 2 2 1 1 417 5624 441
18744 2 2 1 1 6110 5553 6140
18745 2 2 1 1 1779 1806 1762
18746 2 2 1 1 1779 1762 4942
18747 2 2 1 1 1762 1806 5696
18748 2 2 1 1 5696 7178 1762
18749 2 2 1 1 642 692 648
18750 2 2 1 1 692 5023 648
18751 2 2 1 1 684 642 5697
18752 2 2 1 1 6055 3412 6987
18753 2 2 1 1 6798 3257 5676
18754 2 2 1 1 642 5698 619
18755 2 2 1 1 5698 5325 5327
18756 2 2 1 1 7050 5699 3487
18757 2 2 1 1 3487 5699 3481
18758 2 2 1 1 5109 1263 5700
18759 2 2 1 1 5700 1337 1318
18760 2 2 1 1 797 5701 760
18761 2 2 1 1 1821 4071 4073
18762 2 2 1 1 4073 4071 4072
18763 2 2 1 1 562 4796 6582
18764 2 2 1 1 3084 5702 7795
18765 2 2 1 1 5703 1868 1897
18766 2 2 1 1 5707 5706 153
18767 2 2 1 1 5704 3550 179
18768 2 2 1 1 3558 5705 3557
18769 2 2 1 1 3557 5705 3556
18770 2 2 1 1 5706 179 3558
18771 2 2 1 1 5704 179 5706
18772 2 2 1 1 5707 153 5711
18773 2 2 1 1 5707 5704 5706
18774 2 2 1 1 201 5708 3560
18775 2 2 1 1 7083 5708 3559
18776 2 2 1 1 201 3560 5709
18777 2 2 1 1 5709 7078 201
18778 2 2 1 1 153 5710 140
18779 2 2 1 1 148 5650 5710
18780 2 2 1 1 5711 153 140
18781 2 2 1 1 7088 3566 5712
18782 2 2 1 1 1532 5712 3573
18783 2 2 1 1 4075 5713 2599
18784 2 2 1 1 2599 5713 7796
18785 2 2 1 1 5712 5714 3573
18786 2 2 1 1 3573 5714 7096
18787 2 2 1 1 7108 5715 3575
18788 2 2 1 1 3575 5715 3574
18789 2 2 1 1 7093 3571 5716
18790 2 2 1 1 1562 5716 4076
18791 2 2 1 1 1532 3573 7097
18792 2 2 1 1 7102 5717 4709
18793 2 2 1 1 4076 5718 3578
18794 2 2 1 1 6053 5718 2527
18795 2 2 1 1 1562 4076 7341
18796 2 2 1 1 7341 7217 1562
18797 2 2 1 1 6789 3250 5680
18798 2 2 1 1 5680 3250 6793
18799 2 2 1 1 5720 3583 4079
18800 2 2 1 1 5720 4077 3583
18801 2 2 1 1 1057 1087 5721
18802 2 2 1 1 1103 5100 5721
18803 2 2 1 1 5722 661 3585
18804 2 2 1 1 5722 5023 661
18805 2 2 1 1 676 3586 5723
18806 2 2 1 1 6729 676 5723
18807 2 2 1 1 1141 3587 3589
18808 2 2 1 1 3589 3587 3588
18809 2 2 1 1 1203 3591 5724
18810 2 2 1 1 5754 1203 5724
18811 2 2 1 1 7121 1145 5725
18812 2 2 1 1 5725 1163 2431
18813 2 2 1 1 7084 7123 3561
18814 2 2 1 1 4588 3458 5726
18815 2 2 1 1 1758 1801 5727
18816 2 2 1 1 5727 1733 1758
18817 2 2 1 1 601 5728 3158
18818 2 2 1 1 3158 5728 3596
18819 2 2 1 1 5483 3596 3597
18820 2 2 1 1 3600 5729 1692
18821 2 2 1 1 1657 1692 5729
18822 2 2 1 1 7456 7713 571
18823 2 2 1 1 542 5730 582
18824 2 2 1 1 2716 582 5730
18825 2 2 1 1 3602 5731 1384
18826 2 2 1 1 4879 1384 5731
18827 2 2 1 1 5206 5732 1586
18828 2 2 1 1 1586 5732 3603
18829 2 2 1 1 3603 3581 5733
18830 2 2 1 1 3638 3603 5733
18831 2 2 1 1 655 2343 5734
18832 2 2 1 1 5734 2342 655
18833 2 2 1 1 1358 1333 1307
18834 2 2 1 1 1325 1358 5678
18835 2 2 1 1 809 5736 782
18836 2 2 1 1 875 5737 3431
18837 2 2 1 1 7131 5737 3607
18838 2 2 1 1 780 7502 7859
18839 2 2 1 1 7859 4730 780
18840 2 2 1 1 5545 5543 3243
18841 2 2 1 1 1948 7855 4432
18842 2 2 1 1 2635 5739 7813
18843 2 2 1 1 5740 3450 7135
18844 2 2 1 1 3450 5740 2342
18845 2 2 1 1 817 836 883
18846 2 2 1 1 911 883 836
18847 2 2 1 1 214 7854 3559
18848 2 2 1 1 3559 5741 7137
18849 2 2 1 1 6113 5742 2678
18850 2 2 1 1 2678 5742 7140
18851 2 2 1 1 6586 6778 5329
18852 2 2 1 1 5329 3241 5543
18853 2 2 1 1 1799 1837 5761
18854 2 2 1 1 5761 2168 1799
18855 2 2 1 1 2467 5744 1964
18856 2 2 1 1 5744 2468 1964
18857 2 2 1 1 1696 5745 1632
18858 2 2 1 1 3228 5719 6763
18859 2 2 1 1 2017 7081 2031
18860 2 2 1 1 3607 5746 3432
18861 2 2 1 1 5773 5747 1334
18862 2 2 1 1 5747 5102 5107
18863 2 2 1 1 1844 4106 5748
18864 2 2 1 1 5748 4953 1844
18865 2 2 1 1 5870 7149 2192
18866 2 2 1 1 4952 7146 5749
18867 2 2 1 1 588 5528 3216
18868 2 2 1 1 588 3215 5528
18869 2 2 1 1 5752 5751 1101
18870 2 2 1 1 1101 5751 3624
18871 2 2 1 1 5751 1163 5725
18872 2 2 1 1 3630 7165 5752
18873 2 2 1 1 5783 5753 1276
18874 2 2 1 1 5758 5095 5753
18875 2 2 1 1 1263 1203 5754
18876 2 2 1 1 1276 5700 5754
18877 2 2 1 1 1861 4363 1837
18878 2 2 1 1 1960 3627 5755
18879 2 2 1 1 3544 1960 5755
18880 2 2 1 1 1064 4122 5756
18881 2 2 1 1 5756 4465 1064
18882 2 2 1 1 6138 5757 2717
18883 2 2 1 1 7517 5757 4760
18884 2 2 1 1 7851 5129 1987
18885 2 2 1 1 5738 5518 3198
18886 2 2 1 1 1306 5095 5758
18887 2 2 1 1 1573 5061 1462
18888 2 2 1 1 5759 619 580
18889 2 2 1 1 5759 5258 5697
18890 2 2 1 1 128 5743 119
18891 2 2 1 1 7234 3286 5569
18892 2 2 1 1 1083 2393 5760
18893 2 2 1 1 1083 5760 3593
18894 2 2 1 1 4363 5761 1837
18895 2 2 1 1 792 2354 3407
18896 2 2 1 1 3407 2354 3613
18897 2 2 1 1 953 1011 5762
18898 2 2 1 1 5627 3265 5557
18899 2 2 1 1 863 907 5763
18900 2 2 1 1 5763 5785 863
18901 2 2 1 1 7120 5764 3589
18902 2 2 1 1 3589 5764 7156
18903 2 2 1 1 1412 3659 5765
18904 2 2 1 1 4165 1412 5765
18905 2 2 1 1 5766 924 2710
18906 2 2 1 1 5767 975 944
18907 2 2 1 1 5767 2710 975
18908 2 2 1 1 760 5768 797
18909 2 2 1 1 152 131 143
18910 2 2 1 1 143 131 119
18911 2 2 1 1 4131 4130 7522
18912 2 2 1 1 4134 5769 3632
18913 2 2 1 1 3632 5769 7160
18914 2 2 1 1 5770 1974 7438
18915 2 2 1 1 5771 886 820
18916 2 2 1 1 4943 4949 5771
18917 2 2 1 1 5492 5750 3181
18918 2 2 1 1 5979 5773 1334
18919 2 2 1 1 5773 5108 5747
18920 2 2 1 1 5087 2390 5774
18921 2 2 1 1 5973 5087 5774
18922 2 2 1 1 133 157 5775
18923 2 2 1 1 5775 135 133
18924 2 2 1 1 5776 1004 2711
18925 2 2 1 1 2156 1004 5776
18926 2 2 1 1 1440 4879 5731
18927 2 2 1 1 1557 2636 5777
18928 2 2 1 1 1557 5777 3638
18929 2 2 1 1 5733 4843 4847
18930 2 2 1 1 4875 911 5785
18931 2 2 1 1 3179 5491 6491
18932 2 2 1 1 5745 1647 1632
18933 2 2 1 1 5785 836 5239
18934 2 2 1 1 5779 158 5775
18935 2 2 1 1 158 5779 406
18936 2 2 1 1 1529 1544 5096
18937 2 2 1 1 5677 5022 1072
18938 2 2 1 1 5780 1544 1529
18939 2 2 1 1 5679 4932 5020
18940 2 2 1 1 3641 5781 1762
18941 2 2 1 1 4942 1762 5781
18942 2 2 1 1 1468 5782 2147
18943 2 2 1 1 7109 5782 3582
18944 2 2 1 1 4153 4855 2122
18945 2 2 1 1 1276 5754 5783
18946 2 2 1 1 5783 5106 5753
18947 2 2 1 1 7268 3110 5784
18948 2 2 1 1 3083 524 5784
18949 2 2 1 1 7364 3438 4154
18950 2 2 1 1 4571 3438 7364
18951 2 2 1 1 5249 4946 688
18952 2 2 1 1 911 836 5785
18953 2 2 1 1 5763 944 5785
18954 2 2 2 2 300 4793 2061
18955 2 2 2 2 2061 314 2060
18956 2 2 2 2 2063 4797 2062
18957 2 2 2 2 286 2063 5787
18958 2 2 1 1 286 5787 3079
18959 2 2 2 2 4801 208 2064
18960 2 2 1 1 5788 2065 2066
18961 2 2 1 1 5788 1239 2065
18962 2 2 1 1 5789 1326 4811
18963 2 2 1 1 4837 4812 2068
18964 2 2 1 1 5790 1265 4813
18965 2 2 1 1 1188 4814 5791
18966 2 2 1 1 2088 1188 5791
18967 2 2 1 1 5792 2071 2072
18968 2 2 1 1 5792 1390 2071
18969 2 2 1 1 4848 4817 2073
18970 2 2 1 1 5793 2074 2075
18971 2 2 1 1 5793 1360 2074
18972 2 2 1 1 5794 2076 2077
18973 2 2 1 1 5794 1270 2076
18974 2 2 1 1 5795 1302 4818
18975 2 2 1 1 5796 1225 4821
18976 2 2 1 1 5797 1291 4823
18977 2 2 1 1 5798 2082 2083
18978 2 2 1 1 5798 1283 2082
18979 2 2 1 1 5799 2084 2085
18980 2 2 1 1 5799 1150 2084
18981 2 2 1 1 5800 2086 2087
18982 2 2 1 1 5800 1247 2086
18983 2 2 1 1 5801 2088 2089
18984 2 2 1 1 5801 1188 2088
18985 2 2 1 1 1360 4826 5802
18986 2 2 1 1 2074 1360 5802
18987 2 2 1 1 5803 1257 4827
18988 2 2 1 1 5804 2092 2093
18989 2 2 1 1 5804 1313 2092
18990 2 2 1 1 1282 4823 5805
18991 2 2 1 1 1282 5805 5851
18992 2 2 1 1 5851 5806 2094
18993 2 2 1 1 2094 5806 4832
18994 2 2 1 1 4891 5806 4876
18995 2 2 1 1 5807 2083 1304
18996 2 2 1 1 1280 4813 5807
18997 2 2 1 1 4155 5808 2095
18998 2 2 1 1 2095 5808 4159
18999 2 2 1 1 5840 1280 4155
19000 2 2 1 1 1309 4818 5809
19001 2 2 1 1 1309 5809 5811
19002 2 2 1 1 5811 5810 2097
19003 2 2 1 1 2097 5810 4157
19004 2 2 1 1 2098 5811 2097
19005 2 2 1 1 5811 5809 5810
19006 2 2 1 1 1242 4827 5812
19007 2 2 1 1 1242 5812 5814
19008 2 2 1 1 5814 5813 2099
19009 2 2 1 1 2099 5813 4162
19010 2 2 1 1 2100 5814 2099
19011 2 2 1 1 5814 5812 5813
19012 2 2 1 1 1248 4838 5816
19013 2 2 1 1 1248 5816 2104
19014 2 2 1 1 5816 5817 2104
19015 2 2 1 1 2104 5817 2103
19016 2 2 1 1 5138 7310 3105
19017 2 2 1 1 4898 5817 5861
19018 2 2 1 1 4840 2074 5802
19019 2 2 1 1 4844 2088 5791
19020 2 2 1 1 4903 5818 2110
19021 2 2 1 1 2110 5818 2109
19022 2 2 1 1 5818 4864 2109
19023 2 2 1 1 1339 1353 5819
19024 2 2 1 1 2112 5832 5819
19025 2 2 1 1 1208 1194 5820
19026 2 2 1 1 2114 5830 5820
19027 2 2 1 1 4849 2084 4819
19028 2 2 1 1 4901 5821 2117
19029 2 2 1 1 2117 5821 2116
19030 2 2 1 1 2116 5821 5838
19031 2 2 1 1 4851 5822 1413
19032 2 2 1 1 5822 4824 1413
19033 2 2 1 1 1405 5823 2119
19034 2 2 1 1 2119 5823 2118
19035 2 2 1 1 2118 5823 5849
19036 2 2 1 1 4854 5824 1446
19037 2 2 1 1 7858 5171 1578
19038 2 2 1 1 4854 2120 2121
19039 2 2 1 1 2124 1171 5826
19040 2 2 1 1 4856 5826 2125
19041 2 2 1 1 2113 2125 5827
19042 2 2 1 1 6911 2969 5413
19043 2 2 1 1 5828 1309 5811
19044 2 2 1 1 5828 2126 1309
19045 2 2 1 1 5829 2098 4834
19046 2 2 1 1 5829 2127 2098
19047 2 2 1 1 4857 2126 5828
19048 2 2 1 1 5830 1208 5820
19049 2 2 1 1 5830 2128 1208
19050 2 2 1 1 5831 2114 1168
19051 2 2 1 1 5831 2129 2114
19052 2 2 1 1 5832 1339 5819
19053 2 2 1 1 5832 2130 1339
19054 2 2 1 1 5833 2112 1376
19055 2 2 1 1 5833 2131 2112
19056 2 2 1 1 2132 1131 5834
19057 2 2 1 1 2132 5834 4864
19058 2 2 1 1 2109 2133 5835
19059 2 2 1 1 4845 5835 1123
19060 2 2 1 1 4864 5834 2133
19061 2 2 1 1 6677 6561 590
19062 2 2 1 1 590 3164 5485
19063 2 2 1 1 5838 5837 2135
19064 2 2 1 1 5837 4153 2135
19065 2 2 1 1 2116 5838 2135
19066 2 2 1 1 5838 7501 5837
19067 2 2 1 1 1268 2086 5839
19068 2 2 1 1 1268 5839 5861
19069 2 2 1 1 5839 2086 2069
19070 2 2 1 1 5861 5840 2136
19071 2 2 1 1 2096 5840 4155
19072 2 2 1 1 4871 5841 2138
19073 2 2 1 1 5841 4892 2138
19074 2 2 1 1 4841 5842 1412
19075 2 2 1 1 5842 7181 1412
19076 2 2 1 1 2140 4822 2075
19077 2 2 1 1 2140 1372 5844
19078 2 2 1 1 4874 5844 2141
19079 2 2 1 1 2111 2141 5845
19080 2 2 1 1 2111 5845 1376
19081 2 2 1 1 2142 1242 5846
19082 2 2 1 1 2143 4876 5846
19083 2 2 1 1 2143 2100 5847
19084 2 2 1 1 5852 2143 5847
19085 2 2 1 1 5848 1434 2144
19086 2 2 1 1 5848 4824 4877
19087 2 2 1 1 2118 5849 2144
19088 2 2 1 1 5849 5848 2144
19089 2 2 1 1 1301 2068 5850
19090 2 2 1 1 5857 5850 2146
19091 2 2 1 1 5850 2068 2081
19092 2 2 1 1 5850 5851 2146
19093 2 2 1 1 2146 5851 2094
19094 2 2 1 1 5851 5805 5806
19095 2 2 1 1 2120 1446 2147
19096 2 2 1 1 4832 5806 4891
19097 2 2 1 1 2148 2143 5852
19098 2 2 1 1 2148 5852 4167
19099 2 2 1 1 2101 5853 2134
19100 2 2 1 1 4785 2039 2038
19101 2 2 1 1 5856 5854 2150
19102 2 2 1 1 2150 5854 4182
19103 2 2 1 1 2138 5855 5842
19104 2 2 1 1 5842 5855 7181
19105 2 2 1 1 4892 5856 2150
19106 2 2 1 1 5856 4852 5854
19107 2 2 1 1 2102 1301 5857
19108 2 2 1 1 2152 4894 5857
19109 2 2 1 1 544 5815 5486
19110 2 2 1 1 5992 2152 5858
19111 2 2 1 1 2121 5859 2154
19112 2 2 1 1 7803 2154 5859
19113 2 2 1 1 4896 2154 4161
19114 2 2 1 1 4898 5861 2136
19115 2 2 1 1 5861 5839 5840
19116 2 2 1 1 2155 2136 5862
19117 2 2 1 1 2155 5862 4762
19118 2 2 1 1 4898 2103 5817
19119 2 2 1 1 2145 5863 2156
19120 2 2 1 1 3781 4091 7861
19121 2 2 1 1 5864 2158 3662
19122 2 2 1 1 5864 3646 7369
19123 2 2 1 1 5865 2159 3657
19124 2 2 1 1 5865 3647 7370
19125 2 2 1 1 2160 4870 2139
19126 2 2 1 1 5866 2161 3667
19127 2 2 1 1 5866 3648 7371
19128 2 2 1 1 2163 2164 4926
19129 2 2 1 1 4921 5867 1084
19130 2 2 1 1 1084 5867 2167
19131 2 2 1 1 2167 5867 2166
19132 2 2 1 1 5868 2168 5761
19133 2 2 1 1 5869 1799 2168
19134 2 2 1 1 5869 4923 4936
19135 2 2 1 1 2165 5869 2168
19136 2 2 1 1 4935 4922 2169
19137 2 2 1 1 2192 2191 5870
19138 2 2 1 1 5870 5749 7149
19139 2 2 1 1 4956 2189 2193
19140 2 2 1 1 2195 2194 5871
19141 2 2 1 1 2195 5871 5873
19142 2 2 1 1 5873 7485 2198
19143 2 2 1 1 4951 2198 5872
19144 2 2 1 1 2199 5872 5875
19145 2 2 1 1 4951 5873 2198
19146 2 2 1 1 5873 5871 7485
19147 2 2 1 1 5875 5874 2201
19148 2 2 1 1 5877 5874 2204
19149 2 2 1 1 5748 2201 4953
19150 2 2 1 1 5748 5875 2201
19151 2 2 1 1 5875 5872 5874
19152 2 2 1 1 2203 2200 4954
19153 2 2 1 1 5874 5876 2204
19154 2 2 1 1 2204 5876 5881
19155 2 2 1 1 5877 2204 1821
19156 2 2 1 1 5877 2201 5874
19157 2 2 1 1 5878 2201 5877
19158 2 2 1 1 4953 2201 5878
19159 2 2 1 1 2206 2203 4957
19160 2 2 1 1 5881 5879 2207
19161 2 2 1 1 2208 4958 5880
19162 2 2 1 1 2208 5880 4701
19163 2 2 1 1 7486 5881 2207
19164 2 2 1 1 5881 5876 5879
19165 2 2 1 1 5879 5884 2209
19166 2 2 1 1 5882 2207 2209
19167 2 2 1 1 4958 2207 5882
19168 2 2 1 1 5884 5883 2198
19169 2 2 1 1 5872 2198 5883
19170 2 2 1 1 7485 5884 2198
19171 2 2 1 1 2216 2215 5885
19172 2 2 1 1 2216 5885 4987
19173 2 2 1 1 2223 2220 4960
19174 2 2 1 1 2227 2226 5886
19175 2 2 1 1 2223 5887 2224
19176 2 2 1 1 4976 5887 1619
19177 2 2 1 1 2224 5887 1642
19178 2 2 1 1 2229 2228 5888
19179 2 2 1 1 2229 5888 5891
19180 2 2 1 1 5891 5889 2232
19181 2 2 1 1 5894 5889 2237
19182 2 2 1 1 2233 4978 5890
19183 2 2 1 1 4202 7387 5890
19184 2 2 1 1 4977 5891 2232
19185 2 2 1 1 5891 5888 5889
19186 2 2 1 1 5889 5892 2237
19187 2 2 1 1 2237 5892 2236
19188 2 2 1 1 7173 5894 5893
19189 2 2 1 1 2268 7173 5893
19190 2 2 1 1 7481 4978 5894
19191 2 2 1 1 2234 5895 2238
19192 2 2 1 1 4980 5895 4976
19193 2 2 1 1 2238 5895 1590
19194 2 2 1 1 5004 2239 2238
19195 2 2 1 1 7475 5896 2242
19196 2 2 1 1 5898 5896 4974
19197 2 2 1 1 7475 2242 5897
19198 2 2 1 1 2243 5897 5901
19199 2 2 1 1 4987 5885 5896
19200 2 2 1 1 2242 5896 5898
19201 2 2 1 1 2244 2242 5898
19202 2 2 1 1 2244 5898 5899
19203 2 2 1 1 2244 5899 5904
19204 2 2 1 1 5899 5898 5886
19205 2 2 1 1 5900 2245 3671
19206 2 2 1 1 5900 4989 5901
19207 2 2 1 1 5900 5901 2245
19208 2 2 1 1 5901 4197 2245
19209 2 2 1 1 5904 5902 2246
19210 2 2 1 1 2246 5902 5906
19211 2 2 1 1 4198 5903 1713
19212 2 2 1 1 1713 5903 3672
19213 2 2 1 1 7384 5904 2246
19214 2 2 1 1 5904 5899 5902
19215 2 2 1 1 5906 5905 2233
19216 2 2 1 1 5905 4975 4977
19217 2 2 1 1 7387 5906 2233
19218 2 2 1 1 5906 5902 5905
19219 2 2 1 1 7172 5908 2264
19220 2 2 1 1 5907 4202 1662
19221 2 2 1 1 2265 7172 7390
19222 2 2 1 1 2265 7390 4235
19223 2 2 1 1 7172 7391 5907
19224 2 2 1 1 7170 7481 7173
19225 2 2 1 1 5907 1662 5908
19226 2 2 1 1 2268 5893 5910
19227 2 2 1 1 5910 5909 2272
19228 2 2 1 1 2272 5909 2276
19229 2 2 1 1 7395 5910 2272
19230 2 2 1 1 5910 5893 5909
19231 2 2 1 1 5909 5911 2276
19232 2 2 1 1 2276 5911 2241
19233 2 2 1 1 2289 113 5912
19234 2 2 1 1 5913 2272 2276
19235 2 2 1 1 4995 2272 5913
19236 2 2 1 1 2280 4245 5914
19237 2 2 1 1 7183 2280 5914
19238 2 2 1 1 2285 5916 5915
19239 2 2 1 1 5921 2285 5915
19240 2 2 1 1 2285 7183 5916
19241 2 2 1 1 5915 5916 2284
19242 2 2 1 1 5919 7107 2277
19243 2 2 1 1 4245 1576 5917
19244 2 2 1 1 2289 5912 5918
19245 2 2 1 1 2289 5918 2292
19246 2 2 1 1 5919 5917 7107
19247 2 2 1 1 2294 4257 5920
19248 2 2 1 1 7186 2294 5920
19249 2 2 1 1 2299 5921 5923
19250 2 2 1 1 2299 7186 5921
19251 2 2 1 1 5923 5921 5915
19252 2 2 1 1 5923 1533 2304
19253 2 2 1 1 2304 1533 2293
19254 2 2 1 1 2305 5000 5922
19255 2 2 1 1 2313 2305 5922
19256 2 2 1 1 4999 5923 2304
19257 2 2 1 1 5011 2302 2308
19258 2 2 1 1 5924 1530 3718
19259 2 2 1 1 4261 1530 5924
19260 2 2 1 1 2310 3726 7410
19261 2 2 1 1 5925 3721 1506
19262 2 2 1 1 5926 7410 5925
19263 2 2 1 1 5002 2308 2288
19264 2 2 1 1 5926 1506 2311
19265 2 2 1 1 5926 5925 1506
19266 2 2 1 1 562 7313 6197
19267 2 2 1 1 5927 2310 2311
19268 2 2 1 1 5928 2310 5927
19269 2 2 1 1 5001 2310 5928
19270 2 2 1 1 2311 5929 5930
19271 2 2 1 1 5929 4998 4999
19272 2 2 1 1 5003 5930 2305
19273 2 2 1 1 5930 5929 2305
19274 2 2 1 1 2319 2318 5931
19275 2 2 1 1 7039 2319 5931
19276 2 2 1 1 2326 2323 5009
19277 2 2 1 1 2328 2325 5010
19278 2 2 1 1 5012 2327 2326
19279 2 2 1 1 5028 5932 5728
19280 2 2 1 1 622 5033 5933
19281 2 2 1 1 5478 5825 6659
19282 2 2 1 1 2332 2330 5035
19283 2 2 1 1 2335 2332 5040
19284 2 2 1 1 2333 5937 2336
19285 2 2 1 1 7274 3140 5836
19286 2 2 1 1 6645 5935 571
19287 2 2 1 1 571 5935 5041
19288 2 2 1 1 2338 5937 5936
19289 2 2 1 1 2338 5936 2339
19290 2 2 1 1 5936 5937 2335
19291 2 2 1 1 5836 3140 4517
19292 2 2 1 1 2340 5044 5938
19293 2 2 1 1 2340 6675 3165
19294 2 2 1 1 5050 5939 691
19295 2 2 1 1 5939 5040 691
19296 2 2 1 1 5940 711 5054
19297 2 2 1 1 5940 5050 5051
19298 2 2 1 1 2344 5054 5053
19299 2 2 1 1 2344 5941 2345
19300 2 2 1 1 5942 5941 5060
19301 2 2 1 1 2345 5941 720
19302 2 2 1 1 5942 2346 2347
19303 2 2 1 1 5942 5060 769
19304 2 2 1 1 5942 769 2346
19305 2 2 1 1 2346 5943 2348
19306 2 2 1 1 5943 5059 5063
19307 2 2 1 1 2348 5943 794
19308 2 2 1 1 2349 5944 2351
19309 2 2 1 1 5944 5064 5065
19310 2 2 1 1 2351 5944 827
19311 2 2 1 1 2354 5945 864
19312 2 2 1 1 5070 5945 5066
19313 2 2 1 1 2354 2352 5945
19314 2 2 1 1 2356 5072 2355
19315 2 2 1 1 2357 5946 2359
19316 2 2 1 1 5076 5946 5073
19317 2 2 1 1 2359 5946 979
19318 2 2 1 1 2362 2360 5077
19319 2 2 1 1 2366 2365 5947
19320 2 2 1 1 2366 5947 5682
19321 2 2 1 1 2371 2370 5948
19322 2 2 1 1 2371 5948 5951
19323 2 2 1 1 5951 5949 2374
19324 2 2 1 1 2374 5949 5954
19325 2 2 1 1 2375 5950 7059
19326 2 2 1 1 910 5950 3727
19327 2 2 1 1 5080 5951 2374
19328 2 2 1 1 5951 5948 5949
19329 2 2 1 1 5954 5952 2378
19330 2 2 1 1 2378 5952 2380
19331 2 2 1 1 4264 5953 956
19332 2 2 1 1 956 5953 5082
19333 2 2 1 1 7411 5954 2378
19334 2 2 1 1 5954 5949 5952
19335 2 2 1 1 2376 2369 5955
19336 2 2 1 1 1059 5955 3630
19337 2 2 1 1 1059 2376 5955
19338 2 2 1 1 5952 977 2380
19339 2 2 1 1 2380 977 2373
19340 2 2 1 1 5959 5083 5957
19341 2 2 1 1 2381 5083 5959
19342 2 2 1 1 5956 2378 2380
19343 2 2 1 1 5082 5953 5956
19344 2 2 1 1 5959 5957 2383
19345 2 2 1 1 2383 5957 2385
19346 2 2 1 1 4265 5958 1003
19347 2 2 1 1 1003 5958 5085
19348 2 2 1 1 7412 5959 2383
19349 2 2 1 1 5957 1022 2385
19350 2 2 1 1 2385 1022 2389
19351 2 2 1 1 2386 5087 5960
19352 2 2 1 1 5965 2386 5960
19353 2 2 1 1 5961 2383 2385
19354 2 2 1 1 5085 5958 5961
19355 2 2 1 1 2384 4265 5962
19356 2 2 1 1 7190 2384 5962
19357 2 2 1 1 7164 4266 7413
19358 2 2 1 1 4628 7750 7164
19359 2 2 1 1 4267 7414 2391
19360 2 2 1 1 7417 7414 4269
19361 2 2 1 1 5963 2394 3731
19362 2 2 1 1 5963 7417 2394
19363 2 2 1 1 2394 4269 5964
19364 2 2 1 1 7191 2394 5964
19365 2 2 1 1 2396 5965 5960
19366 2 2 1 1 5974 2396 5960
19367 2 2 1 1 2396 7191 5965
19368 2 2 1 1 7418 1048 5969
19369 2 2 1 1 7192 2395 5966
19370 2 2 1 1 2398 5968 5967
19371 2 2 1 1 2398 5967 4272
19372 2 2 1 1 5969 1048 4270
19373 2 2 1 1 5966 7418 5969
19374 2 2 1 1 2400 5092 7428
19375 2 2 1 1 4281 2400 7428
19376 2 2 1 1 2400 3733 7421
19377 2 2 1 1 2400 7421 5092
19378 2 2 1 1 2399 4270 5970
19379 2 2 1 1 2404 2399 5970
19380 2 2 1 1 7470 7160 3634
19381 2 2 1 1 2404 5970 5971
19382 2 2 1 1 2403 7425 5972
19383 2 2 1 1 2407 2403 5972
19384 2 2 1 1 2407 5974 5973
19385 2 2 1 1 2407 5972 5974
19386 2 2 1 1 5973 5974 5960
19387 2 2 1 1 2408 4277 7427
19388 2 2 1 1 7193 2408 7427
19389 2 2 1 1 2410 4281 7428
19390 2 2 1 1 4302 7431 7428
19391 2 2 1 1 4305 7440 7441
19392 2 2 1 1 2425 4305 7441
19393 2 2 1 1 4146 5976 1134
19394 2 2 1 1 1134 5976 3761
19395 2 2 1 1 2426 3759 5977
19396 2 2 1 1 5978 2432 2433
19397 2 2 1 1 5978 5110 5111
19398 2 2 1 1 5978 1275 2432
19399 2 2 1 1 2435 5112 2434
19400 2 2 1 1 5113 5979 1334
19401 2 2 1 1 5979 5111 5773
19402 2 2 1 1 2440 5980 2443
19403 2 2 1 1 1296 5980 2447
19404 2 2 1 1 2443 5980 1296
19405 2 2 1 1 2445 2444 5981
19406 2 2 1 1 2445 5981 5998
19407 2 2 1 1 2447 5980 2446
19408 2 2 1 1 1296 2447 5982
19409 2 2 1 1 5982 2447 2106
19410 2 2 1 1 5985 2160 1285
19411 2 2 1 1 5985 2448 2160
19412 2 2 1 1 2450 5986 5116
19413 2 2 1 1 5990 5986 4894
19414 2 2 1 1 2452 5117 5987
19415 2 2 1 1 5116 5986 2451
19416 2 2 1 1 2449 6479 2453
19417 2 2 1 1 6616 6617 4880
19418 2 2 1 1 2443 5999 1252
19419 2 2 1 1 2451 5986 5990
19420 2 2 1 1 5992 2451 5990
19421 2 2 1 1 2454 5992 5991
19422 2 2 1 1 7443 5991 3651
19423 2 2 1 1 2454 5117 5992
19424 2 2 1 1 5991 5992 5858
19425 2 2 1 1 5993 2171 4169
19426 2 2 1 1 5993 3762 7443
19427 2 2 1 1 5987 5994 2456
19428 2 2 1 1 2456 5994 4312
19429 2 2 1 1 2457 5120 5995
19430 2 2 1 1 5119 5987 2456
19431 2 2 1 1 5121 5995 2461
19432 2 2 1 1 2465 2461 5995
19433 2 2 1 1 5121 2457 5995
19434 2 2 1 1 5998 5996 2463
19435 2 2 1 1 5996 5125 2463
19436 2 2 1 1 4124 5997 1132
19437 2 2 1 1 5997 4313 1132
19438 2 2 1 1 7451 5998 2463
19439 2 2 1 1 5998 5981 5996
19440 2 2 1 1 5124 5999 2461
19441 2 2 1 1 6624 7147 5860
19442 2 2 1 1 2465 6000 5125
19443 2 2 1 1 7843 2466 6000
19444 2 2 1 1 6001 2466 4313
19445 2 2 1 1 6001 5125 6000
19446 2 2 1 1 6001 6000 2466
19447 2 2 1 1 6002 2468 2469
19448 2 2 1 1 6002 5134 5136
19449 2 2 1 1 6002 1964 2468
19450 2 2 1 1 6004 2470 2471
19451 2 2 1 1 6004 5137 5139
19452 2 2 1 1 6004 1881 2470
19453 2 2 1 1 2476 2472 5144
19454 2 2 1 1 2480 2479 6007
19455 2 2 1 1 2480 6007 6010
19456 2 2 1 1 7145 6008 2482
19457 2 2 1 1 2482 6008 2484
19458 2 2 1 1 2483 6009 7453
19459 2 2 1 1 1812 6009 5147
19460 2 2 1 1 7145 6010 6008
19461 2 2 1 1 6010 6007 6008
19462 2 2 1 1 6008 7001 2484
19463 2 2 1 1 4314 7452 1845
19464 2 2 1 1 1845 7452 5150
19465 2 2 1 1 2485 2482 6012
19466 2 2 1 1 2485 6012 4314
19467 2 2 1 1 7453 1812 4315
19468 2 2 1 1 7453 6009 1812
19469 2 2 1 1 7454 2486 3766
19470 2 2 1 1 7453 4315 2486
19471 2 2 1 1 7001 1847 2488
19472 2 2 1 1 2488 1847 2481
19473 2 2 1 1 2489 6575 6015
19474 2 2 1 1 6076 2489 6015
19475 2 2 1 1 2489 6016 6575
19476 2 2 1 1 5150 7452 6016
19477 2 2 1 1 2486 4315 6017
19478 2 2 1 1 7202 2486 6017
19479 2 2 1 1 2491 4316 7455
19480 2 2 1 1 2491 7455 7457
19481 2 2 1 1 4317 7457 2493
19482 2 2 1 1 4319 2493 7457
19483 2 2 1 1 4318 6018 1739
19484 2 2 1 1 7262 6018 3768
19485 2 2 1 1 5153 4319 6019
19486 2 2 1 1 2498 6019 4116
19487 2 2 1 1 4116 6020 1769
19488 2 2 1 1 6020 4396 1769
19489 2 2 1 1 6021 2496 2500
19490 2 2 1 1 5154 1877 6021
19491 2 2 1 1 2499 6022 2502
19492 2 2 1 1 6022 5131 5134
19493 2 2 1 1 7424 5218 2673
19494 2 2 1 1 2502 6022 1938
19495 2 2 1 1 2505 1938 2469
19496 2 2 1 1 1938 6002 2469
19497 2 2 1 1 2508 5167 2507
19498 2 2 1 1 2509 6024 2511
19499 2 2 1 1 6024 5165 5166
19500 2 2 1 1 2511 6024 1749
19501 2 2 1 1 2513 5169 2512
19502 2 2 1 1 2521 5171 2516
19503 2 2 1 1 2523 2522 6026
19504 2 2 1 1 2523 6026 6030
19505 2 2 1 1 2524 2518 6027
19506 2 2 1 1 7082 2871 7012
19507 2 2 1 1 6030 6028 2526
19508 2 2 1 1 2526 6028 6034
19509 2 2 1 1 7432 2526 7204
19510 2 2 1 1 6053 2527 6029
19511 2 2 1 1 5174 6030 2526
19512 2 2 1 1 6030 6026 6028
19513 2 2 1 1 2529 2528 6031
19514 2 2 1 1 2529 6031 6037
19515 2 2 1 1 6034 6032 2530
19516 2 2 1 1 6032 5175 5177
19517 2 2 1 1 3798 6033 1651
19518 2 2 1 1 6033 7205 1651
19519 2 2 1 1 7459 6034 2530
19520 2 2 1 1 6034 6028 6032
19521 2 2 1 1 6037 6035 2534
19522 2 2 1 1 2534 6035 6040
19523 2 2 1 1 6036 2534 7205
19524 2 2 1 1 6036 5177 6037
19525 2 2 1 1 6036 6037 2534
19526 2 2 1 1 6037 6031 6035
19527 2 2 1 1 6040 6038 2536
19528 2 2 1 1 2536 6038 2539
19529 2 2 1 1 4320 6039 1695
19530 2 2 1 1 1695 6039 5179
19531 2 2 1 1 7460 6040 2536
19532 2 2 1 1 6040 6035 6038
19533 2 2 1 1 2535 6041 2538
19534 2 2 1 1 6041 5158 5159
19535 2 2 1 1 1931 7857 5984
19536 2 2 1 1 2538 6041 1785
19537 2 2 1 1 6038 1700 2539
19538 2 2 1 1 2539 1700 2533
19539 2 2 1 1 2540 5180 7007
19540 2 2 1 1 7007 5187 2540
19541 2 2 1 1 6043 2536 2539
19542 2 2 1 1 5179 6039 6043
19543 2 2 1 1 2541 6044 2544
19544 2 2 1 1 5181 6044 5160
19545 2 2 1 1 2544 6044 1820
19546 2 2 1 1 2551 2478 6045
19547 2 2 1 1 2551 6045 5184
19548 2 2 1 1 2550 6046 2475
19549 2 2 1 1 6046 5142 5143
19550 2 2 1 1 2475 6046 1853
19551 2 2 1 1 5184 6618 2487
19552 2 2 1 1 6618 5148 2487
19553 2 2 1 1 2552 6048 7461
19554 2 2 1 1 6048 3766 1775
19555 2 2 1 1 5184 6045 6618
19556 2 2 1 1 7461 1775 4321
19557 2 2 1 1 7461 6048 1775
19558 2 2 1 1 7462 2553 3773
19559 2 2 1 1 7462 5185 2553
19560 2 2 1 1 5185 7461 2553
19561 2 2 1 1 7461 4321 2553
19562 2 2 1 1 6052 7466 2556
19563 2 2 1 1 6051 3773 1740
19564 2 2 1 1 2556 5186 6052
19565 2 2 1 1 5182 5186 2556
19566 2 2 1 1 6052 6051 7466
19567 2 2 1 1 7466 1740 4327
19568 2 2 1 1 6051 1740 7466
19569 2 2 1 1 7467 2559 3778
19570 2 2 1 1 7467 5187 2559
19571 2 2 1 1 5187 7466 2559
19572 2 2 1 1 7466 4327 2559
19573 2 2 1 1 2559 4327 7468
19574 2 2 1 1 7207 2559 7468
19575 2 2 1 1 2562 4332 7469
19576 2 2 1 1 7473 7469 4336
19577 2 2 1 1 7474 2565 3784
19578 2 2 1 1 7474 7473 2565
19579 2 2 1 1 4337 7476 2567
19580 2 2 1 1 4068 2567 7476
19581 2 2 1 1 4088 6057 1660
19582 2 2 1 1 7536 1660 6057
19583 2 2 1 1 2568 5189 7478
19584 2 2 1 1 2575 4351 6058
19585 2 2 1 1 7210 2575 6058
19586 2 2 1 1 7144 4357 7480
19587 2 2 1 1 7780 7144 3770
19588 2 2 1 1 4360 6060 2301
19589 2 2 1 1 6060 3722 2301
19590 2 2 1 1 4361 6061 1511
19591 2 2 1 1 6061 3725 1511
19592 2 2 1 1 4362 6062 2583
19593 2 2 1 1 2583 6062 7494
19594 2 2 1 1 7494 6063 2584
19595 2 2 1 1 2584 6063 4364
19596 2 2 1 1 6064 2584 3804
19597 2 2 1 1 6064 3801 7494
19598 2 2 1 1 2591 4375 6065
19599 2 2 1 1 7216 2591 6065
19600 2 2 1 1 4075 6067 1528
19601 2 2 1 1 1528 6067 3823
19602 2 2 1 1 4394 7507 2605
19603 2 2 1 1 6069 7507 5147
19604 2 2 1 1 2605 7507 6069
19605 2 2 1 1 3825 2605 6069
19606 2 2 1 1 6070 2485 4314
19607 2 2 1 1 6070 6069 2485
19608 2 2 1 1 7509 1845 6073
19609 2 2 1 1 2610 2607 6071
19610 2 2 1 1 2610 6071 6072
19611 2 2 1 1 2610 6072 4398
19612 2 2 1 1 6073 1845 4399
19613 2 2 1 1 6071 7509 6073
19614 2 2 1 1 6074 2611 3830
19615 2 2 1 1 6074 7514 2611
19616 2 2 1 1 2611 4399 6075
19617 2 2 1 1 7222 2611 6075
19618 2 2 1 1 5154 6076 6015
19619 2 2 1 1 2615 7222 6076
19620 2 2 1 1 2619 4411 7519
19621 2 2 1 1 7520 2619 7519
19622 2 2 1 1 6078 7515 1876
19623 2 2 1 1 2623 4419 6078
19624 2 2 1 1 5658 7124 3132
19625 2 2 1 1 6079 6078 2626
19626 2 2 1 1 7521 6079 3847
19627 2 2 1 1 3847 6079 2626
19628 2 2 1 1 5469 5934 3122
19629 2 2 1 1 3844 2623 6078
19630 2 2 1 1 2630 4131 4425
19631 2 2 1 1 6617 5989 6615
19632 2 2 1 1 6081 4428 7525
19633 2 2 1 1 6081 7225 7224
19634 2 2 1 1 1979 1937 5984
19635 2 2 1 1 2626 4424 6083
19636 2 2 1 1 7226 2626 6083
19637 2 2 1 1 6084 2631 5203
19638 2 2 1 1 6084 6083 2631
19639 2 2 1 1 6452 2968 2967
19640 2 2 1 1 6084 7226 6083
19641 2 2 1 1 6085 1907 4429
19642 2 2 1 1 6085 7521 1907
19643 2 2 1 1 4426 4431 7525
19644 2 2 1 1 465 6528 6711
19645 2 2 1 1 2628 3848 6087
19646 2 2 1 1 2628 6087 7530
19647 2 2 1 1 2631 7527 6088
19648 2 2 1 1 2501 2631 6088
19649 2 2 1 1 5154 2615 6076
19650 2 2 1 1 5154 6088 2615
19651 2 2 1 1 212 187 5498
19652 2 2 1 1 5455 187 212
19653 2 2 1 1 159 5451 5453
19654 2 2 1 1 5207 4883 1593
19655 2 2 1 1 7229 6090 4443
19656 2 2 1 1 4443 6090 4442
19657 2 2 1 1 2621 6091 4416
19658 2 2 1 1 4416 6091 4444
19659 2 2 1 1 6092 3857 7535
19660 2 2 1 1 3858 3857 6092
19661 2 2 1 1 6086 5432 3076
19662 2 2 1 1 7223 7593 1792
19663 2 2 1 1 6094 1068 4455
19664 2 2 1 1 4448 6325 6094
19665 2 2 1 1 6095 2648 4456
19666 2 2 1 1 6095 3865 7542
19667 2 2 1 1 2647 4453 6096
19668 2 2 1 1 7236 2647 6096
19669 2 2 1 1 2651 4457 7545
19670 2 2 1 1 7549 7545 4461
19671 2 2 1 1 6097 2654 3869
19672 2 2 1 1 6097 7549 2654
19673 2 2 1 1 2654 4461 6098
19674 2 2 1 1 7238 2654 6098
19675 2 2 1 1 6099 2656 926
19676 2 2 1 1 6099 6098 2656
19677 2 2 1 1 7106 6049 6050
19678 2 2 1 1 6099 7238 6098
19679 2 2 1 1 4462 7551 2658
19680 2 2 1 1 7554 7551 4463
19681 2 2 1 1 2656 7550 6103
19682 2 2 1 1 2660 6101 4464
19683 2 2 1 1 980 6102 3873
19684 2 2 1 1 7673 6103 2660
19685 2 2 1 1 6103 6101 2660
19686 2 2 1 1 6104 2662 3874
19687 2 2 1 1 6104 7554 2662
19688 2 2 1 1 2662 4463 6105
19689 2 2 1 1 7241 2662 6105
19690 2 2 1 1 6106 2665 876
19691 2 2 1 1 6106 6105 2665
19692 2 2 1 1 6054 4063 7780
19693 2 2 1 1 6106 7241 6105
19694 2 2 1 1 4466 6108 2667
19695 2 2 1 1 2667 6108 6117
19696 2 2 1 1 4467 6109 7424
19697 2 2 1 1 7424 6109 5218
19698 2 2 1 1 7558 2663 4466
19699 2 2 1 1 2665 7557 6111
19700 2 2 1 1 5216 2665 6111
19701 2 2 1 1 2669 6112 6118
19702 2 2 1 1 6112 6099 926
19703 2 2 1 1 6114 6119 2670
19704 2 2 1 1 6119 6106 876
19705 2 2 1 1 2671 5219 6113
19706 2 2 1 1 2678 2671 6113
19707 2 2 1 1 5217 6114 2670
19708 2 2 1 1 6117 6115 2672
19709 2 2 1 1 6116 2672 3875
19710 2 2 1 1 6116 5218 6117
19711 2 2 1 1 6116 6117 2672
19712 2 2 1 1 6117 6108 6115
19713 2 2 1 1 6118 926 6122
19714 2 2 1 1 6118 6112 926
19715 2 2 1 1 6114 6106 6119
19716 2 2 1 1 7133 6120 2671
19717 2 2 1 1 6120 5214 5217
19718 2 2 1 1 6113 822 5742
19719 2 2 1 1 2678 7133 2671
19720 2 2 1 1 3875 2672 6121
19721 2 2 1 1 6122 5212 2661
19722 2 2 1 1 2684 2661 980
19723 2 2 1 1 2661 6102 980
19724 2 2 1 1 2690 2689 6123
19725 2 2 1 1 2690 6123 7141
19726 2 2 1 1 6998 6056 4569
19727 2 2 1 1 5228 2685 2691
19728 2 2 1 1 2692 2686 5221
19729 2 2 1 1 2687 2693 6126
19730 2 2 1 1 5222 5236 6126
19731 2 2 1 1 762 2687 6126
19732 2 2 1 1 7560 2699 3873
19733 2 2 1 1 6128 2664 4465
19734 2 2 1 1 6128 3876 7560
19735 2 2 1 1 2702 6129 2703
19736 2 2 1 1 6131 6129 5228
19737 2 2 1 1 2703 6129 6131
19738 2 2 1 1 6089 5430 3072
19739 2 2 1 1 6547 3047 5428
19740 2 2 1 1 969 6131 2704
19741 2 2 1 1 4899 6133 1043
19742 2 2 1 1 6133 2717 7153
19743 2 2 1 1 5232 2707 2688
19744 2 2 1 1 3311 6066 6059
19745 2 2 1 1 2709 2708 5233
19746 2 2 1 1 3307 6872 6068
19747 2 2 1 1 2710 2711 4904
19748 2 2 1 1 5576 3300 6077
19749 2 2 1 1 2713 5245 2712
19750 2 2 1 1 2714 6136 2716
19751 2 2 1 1 5246 6136 5244
19752 2 2 1 1 2716 6136 582
19753 2 2 1 1 2700 1034 6138
19754 2 2 1 1 2705 5253 6138
19755 2 2 1 1 6139 2718 2719
19756 2 2 1 1 6139 5267 5269
19757 2 2 1 1 3292 6082 6852
19758 2 2 1 1 6139 521 2718
19759 2 2 1 1 1493 1549 7531
19760 2 2 1 1 2721 5268 2720
19761 2 2 1 1 5270 6141 2722
19762 2 2 1 1 6141 2723 2724
19763 2 2 1 1 2734 2720 6143
19764 2 2 1 1 6143 5266 5267
19765 2 2 1 1 501 2734 6143
19766 2 2 1 1 6805 414 6145
19767 2 2 1 1 2739 5271 6145
19768 2 2 1 1 6147 7823 6146
19769 2 2 1 1 2739 6146 6154
19770 2 2 1 1 2739 6145 6147
19771 2 2 1 1 2739 6147 6146
19772 2 2 1 1 2731 6148 2740
19773 2 2 1 1 6148 5271 5273
19774 2 2 1 1 7824 414 7819
19775 2 2 1 1 2745 7823 6149
19776 2 2 1 1 6151 2744 6150
19777 2 2 1 1 7562 6150 3880
19778 2 2 1 1 2745 6149 6151
19779 2 2 1 1 2745 6151 6150
19780 2 2 1 1 6154 6152 2746
19781 2 2 1 1 2746 6152 6157
19782 2 2 1 1 6153 2746 407
19783 2 2 1 1 6153 5273 6154
19784 2 2 1 1 6153 6154 2746
19785 2 2 1 1 6154 6146 6152
19786 2 2 1 1 6157 6155 2747
19787 2 2 1 1 7126 6155 6160
19788 2 2 1 1 6165 6156 367
19789 2 2 1 1 367 6156 5275
19790 2 2 1 1 7816 6157 2747
19791 2 2 1 1 6157 6152 6155
19792 2 2 1 1 2725 6158 2749
19793 2 2 1 1 6158 5265 5278
19794 2 2 1 1 2749 6158 555
19795 2 2 1 1 7126 6160 2752
19796 2 2 1 1 6160 3879 2752
19797 2 2 1 1 6161 2752 7563
19798 2 2 1 1 6161 7126 2752
19799 2 2 1 1 6162 2747 7126
19800 2 2 1 1 5275 6156 6162
19801 2 2 1 1 2748 6156 6165
19802 2 2 1 1 2754 6163 4468
19803 2 2 1 1 2755 7420 6168
19804 2 2 1 1 5151 1625 1607
19805 2 2 1 1 7420 6165 2754
19806 2 2 1 1 6165 6163 2754
19807 2 2 1 1 5424 5409 3013
19808 2 2 1 1 2758 6166 6169
19809 2 2 1 1 428 7820 5276
19810 2 2 1 1 2742 2741 2758
19811 2 2 1 1 2741 6166 2758
19812 2 2 1 1 6169 6167 2755
19813 2 2 1 1 6167 7420 2755
19814 2 2 1 1 2759 7814 386
19815 2 2 1 1 6168 6164 386
19816 2 2 1 1 5276 6169 7814
19817 2 2 1 1 6169 6166 6167
19818 2 2 1 1 2761 2744 6170
19819 2 2 1 1 6170 7403 5290
19820 2 2 1 1 6170 7819 2760
19821 2 2 1 1 3350 6100 6925
19822 2 2 1 1 6170 2744 7819
19823 2 2 1 1 6172 2762 4471
19824 2 2 1 1 6172 7562 2762
19825 2 2 1 1 6834 6107 6962
19826 2 2 1 1 2763 5278 573
19827 2 2 1 1 7819 414 6173
19828 2 2 1 1 6175 2760 6173
19829 2 2 1 1 6175 2738 6174
19830 2 2 1 1 6174 5279 2770
19831 2 2 1 1 2766 2760 6175
19832 2 2 1 1 2766 6175 6174
19833 2 2 1 1 2767 461 6176
19834 2 2 1 1 2770 5279 6176
19835 2 2 1 1 2770 2769 6177
19836 2 2 1 1 6181 6177 6180
19837 2 2 1 1 6176 461 7118
19838 2 2 1 1 6179 5280 6705
19839 2 2 1 1 6192 6179 5297
19840 2 2 1 1 6181 6180 2772
19841 2 2 1 1 2772 6180 6184
19842 2 2 1 1 6181 2772 401
19843 2 2 1 1 6181 2770 6177
19844 2 2 1 1 6184 6182 2773
19845 2 2 1 1 2773 6182 6187
19846 2 2 1 1 2774 2773 6183
19847 2 2 1 1 2774 6183 6190
19848 2 2 1 1 2774 6184 2773
19849 2 2 1 1 6184 6180 6182
19850 2 2 1 1 6187 6185 2775
19851 2 2 1 1 6191 6185 5280
19852 2 2 1 1 2776 7406 6186
19853 2 2 1 1 6196 7077 7809
19854 2 2 1 1 2776 6187 7406
19855 2 2 1 1 6187 6182 6185
19856 2 2 1 1 6190 6188 2777
19857 2 2 1 1 2777 6188 6199
19858 2 2 1 1 2778 2777 6189
19859 2 2 1 1 6201 7099 6200
19860 2 2 1 1 5283 6190 2777
19861 2 2 1 1 6190 6183 6188
19862 2 2 1 1 2775 6185 6191
19863 2 2 1 1 2779 5284 7095
19864 2 2 1 1 2781 5285 7759
19865 2 2 1 1 2781 5286 6193
19866 2 2 1 1 2781 6193 7080
19867 2 2 1 1 7080 6193 7085
19868 2 2 1 1 7080 2784 6194
19869 2 2 1 1 2785 6194 6272
19870 2 2 1 1 7077 6186 7809
19871 2 2 1 1 3063 353 3081
19872 2 2 1 1 7613 6195 4474
19873 2 2 1 1 359 6132 5423
19874 2 2 1 1 7076 5288 6196
19875 2 2 1 1 6199 6188 7074
19876 2 2 1 1 7265 3904 7074
19877 2 2 1 1 2789 6198 6223
19878 2 2 1 1 6198 4473 339
19879 2 2 1 1 5289 6199 7405
19880 2 2 1 1 7074 6188 7265
19881 2 2 1 1 6201 6200 2790
19882 2 2 1 1 2790 6200 6205
19883 2 2 1 1 6201 2790 5277
19884 2 2 1 1 6201 6202 7099
19885 2 2 1 1 5290 7416 6202
19886 2 2 1 1 6205 6203 2791
19887 2 2 1 1 2791 6203 6208
19888 2 2 1 1 2792 6204 7565
19889 2 2 1 1 336 6204 5292
19890 2 2 1 1 5291 6205 2791
19891 2 2 1 1 6205 6200 6203
19892 2 2 1 1 6208 6206 2793
19893 2 2 1 1 2793 6206 6224
19894 2 2 1 1 2794 2793 6207
19895 2 2 1 1 2794 6207 7062
19896 2 2 1 1 2794 6208 2793
19897 2 2 1 1 6208 6203 6206
19898 2 2 1 1 4472 6209 2795
19899 2 2 1 1 2795 6209 6213
19900 2 2 1 1 4471 6210 7402
19901 2 2 1 1 7402 6210 5294
19902 2 2 1 1 6213 6211 2796
19903 2 2 1 1 2796 6211 6216
19904 2 2 1 1 2797 2796 6212
19905 2 2 1 1 2797 6212 6219
19906 2 2 1 1 2797 6213 2796
19907 2 2 1 1 6213 6209 6211
19908 2 2 1 1 6216 6214 2798
19909 2 2 1 1 6214 5292 5302
19910 2 2 1 1 6215 2798 6234
19911 2 2 1 1 6215 5295 6216
19912 2 2 1 1 6215 6216 2798
19913 2 2 1 1 6216 6211 6214
19914 2 2 1 1 6219 6217 2800
19915 2 2 1 1 2800 6217 4475
19916 2 2 1 1 6280 6218 331
19917 2 2 1 1 331 6218 3882
19918 2 2 1 1 255 7810 5468
19919 2 2 1 1 6219 6212 6217
19920 2 2 1 1 67 6003 6255
19921 2 2 1 1 2802 2771 2765
19922 2 2 1 1 6316 2771 2802
19923 2 2 1 1 6224 6222 2789
19924 2 2 1 1 6222 5289 2789
19925 2 2 1 1 2803 6223 339
19926 2 2 1 1 6223 6198 339
19927 2 2 1 1 5298 6224 7400
19928 2 2 1 1 6224 6206 6222
19929 2 2 1 1 2803 6225 6227
19930 2 2 1 1 2804 6225 6230
19931 2 2 1 1 2805 6226 305
19932 2 2 1 1 305 6226 5300
19933 2 2 1 1 5299 6227 2804
19934 2 2 1 1 6227 6225 2804
19935 2 2 1 1 6230 6228 2806
19936 2 2 1 1 7567 6228 4473
19937 2 2 1 1 2807 5309 6229
19938 2 2 1 1 5371 6265 6229
19939 2 2 1 1 2807 6230 2806
19940 2 2 1 1 6230 6225 6228
19941 2 2 1 1 2805 6231 7055
19942 2 2 1 1 2808 6231 6260
19943 2 2 1 1 2809 6232 6237
19944 2 2 1 1 290 6232 5311
19945 2 2 1 1 7055 6231 2808
19946 2 2 1 1 6235 6233 2810
19947 2 2 1 1 2810 6233 6238
19948 2 2 1 1 2798 6235 6234
19949 2 2 1 1 5305 6215 6234
19950 2 2 1 1 6234 6235 2810
19951 2 2 1 1 7062 6207 6233
19952 2 2 1 1 6238 6236 2809
19953 2 2 1 1 6236 5301 2809
19954 2 2 1 1 2811 6237 290
19955 2 2 1 1 6237 6232 290
19956 2 2 1 1 6238 6233 6236
19957 2 2 1 1 2811 290 6239
19958 2 2 1 1 7015 7199 6240
19959 2 2 1 1 7051 6239 6241
19960 2 2 1 1 2812 6241 6240
19961 2 2 1 1 6241 6239 6244
19962 2 2 1 1 6249 6242 5311
19963 2 2 1 1 2814 7799 7049
19964 2 2 1 1 256 6243 5307
19965 2 2 1 1 7799 6244 2813
19966 2 2 1 1 6244 6242 2813
19967 2 2 1 1 7201 288 6245
19968 2 2 1 1 2799 2816 6245
19969 2 2 1 1 6247 2815 6648
19970 2 2 1 1 6246 5295 2799
19971 2 2 1 1 2799 6245 6247
19972 2 2 1 1 2799 6247 6246
19973 2 2 1 1 5323 2818 2820
19974 2 2 1 1 2813 6242 6249
19975 2 2 1 1 7389 2813 6249
19976 2 2 1 1 6251 2823 6259
19977 2 2 1 1 2824 6250 6659
19978 2 2 1 1 2824 6249 6251
19979 2 2 1 1 2824 6251 6250
19980 2 2 1 1 6640 6252 5479
19981 2 2 1 1 2826 5472 6253
19982 2 2 1 1 7707 6253 4533
19983 2 2 1 1 5308 7049 7386
19984 2 2 1 1 7386 6252 2825
19985 2 2 1 1 6254 2827 4474
19986 2 2 1 1 6254 7567 2827
19987 2 2 1 1 6703 7085 5315
19988 2 2 1 1 6256 2829 7376
19989 2 2 1 1 6256 7035 2829
19990 2 2 1 1 5310 2784 7035
19991 2 2 1 1 4475 6257 2830
19992 2 2 1 1 6649 6257 2815
19993 2 2 1 1 6260 6258 2832
19994 2 2 1 1 2832 6258 6263
19995 2 2 1 1 2823 6260 6259
19996 2 2 1 1 6250 6251 6259
19997 2 2 1 1 6259 6260 2832
19998 2 2 1 1 6260 6231 6258
19999 2 2 1 1 6263 6261 7033
20000 2 2 1 1 6264 6261 5300
20001 2 2 1 1 2834 2833 6262
20002 2 2 1 1 2834 6262 6268
20003 2 2 1 1 2834 6263 2833
20004 2 2 1 1 6263 6258 6261
20005 2 2 1 1 7033 6261 6264
20006 2 2 1 1 2835 5313 6265
20007 2 2 1 1 6265 7028 6229
20008 2 2 1 1 6265 6264 7028
20009 2 2 1 1 3041 6142 6537
20010 2 2 1 1 6268 6266 2836
20011 2 2 1 1 2836 6266 6404
20012 2 2 1 1 6267 2836 267
20013 2 2 1 1 6267 5314 6268
20014 2 2 1 1 6267 6268 2836
20015 2 2 1 1 6268 6262 6266
20016 2 2 1 1 2839 2838 6269
20017 2 2 1 1 5983 2001 6159
20018 2 2 1 1 6272 6270 2840
20019 2 2 1 1 2840 6270 6275
20020 2 2 1 1 2786 6272 6271
20021 2 2 1 1 7076 6196 6271
20022 2 2 1 1 6271 6272 2840
20023 2 2 1 1 6272 6194 6270
20024 2 2 1 1 6275 6273 2841
20025 2 2 1 1 2841 6273 6278
20026 2 2 1 1 2842 2841 6274
20027 2 2 1 1 7570 6274 3890
20028 2 2 1 1 2842 6275 2841
20029 2 2 1 1 6275 6270 6273
20030 2 2 1 1 6278 6276 2843
20031 2 2 1 1 5310 6310 6276
20032 2 2 1 1 2844 6277 6392
20033 2 2 1 1 7009 383 6277
20034 2 2 1 1 5318 6278 7379
20035 2 2 1 1 6278 6273 6276
20036 2 2 1 1 6279 2845 4477
20037 2 2 1 1 6279 3883 7570
20038 2 2 1 1 2801 6218 6280
20039 2 2 1 1 2753 5319 6282
20040 2 2 1 1 6282 2846 7247
20041 2 2 1 1 6282 6280 2846
20042 2 2 1 1 3039 2970 6532
20043 2 2 1 1 6282 2801 6280
20044 2 2 1 1 4478 6283 2847
20045 2 2 1 1 2847 6283 4479
20046 2 2 1 1 4469 5224 343
20047 2 2 1 1 6178 3028 5415
20048 2 2 1 1 3029 5414 6769
20049 2 2 1 1 1682 1592 7540
20050 2 2 1 1 5563 3260 6125
20051 2 2 1 1 5320 2820 2764
20052 2 2 1 1 531 5320 6286
20053 2 2 1 1 531 6286 5321
20054 2 2 1 1 580 5322 6287
20055 2 2 1 1 6287 5759 580
20056 2 2 1 1 6288 547 5326
20057 2 2 1 1 6288 5324 547
20058 2 2 1 1 3846 6499 7225
20059 2 2 1 1 2851 5326 2850
20060 2 2 1 1 6290 5324 5325
20061 2 2 1 1 2853 6709 2856
20062 2 2 1 1 2859 488 6292
20063 2 2 1 1 2862 5330 6292
20064 2 2 1 1 2862 2861 6293
20065 2 2 1 1 6299 6293 6297
20066 2 2 1 1 2864 5331 6294
20067 2 2 1 1 2864 5338 6318
20068 2 2 1 1 6488 6281 6487
20069 2 2 1 1 2864 6294 5338
20070 2 2 1 1 1572 6220 1727
20071 2 2 1 1 6298 6297 2865
20072 2 2 1 1 2865 6297 6302
20073 2 2 1 1 6298 2865 5495
20074 2 2 1 1 6299 2862 6293
20075 2 2 1 1 2866 6299 6298
20076 2 2 1 1 6298 6299 6297
20077 2 2 1 1 6302 6300 2867
20078 2 2 1 1 2867 6300 6305
20079 2 2 1 1 2868 6301 7020
20080 2 2 1 1 7020 6301 7378
20081 2 2 1 1 5332 6302 2867
20082 2 2 1 1 6302 6297 6300
20083 2 2 1 1 6305 6303 2869
20084 2 2 1 1 6303 5331 5339
20085 2 2 1 1 2870 6997 6304
20086 2 2 1 1 7581 6304 3886
20087 2 2 1 1 2870 6305 6997
20088 2 2 1 1 6305 6300 6303
20089 2 2 1 1 7009 7377 383
20090 2 2 1 1 2871 2868 7020
20091 2 2 1 1 5334 2868 6306
20092 2 2 1 1 2873 6308 6315
20093 2 2 1 1 7012 6307 6309
20094 2 2 1 1 2873 6309 6308
20095 2 2 1 1 6256 6588 6310
20096 2 2 1 1 6310 6993 6276
20097 2 2 1 1 287 5396 6472
20098 2 2 1 1 6309 6307 6312
20099 2 2 1 1 5350 6311 400
20100 2 2 1 1 6311 4483 400
20101 2 2 1 1 5336 6312 2874
20102 2 2 1 1 6312 7119 2874
20103 2 2 1 1 6315 6313 2876
20104 2 2 1 1 6313 5353 5355
20105 2 2 1 1 5538 6737 5537
20106 2 2 1 1 7518 6315 2876
20107 2 2 1 1 6315 6308 6313
20108 2 2 1 1 3966 7617 3965
20109 2 2 1 1 4469 7248 5224
20110 2 2 1 1 2878 2863 6042
20111 2 2 1 1 5338 2863 2878
20112 2 2 1 1 7375 6318 2881
20113 2 2 1 1 440 6997 6317
20114 2 2 1 1 6317 7375 2881
20115 2 2 1 1 5402 6281 2985
20116 2 2 1 1 4176 4175 1418
20117 2 2 1 1 2883 5340 2881
20118 2 2 1 1 2883 2882 6319
20119 2 2 1 1 2449 5115 6479
20120 2 2 1 1 1914 6014 7398
20121 2 2 1 1 6470 312 7347
20122 2 2 1 1 2888 5343 6321
20123 2 2 1 1 2888 6321 4482
20124 2 2 1 1 5341 6319 2887
20125 2 2 1 1 5342 6319 470
20126 2 2 1 1 2886 503 6322
20127 2 2 1 1 2892 5342 6322
20128 2 2 1 1 2892 2891 6323
20129 2 2 1 1 6327 2892 6323
20130 2 2 1 1 2453 6479 5121
20131 2 2 1 1 7738 1571 6296
20132 2 2 1 1 6779 3185 6777
20133 2 2 1 1 6327 2887 7785
20134 2 2 1 1 2893 6327 6326
20135 2 2 1 1 2893 6326 6330
20136 2 2 1 1 2893 5343 6327
20137 2 2 1 1 6326 6327 6323
20138 2 2 1 1 6330 6328 2894
20139 2 2 1 1 2894 6328 6333
20140 2 2 1 1 2895 2894 6329
20141 2 2 1 1 2895 6329 6336
20142 2 2 1 1 2895 6330 2894
20143 2 2 1 1 6330 6326 6328
20144 2 2 1 1 6333 6331 2896
20145 2 2 1 1 6412 6331 5347
20146 2 2 1 1 6622 6332 449
20147 2 2 1 1 449 6332 5375
20148 2 2 1 1 7782 6333 2896
20149 2 2 1 1 6333 6328 6331
20150 2 2 1 1 6336 6334 6966
20151 2 2 1 1 6966 6334 6424
20152 2 2 1 1 2898 7776 6335
20153 2 2 1 1 2905 5349 6335
20154 2 2 1 1 5346 6336 7373
20155 2 2 1 1 6336 6329 6334
20156 2 2 1 1 7783 503 7273
20157 2 2 1 1 2902 2891 6337
20158 2 2 1 1 6339 2901 7625
20159 2 2 1 1 6411 6412 6338
20160 2 2 1 1 2902 6337 6339
20161 2 2 1 1 2902 6339 6338
20162 2 2 1 1 4482 6340 2903
20163 2 2 1 1 2903 6340 6344
20164 2 2 1 1 4483 6341 400
20165 2 2 1 1 400 6341 5349
20166 2 2 1 1 6344 6342 2898
20167 2 2 1 1 6342 5344 5346
20168 2 2 1 1 2905 6335 6343
20169 2 2 1 1 2905 6343 6347
20170 2 2 1 1 5349 6344 2898
20171 2 2 1 1 6344 6340 6342
20172 2 2 1 1 6347 6345 2906
20173 2 2 1 1 2906 6345 6350
20174 2 2 1 1 2907 2906 6346
20175 2 2 1 1 2907 6346 6353
20176 2 2 1 1 2907 6347 2906
20177 2 2 1 1 6347 6343 6345
20178 2 2 1 1 6350 6348 2908
20179 2 2 1 1 6371 6348 5379
20180 2 2 1 1 2909 2908 6349
20181 2 2 1 1 2909 6349 6376
20182 2 2 1 1 2909 6350 2908
20183 2 2 1 1 6350 6345 6348
20184 2 2 1 1 6353 6351 2910
20185 2 2 1 1 2910 6351 6356
20186 2 2 1 1 2875 6353 6352
20187 2 2 1 1 6352 5336 2875
20188 2 2 1 1 6352 6353 2910
20189 2 2 1 1 6353 6346 6351
20190 2 2 1 1 6356 6354 2911
20191 2 2 1 1 2911 6354 6359
20192 2 2 1 1 2912 2911 6355
20193 2 2 1 1 2912 6355 6362
20194 2 2 1 1 2912 6356 2911
20195 2 2 1 1 6356 6351 6354
20196 2 2 1 1 6359 6357 2913
20197 2 2 1 1 2914 2913 6358
20198 2 2 1 1 7578 6358 3902
20199 2 2 1 1 2914 6359 2913
20200 2 2 1 1 6359 6354 6357
20201 2 2 1 1 6362 6360 2915
20202 2 2 1 1 2915 6360 2916
20203 2 2 1 1 6316 5297 2771
20204 2 2 1 1 6314 2915 6364
20205 2 2 1 1 6314 6362 2915
20206 2 2 1 1 6362 6355 6360
20207 2 2 1 1 6360 7577 2916
20208 2 2 1 1 2916 7577 4484
20209 2 2 1 1 6363 7250 316
20210 2 2 1 1 6363 2915 2916
20211 2 2 1 1 6364 2915 6363
20212 2 2 1 1 4484 7577 2918
20213 2 2 1 1 7577 3888 2918
20214 2 2 1 1 4485 7579 301
20215 2 2 1 1 7579 4486 301
20216 2 2 1 1 6461 6291 6459
20217 2 2 1 1 1751 1722 1768
20218 2 2 1 1 2917 316 6368
20219 2 2 1 1 6954 5357 6368
20220 2 2 1 1 6954 2920 7603
20221 2 2 1 1 2936 2921 6369
20222 2 2 1 1 3433 5684 7788
20223 2 2 1 1 2921 6954 6369
20224 2 2 1 1 6518 6348 6371
20225 2 2 1 1 2923 5358 6373
20226 2 2 1 1 6373 6371 6952
20227 2 2 1 1 6295 5389 2968
20228 2 2 1 1 6518 2908 6348
20229 2 2 1 1 6376 6374 2924
20230 2 2 1 1 2924 6374 6379
20231 2 2 1 1 7365 6376 2924
20232 2 2 1 1 6358 2913 6375
20233 2 2 1 1 6375 7365 2924
20234 2 2 1 1 6376 6349 6374
20235 2 2 1 1 6379 6377 6951
20236 2 2 1 1 6951 6377 6380
20237 2 2 1 1 2926 2925 6378
20238 2 2 1 1 2926 6378 6385
20239 2 2 1 1 2926 6379 2925
20240 2 2 1 1 6379 6374 6377
20241 2 2 1 1 6382 6380 2927
20242 2 2 1 1 5358 2923 6935
20243 2 2 1 1 6381 2927 6439
20244 2 2 1 1 6381 6382 2927
20245 2 2 1 1 6382 6951 6380
20246 2 2 1 1 5361 7774 6497
20247 2 2 1 1 6385 6383 2929
20248 2 2 1 1 6383 5395 5397
20249 2 2 1 1 2930 2929 6384
20250 2 2 1 1 2930 6384 4504
20251 2 2 1 1 5362 6385 2929
20252 2 2 1 1 6385 6378 6383
20253 2 2 1 1 7579 2931 4486
20254 2 2 1 1 7579 7578 2931
20255 2 2 1 1 2890 546 6387
20256 2 2 1 1 2932 5363 6387
20257 2 2 1 1 6388 6669 5483
20258 2 2 1 1 2932 6387 6388
20259 2 2 1 1 7580 2904 4483
20260 2 2 1 1 7580 7581 2904
20261 2 2 1 1 2899 2879 5364
20262 2 2 1 1 553 5364 6390
20263 2 2 1 1 6391 6390 5365
20264 2 2 1 1 6391 591 2934
20265 2 2 1 1 6391 5365 591
20266 2 2 1 1 2844 6392 6394
20267 2 2 1 1 6392 5335 5337
20268 2 2 1 1 2935 6393 342
20269 2 2 1 1 5538 3211 6737
20270 2 2 1 1 6394 6392 2877
20271 2 2 1 1 5369 2935 6395
20272 2 2 1 1 2936 6369 6396
20273 2 2 1 1 2936 6396 4487
20274 2 2 1 1 4487 6397 2937
20275 2 2 1 1 6400 6401 6399
20276 2 2 1 1 4477 6398 328
20277 2 2 1 1 328 6398 5371
20278 2 2 1 1 6400 6399 2938
20279 2 2 1 1 7583 6399 4488
20280 2 2 1 1 6400 2938 7252
20281 2 2 1 1 6399 6401 6397
20282 2 2 1 1 6401 2937 6397
20283 2 2 1 1 5371 6398 6401
20284 2 2 1 1 7584 2939 4489
20285 2 2 1 1 7584 3891 7583
20286 2 2 1 1 6404 6266 6950
20287 2 2 1 1 7252 3891 6950
20288 2 2 1 1 2941 7771 7643
20289 2 2 1 1 6403 4489 282
20290 2 2 1 1 7771 6404 2940
20291 2 2 1 1 6950 6266 7252
20292 2 2 1 1 2897 6332 6405
20293 2 2 1 1 7374 2897 6405
20294 2 2 1 1 6407 2942 6621
20295 2 2 1 1 6425 6426 6406
20296 2 2 1 1 2943 6405 6407
20297 2 2 1 1 2943 6407 6406
20298 2 2 1 1 6408 267 4490
20299 2 2 1 1 6408 6267 267
20300 2 2 1 1 7586 2944 3937
20301 2 2 1 1 7586 3892 7585
20302 2 2 1 1 6946 6331 6412
20303 2 2 1 1 5375 6946 6412
20304 2 2 1 1 2946 6412 6411
20305 2 2 1 1 2946 6411 6415
20306 2 2 1 1 2961 5384 6940
20307 2 2 1 1 2946 5375 6412
20308 2 2 1 1 6415 6413 2947
20309 2 2 1 1 2948 5377 6414
20310 2 2 1 1 2948 6414 6421
20311 2 2 1 1 2948 6415 7360
20312 2 2 1 1 6415 6411 6413
20313 2 2 1 1 6418 6416 2949
20314 2 2 1 1 2949 6416 4511
20315 2 2 1 1 2950 7769 6417
20316 2 2 1 1 3035 6531 6417
20317 2 2 1 1 6324 6672 6671
20318 2 2 1 1 5377 2947 6418
20319 2 2 1 1 6421 6419 2951
20320 2 2 1 1 3030 5415 6943
20321 2 2 1 1 2952 7359 6420
20322 2 2 1 1 6420 5464 2952
20323 2 2 1 1 5378 6421 7359
20324 2 2 1 1 6421 6414 6419
20325 2 2 1 1 6424 6422 2953
20326 2 2 1 1 6426 6422 5374
20327 2 2 1 1 2922 6424 6423
20328 2 2 1 1 5385 6373 6952
20329 2 2 1 1 6423 6424 2953
20330 2 2 1 1 6424 6334 6422
20331 2 2 1 1 2953 6422 6426
20332 2 2 1 1 5380 2953 6426
20333 2 2 1 1 2954 6426 6425
20334 2 2 1 1 2954 6425 6429
20335 2 2 1 1 379 6320 5385
20336 2 2 1 1 2954 5380 6426
20337 2 2 1 1 6429 6427 2955
20338 2 2 1 1 2955 6427 6432
20339 2 2 1 1 2956 6428 6433
20340 2 2 1 1 6567 7285 247
20341 2 2 1 1 5381 6429 2955
20342 2 2 1 1 6429 6425 6427
20343 2 2 1 1 6432 6430 2957
20344 2 2 1 1 2957 6430 4513
20345 2 2 1 1 2958 2957 6431
20346 2 2 1 1 6449 6450 6431
20347 2 2 1 1 2958 6432 2957
20348 2 2 1 1 6432 6427 6430
20349 2 2 1 1 6433 369 2959
20350 2 2 1 1 6433 6428 369
20351 2 2 1 1 6434 2959 349
20352 2 2 1 1 6434 6435 6433
20353 2 2 1 1 6435 2956 6433
20354 2 2 1 1 5383 2956 6435
20355 2 2 1 1 2959 369 6436
20356 2 2 1 1 2961 6437 6447
20357 2 2 1 1 6940 6436 6438
20358 2 2 1 1 2961 6438 6437
20359 2 2 1 1 7767 349 6439
20360 2 2 1 1 2923 5385 6441
20361 2 2 1 1 6935 2927 6380
20362 2 2 1 1 6441 6439 2927
20363 2 2 1 1 6428 2955 5356
20364 2 2 1 1 6441 2960 6439
20365 2 2 1 1 6438 6436 6444
20366 2 2 1 1 6450 6442 5382
20367 2 2 1 1 6504 6443 366
20368 2 2 1 1 366 6443 5388
20369 2 2 1 1 7763 6444 2962
20370 2 2 1 1 6444 6442 2962
20371 2 2 1 1 6447 6445 2964
20372 2 2 1 1 2964 6445 6462
20373 2 2 1 1 2965 5393 6446
20374 2 2 1 1 6466 6446 6465
20375 2 2 1 1 5387 6447 7354
20376 2 2 1 1 6447 6437 6445
20377 2 2 1 1 6928 6442 6450
20378 2 2 1 1 5388 6928 6450
20379 2 2 1 1 2966 6450 6449
20380 2 2 1 1 2966 6449 6453
20381 2 2 1 1 379 6372 5383
20382 2 2 1 1 2966 5388 6450
20383 2 2 1 1 6453 6451 2967
20384 2 2 1 1 2967 6451 6456
20385 2 2 1 1 2968 6452 395
20386 2 2 1 1 395 6452 5390
20387 2 2 1 1 5389 6453 2967
20388 2 2 1 1 6453 6449 6451
20389 2 2 1 1 6456 6454 2969
20390 2 2 1 1 6519 7547 3908
20391 2 2 1 1 2970 6911 6455
20392 2 2 1 1 6532 6455 5470
20393 2 2 1 1 5390 6456 7351
20394 2 2 1 1 6456 6451 6454
20395 2 2 1 1 2968 6457 6899
20396 2 2 1 1 2971 6457 6537
20397 2 2 1 1 5407 6458 360
20398 2 2 1 1 360 6458 5419
20399 2 2 1 1 6899 6457 2971
20400 2 2 1 1 2963 6443 6459
20401 2 2 1 1 6291 2963 6459
20402 2 2 1 1 6461 2973 6503
20403 2 2 1 1 7622 6460 4491
20404 2 2 1 1 2974 6291 6461
20405 2 2 1 1 2974 6461 6460
20406 2 2 1 1 2964 6462 2975
20407 2 2 1 1 6462 3911 2975
20408 2 2 1 1 6484 6643 6485
20409 2 2 1 1 6463 6464 2975
20410 2 2 1 1 6464 2964 2975
20411 2 2 1 1 5393 2964 6464
20412 2 2 1 1 6466 6465 2977
20413 2 2 1 1 2977 6465 6469
20414 2 2 1 1 6466 2977 5361
20415 2 2 1 1 6466 6467 6446
20416 2 2 1 1 6467 2965 6446
20417 2 2 1 1 5394 6876 6467
20418 2 2 1 1 6469 6875 2978
20419 2 2 1 1 2979 5396 6468
20420 2 2 1 1 2979 6468 6475
20421 2 2 1 1 2979 6469 2978
20422 2 2 1 1 6469 6465 6875
20423 2 2 1 1 6472 6875 2980
20424 2 2 1 1 2980 6470 2976
20425 2 2 1 1 6471 2980 5401
20426 2 2 1 1 6471 6472 2980
20427 2 2 1 1 6325 3757 7196
20428 2 2 1 1 5396 2978 6472
20429 2 2 1 1 6475 6473 2982
20430 2 2 1 1 2982 6473 6478
20431 2 2 1 1 7343 6475 6474
20432 2 2 1 1 6384 2929 6474
20433 2 2 1 1 6474 6475 2982
20434 2 2 1 1 6475 6468 6473
20435 2 2 1 1 6478 6476 2983
20436 2 2 1 1 268 6370 3909
20437 2 2 1 1 6481 6477 5466
20438 2 2 1 1 6492 6477 5399
20439 2 2 1 1 5398 6478 2983
20440 2 2 1 1 6478 6473 6476
20441 2 2 1 1 5399 2983 6476
20442 2 2 1 1 5403 6480 257
20443 2 2 1 1 6480 6488 257
20444 2 2 1 1 2984 6477 6481
20445 2 2 1 1 2988 2984 6481
20446 2 2 1 1 6481 2987 6482
20447 2 2 1 1 2988 6482 6514
20448 2 2 1 1 3223 6546 6144
20449 2 2 1 1 2988 6481 6482
20450 2 2 1 1 5684 3493 7788
20451 2 2 1 1 7347 5393 6464
20452 2 2 1 1 2989 6484 6485
20453 2 2 1 1 6484 6463 6643
20454 2 2 1 1 2990 6485 2992
20455 2 2 1 1 2922 6410 6424
20456 2 2 1 1 2993 6486 302
20457 2 2 1 1 302 6486 5404
20458 2 2 1 1 7518 6314 6393
20459 2 2 1 1 6281 2981 6487
20460 2 2 1 1 6488 2996 257
20461 2 2 1 1 6488 6487 2996
20462 2 2 1 1 2996 2995 6489
20463 2 2 1 1 257 6489 2998
20464 2 2 1 1 5653 6171 4575
20465 2 2 1 1 257 2996 6489
20466 2 2 1 1 2998 6489 2997
20467 2 2 1 1 6492 3001 5466
20468 2 2 1 1 6492 3002 3001
20469 2 2 1 1 2999 3003 6493
20470 2 2 1 1 5445 6493 5438
20471 2 2 1 1 6318 7242 2881
20472 2 2 1 1 225 2999 6493
20473 2 2 1 1 3004 3000 5448
20474 2 2 1 1 2992 6495 3005
20475 2 2 1 1 6644 3005 6495
20476 2 2 1 1 6496 3005 4491
20477 2 2 1 1 6496 5404 3005
20478 2 2 1 1 5404 2992 3005
20479 2 2 1 1 2992 6485 6495
20480 2 2 1 1 3006 7587 6500
20481 2 2 1 1 6502 6771 3009
20482 2 2 1 1 6310 7009 6993
20483 2 2 1 1 4299 3757 6325
20484 2 2 1 1 5405 6500 3007
20485 2 2 1 1 6500 6498 3007
20486 2 2 1 1 6498 6501 3009
20487 2 2 1 1 3009 6501 6505
20488 2 2 1 1 6502 3009 360
20489 2 2 1 1 4299 6325 4448
20490 2 2 1 1 5406 3007 6771
20491 2 2 1 1 6505 6503 2973
20492 2 2 1 1 6460 6461 6503
20493 2 2 1 1 5391 6504 366
20494 2 2 1 1 6459 6443 6504
20495 2 2 1 1 6505 6501 6503
20496 2 2 1 1 5409 6502 7757
20497 2 2 1 1 6539 6687 7132
20498 2 2 1 1 359 6507 5420
20499 2 2 1 1 7757 6506 3012
20500 2 2 1 1 3003 6509 249
20501 2 2 1 1 249 6509 6510
20502 2 2 1 1 3003 2994 6509
20503 2 2 1 1 5719 6285 6763
20504 2 2 1 1 3016 6510 3015
20505 2 2 1 1 6510 6509 272
20506 2 2 1 1 7686 3214 6289
20507 2 2 1 1 5410 2987 5466
20508 2 2 1 1 4867 1756 4931
20509 2 2 1 1 6196 5288 7077
20510 2 2 1 1 6514 6512 3021
20511 2 2 1 1 6633 6512 3909
20512 2 2 1 1 3022 3021 6513
20513 2 2 1 1 4486 7607 6513
20514 2 2 1 1 3022 6514 3021
20515 2 2 1 1 6514 6482 6512
20516 2 2 1 1 3025 4492 6515
20517 2 2 1 1 2958 5382 5356
20518 2 2 1 1 3024 6517 6516
20519 2 2 1 1 6580 7601 6516
20520 2 2 1 1 6516 6517 4495
20521 2 2 1 1 7588 6517 6515
20522 2 2 1 1 7594 6519 4496
20523 2 2 1 1 4496 6519 3026
20524 2 2 1 1 2943 7374 6405
20525 2 2 1 1 7594 7756 6520
20526 2 2 1 1 6769 3028 6521
20527 2 2 1 1 3029 6521 6529
20528 2 2 1 1 3029 6769 6521
20529 2 2 1 1 3028 6522 6524
20530 2 2 1 1 6420 2951 6522
20531 2 2 1 1 3030 6943 6523
20532 2 2 1 1 3030 6523 7546
20533 2 2 1 1 6524 6522 2951
20534 2 2 1 1 7546 6525 3031
20535 2 2 1 1 5148 7453 2486
20536 2 2 1 1 6440 5368 2935
20537 2 2 1 1 6366 1784 4965
20538 2 2 1 1 6529 6527 3033
20539 2 2 1 1 3033 6527 6601
20540 2 2 1 1 4386 7498 2598
20541 2 2 1 1 7754 6529 3033
20542 2 2 1 1 6529 6521 6527
20543 2 2 1 1 6525 6530 2950
20544 2 2 1 1 6530 5377 6418
20545 2 2 1 1 3035 6417 6583
20546 2 2 1 1 5417 3031 6531
20547 2 2 1 1 2970 6455 6532
20548 2 2 1 1 7454 5148 2486
20549 2 2 1 1 6534 3038 6636
20550 2 2 1 1 4500 7638 6533
20551 2 2 1 1 3039 6532 6534
20552 2 2 1 1 3039 6534 6533
20553 2 2 1 1 6537 6535 3040
20554 2 2 1 1 3040 6535 4535
20555 2 2 1 1 3041 3040 6536
20556 2 2 1 1 6538 6539 6536
20557 2 2 1 1 3041 6537 3040
20558 2 2 1 1 6537 6457 6535
20559 2 2 1 1 5420 6687 6539
20560 2 2 1 1 3042 6539 6538
20561 2 2 1 1 3042 6538 6542
20562 2 2 1 1 6448 5318 7379
20563 2 2 1 1 3042 5420 6539
20564 2 2 1 1 6542 6540 3043
20565 2 2 1 1 3043 6540 6545
20566 2 2 1 1 3044 6541 7749
20567 2 2 1 1 388 6541 7326
20568 2 2 1 1 5421 6542 3043
20569 2 2 1 1 6542 6538 6540
20570 2 2 1 1 6545 6543 3045
20571 2 2 1 1 7598 6543 3930
20572 2 2 1 1 3046 6544 6556
20573 2 2 1 1 6545 6540 6543
20574 2 2 1 1 7172 5907 5908
20575 2 2 1 1 7749 6541 388
20576 2 2 1 1 6547 6548 3047
20577 2 2 1 1 6548 3044 3047
20578 2 2 1 1 5423 3044 6548
20579 2 2 1 1 5424 3013 6682
20580 2 2 1 1 3050 6549 321
20581 2 2 1 1 6549 3059 321
20582 2 2 1 1 6550 3051 4500
20583 2 2 1 1 6550 7598 3051
20584 2 2 1 1 7599 430 7271
20585 2 2 1 1 3054 5426 6551
20586 2 2 1 1 6553 3053 7621
20587 2 2 1 1 3054 6552 4509
20588 2 2 1 1 3054 6551 6553
20589 2 2 1 1 3054 6553 6552
20590 2 2 1 1 6556 6554 3055
20591 2 2 1 1 3906 6654 6554
20592 2 2 1 1 3056 6555 6704
20593 2 2 1 1 4517 7627 6555
20594 2 2 1 1 6556 6544 6554
20595 2 2 1 1 3047 7749 6559
20596 2 2 1 1 3058 6558 6572
20597 2 2 1 1 6558 4505 381
20598 2 2 1 1 5428 6559 3057
20599 2 2 1 1 6559 6557 3057
20600 2 2 1 1 3048 351 6560
20601 2 2 1 1 5983 6159 2045
20602 2 2 1 1 4978 2232 5894
20603 2 2 1 1 6549 6560 3059
20604 2 2 1 1 3060 6562 3062
20605 2 2 1 1 6497 2925 6382
20606 2 2 1 1 3063 6563 353
20607 2 2 1 1 6089 6563 5430
20608 2 2 1 1 3010 325 6564
20609 2 2 1 1 3066 3010 6564
20610 2 2 1 1 3011 293 6566
20611 2 2 1 1 3014 3011 6566
20612 2 2 1 1 6566 3067 3068
20613 2 2 1 1 6566 293 3067
20614 2 2 1 1 3067 3069 6568
20615 2 2 1 1 263 6568 3639
20616 2 2 1 1 3212 5525 6386
20617 2 2 1 1 263 3067 6568
20618 2 2 1 1 3068 6570 3017
20619 2 2 1 1 242 6570 3071
20620 2 2 1 1 624 6546 5540
20621 2 2 1 1 3017 6570 242
20622 2 2 1 1 3203 6389 6725
20623 2 2 1 1 3071 6570 3070
20624 2 2 1 1 1776 5183 2552
20625 2 2 1 1 6562 5428 3058
20626 2 2 1 1 3072 6572 381
20627 2 2 1 1 6572 6558 381
20628 2 2 1 1 5430 3062 6562
20629 2 2 1 1 1779 6127 1823
20630 2 2 1 1 3072 6573 5431
20631 2 2 1 1 3073 6573 5432
20632 2 2 1 1 6634 3073 384
20633 2 2 1 1 6086 3073 5432
20634 2 2 1 1 5432 6574 3075
20635 2 2 1 1 7609 6574 4505
20636 2 2 1 1 3076 5443 6587
20637 2 2 1 1 325 5424 6361
20638 2 2 1 1 5432 6573 6574
20639 2 2 1 1 3078 5433 6576
20640 2 2 1 1 3064 318 6577
20641 2 2 1 1 3079 5434 6577
20642 2 2 1 1 7260 6579 4501
20643 2 2 1 1 4501 6579 3894
20644 2 2 1 1 3080 6580 4502
20645 2 2 1 1 4502 6580 4494
20646 2 2 1 1 6581 3899 7601
20647 2 2 1 1 3900 3899 6581
20648 2 2 1 1 4504 7606 3022
20649 2 2 1 1 7606 5400 5411
20650 2 2 1 1 7646 3195 6483
20651 2 2 1 1 5438 3018 5514
20652 2 2 1 1 3084 3083 6582
20653 2 2 1 1 6582 5702 3084
20654 2 2 1 1 3084 6583 3083
20655 2 2 1 1 6583 6417 524
20656 2 2 1 1 2334 6584 597
20657 2 2 1 1 6584 3597 7125
20658 2 2 1 1 6587 6585 3086
20659 2 2 1 1 6585 5542 6779
20660 2 2 1 1 3087 6586 7010
20661 2 2 1 1 6586 5329 423
20662 2 2 1 1 5441 6587 3086
20663 2 2 1 1 755 758 6978
20664 2 2 1 1 6373 6518 6371
20665 2 2 1 1 5358 6518 6373
20666 2 2 1 1 3088 7168 6589
20667 2 2 1 1 320 6589 4804
20668 2 2 1 1 320 3088 6589
20669 2 2 1 1 3179 6491 6490
20670 2 2 1 1 5442 320 4804
20671 2 2 1 1 3082 5442 6577
20672 2 2 1 1 6577 318 3082
20673 2 2 1 1 6593 3089 4506
20674 2 2 1 1 6593 7609 3089
20675 2 2 1 1 7610 425 6651
20676 2 2 1 1 3092 3090 6594
20677 2 2 1 1 3092 6596 6595
20678 2 2 1 1 3092 6595 6702
20679 2 2 1 1 3092 6594 6596
20680 2 2 1 1 6595 6596 5476
20681 2 2 1 1 6634 384 3093
20682 2 2 1 1 5241 6402 705
20683 2 2 1 1 7612 2827 4473
20684 2 2 1 1 7612 7613 2827
20685 2 2 1 1 6601 6599 3037
20686 2 2 1 1 6599 3897 3037
20687 2 2 1 1 6575 2488 5152
20688 2 2 1 1 6600 7147 6624
20689 2 2 1 1 5456 6601 7733
20690 2 2 1 1 6601 6527 6599
20691 2 2 1 1 3097 5457 6602
20692 2 2 1 1 3097 6603 4507
20693 2 2 1 1 3097 6602 6598
20694 2 2 1 1 3097 6598 6603
20695 2 2 1 1 3099 3096 6604
20696 2 2 1 1 6606 3098 7311
20697 2 2 1 1 6671 6672 6605
20698 2 2 1 1 3099 6604 6606
20699 2 2 1 1 3099 6606 6605
20700 2 2 1 1 4507 6607 3100
20701 2 2 1 1 3100 6607 6611
20702 2 2 1 1 4508 6608 463
20703 2 2 1 1 463 6608 5459
20704 2 2 1 1 6611 6609 3102
20705 2 2 1 1 3102 6609 6614
20706 2 2 1 1 6591 6610 504
20707 2 2 1 1 504 6610 7310
20708 2 2 1 1 7730 6611 3102
20709 2 2 1 1 6611 6607 6609
20710 2 2 1 1 6614 6612 3104
20711 2 2 1 1 6672 6612 5458
20712 2 2 1 1 3105 6613 6508
20713 2 2 1 1 5815 6613 5484
20714 2 2 1 1 5460 6614 3104
20715 2 2 1 1 6614 6609 6612
20716 2 2 1 1 3103 7730 6615
20717 2 2 1 1 5989 3103 6615
20718 2 2 1 1 3916 7616 6616
20719 2 2 1 1 3107 6617 6616
20720 2 2 1 1 6578 5135 5143
20721 2 2 1 1 4513 6619 3111
20722 2 2 1 1 3111 6619 6623
20723 2 2 1 1 4496 6620 437
20724 2 2 1 1 6420 6620 5464
20725 2 2 1 1 6623 6621 2942
20726 2 2 1 1 6406 6407 6621
20727 2 2 1 1 7362 6622 449
20728 2 2 1 1 6405 6332 6622
20729 2 2 1 1 7727 6623 2942
20730 2 2 1 1 6623 6619 6621
20731 2 2 1 1 6557 3929 3057
20732 2 2 1 1 5465 3004 5455
20733 2 2 1 1 3113 5465 3112
20734 2 2 1 1 5467 3118 6625
20735 2 2 1 1 5467 6625 6627
20736 2 2 1 1 6627 6626 3121
20737 2 2 1 1 6629 6626 3127
20738 2 2 1 1 3122 3121 7810
20739 2 2 1 1 3122 7810 6631
20740 2 2 1 1 3122 6627 3121
20741 2 2 1 1 6627 6625 6626
20742 2 2 1 1 6626 6642 3127
20743 2 2 1 1 7250 2916 4484
20744 2 2 1 1 3128 3127 6628
20745 2 2 1 1 3128 6628 4522
20746 2 2 1 1 6629 3121 6626
20747 2 2 1 1 5468 7810 6629
20748 2 2 1 1 6631 6632 3129
20749 2 2 1 1 3129 6632 7270
20750 2 2 1 1 5410 6630 268
20751 2 2 1 1 268 6630 6370
20752 2 2 1 1 6631 7810 255
20753 2 2 1 1 342 6364 5357
20754 2 2 1 1 4492 6632 7589
20755 2 2 1 1 3021 6633 3895
20756 2 2 1 1 7254 6633 3025
20757 2 2 1 1 6494 6511 7693
20758 2 2 1 1 3123 3114 5498
20759 2 2 1 1 3034 7754 6635
20760 2 2 1 1 6592 3034 6635
20761 2 2 1 1 3038 6637 6636
20762 2 2 1 1 6533 6534 6636
20763 2 2 1 1 6592 6635 6637
20764 2 2 1 1 6636 6637 5471
20765 2 2 1 1 6638 465 3905
20766 2 2 1 1 6528 465 6638
20767 2 2 1 1 6639 3101 4508
20768 2 2 1 1 6639 3910 7620
20769 2 2 1 1 2825 6252 6640
20770 2 2 1 1 7306 2825 6640
20771 2 2 1 1 6641 6640 3131
20772 2 2 1 1 6677 6674 6561
20773 2 2 1 1 3134 6642 3126
20774 2 2 1 1 2975 6644 6643
20775 2 2 1 1 6463 2975 6643
20776 2 2 1 1 2975 3911 6644
20777 2 2 1 1 6643 6644 6495
20778 2 2 1 1 7713 6645 571
20779 2 2 1 1 2337 5935 6645
20780 2 2 1 1 3106 6571 6647
20781 2 2 1 1 5474 3106 6647
20782 2 2 1 1 3138 6647 6656
20783 2 2 1 1 6646 7293 499
20784 2 2 1 1 6308 6309 5336
20785 2 2 1 1 3138 5474 6647
20786 2 2 1 1 6257 6648 2815
20787 2 2 1 1 6246 6247 6648
20788 2 2 1 1 7308 6649 288
20789 2 2 1 1 6649 2830 6257
20790 2 2 1 1 6650 2830 6649
20791 2 2 1 1 5475 2830 6650
20792 2 2 1 1 6651 7627 3140
20793 2 2 1 1 6594 7610 6651
20794 2 2 1 1 7628 7574 462
20795 2 2 1 1 6652 3091 3140
20796 2 2 1 1 6653 3091 6652
20797 2 2 1 1 5476 3091 6653
20798 2 2 1 1 1778 7629 7611
20799 2 2 1 1 4518 6655 3138
20800 2 2 1 1 6655 5474 3138
20801 2 2 1 1 3932 6656 499
20802 2 2 1 1 6656 6646 499
20803 2 2 1 1 2873 5335 7012
20804 2 2 1 1 6659 7253 2945
20805 2 2 1 1 7253 3892 2945
20806 2 2 1 1 6567 6658 7285
20807 2 2 1 1 5478 6659 2945
20808 2 2 1 1 6659 6250 7253
20809 2 2 1 1 6567 247 6660
20810 2 2 1 1 3131 5479 6660
20811 2 2 1 1 5055 7448 7447
20812 2 2 1 1 6641 3131 6661
20813 2 2 1 1 3131 6660 6661
20814 2 2 1 1 884 856 921
20815 2 2 1 1 3146 247 6662
20816 2 2 1 1 3148 5480 6662
20817 2 2 1 1 3148 5481 6665
20818 2 2 1 1 3148 6665 6666
20819 2 2 1 1 421 5334 6588
20820 2 2 1 1 6664 3149 4520
20821 2 2 1 1 6664 4519 3149
20822 2 2 1 1 3151 6665 3153
20823 2 2 1 1 6666 3151 199
20824 2 2 1 1 3156 5656 6667
20825 2 2 1 1 7025 3156 6667
20826 2 2 1 1 5482 229 3152
20827 2 2 1 1 3158 5483 6669
20828 2 2 1 1 6565 6612 6672
20829 2 2 1 1 6324 6565 6672
20830 2 2 1 1 3163 6324 6671
20831 2 2 1 1 3163 6671 6673
20832 2 2 1 1 421 5477 5334
20833 2 2 1 1 3163 5484 6324
20834 2 2 1 1 6561 6673 3164
20835 2 2 1 1 3164 6673 4531
20836 2 2 1 1 657 695 710
20837 2 2 1 1 590 6561 3164
20838 2 2 1 1 6561 3163 6673
20839 2 2 1 1 5815 3163 6674
20840 2 2 1 1 3166 6675 603
20841 2 2 1 1 5938 603 6675
20842 2 2 1 1 7026 488 2858
20843 2 2 1 1 488 2854 2858
20844 2 2 1 1 3168 5486 6677
20845 2 2 1 1 6679 3167 7276
20846 2 2 1 1 3168 6678 6685
20847 2 2 1 1 3168 6677 6679
20848 2 2 1 1 3168 6679 6678
20849 2 2 1 1 3167 590 7710
20850 2 2 1 1 5487 3167 6680
20851 2 2 1 1 3170 6680 6681
20852 2 2 1 1 7649 3170 6681
20853 2 2 1 1 3145 6567 6660
20854 2 2 1 1 3170 5487 6680
20855 2 2 1 1 6685 6683 3171
20856 2 2 1 1 6716 6717 6683
20857 2 2 1 1 3180 6694 6684
20858 2 2 1 1 5488 6685 3171
20859 2 2 1 1 6685 6678 6683
20860 2 2 1 1 3124 6686 3173
20861 2 2 1 1 6686 5499 5500
20862 2 2 1 1 1790 4945 5727
20863 2 2 1 1 3173 6686 177
20864 2 2 1 1 3105 6508 6690
20865 2 2 1 1 6688 5772 5488
20866 2 2 1 1 6691 6494 539
20867 2 2 1 1 6494 7693 539
20868 2 2 1 1 6690 6688 3172
20869 2 2 1 1 3137 5490 6692
20870 2 2 1 1 6692 3177 7293
20871 2 2 1 1 6692 6691 3177
20872 2 2 1 1 6663 5296 2801
20873 2 2 1 1 6692 3176 6691
20874 2 2 1 1 7702 539 3178
20875 2 2 1 1 6699 6693 5535
20876 2 2 1 1 3179 6490 6693
20877 2 2 1 1 3178 539 6694
20878 2 2 1 1 5750 3178 6694
20879 2 2 1 1 6696 3180 5517
20880 2 2 1 1 3181 6695 6708
20881 2 2 1 1 5750 6694 6696
20882 2 2 1 1 3181 6696 6695
20883 2 2 1 1 3179 6693 6699
20884 2 2 1 1 5493 3179 6699
20885 2 2 1 1 3183 6698 7639
20886 2 2 1 1 6698 5536 502
20887 2 2 1 1 6265 7033 6264
20888 2 2 1 1 3183 5493 6699
20889 2 2 1 1 6702 6700 3184
20890 2 2 1 1 3184 6700 4580
20891 2 2 1 1 3185 6701 6777
20892 2 2 1 1 456 6701 3980
20893 2 2 1 1 5494 6702 3184
20894 2 2 1 1 6702 6595 6700
20895 2 2 1 1 2829 7035 6703
20896 2 2 1 1 2866 2829 6703
20897 2 2 1 1 2866 6269 5330
20898 2 2 1 1 2823 6670 6260
20899 2 2 1 1 2866 6703 6269
20900 2 2 1 1 4917 6668 1038
20901 2 2 1 1 6704 425 4506
20902 2 2 1 1 6704 6555 425
20903 2 2 1 1 7636 3089 4505
20904 2 2 1 1 7636 7635 3089
20905 2 2 1 1 6708 6706 3186
20906 2 2 1 1 6706 5520 5527
20907 2 2 1 1 6707 3186 6743
20908 2 2 1 1 6707 5496 6708
20909 2 2 1 1 6707 6708 3186
20910 2 2 1 1 6708 6695 6706
20911 2 2 1 1 6676 5304 2814
20912 2 2 1 1 6710 174 5511
20913 2 2 1 1 6710 5509 5510
20914 2 2 1 1 5482 6641 229
20915 2 2 1 1 3191 5511 3190
20916 2 2 1 1 3154 6712 199
20917 2 2 1 1 3447 199 6712
20918 2 2 1 1 6713 3159 4521
20919 2 2 1 1 6713 4539 3159
20920 2 2 1 1 2944 4490 6714
20921 2 2 1 1 3935 7284 6714
20922 2 2 1 1 4520 6483 241
20923 2 2 1 1 6715 197 5515
20924 2 2 1 1 5450 197 6715
20925 2 2 1 1 3180 6684 6717
20926 2 2 1 1 5517 3180 6717
20927 2 2 1 1 3196 6717 6716
20928 2 2 1 1 3196 6716 6720
20929 2 2 1 1 2824 7389 6249
20930 2 2 1 1 3196 5517 6717
20931 2 2 1 1 6720 6718 3197
20932 2 2 1 1 3197 6718 4541
20933 2 2 2 2 350 338 6569
20934 2 2 1 1 6720 6716 6718
20935 2 2 1 1 3199 7649 6721
20936 2 2 1 1 6409 6721 6722
20937 2 2 1 1 6409 6722 3200
20938 2 2 1 1 6727 6722 3204
20939 2 2 1 1 3201 6723 5521
20940 2 2 1 1 3201 5521 6731
20941 2 2 1 1 5521 6409 3200
20942 2 2 1 1 3939 3199 6723
20943 2 2 1 1 3198 6719 7691
20944 2 2 1 1 6389 5520 5738
20945 2 2 1 1 3203 6725 6724
20946 2 2 1 1 3203 6724 6744
20947 2 2 1 1 6724 6725 5523
20948 2 2 1 1 6697 6241 6244
20949 2 2 1 1 270 6697 5304
20950 2 2 1 1 6727 3204 689
20951 2 2 1 1 6727 3200 6722
20952 2 2 1 1 3205 7114 3200
20953 2 2 2 2 5787 6597 259
20954 2 2 1 1 6731 6729 3206
20955 2 2 1 1 6770 6729 5723
20956 2 2 1 1 7282 3206 6737
20957 2 2 1 1 3208 6733 6730
20958 2 2 1 1 7282 6731 3206
20959 2 2 1 1 6731 5521 6729
20960 2 2 1 1 6732 6719 5519
20961 2 2 1 1 6564 325 6361
20962 2 2 1 1 3208 6730 6734
20963 2 2 1 1 6733 3202 3207
20964 2 2 1 1 5523 3202 6733
20965 2 2 1 1 6736 6734 3209
20966 2 2 1 1 6386 6734 6737
20967 2 2 1 1 2661 5212 7673
20968 2 2 1 1 3210 6735 6741
20969 2 2 1 1 6736 3208 6734
20970 2 2 1 1 5524 3208 6736
20971 2 2 1 1 6386 6737 3211
20972 2 2 1 1 3212 3211 6738
20973 2 2 1 1 3212 6386 3211
20974 2 2 1 1 5525 3209 6386
20975 2 2 1 1 6741 6739 3213
20976 2 2 1 1 6144 6739 3238
20977 2 2 1 1 3214 7686 6740
20978 2 2 1 1 6746 3216 6740
20979 2 2 1 1 6289 6741 3213
20980 2 2 1 1 6741 6735 6739
20981 2 2 1 1 6744 6742 3215
20982 2 2 1 1 3215 6742 6747
20983 2 2 1 1 3186 6744 6743
20984 2 2 1 1 6991 6989 3418
20985 2 2 1 1 6743 6744 3215
20986 2 2 1 1 6744 6724 6742
20987 2 2 1 1 6747 6745 3214
20988 2 2 1 1 6745 5524 5526
20989 2 2 1 1 5678 1358 1307
20990 2 2 1 1 3216 6746 6750
20991 2 2 1 1 5528 6747 3214
20992 2 2 1 1 6747 6742 6745
20993 2 2 1 1 6750 6748 3217
20994 2 2 1 1 3217 6748 6753
20995 2 2 1 1 3218 3217 6749
20996 2 2 1 1 3218 6749 6756
20997 2 2 1 1 3218 6750 3217
20998 2 2 1 1 6750 6746 6748
20999 2 2 1 1 6753 6751 3219
21000 2 2 1 1 6758 6751 5540
21001 2 2 1 1 3220 3219 6752
21002 2 2 1 1 3220 6752 6761
21003 2 2 1 1 3220 6753 3219
21004 2 2 1 1 6753 6748 6751
21005 2 2 1 1 6756 6754 6285
21006 2 2 1 1 6285 6754 6763
21007 2 2 1 1 6248 3221 6755
21008 2 2 1 1 3222 6755 6766
21009 2 2 1 1 6248 6756 6285
21010 2 2 1 1 6756 6749 6754
21011 2 2 1 1 5306 6751 6758
21012 2 2 1 1 3074 5431 3073
21013 2 2 1 1 3224 7685 6812
21014 2 2 1 1 6757 7287 668
21015 2 2 1 1 2812 5303 7051
21016 2 2 1 1 3224 5306 6758
21017 2 2 1 1 6761 6759 3225
21018 2 2 1 1 6806 6807 6759
21019 2 2 1 1 3226 6760 7013
21020 2 2 1 1 6800 583 6760
21021 2 2 1 1 5532 6761 3225
21022 2 2 1 1 6761 6752 6759
21023 2 2 1 1 6393 6314 342
21024 2 2 1 1 6171 7703 4575
21025 2 2 1 1 3228 3227 6762
21026 2 2 1 1 4545 3228 6762
21027 2 2 1 1 3228 6763 3227
21028 2 2 1 1 6171 6754 7703
21029 2 2 1 1 6766 6764 3229
21030 2 2 1 1 3229 6764 6768
21031 2 2 1 1 3187 6766 6765
21032 2 2 1 1 6765 5492 5496
21033 2 2 1 1 6765 6766 3229
21034 2 2 1 1 6766 6755 6764
21035 2 2 1 1 6768 6767 3230
21036 2 2 1 1 7651 6767 4542
21037 2 2 1 1 3038 6592 6637
21038 2 2 1 1 6698 3230 5536
21039 2 2 1 1 3182 6768 3230
21040 2 2 1 1 6768 6764 6767
21041 2 2 1 1 7652 7538 3945
21042 2 2 1 1 7652 3232 7538
21043 2 2 1 1 3206 6729 6770
21044 2 2 1 1 3234 5537 6770
21045 2 2 1 1 3234 3233 7116
21046 2 2 1 1 3235 3234 7116
21047 2 2 1 1 3768 4697 7262
21048 2 2 1 1 3237 3236 6772
21049 2 2 1 1 7653 3237 6772
21050 2 2 1 1 5539 6738 3236
21051 2 2 1 1 6365 2810 7397
21052 2 2 1 1 6739 6773 3238
21053 2 2 1 1 3238 6773 4543
21054 2 2 1 1 6774 3238 7287
21055 2 2 1 1 6774 6144 3238
21056 2 2 1 1 6546 3213 6144
21057 2 2 1 1 3239 7653 6775
21058 2 2 1 1 7662 3239 6775
21059 2 2 1 1 3240 3189 192
21060 2 2 1 1 7399 5299 2805
21061 2 2 1 1 1594 1554 4859
21062 2 2 1 1 6777 6701 456
21063 2 2 1 1 6778 3241 5329
21064 2 2 1 1 6778 6779 6777
21065 2 2 1 1 2071 1390 5822
21066 2 2 1 1 5542 3185 6779
21067 2 2 1 1 3241 6780 5543
21068 2 2 1 1 3242 6780 6783
21069 2 2 1 1 3243 6781 459
21070 2 2 1 1 7658 6781 5544
21071 2 2 1 1 5543 6780 3242
21072 2 2 1 1 6783 6782 3244
21073 2 2 1 1 7654 6782 3980
21074 2 2 1 1 3245 5546 7289
21075 2 2 1 1 7289 3946 3245
21076 2 2 1 1 5544 6783 3244
21077 2 2 1 1 6783 6780 6782
21078 2 2 1 1 5545 3243 6784
21079 2 2 1 1 5611 5545 6784
21080 2 2 1 1 3232 6785 7286
21081 2 2 1 1 4544 6785 3248
21082 2 2 1 1 6785 7654 3248
21083 2 2 1 1 6726 7808 5298
21084 2 2 1 1 3231 4542 7656
21085 2 2 1 1 4545 7288 7656
21086 2 2 1 1 3249 4545 6787
21087 2 2 1 1 3249 6787 6790
21088 2 2 1 1 6790 6788 3250
21089 2 2 1 1 3250 6788 6793
21090 2 2 1 1 3251 6789 6794
21091 2 2 1 1 505 6789 5549
21092 2 2 1 1 5548 6790 3250
21093 2 2 1 1 6790 6787 6788
21094 2 2 1 1 6793 6791 3252
21095 2 2 1 1 7659 6791 3975
21096 2 2 1 1 3253 5550 6792
21097 2 2 1 1 3253 6793 3252
21098 2 2 1 1 6793 6788 6791
21099 2 2 1 1 6794 505 3960
21100 2 2 1 1 6794 6789 505
21101 2 2 1 1 6795 3254 4546
21102 2 2 1 1 6795 3946 7657
21103 2 2 1 1 7660 6796 4547
21104 2 2 1 1 4547 6796 3255
21105 2 2 1 1 6796 7659 3255
21106 2 2 1 1 3256 7660 6799
21107 2 2 1 1 3257 6797 6802
21108 2 2 1 1 6803 6798 592
21109 2 2 1 1 592 6798 7256
21110 2 2 1 1 6799 6797 3257
21111 2 2 1 1 6802 6800 3259
21112 2 2 1 1 6807 6800 6760
21113 2 2 1 1 3260 3259 6801
21114 2 2 1 1 6830 6125 7661
21115 2 2 1 1 3260 6802 3259
21116 2 2 1 1 6802 6797 6800
21117 2 2 1 1 3258 6798 6803
21118 2 2 1 1 6140 3261 6137
21119 2 2 1 1 6835 6804 5629
21120 2 2 1 1 7788 4613 7737
21121 2 2 1 1 6110 6140 6137
21122 2 2 1 1 3259 6800 6807
21123 2 2 1 1 5554 3259 6807
21124 2 2 1 1 3262 6807 6806
21125 2 2 1 1 3262 6806 6810
21126 2 2 1 1 322 7808 6726
21127 2 2 1 1 3262 5554 6807
21128 2 2 1 1 6810 6808 3263
21129 2 2 1 1 3263 6808 6813
21130 2 2 1 1 3264 3263 6809
21131 2 2 1 1 3264 6809 6819
21132 2 2 1 1 3264 6810 3263
21133 2 2 1 1 6810 6806 6808
21134 2 2 1 1 6813 6811 3224
21135 2 2 1 1 6811 5306 3224
21136 2 2 1 1 3265 6812 668
21137 2 2 1 1 6812 6757 668
21138 2 2 1 1 7666 6813 3224
21139 2 2 1 1 6813 6808 6811
21140 2 2 1 1 3265 6814 6816
21141 2 2 1 1 3266 6814 4548
21142 2 2 1 1 6900 6815 716
21143 2 2 1 1 716 6815 3949
21144 2 2 1 1 6816 6814 3266
21145 2 2 1 1 6819 6817 3268
21146 2 2 1 1 6838 6817 5560
21147 2 2 1 1 6134 3268 6818
21148 2 2 1 1 3269 6134 6135
21149 2 2 1 1 6134 6819 3268
21150 2 2 1 1 6819 6809 6817
21151 2 2 1 1 3270 7662 6820
21152 2 2 1 1 6821 6820 3271
21153 2 2 1 1 6821 3271 763
21154 2 2 1 1 6821 3270 6820
21155 2 2 1 1 5559 3270 6821
21156 2 2 1 1 3949 3270 5559
21157 2 2 1 1 3267 6815 6969
21158 2 2 1 1 3273 5560 5610
21159 2 2 1 1 3273 6824 6823
21160 2 2 1 1 6837 6130 6823
21161 2 2 1 1 3273 6822 6824
21162 2 2 1 1 6823 6824 5592
21163 2 2 1 1 5561 6825 3274
21164 2 2 1 1 442 6316 2782
21165 2 2 1 1 442 5297 6316
21166 2 2 1 1 3277 7663 6828
21167 2 2 1 1 6901 6902 6828
21168 2 2 1 1 5563 6125 6830
21169 2 2 1 1 3279 5563 6124
21170 2 2 1 1 3950 7684 6829
21171 2 2 1 1 6124 5563 6830
21172 2 2 1 1 7670 592 7683
21173 2 2 1 1 3281 3261 6831
21174 2 2 1 1 6833 3280 7301
21175 2 2 1 1 6832 3955 3281
21176 2 2 1 1 3281 6831 6833
21177 2 2 1 1 3281 6833 6832
21178 2 2 1 1 6110 6804 6835
21179 2 2 1 1 5565 6110 6835
21180 2 2 1 1 3283 5565 6107
21181 2 2 1 1 6100 5599 3283
21182 2 2 1 1 6786 2777 5289
21183 2 2 1 1 6107 5565 6835
21184 2 2 1 1 3268 6817 6838
21185 2 2 1 1 5566 3268 6838
21186 2 2 1 1 3284 6130 6837
21187 2 2 1 1 3284 6837 6840
21188 2 2 1 1 2736 2735 6805
21189 2 2 1 1 6130 5566 6838
21190 2 2 1 1 6840 6839 3285
21191 2 2 1 1 6841 6839 5593
21192 2 2 1 1 3286 7655 722
21193 2 2 1 1 722 7655 5568
21194 2 2 1 1 7655 6840 3285
21195 2 2 1 1 6840 6837 6839
21196 2 2 1 1 3285 6839 6841
21197 2 2 1 1 6728 3285 6841
21198 2 2 1 1 6843 3287 6904
21199 2 2 1 1 3968 6922 7537
21200 2 2 1 1 3288 6728 6843
21201 2 2 1 1 3288 6843 6842
21202 2 2 1 1 3286 6844 4430
21203 2 2 1 1 7215 3289 6844
21204 2 2 1 1 3290 6845 6850
21205 2 2 1 1 7637 679 6845
21206 2 2 1 1 4430 6844 3289
21207 2 2 1 1 6848 6846 3291
21208 2 2 1 1 3291 6846 6851
21209 2 2 1 1 3278 6848 6847
21210 2 2 1 1 6829 6124 6847
21211 2 2 1 1 6847 6848 3291
21212 2 2 1 1 6135 6818 6846
21213 2 2 1 1 7227 6849 3290
21214 2 2 1 1 6849 5569 3290
21215 2 2 1 1 6082 6850 679
21216 2 2 1 1 6850 6845 679
21217 2 2 1 1 5571 6851 7227
21218 2 2 1 1 6851 6846 6849
21219 2 2 1 1 3294 5572 6852
21220 2 2 1 1 3294 3293 7650
21221 2 2 1 1 3294 6853 4549
21222 2 2 1 1 7617 6986 4565
21223 2 2 1 1 6082 679 6855
21224 2 2 1 1 6857 5447 6855
21225 2 2 1 1 6857 3295 5596
21226 2 2 1 1 6869 6870 6856
21227 2 2 1 1 3296 5447 6857
21228 2 2 1 1 3296 6857 6856
21229 2 2 1 1 4549 6858 3297
21230 2 2 1 1 3297 6858 6862
21231 2 2 1 1 3963 6859 594
21232 2 2 1 1 594 6859 5574
21233 2 2 1 1 6862 6860 3299
21234 2 2 1 1 3299 6860 6865
21235 2 2 1 1 3300 3299 6861
21236 2 2 1 1 6867 6077 7647
21237 2 2 1 1 3300 6862 3299
21238 2 2 1 1 6862 6858 6860
21239 2 2 1 1 6865 6863 3301
21240 2 2 1 1 6870 3301 7644
21241 2 2 1 1 3302 3301 6864
21242 2 2 1 1 3302 6864 6885
21243 2 2 1 1 3302 6865 3301
21244 2 2 1 1 6865 6860 6863
21245 2 2 1 1 6077 6861 7647
21246 2 2 1 1 5576 6077 6867
21247 2 2 1 1 3304 6867 6866
21248 2 2 1 1 7671 6866 3961
21249 2 2 1 1 565 6826 5256
21250 2 2 1 1 3304 5576 6867
21251 2 2 1 1 3301 6863 7644
21252 2 2 1 1 5577 3301 6870
21253 2 2 1 1 3305 6870 6869
21254 2 2 1 1 3305 6869 6873
21255 2 2 1 1 3305 5577 6870
21256 2 2 1 1 6873 6871 3306
21257 2 2 1 1 3306 6871 4551
21258 2 2 1 1 7642 6068 693
21259 2 2 1 1 693 6872 7568
21260 2 2 1 1 6873 6869 6871
21261 2 2 1 1 6066 6068 7640
21262 2 2 1 1 3311 6874 6882
21263 2 2 1 1 6066 7640 6059
21264 2 2 1 1 3311 6059 6874
21265 2 2 1 1 3308 4550 7667
21266 2 2 1 1 4553 7294 7667
21267 2 2 1 1 3313 4553 7668
21268 2 2 1 1 7668 3959 3313
21269 2 2 1 1 7642 693 7680
21270 2 2 1 1 3317 3310 6877
21271 2 2 1 1 6879 3316 7300
21272 2 2 1 1 6979 6980 6878
21273 2 2 1 1 3317 6877 6879
21274 2 2 1 1 3317 6879 6878
21275 2 2 1 1 6882 6880 3318
21276 2 2 1 1 6974 6880 3409
21277 2 2 1 1 3319 7221 6881
21278 2 2 1 1 3320 5583 7218
21279 2 2 1 1 7221 6882 3318
21280 2 2 1 1 6882 6874 6880
21281 2 2 1 1 6885 6883 3319
21282 2 2 1 1 6883 5579 5582
21283 2 2 1 1 3320 6881 6884
21284 2 2 1 1 3320 6884 6888
21285 2 2 1 1 5583 6885 7218
21286 2 2 1 1 6885 6864 6883
21287 2 2 1 1 6888 6886 3321
21288 2 2 1 1 3321 6886 5585
21289 2 2 1 1 6891 6887 558
21290 2 2 1 1 5591 6887 5585
21291 2 2 1 1 5584 6888 3321
21292 2 2 1 1 6888 6884 6886
21293 2 2 1 1 5585 6889 6890
21294 2 2 2 2 7804 356 350
21295 2 2 1 1 3324 6890 7634
21296 2 2 1 1 570 6890 5590
21297 2 2 1 1 5585 6886 6889
21298 2 2 1 1 3322 6887 6891
21299 2 2 1 1 6893 3322 6891
21300 2 2 1 1 6893 3325 6892
21301 2 2 1 1 6866 6867 6892
21302 2 2 1 1 3303 3322 6893
21303 2 2 1 1 3303 6893 6892
21304 2 2 1 1 363 5351 6357
21305 2 2 1 1 3327 5587 3325
21306 2 2 1 1 3327 5588 6896
21307 2 2 1 1 3327 7014 3326
21308 2 2 1 1 3327 3326 5588
21309 2 2 1 1 558 5591 3328
21310 2 2 1 1 6896 6894 3330
21311 2 2 1 1 3361 3330 6894
21312 2 2 1 1 3331 3330 6895
21313 2 2 1 1 3331 6895 6960
21314 2 2 1 1 5589 6896 3330
21315 2 2 1 1 6896 5588 6894
21316 2 2 1 1 6889 6897 3332
21317 2 2 1 1 3333 6898 6955
21318 2 2 1 1 6898 3409 618
21319 2 2 1 1 5590 6889 3332
21320 2 2 2 2 295 4791 279
21321 2 2 1 1 7634 6890 570
21322 2 2 1 1 7672 3335 4556
21323 2 2 1 1 7672 7671 3335
21324 2 2 1 1 6900 716 5562
21325 2 2 1 1 6969 6815 6900
21326 2 2 1 1 1727 6220 6005
21327 2 2 1 1 6905 6901 6903
21328 2 2 1 1 5703 4947 1868
21329 2 2 1 1 5592 3272 6902
21330 2 2 1 1 6905 6903 3337
21331 2 2 1 1 3337 6903 7674
21332 2 2 1 1 6905 3337 7296
21333 2 2 1 1 6842 6843 6904
21334 2 2 1 1 3287 3336 6905
21335 2 2 1 1 3287 6905 6904
21336 2 2 1 1 7674 6906 3338
21337 2 2 1 1 6909 6906 5630
21338 2 2 1 1 3339 6908 6907
21339 2 2 1 1 3339 6907 6913
21340 2 2 1 1 3339 3956 6908
21341 2 2 1 1 6907 6908 5594
21342 2 2 1 1 3338 6906 6909
21343 2 2 1 1 6910 3341 5594
21344 2 2 1 1 6999 6967 821
21345 2 2 1 1 6910 6909 3340
21346 2 2 1 1 3074 6634 6576
21347 2 2 1 1 6913 6912 3342
21348 2 2 1 1 3342 6912 7698
21349 2 2 1 1 3343 4557 7675
21350 2 2 1 1 3343 7675 7692
21351 2 2 1 1 4557 6913 3342
21352 2 2 1 1 6913 6907 6912
21353 2 2 1 1 3295 6855 6914
21354 2 2 1 1 6916 3295 6914
21355 2 2 1 1 6916 3344 5373
21356 2 2 1 1 4553 3312 6915
21357 2 2 1 1 3312 3295 6916
21358 2 2 1 1 3312 6916 6915
21359 2 2 1 1 3344 7637 6917
21360 2 2 1 1 5597 3344 6917
21361 2 2 1 1 3345 7215 6918
21362 2 2 1 1 3345 6918 6921
21363 2 2 1 1 6921 6919 3346
21364 2 2 1 1 6221 6919 4558
21365 2 2 1 1 3347 3346 6920
21366 2 2 1 1 7677 6920 4152
21367 2 2 1 1 3347 6921 3346
21368 2 2 1 1 6921 6918 6919
21369 2 2 1 1 1836 1802 5252
21370 2 2 1 1 5580 6923 4559
21371 2 2 1 1 4559 6923 3349
21372 2 2 1 1 6792 6924 3283
21373 2 2 1 1 6924 5553 5565
21374 2 2 1 1 6100 6834 6925
21375 2 2 1 1 3350 6925 5600
21376 2 2 1 1 5599 6792 3283
21377 2 2 1 1 5600 6926 3351
21378 2 2 1 1 3351 6926 6931
21379 2 2 1 1 6932 6927 6965
21380 2 2 1 1 5605 6927 5601
21381 2 2 1 1 6682 6507 359
21382 2 2 1 1 5600 6925 6926
21383 2 2 1 1 6931 6929 3353
21384 2 2 1 1 3353 6929 6936
21385 2 2 1 1 3354 6930 6938
21386 2 2 1 1 472 6930 5604
21387 2 2 1 1 5601 6931 3353
21388 2 2 1 1 6931 6926 6929
21389 2 2 1 1 3352 6927 6932
21390 2 2 1 1 5602 3352 6932
21391 2 2 1 1 4546 6933 459
21392 2 2 1 1 459 6933 5603
21393 2 2 1 1 5420 3012 6687
21394 2 2 1 1 7678 5602 6932
21395 2 2 1 1 1792 7593 1824
21396 2 2 1 1 3246 5603 6934
21397 2 2 1 1 3246 3356 6964
21398 2 2 1 1 424 3246 6964
21399 2 2 1 1 3353 6936 3357
21400 2 2 1 1 6963 3357 6936
21401 2 2 1 1 3358 6937 511
21402 2 2 1 1 6958 511 6937
21403 2 2 1 1 3359 511 3330
21404 2 2 1 1 6895 3330 511
21405 2 2 1 1 6938 472 3365
21406 2 2 1 1 6938 6930 472
21407 2 2 1 1 5058 856 884
21408 2 2 1 1 6939 3365 434
21409 2 2 1 1 6939 3372 3373
21410 2 2 1 1 1836 6836 1802
21411 2 2 1 1 6479 5115 1259
21412 2 2 1 1 6939 434 3372
21413 2 2 1 1 3372 3374 6941
21414 2 2 1 1 398 6941 3379
21415 2 2 1 1 6635 6528 6638
21416 2 2 1 1 398 3372 6941
21417 2 2 1 1 6531 3031 2950
21418 2 2 1 1 5606 3374 3371
21419 2 2 1 1 6942 3377 3378
21420 2 2 1 1 6942 5606 410
21421 2 2 1 1 2598 7498 7504
21422 2 2 1 1 6942 410 3377
21423 2 2 1 1 3012 6506 6687
21424 2 2 1 1 3379 6941 5608
21425 2 2 1 1 3380 6944 361
21426 2 2 1 1 4789 6944 341
21427 2 2 1 1 3381 6945 424
21428 2 2 1 1 424 6945 3383
21429 2 2 1 1 3381 3376 6945
21430 2 2 1 1 6771 3007 6498
21431 2 2 1 1 3383 6945 3382
21432 2 2 1 1 6944 3385 341
21433 2 2 1 1 486 427 402
21434 2 2 1 1 7759 6192 442
21435 2 2 1 1 1914 7398 6006
21436 2 2 1 1 6868 628 545
21437 2 2 1 1 486 557 7596
21438 2 2 1 1 5607 3367 6948
21439 2 2 1 1 669 5240 5242
21440 2 2 1 1 6948 3388 5612
21441 2 2 1 1 3388 3366 6949
21442 2 2 1 1 492 6949 3390
21443 2 2 1 1 6325 1068 6094
21444 2 2 1 1 492 3388 6949
21445 2 2 1 1 6472 2978 6875
21446 2 2 1 1 3390 6949 3389
21447 2 2 1 1 5615 3390 3392
21448 2 2 1 1 1363 1343 7761
21449 2 2 1 1 3386 5614 3393
21450 2 2 1 1 548 5622 6953
21451 2 2 1 1 548 6953 3395
21452 2 2 1 1 6911 7351 2969
21453 2 2 1 1 3395 6953 3394
21454 2 2 1 1 6402 758 755
21455 2 2 1 1 6955 6898 618
21456 2 2 1 1 3397 6956 6955
21457 2 2 1 1 6402 755 704
21458 2 2 1 1 6957 3400 3401
21459 2 2 1 1 6957 5621 5622
21460 2 2 1 1 6957 548 3400
21461 2 2 1 1 6960 6958 3402
21462 2 2 1 1 6961 6958 6937
21463 2 2 1 1 4556 6959 551
21464 2 2 1 1 551 6959 5629
21465 2 2 1 1 7679 6960 3402
21466 2 2 1 1 6960 6895 6958
21467 2 2 1 1 3402 6958 6961
21468 2 2 1 1 6963 5629 6961
21469 2 2 1 1 3282 6963 6962
21470 2 2 1 1 6107 6835 3282
21471 2 2 1 1 3282 5629 6963
21472 2 2 1 1 6962 6963 6936
21473 2 2 1 1 3381 6964 3356
21474 2 2 2 2 406 6590 4802
21475 2 2 1 1 6934 3355 6965
21476 2 2 1 1 6827 763 6968
21477 2 2 1 1 3340 3276 6968
21478 2 2 1 1 3340 3406 6967
21479 2 2 1 1 6910 3340 6967
21480 2 2 1 1 5388 2962 6928
21481 2 2 1 1 3407 3406 3275
21482 2 2 1 1 3406 6968 3275
21483 2 2 1 1 4560 6970 3315
21484 2 2 1 1 6970 3954 3315
21485 2 2 1 1 4561 6971 745
21486 2 2 1 1 6971 3969 745
21487 2 2 1 1 4562 6972 3279
21488 2 2 1 1 6972 5552 5563
21489 2 2 1 1 6880 6973 3409
21490 2 2 1 1 3409 6973 6977
21491 2 2 1 1 6974 3409 6898
21492 2 2 1 1 6974 6897 3318
21493 2 2 1 1 5633 3318 6897
21494 2 2 1 1 6977 6975 3410
21495 2 2 1 1 6980 6975 5581
21496 2 2 1 1 6984 6976 7533
21497 2 2 1 1 663 6976 5635
21498 2 2 1 1 7632 6977 3410
21499 2 2 1 1 6977 6973 6975
21500 2 2 1 1 3410 6975 6980
21501 2 2 1 1 5635 3410 6980
21502 2 2 1 1 3411 6980 6979
21503 2 2 1 1 3411 6979 6983
21504 2 2 1 1 5241 708 5237
21505 2 2 1 1 3411 5635 6980
21506 2 2 1 1 6983 6981 3412
21507 2 2 1 1 3412 6981 6987
21508 2 2 1 1 3413 7006 6988
21509 2 2 1 1 709 6982 5637
21510 2 2 1 1 5636 6983 3412
21511 2 2 1 1 6983 6979 6981
21512 2 2 1 1 5251 7632 6984
21513 2 2 1 1 5251 3414 5648
21514 2 2 1 1 5251 6984 3414
21515 2 2 1 1 6987 6985 3416
21516 2 2 1 1 3416 6985 4563
21517 2 2 1 1 3417 3416 6986
21518 2 2 1 1 3417 6986 7617
21519 2 2 1 1 3417 6987 3416
21520 2 2 1 1 6987 6981 6985
21521 2 2 1 1 6705 6176 7118
21522 2 2 1 1 6988 6982 709
21523 2 2 1 1 6991 3418 5641
21524 2 2 1 1 6989 3413 3418
21525 2 2 1 1 5638 3413 6989
21526 2 2 1 1 7118 461 2765
21527 2 2 1 1 6990 5638 6989
21528 2 2 1 1 3419 7626 675
21529 2 2 1 1 5639 3414 6990
21530 2 2 1 1 5639 6990 7626
21531 2 2 1 1 3421 5640 5660
21532 2 2 1 1 3421 3420 640
21533 2 2 1 1 3435 3421 640
21534 2 2 1 1 3418 6988 6995
21535 2 2 1 1 6994 3972 3425
21536 2 2 1 1 6618 5145 2483
21537 2 2 1 1 3425 4571 725
21538 2 2 1 1 5641 6995 3425
21539 2 2 1 1 6995 6994 3425
21540 2 2 1 1 6056 4554 7696
21541 2 2 1 1 6998 3314 4554
21542 2 2 1 1 3429 4569 7697
21543 2 2 1 1 3429 7697 5687
21544 2 2 1 1 3934 734 789
21545 2 2 1 1 6999 821 3430
21546 2 2 1 1 6999 6910 6967
21547 2 2 1 1 7000 3430 875
21548 2 2 1 1 7000 3341 6999
21549 2 2 1 1 7698 7131 3432
21550 2 2 1 1 3607 3432 7131
21551 2 2 1 1 6992 7687 4561
21552 2 2 1 1 2364 888 7002
21553 2 2 1 1 3433 3970 7003
21554 2 2 1 1 3433 7003 7002
21555 2 2 1 1 6947 6978 5225
21556 2 2 1 1 6947 855 5226
21557 2 2 1 1 3434 5625 3401
21558 2 2 1 1 3426 725 3436
21559 2 2 1 1 3426 3425 725
21560 2 2 1 1 755 6978 802
21561 2 2 1 1 755 802 750
21562 2 2 1 1 6318 5338 7242
21563 2 2 1 1 3153 7008 5651
21564 2 2 1 1 5893 5894 4979
21565 2 2 1 1 7006 5636 3412
21566 2 2 1 1 5651 7008 3441
21567 2 2 1 1 1348 6996 7004
21568 2 2 1 1 7011 384 3087
21569 2 2 1 1 3387 7010 3247
21570 2 2 1 1 7010 6586 423
21571 2 2 1 1 3387 7011 3087
21572 2 2 1 1 1245 6996 1284
21573 2 2 1 1 7704 7272 3226
21574 2 2 1 1 7278 5530 5532
21575 2 2 1 1 4547 7013 583
21576 2 2 1 1 7013 6760 583
21577 2 2 1 1 3288 7537 5568
21578 2 2 1 1 5654 2816 7392
21579 2 2 1 1 3442 7199 7015
21580 2 2 1 1 7705 7015 3928
21581 2 2 1 1 7016 3175 4534
21582 2 2 1 1 7016 3976 7705
21583 2 2 1 1 3443 7017 4576
21584 2 2 1 1 4576 7017 261
21585 2 2 1 1 7706 7018 3985
21586 2 2 1 1 3985 7018 3444
21587 2 2 1 1 3173 7019 3143
21588 2 2 1 1 7019 5503 5509
21589 2 2 1 1 6418 2947 6416
21590 2 2 1 1 3143 7019 185
21591 2 2 1 1 3449 2342 5734
21592 2 2 1 1 3449 3450 2342
21593 2 2 1 1 3429 5687 7022
21594 2 2 1 1 5657 3429 7022
21595 2 2 1 1 3452 7021 7784
21596 2 2 1 1 7021 7464 798
21597 2 2 1 1 3452 5657 7022
21598 2 2 1 1 5516 148 3453
21599 2 2 1 1 3132 5482 7023
21600 2 2 1 1 7025 5658 7023
21601 2 2 1 1 3454 7025 7024
21602 2 2 1 1 7806 3454 7024
21603 2 2 1 1 3454 5658 7025
21604 2 2 1 1 7024 7025 6667
21605 2 2 1 1 7713 7714 3136
21606 2 2 1 1 5650 5652 7027
21607 2 2 1 1 3459 4588 7715
21608 2 2 1 1 3459 7715 7807
21609 2 2 1 1 7029 136 3453
21610 2 2 1 1 7029 5507 136
21611 2 2 1 1 3192 7029 3453
21612 2 2 1 1 6382 2925 6951
21613 2 2 1 1 7030 767 2353
21614 2 2 1 1 3517 767 7030
21615 2 2 1 1 7031 2353 792
21616 2 2 1 1 7031 3460 7030
21617 2 2 1 1 3436 7032 3461
21618 2 2 1 1 3608 3461 7032
21619 2 2 1 1 6952 6371 5379
21620 2 2 1 1 5659 3462 2709
21621 2 2 1 1 685 5659 7034
21622 2 2 1 1 685 7034 3437
21623 2 2 1 1 6324 5484 6565
21624 2 2 1 1 3437 7034 3420
21625 2 2 1 1 2312 1455 7036
21626 2 2 1 1 7719 2312 7036
21627 2 2 1 1 3466 3991 7719
21628 2 2 1 1 3466 7719 7718
21629 2 2 1 1 3465 7036 7037
21630 2 2 1 1 7315 3465 7037
21631 2 2 1 1 3467 7039 7038
21632 2 2 1 1 7724 7038 4596
21633 2 2 1 1 3467 7315 7039
21634 2 2 1 1 7038 7039 5931
21635 2 2 1 1 3471 3995 7040
21636 2 2 1 1 3471 7040 4597
21637 2 2 1 1 3470 4596 7041
21638 2 2 1 1 4603 7320 7041
21639 2 2 1 1 3476 4603 7042
21640 2 2 1 1 7734 7042 4610
21641 2 2 1 1 7043 4600 7731
21642 2 2 1 1 7043 3474 4600
21643 2 2 1 1 2600 4606 7044
21644 2 2 1 1 7044 3818 2600
21645 2 2 1 1 7045 1402 2322
21646 2 2 1 1 4596 1402 7045
21647 2 2 1 1 7046 2322 1375
21648 2 2 1 1 7046 3475 7045
21649 2 2 1 1 3482 4006 7047
21650 2 2 1 1 3482 7047 4126
21651 2 2 1 1 1776 2549 5183
21652 2 2 1 1 1776 2546 2549
21653 2 2 1 1 1715 5165 1708
21654 2 2 1 1 1715 1708 5167
21655 2 2 1 1 6410 6966 6424
21656 2 2 1 1 4008 3484 5670
21657 2 2 1 1 5699 7050 1264
21658 2 2 1 1 7050 3490 5673
21659 2 2 1 1 3488 3485 5667
21660 2 2 1 1 3489 3488 5669
21661 2 2 1 1 3489 1266 7052
21662 2 2 1 1 3486 5670 7052
21663 2 2 1 1 7053 4872 3491
21664 2 2 1 1 7053 5672 1211
21665 2 2 1 1 3490 7054 3491
21666 2 2 1 1 7054 7053 3491
21667 2 2 1 1 3434 2716 5730
21668 2 2 1 1 5682 7056 3492
21669 2 2 1 1 3492 7056 7060
21670 2 2 1 1 3493 7057 7736
21671 2 2 1 1 869 7057 4009
21672 2 2 1 1 5682 5947 7056
21673 2 2 1 1 7060 7058 2375
21674 2 2 1 1 7058 5079 5080
21675 2 2 1 1 4612 7059 910
21676 2 2 1 1 7059 5950 910
21677 2 2 1 1 7735 7060 2375
21678 2 2 1 1 7060 7056 7058
21679 2 2 1 1 3494 4612 7061
21680 2 2 1 1 7325 3494 7061
21681 2 2 1 1 3497 4615 7739
21682 2 2 1 1 3497 7739 7742
21683 2 2 1 1 4616 7740 3498
21684 2 2 1 1 7744 7740 3727
21685 2 2 1 1 4618 7742 3500
21686 2 2 1 1 3500 7742 7746
21687 2 2 1 1 4619 7064 803
21688 2 2 1 1 803 7064 4015
21689 2 2 1 1 7065 2379 4264
21690 2 2 1 1 7065 7744 2379
21691 2 2 1 1 7751 830 7066
21692 2 2 1 1 3451 3507 7066
21693 2 2 1 1 735 737 690
21694 2 2 1 1 7464 7066 3508
21695 2 2 1 1 3508 830 7069
21696 2 2 1 1 3509 7067 4631
21697 2 2 1 1 3510 7068 7758
21698 2 2 1 1 852 7068 4018
21699 2 2 1 1 5688 7069 3509
21700 2 2 1 1 7069 7067 3509
21701 2 2 1 1 2873 7012 6309
21702 2 2 1 1 3516 5077 1042
21703 2 2 1 1 3235 3517 7497
21704 2 2 1 1 7497 5538 3235
21705 2 2 1 1 3526 4659 7070
21706 2 2 1 1 4669 7331 7070
21707 2 2 1 1 3532 4669 7071
21708 2 2 1 1 4692 7779 7071
21709 2 2 1 1 4690 7072 3541
21710 2 2 1 1 3541 7072 4691
21711 2 2 1 1 4633 7073 810
21712 2 2 1 1 810 7073 4062
21713 2 2 1 1 7781 6054 4320
21714 2 2 1 1 4320 6054 2537
21715 2 2 1 1 6997 6305 2869
21716 2 2 1 1 5699 4611 3481
21717 2 2 1 1 6316 2802 2782
21718 2 2 1 1 6969 6900 3272
21719 2 2 1 1 3548 4705 4704
21720 2 2 1 1 4704 4705 4442
21721 2 2 1 1 3548 4072 4705
21722 2 2 1 1 4073 4072 3548
21723 2 2 1 1 2337 6645 7075
21724 2 2 1 1 5702 2337 7075
21725 2 2 1 1 7795 3135 4514
21726 2 2 1 1 7795 5702 7075
21727 2 2 1 1 5704 3551 3550
21728 2 2 1 1 3553 7078 5705
21729 2 2 1 1 5709 3562 7078
21730 2 2 1 1 3448 186 7079
21731 2 2 1 1 7028 6264 5300
21732 2 2 1 1 5705 7078 3556
21733 2 2 1 1 153 7604 5710
21734 2 2 1 1 1909 2504 4093
21735 2 2 1 1 3110 3907 3109
21736 2 2 1 1 3110 3109 4512
21737 2 2 1 1 3560 7083 231
21738 2 2 1 1 7083 7807 231
21739 2 2 1 1 3560 231 7084
21740 2 2 1 1 3562 5709 7084
21741 2 2 1 1 3562 3561 7122
21742 2 2 1 1 7122 4095 3562
21743 2 2 1 1 3563 3557 7079
21744 2 2 1 1 3563 7079 186
21745 2 2 1 1 3566 7087 3568
21746 2 2 1 1 3567 7088 1532
21747 2 2 1 1 1532 7088 5712
21748 2 2 1 1 7087 7089 3568
21749 2 2 1 1 3568 7089 7094
21750 2 2 1 1 5714 7091 7797
21751 2 2 1 1 1528 7090 4075
21752 2 2 1 1 5712 3566 7091
21753 2 2 1 1 7797 7091 7090
21754 2 2 1 1 7094 7092 3571
21755 2 2 1 1 7100 7092 5173
21756 2 2 1 1 3817 7093 1562
21757 2 2 1 1 1562 7093 5716
21758 2 2 1 1 7796 7094 3571
21759 2 2 1 1 7094 7089 7092
21760 2 2 1 1 7797 1528 4708
21761 2 2 1 1 7797 7090 1528
21762 2 2 1 1 7096 3572 4078
21763 2 2 1 1 7096 5714 7797
21764 2 2 1 1 7096 7797 3572
21765 2 2 1 1 7797 4708 3572
21766 2 2 1 1 3569 7097 5715
21767 2 2 1 1 7097 5717 3574
21768 2 2 1 1 7109 7098 1485
21769 2 2 1 1 7098 5859 1485
21770 2 2 1 1 5472 7386 2825
21771 2 2 1 1 5715 7097 3574
21772 2 2 1 1 3571 7092 7100
21773 2 2 1 1 3576 3571 7100
21774 2 2 1 1 3576 7100 7101
21775 2 2 1 1 3576 7101 7105
21776 2 2 1 1 7101 7100 6027
21777 2 2 1 1 7377 2871 7082
21778 2 2 1 1 7102 3577 5859
21779 2 2 1 1 7102 4709 3577
21780 2 2 1 1 7105 7103 2527
21781 2 2 1 1 7103 5172 5174
21782 2 2 1 1 3578 6053 7104
21783 2 2 1 1 6050 7104 2585
21784 2 2 1 1 5718 7105 2527
21785 2 2 1 1 7105 7101 7103
21786 2 2 1 1 7104 7213 2585
21787 2 2 1 1 7213 3801 2585
21788 2 2 1 1 7106 2585 7493
21789 2 2 1 1 7106 6050 2585
21790 2 2 1 1 7341 6049 7106
21791 2 2 1 1 4076 6049 7341
21792 2 2 1 1 3579 1539 3581
21793 2 2 1 1 5148 6618 2483
21794 2 2 1 1 3580 1539 7108
21795 2 2 1 1 3582 3580 7108
21796 2 2 1 1 3582 3575 7109
21797 2 2 1 1 2147 5782 7109
21798 2 2 1 1 7110 1467 4183
21799 2 2 1 1 7110 4393 1467
21800 2 2 1 1 7111 2178 4181
21801 2 2 1 1 7111 4079 7801
21802 2 2 1 1 7098 7102 5859
21803 2 2 1 1 648 5722 7112
21804 2 2 1 1 7112 5328 5698
21805 2 2 1 1 3188 7113 626
21806 2 2 1 1 7113 5024 5025
21807 2 2 1 1 1794 7048 5146
21808 2 2 1 1 1831 7048 1794
21809 2 2 1 1 3205 3586 7114
21810 2 2 1 1 7114 5521 3200
21811 2 2 1 1 3586 720 7115
21812 2 2 1 1 3233 5723 7115
21813 2 2 1 1 3233 2347 7116
21814 2 2 1 1 2435 3587 7117
21815 2 2 1 1 1203 7117 3591
21816 2 2 1 1 7600 3138 6656
21817 2 2 1 1 1203 2435 7117
21818 2 2 1 1 2812 7051 6241
21819 2 2 1 1 5764 7120 1105
21820 2 2 1 1 1496 1543 1529
21821 2 2 2 2 7804 319 4806
21822 2 2 1 1 3591 7117 3590
21823 2 2 1 1 5724 7121 1215
21824 2 2 1 1 1215 7121 2431
21825 2 2 1 1 6235 7062 6233
21826 2 2 1 1 2431 7121 5725
21827 2 2 1 1 3561 7806 7122
21828 2 2 1 1 3846 4765 6499
21829 2 2 1 1 7123 3458 4712
21830 2 2 1 1 5726 3458 7123
21831 2 2 1 1 5728 622 3596
21832 2 2 1 1 3596 622 5933
21833 2 2 1 1 3596 5933 7125
21834 2 2 1 1 3597 3596 7125
21835 2 2 1 1 4717 7807 3598
21836 2 2 1 1 7083 7137 7807
21837 2 2 1 1 7099 6202 2778
21838 2 2 1 1 2340 5938 6675
21839 2 2 1 1 3455 2340 7127
21840 2 2 1 1 3455 7127 3982
21841 2 2 1 1 5107 1397 5731
21842 2 2 1 1 3602 5107 5731
21843 2 2 1 1 7128 145 5711
21844 2 2 1 1 3603 5732 3581
21845 2 2 1 1 2504 7129 4093
21846 2 2 1 1 3544 3606 7129
21847 2 2 1 1 2343 689 7130
21848 2 2 1 1 3449 5734 7130
21849 2 2 1 1 2358 5746 3607
21850 2 2 1 1 3431 7131 833
21851 2 2 1 1 2695 730 7502
21852 2 2 1 1 6561 6674 3163
21853 2 2 1 1 7074 3904 2788
21854 2 2 1 1 7032 7364 3608
21855 2 2 1 1 3082 3063 3081
21856 2 2 1 1 4095 3448 7079
21857 2 2 1 1 7134 634 6681
21858 2 2 1 1 2781 7759 2780
21859 2 2 1 1 7135 3450 7134
21860 2 2 1 1 7136 245 4718
21861 2 2 1 1 7137 3598 7807
21862 2 2 1 1 7137 5741 7138
21863 2 2 1 1 7137 7138 3598
21864 2 2 1 1 7138 4718 3598
21865 2 2 1 1 7141 7139 3611
21866 2 2 1 1 3611 7139 4731
21867 2 2 1 1 7140 3611 7346
21868 2 2 1 1 7140 5742 7141
21869 2 2 1 1 7140 7141 3611
21870 2 2 1 1 7141 6123 7139
21871 2 2 1 1 7142 3604 3613
21872 2 2 1 1 7142 5068 5069
21873 2 2 1 1 6195 7076 6271
21874 2 2 1 1 7142 895 3604
21875 2 2 1 1 7143 5770 5744
21876 2 2 1 1 5288 2776 7077
21877 2 2 1 1 5746 2364 7002
21878 2 2 1 1 3616 4741 7827
21879 2 2 1 1 7349 3616 7827
21880 2 2 1 1 7146 3619 5749
21881 2 2 1 1 7146 7827 3619
21882 2 2 1 1 7095 6191 6192
21883 2 2 1 1 7146 7349 7827
21884 2 2 1 1 7148 1869 6047
21885 2 2 1 1 4741 1869 7148
21886 2 2 1 1 7149 3620 7489
21887 2 2 1 1 7596 6868 545
21888 2 2 1 1 5749 3619 7149
21889 2 2 1 1 1259 5116 2452
21890 2 2 1 1 1259 2452 5119
21891 2 2 1 1 7151 4185 7831
21892 2 2 1 1 7151 2180 4185
21893 2 2 1 1 2701 4758 7152
21894 2 2 1 1 7152 3876 2701
21895 2 2 1 1 4758 7352 7151
21896 2 2 1 1 7352 2180 7151
21897 2 2 1 1 6133 7153 1043
21898 2 2 1 1 2122 1043 7153
21899 2 2 1 1 7099 2778 6189
21900 2 2 1 1 3630 5955 3516
21901 2 2 1 1 2393 1039 7154
21902 2 2 1 1 3631 5760 7154
21903 2 2 1 1 5114 7155 1160
21904 2 2 1 1 3885 5224 7248
21905 2 2 1 1 2044 7063 2046
21906 2 2 1 1 5764 5973 5774
21907 2 2 1 1 3589 7156 1141
21908 2 2 1 1 7156 3592 1141
21909 2 2 1 1 2179 4184 7157
21910 2 2 1 1 4763 7353 7157
21911 2 2 1 1 2176 4763 7158
21912 2 2 1 1 4180 2176 7158
21913 2 2 1 1 2442 1160 7159
21914 2 2 1 1 3588 2442 7159
21915 2 2 1 1 7132 6687 6506
21916 2 2 1 1 6499 4765 7224
21917 2 2 1 1 7161 1105 7120
21918 2 2 1 1 1529 1543 2429
21919 2 2 1 1 7160 5769 7161
21920 2 2 1 1 7160 7161 3634
21921 2 2 1 1 7161 5971 1105
21922 2 2 1 1 2390 1083 7162
21923 2 2 1 1 7156 5774 7162
21924 2 2 1 1 1587 7150 1522
21925 2 2 1 1 2460 7843 7163
21926 2 2 1 1 7163 3765 2460
21927 2 2 1 1 7420 2754 6168
21928 2 2 1 1 2706 2156 5776
21929 2 2 1 1 6162 7126 6161
21930 2 2 1 1 3636 5113 3602
21931 2 2 1 1 5274 6157 7816
21932 2 2 1 1 3636 4897 2446
21933 2 2 1 1 7165 1119 5752
21934 2 2 1 1 7165 5103 1119
21935 2 2 1 1 2747 6155 7126
21936 2 2 1 1 3638 5777 3603
21937 2 2 1 1 4790 3385 3379
21938 2 2 1 1 1618 7150 1587
21939 2 2 1 1 7167 235 3070
21940 2 2 2 2 235 7167 4799
21941 2 2 1 1 6115 6120 7133
21942 2 2 1 1 3639 7167 3070
21943 2 2 1 1 4786 7168 3393
21944 2 2 1 1 2672 6115 7133
21945 2 2 1 1 5787 3640 3079
21946 2 2 1 1 7169 352 5608
21947 2 2 2 2 7169 4806 352
21948 2 2 1 1 3107 5989 6617
21949 2 2 1 1 3639 6568 3640
21950 2 2 1 1 1543 1591 2429
21951 2 2 1 1 1543 5097 1591
21952 2 2 1 1 7144 7480 1651
21953 2 2 1 1 7053 1211 4872
21954 2 2 1 1 2135 4153 4759
21955 2 2 1 1 4759 4153 3629
21956 2 2 1 1 4512 556 7174
21957 2 2 1 1 3085 3110 7174
21958 2 2 1 1 6584 7174 3597
21959 2 2 1 1 7859 3612 4730
21960 2 2 1 1 7859 4782 3612
21961 2 2 1 1 3134 211 7175
21962 2 2 1 1 4784 3134 7175
21963 2 2 1 1 3150 7175 7176
21964 2 2 1 1 7176 7008 3918
21965 2 2 1 1 7177 3157 2934
21966 2 2 1 1 7177 5366 5367
21967 2 2 1 1 7177 601 3157
21968 2 2 1 1 7178 1754 3600
21969 2 2 1 1 5696 1754 7178
21970 2 2 1 1 3641 7178 3600
21971 2 2 1 1 6617 3106 4880
21972 2 2 1 1 1296 5982 2449
21973 2 2 1 1 4853 1633 4783
21974 2 2 1 1 7179 3650 3651
21975 2 2 1 1 7179 4832 4891
21976 2 2 1 1 7132 5419 6142
21977 2 2 1 1 7179 2148 3650
21978 2 2 1 1 3657 7180 3656
21979 2 2 1 1 2177 7180 4180
21980 2 2 1 1 3656 7180 2177
21981 2 2 1 1 7181 5855 3658
21982 2 2 1 1 5855 2150 3658
21983 2 2 1 1 3659 7181 3658
21984 2 2 1 1 7192 5966 5968
21985 2 2 1 1 938 7164 7413
21986 2 2 1 1 3668 4988 4990
21987 2 2 1 1 2310 7410 5926
21988 2 2 1 1 3672 5903 4991
21989 2 2 1 1 1848 6127 4941
21990 2 2 1 1 2265 7391 7172
21991 2 2 1 1 5919 2277 5912
21992 2 2 1 1 3698 4992 3697
21993 2 2 1 1 7182 2268 4994
21994 2 2 1 1 7182 4993 2268
21995 2 2 1 1 4997 7183 2285
21996 2 2 1 1 5916 7183 5914
21997 2 2 1 1 1575 3715 7185
21998 2 2 1 1 7185 7491 1575
21999 2 2 1 1 7185 3715 3720
22000 2 2 1 1 4998 7186 2299
22001 2 2 1 1 5921 7186 5920
22002 2 2 1 1 5908 1662 7170
22003 2 2 1 1 6060 3723 3722
22004 2 2 1 1 3724 7187 2307
22005 2 2 1 1 2307 7187 7408
22006 2 2 1 1 3724 3725 7187
22007 2 2 1 1 7188 3726 5001
22008 2 2 1 1 3727 5950 5081
22009 2 2 1 1 3728 5082 5084
22010 2 2 1 1 5086 7190 2388
22011 2 2 1 1 2388 7190 4266
22012 2 2 1 1 7413 2387 5088
22013 2 2 1 1 4266 2387 7413
22014 2 2 1 1 984 5089 7192
22015 2 2 1 1 984 7192 3732
22016 2 2 1 1 5090 7191 2396
22017 2 2 1 1 5965 7191 5964
22018 2 2 1 1 5984 1937 1920
22019 2 2 1 1 4277 7228 7427
22020 2 2 1 1 4277 1035 7228
22021 2 2 1 1 5093 7193 2410
22022 2 2 1 1 2410 7193 4281
22023 2 2 1 1 3751 7194 3750
22024 2 2 1 1 2418 7194 4296
22025 2 2 1 1 2232 5889 5894
22026 2 2 1 1 3750 7194 2418
22027 2 2 1 1 7195 2417 5094
22028 2 2 1 1 4296 2417 7195
22029 2 2 1 1 1068 6325 7196
22030 2 2 1 1 1068 7196 7198
22031 2 2 1 1 5984 1900 1931
22032 2 2 1 1 4961 5884 7485
22033 2 2 1 1 1110 3758 7197
22034 2 2 1 1 1110 7197 4128
22035 2 2 1 1 4955 5881 7486
22036 2 2 1 1 1110 7434 3758
22037 2 2 1 1 1068 7198 3759
22038 2 2 1 1 2207 5879 2209
22039 2 2 1 1 3761 5976 3760
22040 2 2 1 1 1220 5118 7200
22041 2 2 1 1 1220 7200 3764
22042 2 2 1 1 1331 1316 2139
22043 2 2 1 1 3764 7200 3763
22044 2 2 1 1 7203 7202 2491
22045 2 2 1 1 2491 7202 4316
22046 2 2 1 1 7204 2526 5176
22047 2 2 1 1 6029 7432 7204
22048 2 2 1 1 7205 2534 5178
22049 2 2 1 1 6033 6036 7205
22050 2 2 1 1 1740 3772 7206
22051 2 2 1 1 4327 1740 7206
22052 2 2 2 2 4793 314 2061
22053 2 2 1 1 7206 3772 3774
22054 2 2 1 1 5188 7207 2562
22055 2 2 1 1 2562 7207 4332
22056 2 2 1 1 3779 7208 2564
22057 2 2 1 1 2564 7208 4335
22058 2 2 1 1 3779 3776 7208
22059 2 2 1 1 1695 5188 7781
22060 2 2 1 1 7781 4320 1695
22061 2 2 1 1 7209 2563 5189
22062 2 2 1 1 4335 2563 7209
22063 2 2 1 1 5190 7210 2579
22064 2 2 1 1 2579 7210 4357
22065 2 2 1 1 3796 3795 7211
22066 2 2 1 1 1558 7211 3797
22067 2 2 1 1 4947 5761 4363
22068 2 2 1 1 1558 3796 7211
22069 2 2 1 1 7480 2578 5192
22070 2 2 1 1 4357 2578 7480
22071 2 2 1 1 3800 3799 7212
22072 2 2 1 1 7212 3723 1551
22073 2 2 1 1 3578 5718 6053
22074 2 2 1 1 1551 3800 7212
22075 2 2 1 1 3803 7214 3805
22076 2 2 1 1 2588 7214 4369
22077 2 2 1 1 7119 3889 7580
22078 2 2 1 1 3805 7214 2588
22079 2 2 1 1 5193 7216 2595
22080 2 2 1 1 2595 7216 4381
22081 2 2 1 1 7217 2594 5194
22082 2 2 1 1 4381 2594 7217
22083 2 2 1 1 5707 5711 145
22084 2 2 1 1 7044 3819 3818
22085 2 2 1 1 3506 7184 7750
22086 2 2 1 1 3823 6067 3822
22087 2 2 1 1 7455 2490 5195
22088 2 2 1 1 4316 2490 7455
22089 2 2 1 1 1811 5196 7219
22090 2 2 1 1 1811 7219 5197
22091 2 2 1 1 3824 3826 7220
22092 2 2 1 1 4319 1774 7220
22093 2 2 1 1 1774 3824 7220
22094 2 2 1 1 1846 5198 7519
22095 2 2 1 1 4411 1846 7519
22096 2 2 1 1 7002 5684 3433
22097 2 2 1 1 3829 5197 3828
22098 2 2 1 1 5199 7222 2615
22099 2 2 1 1 6076 7222 6075
22100 2 2 1 1 3841 7520 2623
22101 2 2 1 1 2623 7520 4419
22102 2 2 1 1 6499 7224 7225
22103 2 2 1 1 7524 7224 4425
22104 2 2 1 1 3845 3846 7225
22105 2 2 1 1 2629 7225 6081
22106 2 2 1 1 5202 7226 2632
22107 2 2 1 1 2632 7226 6084
22108 2 2 1 1 1931 7345 7857
22109 2 2 1 1 7522 5200 2627
22110 2 2 1 1 3849 2627 3848
22111 2 2 1 1 7522 2627 3849
22112 2 2 1 1 5208 7229 3857
22113 2 2 1 1 3857 7229 4443
22114 2 2 1 1 3698 7230 3859
22115 2 2 1 1 2271 7230 4446
22116 2 2 1 1 5667 5013 1325
22117 2 2 1 1 3859 7230 2271
22118 2 2 1 1 7232 2642 6093
22119 2 2 1 1 4446 2642 7232
22120 2 2 1 1 3864 7233 3863
22121 2 2 1 1 2647 7233 4454
22122 2 2 1 1 3863 7233 2647
22123 2 2 1 1 1046 5209 7235
22124 2 2 1 1 1046 7235 4148
22125 2 2 1 1 5210 7236 2651
22126 2 2 1 1 2651 7236 4457
22127 2 2 1 1 7237 3866 3867
22128 2 2 1 1 4457 2650 7237
22129 2 2 1 1 7124 7306 3132
22130 2 2 1 1 7237 2650 3866
22131 2 2 1 1 6042 2858 516
22132 2 2 1 1 999 7239 3870
22133 2 2 1 1 5211 7238 2657
22134 2 2 1 1 2657 7238 6099
22135 2 2 1 1 1805 3756 1830
22136 2 2 1 1 946 5213 7240
22137 2 2 1 1 946 7240 5215
22138 2 2 1 1 6025 2867 6301
22139 2 2 1 1 3873 6102 3872
22140 2 2 1 1 5214 7241 2666
22141 2 2 1 1 2666 7241 6106
22142 2 2 1 1 7199 5654 7392
22143 2 2 1 1 5220 3875 6121
22144 2 2 1 1 3878 6164 3877
22145 2 2 1 1 2684 2679 2661
22146 2 2 1 1 6160 5272 3879
22147 2 2 1 1 6776 5291 5293
22148 2 2 1 1 5293 5291 2792
22149 2 2 1 1 7244 3881 2828
22150 2 2 1 1 5309 7244 328
22151 2 2 1 1 6218 7245 3882
22152 2 2 1 1 7246 3883 2828
22153 2 2 1 1 5317 7246 368
22154 2 2 1 1 7247 2846 6284
22155 2 2 1 1 5275 6282 7247
22156 2 2 1 1 2849 7248 7575
22157 2 2 1 1 7249 2888 5348
22158 2 2 1 1 7249 5340 5341
22159 2 2 1 1 7250 4484 6367
22160 2 2 1 1 6363 2916 7250
22161 2 2 1 1 5354 3888 7577
22162 2 2 1 1 7119 7378 3889
22163 2 2 1 1 7251 2936 5370
22164 2 2 1 1 7251 5369 2936
22165 2 2 1 1 1035 5091 7228
22166 2 2 1 1 277 1284 1359
22167 2 2 1 1 3895 6633 7254
22168 2 2 1 1 3894 3895 7254
22169 2 2 1 1 7254 3893 7255
22170 2 2 1 1 4501 3894 7255
22171 2 2 1 1 632 5639 3419
22172 2 2 1 1 3894 7254 7255
22173 2 2 1 1 7340 5413 7257
22174 2 2 1 1 7340 7257 5414
22175 2 2 1 1 7258 3030 6526
22176 2 2 1 1 7258 5415 3030
22177 2 2 1 1 6599 3896 3897
22178 2 2 1 1 426 5425 7259
22179 2 2 1 1 7328 7259 5426
22180 2 2 1 1 5435 7260 3899
22181 2 2 1 1 3899 7260 4501
22182 2 2 1 1 3900 3901 7261
22183 2 2 1 1 6368 316 7261
22184 2 2 1 1 3243 459 5603
22185 2 2 1 1 316 3900 7261
22186 2 2 1 1 7263 2930 5436
22187 2 2 1 1 7263 5360 5362
22188 2 2 1 1 420 5443 7264
22189 2 2 1 1 420 7264 5444
22190 2 2 1 1 5071 5067 7243
22191 2 2 1 1 5457 7266 3905
22192 2 2 1 1 5426 3054 7328
22193 2 2 1 1 524 5462 7268
22194 2 2 1 1 524 7268 5784
22195 2 2 1 1 7269 2957 5463
22196 2 2 1 1 6431 2957 7269
22197 2 2 1 1 6630 3129 6370
22198 2 2 1 1 430 5471 7271
22199 2 2 1 1 6551 7599 7271
22200 2 2 1 1 3345 5597 7215
22201 2 2 1 1 6462 5392 3911
22202 2 2 1 1 503 5363 7273
22203 2 2 1 1 6337 7783 7273
22204 2 2 1 1 6652 3140 7274
22205 2 2 1 1 7275 3141 6657
22206 2 2 1 1 7275 5476 6653
22207 2 2 1 1 570 5590 3333
22208 2 2 1 1 3920 5468 3919
22209 2 2 1 1 7276 3167 5487
22210 2 2 1 1 6678 6679 7276
22211 2 2 1 1 7277 7707 3927
22212 2 2 1 1 7277 5308 2826
22213 2 2 1 1 6881 7218 3319
22214 2 2 1 1 3928 7277 3927
22215 2 2 1 1 7279 3929 6557
22216 2 2 1 1 7280 3040 5497
22217 2 2 1 1 6536 3040 7280
22218 2 2 1 1 7281 3183 3931
22219 2 2 1 1 7281 5491 5493
22220 2 2 1 1 3932 7281 3931
22221 2 2 1 1 3319 5582 7221
22222 2 2 1 1 7283 2941 3933
22223 2 2 1 1 7283 5372 2941
22224 2 2 1 1 824 5058 884
22225 2 2 1 1 3307 5578 3306
22226 2 2 1 1 3937 2944 7284
22227 2 2 1 1 3936 5513 7284
22228 2 2 1 1 6850 7227 3290
22229 2 2 1 1 3939 7573 3938
22230 2 2 1 1 638 3291 7231
22231 2 2 1 1 5519 3939 6723
22232 2 2 1 1 502 5536 7286
22233 2 2 1 1 7286 4544 502
22234 2 2 1 1 7287 3942 3943
22235 2 2 1 1 6757 6774 7287
22236 2 2 1 1 7234 5569 6849
22237 2 2 1 1 2676 876 2675
22238 2 2 1 1 7652 3945 498
22239 2 2 1 1 3945 3231 7288
22240 2 2 1 1 3249 5547 7288
22241 2 2 1 1 552 5550 7290
22242 2 2 1 1 552 7290 5551
22243 2 2 1 1 6124 6830 3278
22244 2 2 1 1 3949 6815 3948
22245 2 2 1 1 5572 7292 3950
22246 2 2 1 1 3952 6872 3951
22247 2 2 1 1 3953 3308 7294
22248 2 2 1 1 3313 5580 7294
22249 2 2 1 1 763 5561 3275
22250 2 2 1 1 6970 3952 3954
22251 2 2 1 1 7295 3955 6832
22252 2 2 1 1 7296 3337 3956
22253 2 2 1 1 6904 6905 7296
22254 2 2 1 1 3957 7296 3956
22255 2 2 1 1 3269 5558 6134
22256 2 2 1 1 3957 3339 7297
22257 2 2 1 1 3343 5595 7297
22258 2 2 1 1 3958 6221 6922
22259 2 2 1 1 6920 3346 7298
22260 2 2 1 1 5600 3352 3960
22261 2 2 1 1 776 754 813
22262 2 2 1 1 7299 3331 5628
22263 2 2 1 1 7299 5587 5589
22264 2 2 1 1 7300 3316 5631
22265 2 2 1 1 6878 6879 7300
22266 2 2 1 1 7301 3280 5632
22267 2 2 1 1 6832 6833 7301
22268 2 2 1 1 7302 3416 3964
22269 2 2 1 1 6986 3416 7302
22270 2 2 1 1 7313 2333 6197
22271 2 2 1 1 3267 6816 3266
22272 2 2 1 1 7256 5552 6972
22273 2 2 1 1 3966 5637 7617
22274 2 2 1 1 3258 6799 3257
22275 2 2 1 1 3968 5595 3967
22276 2 2 1 1 7564 6998 3429
22277 2 2 1 1 5036 734 3934
22278 2 2 1 1 7304 3342 3970
22279 2 2 1 1 7675 3342 7304
22280 2 2 1 1 5038 697 5036
22281 2 2 1 1 5534 6743 588
22282 2 2 1 1 7703 7278 7272
22283 2 2 1 1 6994 3966 3972
22284 2 2 1 1 3974 7305 3973
22285 2 2 1 1 3440 7305 4574
22286 2 2 1 1 3222 5531 6248
22287 2 2 1 1 3973 7305 3440
22288 2 2 1 1 7307 3227 5653
22289 2 2 1 1 6762 3227 7307
22290 2 2 1 1 288 5655 7308
22291 2 2 1 1 1038 6668 4921
22292 2 2 1 1 7309 3428 3978
22293 2 2 1 1 7697 3428 7309
22294 2 2 1 1 665 697 5037
22295 2 2 1 1 581 7278 7703
22296 2 2 1 1 3214 5526 6289
22297 2 2 1 1 3980 6701 3979
22298 2 2 1 1 7311 3098 3981
22299 2 2 1 1 6605 6606 7311
22300 2 2 1 1 3982 7311 3981
22301 2 2 1 1 3207 5522 7282
22302 2 2 1 1 7312 3439 3989
22303 2 2 1 1 4574 3439 7312
22304 2 2 1 1 3198 6720 3197
22305 2 2 1 1 3990 7312 3989
22306 2 2 1 1 7314 2312 3991
22307 2 2 1 1 7314 5001 5928
22308 2 2 1 1 1122 7303 1074
22309 2 2 1 1 7285 3937 5513
22310 2 2 1 1 5662 7315 3467
22311 2 2 1 1 7039 7315 7037
22312 2 2 1 1 3994 7316 3469
22313 2 2 1 1 3469 7316 7723
22314 2 2 1 1 3994 7314 7316
22315 2 2 1 1 7279 7291 3929
22316 2 2 1 1 3996 5662 3995
22317 2 2 1 1 7319 3468 3997
22318 2 2 1 1 7722 3468 7319
22319 2 2 1 1 3998 7319 3997
22320 2 2 1 1 7293 3177 5491
22321 2 2 1 1 4001 3470 7320
22322 2 2 1 1 3476 5663 7320
22323 2 2 1 1 4002 7321 3472
22324 2 2 1 1 3472 7321 4605
22325 2 2 1 1 6689 6690 3172
22326 2 2 1 1 4002 3996 7321
22327 2 2 1 1 5664 7322 2600
22328 2 2 1 1 2600 7322 4606
22329 2 2 1 1 7323 3478 4004
22330 2 2 1 1 4606 3478 7323
22331 2 2 1 1 4005 7323 4004
22332 2 2 1 1 504 5138 5735
22333 2 2 1 1 544 5772 6688
22334 2 2 1 1 4007 5663 4006
22335 2 2 1 1 1182 7303 1122
22336 2 2 1 1 1189 7303 1182
22337 2 2 1 1 5486 6674 6677
22338 2 2 1 1 4009 7057 5683
22339 2 2 1 1 4948 7325 3497
22340 2 2 1 1 3497 7325 4615
22341 2 2 1 1 7739 3496 5685
22342 2 2 1 1 4615 3496 7739
22343 2 2 1 1 1040 3971 1152
22344 2 2 1 1 891 5686 7327
22345 2 2 1 1 891 7327 4016
22346 2 2 1 1 5307 5825 7388
22347 2 2 1 1 4015 7064 4014
22348 2 2 1 1 1202 1354 1320
22349 2 2 1 1 6023 7329 3504
22350 2 2 1 1 1572 3992 6220
22351 2 2 1 1 3916 5836 6654
22352 2 2 1 1 4018 7068 4017
22353 2 2 1 1 7330 4019 4020
22354 2 2 1 1 7330 5688 3510
22355 2 2 1 1 7330 3510 4019
22356 2 2 1 1 4046 3526 7331
22357 2 2 1 1 3532 5691 7331
22358 2 2 1 1 7332 4049 3531
22359 2 2 1 1 7332 4045 4049
22360 2 2 1 1 5469 6631 3129
22361 2 2 1 1 7332 902 4045
22362 2 2 1 1 4052 7333 3537
22363 2 2 1 1 3537 7333 7775
22364 2 2 1 1 7324 5018 1389
22365 2 2 1 1 7310 5460 3105
22366 2 2 1 1 4060 7334 3521
22367 2 2 1 1 4689 7334 4688
22368 2 2 1 1 7335 3540 5692
22369 2 2 1 1 4651 4689 7335
22370 2 2 1 1 1648 5190 7474
22371 2 2 1 1 7474 3784 1648
22372 2 2 1 1 7337 3452 7605
22373 2 2 1 1 7337 5642 5657
22374 2 2 1 1 5015 1379 5017
22375 2 2 1 1 7338 4070 4071
22376 2 2 1 1 7338 4955 2208
22377 2 2 1 1 2540 6043 2539
22378 2 2 1 1 7338 2208 4070
22379 2 2 1 1 4071 3547 4072
22380 2 2 1 1 4072 3547 4703
22381 2 2 1 1 4073 4074 7339
22382 2 2 1 1 7339 5877 1821
22383 2 2 1 1 5452 5454 7317
22384 2 2 1 1 1821 4073 7339
22385 2 2 1 1 164 159 5504
22386 2 2 1 1 4075 7090 5713
22387 2 2 1 1 187 5452 7317
22388 2 2 1 1 4076 5716 5718
22389 2 2 1 1 5667 1349 5013
22390 2 2 1 1 1488 5720 7342
22391 2 2 1 1 1488 7342 4081
22392 2 2 1 1 196 6715 7318
22393 2 2 1 1 4081 7342 4080
22394 2 2 1 1 3664 7344 4092
22395 2 2 1 1 3605 7344 4727
22396 2 2 1 1 4092 7344 3605
22397 2 2 1 1 1455 5006 5007
22398 2 2 1 1 7346 4096 4097
22399 2 2 1 1 5220 7140 7346
22400 2 2 1 1 7346 3611 4096
22401 2 2 1 1 4098 7348 2172
22402 2 2 1 1 2172 7348 7821
22403 2 2 1 1 4098 3666 7348
22404 2 2 1 1 6682 359 5429
22405 2 2 1 1 5748 7349 2202
22406 2 2 1 1 2202 7349 7146
22407 2 2 1 1 3692 4117 7350
22408 2 2 1 1 4119 7350 4118
22409 2 2 1 1 3056 5427 3055
22410 2 2 1 1 1783 3692 7350
22411 2 2 1 1 5756 7352 2701
22412 2 2 1 1 2701 7352 4758
22413 2 2 1 1 1295 2155 4125
22414 2 2 1 1 1295 4898 2155
22415 2 2 1 1 4126 1295 4125
22416 2 2 1 1 7326 5427 7279
22417 2 2 1 1 3659 2179 7353
22418 2 2 1 1 2176 5765 7353
22419 2 2 1 1 426 7328 3906
22420 2 2 1 1 4128 7197 4127
22421 2 2 1 1 7355 4132 4133
22422 2 2 1 1 3046 3045 5425
22423 2 2 1 1 7355 3635 4132
22424 2 2 1 1 7356 2404 5769
22425 2 2 1 1 6479 1259 5121
22426 2 2 1 1 4143 7357 3623
22427 2 2 1 1 3623 7357 7846
22428 2 2 1 1 4143 4144 7357
22429 2 2 1 1 3046 5422 3045
22430 2 2 1 1 7358 3614 4145
22431 2 2 1 1 4734 3614 7358
22432 2 2 1 1 7326 5422 3046
22433 2 2 1 1 4146 7358 4145
22434 2 2 1 1 4497 7546 5417
22435 2 2 1 1 4148 7235 4147
22436 2 2 1 1 4150 7361 4149
22437 2 2 1 1 3427 7361 4780
22438 2 2 1 1 6419 6943 2951
22439 2 2 1 1 4149 7361 3427
22440 2 2 1 1 7363 3642 4151
22441 2 2 1 1 4780 3642 7363
22442 2 2 1 1 6178 5415 7258
22443 2 2 1 1 4152 7363 4151
22444 2 2 1 1 7364 4154 3608
22445 2 2 1 1 7340 5414 5416
22446 2 2 1 1 2107 4156 4871
22447 2 2 1 1 7366 2131 5833
22448 2 2 1 1 7366 4157 2131
22449 2 2 1 1 7367 2127 5829
22450 2 2 1 1 7367 4159 2127
22451 2 2 1 1 7368 2129 5831
22452 2 2 1 1 7368 4162 2129
22453 2 2 1 1 7369 4164 2158
22454 2 2 1 1 7369 2117 4850
22455 2 2 1 1 7370 4165 2159
22456 2 2 1 1 7370 2108 4841
22457 2 2 1 1 7371 4166 2161
22458 2 2 1 1 7371 2110 4845
22459 2 2 1 1 2972 5407 2973
22460 2 2 1 1 4167 5852 4102
22461 2 2 1 1 7372 4168 4169
22462 2 2 1 1 7372 4167 2170
22463 2 2 1 1 2929 6383 7343
22464 2 2 1 1 7372 2170 4168
22465 2 2 1 1 5402 6472 2981
22466 2 2 1 1 7372 3650 4167
22467 2 2 1 1 7354 2964 5393
22468 2 2 1 1 4178 4165 5765
22469 2 2 1 1 7347 6464 2976
22470 2 2 1 1 4179 4180 7158
22471 2 2 1 1 4180 7180 4178
22472 2 2 1 1 5418 5390 2970
22473 2 2 1 1 4182 5854 4181
22474 2 2 1 1 7380 2178 4183
22475 2 2 1 1 7380 7381 2178
22476 2 2 1 1 4184 7380 4183
22477 2 2 1 1 7381 3658 4182
22478 2 2 1 1 7380 2179 7381
22479 2 2 1 1 5394 5384 6876
22480 2 2 1 1 5901 5897 4197
22481 2 2 1 1 2210 5900 7383
22482 2 2 1 1 7383 4958 5882
22483 2 2 1 1 7384 2246 5903
22484 2 2 1 1 7384 4990 5904
22485 2 2 1 1 4197 7385 4199
22486 2 2 1 1 2248 7385 4203
22487 2 2 1 1 6442 369 5382
22488 2 2 1 1 4199 7385 2248
22489 2 2 1 1 7387 2233 5890
22490 2 2 1 1 7387 4991 5906
22491 2 2 1 1 7006 3412 6982
22492 2 2 1 1 4203 7385 3668
22493 2 2 1 1 7360 2947 5377
22494 2 2 1 1 5907 4225 4202
22495 2 2 1 1 7172 4993 7390
22496 2 2 1 1 2381 5956 2380
22497 2 2 1 1 7362 5376 5378
22498 2 2 1 1 4235 7390 4234
22499 2 2 1 1 7393 7394 3705
22500 2 2 1 1 1513 1542 4986
22501 2 2 1 1 6393 6394 2877
22502 2 2 1 1 7394 3697 4235
22503 2 2 1 1 7393 2270 7394
22504 2 2 1 1 7395 2272 4995
22505 2 2 1 1 7395 4994 5910
22506 2 2 1 1 4238 7396 4243
22507 2 2 1 1 2278 7396 4246
22508 2 2 1 1 2913 6357 7365
22509 2 2 1 1 4243 7396 2278
22510 2 2 1 1 6935 6380 354
22511 2 2 1 1 4246 7396 4245
22512 2 2 1 1 2935 342 6395
22513 2 2 1 1 5914 4245 5917
22514 2 2 1 1 7776 7373 6966
22515 2 2 1 1 5925 4259 3721
22516 2 2 1 1 2291 4255 7401
22517 2 2 1 1 3720 2291 7401
22518 2 2 1 1 5917 1576 7107
22519 2 2 1 1 5374 418 7374
22520 2 2 1 1 2869 5339 7375
22521 2 2 1 1 7212 4260 3723
22522 2 2 1 1 6588 7376 421
22523 2 2 1 1 4260 3720 7401
22524 2 2 1 1 7377 7082 5335
22525 2 2 1 1 5920 4257 4997
22526 2 2 1 1 7401 4261 7404
22527 2 2 1 1 3722 2296 7404
22528 2 2 1 1 7378 5333 3889
22529 2 2 1 1 2296 7401 7404
22530 2 2 1 1 2844 7379 2843
22531 2 2 1 1 6061 4262 3725
22532 2 2 1 1 2334 2331 7313
22533 2 2 1 1 4262 3722 7404
22534 2 2 1 1 4263 4261 5924
22535 2 2 1 1 4992 7391 2265
22536 2 2 1 1 1480 7407 7188
22537 2 2 1 1 7407 7408 4263
22538 2 2 1 1 7408 7187 2300
22539 2 2 1 1 2306 7845 7410
22540 2 2 1 1 3726 2306 7410
22541 2 2 1 1 7411 2378 5953
22542 2 2 1 1 7411 5081 5954
22543 2 2 1 1 7412 2383 5958
22544 2 2 1 1 7412 5084 5959
22545 2 2 1 1 5962 7414 2387
22546 2 2 1 1 2387 7414 4267
22547 2 2 1 1 7063 2051 2046
22548 2 2 1 1 256 5307 7388
22549 2 2 1 1 4266 7190 5962
22550 2 2 1 1 2044 2043 7409
22551 2 2 1 1 7415 2391 5089
22552 2 2 1 1 7415 4267 2391
22553 2 2 1 1 6243 7389 5307
22554 2 2 1 1 7415 5088 4267
22555 2 2 1 1 2391 7414 7417
22556 2 2 1 1 3730 2391 7417
22557 2 2 1 1 2395 5963 7418
22558 2 2 1 1 2395 7418 5966
22559 2 2 1 1 7392 2816 5305
22560 2 2 1 1 5963 3730 7417
22561 2 2 1 1 5964 4269 5085
22562 2 2 1 1 2397 5969 7421
22563 2 2 1 1 3733 2397 7421
22564 2 2 1 1 3049 3048 6560
22565 2 2 1 1 6237 7397 2809
22566 2 2 1 1 4272 5967 4271
22567 2 2 1 1 7423 3738 4273
22568 2 2 1 1 7423 4272 2401
22569 2 2 1 1 113 2284 5919
22570 2 2 1 1 7423 2401 3738
22571 2 2 1 1 7399 5301 6236
22572 2 2 1 1 7423 3734 4272
22573 2 2 1 1 5970 7425 2403
22574 2 2 1 1 5972 7425 5090
22575 2 2 1 1 4276 3741 7426
22576 2 2 1 1 4665 2406 7426
22577 2 2 1 1 6223 7400 2789
22578 2 2 1 1 2406 4276 7426
22579 2 2 1 1 2044 7409 2052
22580 2 2 1 1 2801 5296 2800
22581 2 2 1 1 4281 7193 7427
22582 2 2 1 1 4286 7429 4294
22583 2 2 1 1 2417 7429 4301
22584 2 2 1 1 7402 5294 5296
22585 2 2 1 1 4294 7429 2417
22586 2 2 1 1 7403 2760 2766
22587 2 2 1 1 4295 4296 7195
22588 2 2 1 1 401 7416 5290
22589 2 2 1 1 4296 7194 4294
22590 2 2 1 1 6198 7405 2788
22591 2 2 1 1 4301 7429 5093
22592 2 2 1 1 7431 2410 7428
22593 2 2 1 1 7431 4301 2410
22594 2 2 1 1 2785 5287 7080
22595 2 2 1 1 7431 5094 4301
22596 2 2 1 1 2419 4297 7433
22597 2 2 1 1 7435 2419 7433
22598 2 2 1 1 7406 2775 5284
22599 2 2 1 1 2423 4303 7434
22600 2 2 1 1 2423 7434 7440
22601 2 2 1 1 6159 2001 5778
22602 2 2 1 1 5284 2775 7095
22603 2 2 1 1 4303 7196 7435
22604 2 2 1 1 2422 7435 7433
22605 2 2 1 1 2422 6013 7436
22606 2 2 1 1 3758 2422 7436
22607 2 2 1 1 2422 7433 6013
22608 2 2 1 1 4304 4288 7437
22609 2 2 1 1 2424 7437 4764
22610 2 2 1 1 2424 4304 7437
22611 2 2 1 1 4304 3758 7436
22612 2 2 1 1 2423 7440 4305
22613 2 2 1 1 5977 2425 4146
22614 2 2 1 1 4306 7441 4128
22615 2 2 1 1 7441 7440 1110
22616 2 2 1 1 7442 2427 7840
22617 2 2 1 1 7442 4306 2427
22618 2 2 1 1 4307 7442 7840
22619 2 2 1 1 614 595 7422
22620 2 2 1 1 245 7355 4133
22621 2 2 1 1 7442 3760 4306
22622 2 2 1 1 7443 3651 2171
22623 2 2 1 1 7443 2454 5991
22624 2 2 1 1 2455 5993 7444
22625 2 2 1 1 2455 7444 4309
22626 2 2 1 1 2671 5217 5219
22627 2 2 1 1 4309 7444 4308
22628 2 2 1 1 7446 4310 4311
22629 2 2 1 1 7446 4309 2458
22630 2 2 1 1 7240 2663 7558
22631 2 2 1 1 7446 2458 4310
22632 2 2 1 1 7239 5210 3868
22633 2 2 1 1 7446 3763 4309
22634 2 2 1 1 1359 1407 277
22635 2 2 1 1 4312 5994 3764
22636 2 2 1 1 7449 2459 4311
22637 2 2 1 1 7449 7450 2459
22638 2 2 1 1 4136 7449 4311
22639 2 2 1 1 7450 3765 4312
22640 2 2 1 1 7449 2460 7450
22641 2 2 1 1 7451 2463 5997
22642 2 2 1 1 7451 5123 5998
22643 2 2 1 1 6012 7452 4314
22644 2 2 1 1 7454 3766 6048
22645 2 2 1 1 7839 7507 4394
22646 2 2 1 1 2490 7839 4394
22647 2 2 1 1 4316 7202 6017
22648 2 2 1 1 2491 7457 4317
22649 2 2 1 1 5975 1133 7526
22650 2 2 1 1 2494 7458 4318
22651 2 2 1 1 6018 7458 2493
22652 2 2 1 1 7459 2530 6033
22653 2 2 1 1 7459 5176 6034
22654 2 2 1 1 7460 2536 6039
22655 2 2 1 1 7460 5178 6040
22656 2 2 1 1 6255 7496 309
22657 2 2 1 1 7462 3773 6051
22658 2 2 1 1 6220 3992 6005
22659 2 2 1 1 2555 4323 7463
22660 2 2 1 1 3774 2555 7463
22661 2 2 1 1 1776 5185 2554
22662 2 2 1 1 7463 4323 4325
22663 2 2 1 1 2558 4326 7465
22664 2 2 1 1 4332 2558 7465
22665 2 2 1 1 2527 5174 7432
22666 2 2 1 1 7465 4326 3777
22667 2 2 1 1 1715 5157 5165
22668 2 2 1 1 4326 3774 7463
22669 2 2 1 1 7467 3778 5179
22670 2 2 1 1 7430 309 278
22671 2 2 1 1 4327 7206 7468
22672 2 2 1 1 4332 7465 7469
22673 2 2 1 1 6013 3746 7436
22674 2 2 1 1 5164 1759 5157
22675 2 2 1 1 4332 7207 7468
22676 2 2 1 1 4333 7471 2563
22677 2 2 1 1 2563 7471 4337
22678 2 2 1 1 4333 4330 7471
22679 2 2 1 1 2469 2468 7438
22680 2 2 1 1 4334 4335 7209
22681 2 2 1 1 1318 5109 5700
22682 2 2 1 1 4335 7208 4333
22683 2 2 1 1 2562 7469 7473
22684 2 2 1 1 3780 2562 7473
22685 2 2 1 1 2898 7373 7776
22686 2 2 1 1 7356 5092 2404
22687 2 2 1 1 7474 3780 7473
22688 2 2 1 1 7471 7476 4337
22689 2 2 1 1 7394 2269 3705
22690 2 2 1 1 7478 2567 6057
22691 2 2 1 1 5189 4337 7478
22692 2 2 1 1 1423 1549 1493
22693 2 2 1 1 6058 7479 2578
22694 2 2 1 1 2578 7479 4362
22695 2 2 1 1 1423 1437 1549
22696 2 2 1 1 5138 5489 3176
22697 2 2 1 1 5075 963 7445
22698 2 2 1 1 4357 7210 6058
22699 2 2 1 1 4353 4358 7482
22700 2 2 1 1 3795 2576 7482
22701 2 2 1 1 2576 4353 7482
22702 2 2 1 1 4359 3800 7484
22703 2 2 1 1 2581 7484 4360
22704 2 2 1 1 7448 826 7447
22705 2 2 1 1 2581 4359 7484
22706 2 2 1 1 5052 7448 5055
22707 2 2 1 1 4359 3795 7482
22708 2 2 1 1 7487 2301 6061
22709 2 2 1 1 7487 4360 2301
22710 2 2 1 1 772 7448 5052
22711 2 2 1 1 4362 7479 6062
22712 2 2 1 1 7488 2583 7213
22713 2 2 1 1 7488 4362 2583
22714 2 2 1 1 7488 5192 4362
22715 2 2 1 1 4358 3788 7490
22716 2 2 1 1 3799 2580 7490
22717 2 2 1 1 2580 4358 7490
22718 2 2 1 1 7491 4347 1575
22719 2 2 1 1 681 710 5034
22720 2 2 1 1 3799 7490 7492
22721 2 2 1 1 7491 3799 7492
22722 2 2 1 1 2585 6064 7493
22723 2 2 1 1 5193 7106 7493
22724 2 2 1 1 6064 7494 2584
22725 2 2 1 1 7494 6062 6063
22726 2 2 1 1 783 737 735
22727 2 2 1 1 4364 6063 3793
22728 2 2 1 1 4365 7495 4367
22729 2 2 1 1 2587 7495 4370
22730 2 2 1 1 4367 7495 2587
22731 2 2 1 1 7472 5019 1464
22732 2 2 1 1 4369 7214 4367
22733 2 2 1 1 5005 5011 1513
22734 2 2 1 1 4370 7495 3797
22735 2 2 1 1 6065 7498 2594
22736 2 2 1 1 2594 7498 4386
22737 2 2 1 1 309 7430 6011
22738 2 2 1 1 7341 4381 7217
22739 2 2 1 1 2243 7475 5897
22740 2 2 1 1 4381 7216 6065
22741 2 2 1 1 7430 365 6011
22742 2 2 1 1 7278 5532 7272
22743 2 2 1 1 7499 2598 6067
22744 2 2 1 1 7499 4386 2598
22745 2 2 1 1 7499 5194 4386
22746 2 2 1 1 4382 3807 7500
22747 2 2 1 1 3818 2596 7500
22748 2 2 1 1 1809 4965 7483
22749 2 2 1 1 2596 4382 7500
22750 2 2 1 1 2211 4961 7485
22751 2 2 1 1 5664 4387 4371
22752 2 2 1 1 2208 4955 7486
22753 2 2 1 1 4387 3818 7500
22754 2 2 1 1 4391 7504 4114
22755 2 2 1 1 7504 7498 1525
22756 2 2 1 1 7505 2603 4392
22757 2 2 1 1 7505 4391 2603
22758 2 2 1 1 4393 7505 4392
22759 2 2 1 1 6005 3992 4937
22760 2 2 1 1 7505 3822 4391
22761 2 2 1 1 1356 1459 7336
22762 2 2 1 1 7508 2605 5196
22763 2 2 1 1 7508 4394 2605
22764 2 2 1 1 7508 5195 4394
22765 2 2 1 1 2607 6070 7509
22766 2 2 1 1 2607 7509 6071
22767 2 2 1 1 6070 3825 6069
22768 2 2 1 1 4395 3835 7511
22769 2 2 1 1 3826 2606 7511
22770 2 2 1 1 2606 4395 7511
22771 2 2 1 1 6020 4397 4396
22772 2 2 1 1 14 10 16
22773 2 2 1 1 4397 3826 7511
22774 2 2 1 1 4398 6072 5198
22775 2 2 1 1 2609 6073 7514
22776 2 2 1 1 3827 2609 7514
22777 2 2 1 1 2612 6074 7515
22778 2 2 1 1 4419 2612 7515
22779 2 2 1 1 6074 3827 7514
22780 2 2 1 1 7516 3833 4402
22781 2 2 1 1 7516 4401 2613
22782 2 2 1 1 7516 2613 3833
22783 2 2 1 1 7501 7526 1133
22784 2 2 1 1 7516 3828 4401
22785 2 2 1 1 6075 4399 5150
22786 2 2 1 1 7477 1526 1505
22787 2 2 1 1 6078 4419 7515
22788 2 2 1 1 1526 1548 1505
22789 2 2 1 1 4419 7520 7519
22790 2 2 1 1 2627 6079 7521
22791 2 2 1 1 3848 2627 7521
22792 2 2 1 1 4131 7522 3849
22793 2 2 1 1 4425 4131 7523
22794 2 2 1 1 1243 1269 1307
22795 2 2 1 1 7524 2628 7530
22796 2 2 1 1 7524 4425 2628
22797 2 2 1 1 4427 6081 7525
22798 2 2 1 1 6528 3033 6711
22799 2 2 1 1 4828 7506 4810
22800 2 2 1 1 7524 4428 7224
22801 2 2 1 1 6083 7527 2631
22802 2 2 1 1 6088 7527 5199
22803 2 2 1 1 7171 5105 7189
22804 2 2 1 1 6087 6085 4429
22805 2 2 1 1 7530 6087 2633
22806 2 2 1 1 4426 2633 4431
22807 2 2 1 1 7530 2633 4426
22808 2 2 1 1 6085 3848 7521
22809 2 2 2 2 235 4799 7510
22810 2 2 1 1 1219 4838 4816
22811 2 2 1 1 1662 4978 7481
22812 2 2 1 1 1764 4972 4973
22813 2 2 2 2 7860 4805 4804
22814 2 2 1 1 4432 5739 2635
22815 2 2 1 1 6090 7532 4442
22816 2 2 1 1 4704 4442 7532
22817 2 2 1 1 3192 7529 170
22818 2 2 1 1 6091 7534 4444
22819 2 2 1 1 4703 4444 7534
22820 2 2 1 1 4416 4444 1803
22821 2 2 1 1 4702 1803 4444
22822 2 2 1 1 7535 4443 2641
22823 2 2 1 1 7535 3857 4443
22824 2 2 1 1 7393 7536 4445
22825 2 2 1 1 2642 7536 4447
22826 2 2 1 1 4445 7536 2642
22827 2 2 1 1 3700 4446 7232
22828 2 2 1 1 1581 7624 4859
22829 2 2 1 1 4446 7230 4445
22830 2 2 1 1 7673 2660 6102
22831 2 2 1 1 4447 7536 6057
22832 2 2 1 1 6093 2567 4068
22833 2 2 1 1 3629 7517 4760
22834 2 2 1 1 4452 4448 6094
22835 2 2 1 1 7005 9 4800
22836 2 2 1 1 4453 4454 5209
22837 2 2 1 1 4454 7233 4452
22838 2 2 1 1 7542 4455 2648
22839 2 2 1 1 7542 2646 6094
22840 2 2 1 1 2649 6095 7543
22841 2 2 1 1 2649 7543 4778
22842 2 2 1 1 6096 7544 2650
22843 2 2 1 1 2650 7544 4458
22844 2 2 1 1 4457 7237 7545
22845 2 2 1 1 4076 3578 6049
22846 2 2 1 1 1120 7526 7501
22847 2 2 1 1 4457 7236 6096
22848 2 2 1 1 7743 7528 4618
22849 2 2 1 1 4458 7544 4148
22850 2 2 1 1 7548 4459 4460
22851 2 2 1 1 7548 4458 2652
22852 2 2 1 1 6684 6694 7693
22853 2 2 1 1 7548 2652 4459
22854 2 2 1 1 624 7686 6546
22855 2 2 1 1 7548 3866 4458
22856 2 2 1 1 2651 7545 7549
22857 2 2 1 1 3868 2651 7549
22858 2 2 1 1 2655 6097 7551
22859 2 2 1 1 2655 7551 4462
22860 2 2 1 1 3429 6998 4569
22861 2 2 1 1 6097 3868 7549
22862 2 2 1 1 6098 7550 2656
22863 2 2 1 1 6103 7550 6101
22864 2 2 1 1 1643 7223 1792
22865 2 2 1 1 7552 2658 5213
22866 2 2 1 1 7552 4462 2658
22867 2 2 1 1 1756 1797 4931
22868 2 2 1 1 7552 7239 4462
22869 2 2 1 1 2658 7551 7554
22870 2 2 1 1 3871 2658 7554
22871 2 2 1 1 2663 6104 7555
22872 2 2 1 1 2663 7555 4466
22873 2 2 1 1 3968 7537 6842
22874 2 2 1 1 6104 3871 7554
22875 2 2 1 1 7538 3940 7651
22876 2 2 1 1 4464 6101 3867
22877 2 2 1 1 7556 2653 4460
22878 2 2 1 1 7556 4464 2653
22879 2 2 1 1 6654 7539 6554
22880 2 2 1 1 4465 7556 4460
22881 2 2 1 1 7556 3872 4464
22882 2 2 1 1 6105 7557 2665
22883 2 2 1 1 6111 7557 5211
22884 2 2 1 1 7270 6632 4492
22885 2 2 1 1 4466 7555 6108
22886 2 2 1 1 7558 2667 6109
22887 2 2 1 1 7558 4466 2667
22888 2 2 1 1 1549 1579 7531
22889 2 2 1 1 663 5638 7533
22890 2 2 1 1 2673 6116 7559
22891 2 2 1 1 4680 2673 7559
22892 2 2 1 1 7560 3873 2664
22893 2 2 1 1 5988 7541 5039
22894 2 2 1 1 4468 6163 3884
22895 2 2 1 1 7561 2756 4469
22896 2 2 1 1 7561 4468 2756
22897 2 2 1 1 4470 7561 4469
22898 2 2 1 1 7547 6454 3908
22899 2 2 1 1 7561 3877 4468
22900 2 2 1 1 2745 6150 7562
22901 2 2 1 1 3879 2745 7562
22902 2 2 1 1 2752 6172 7563
22903 2 2 1 1 4853 7817 1633
22904 2 2 1 1 5778 2001 1979
22905 2 2 1 1 6172 3879 7562
22906 2 2 1 1 7565 336 6209
22907 2 2 1 1 7565 6204 336
22908 2 2 1 1 2762 7566 4471
22909 2 2 1 1 6210 7566 2795
22910 2 2 1 1 2806 6228 7567
22911 2 2 1 1 3881 2806 7567
22912 2 2 1 1 6254 3881 7567
22913 2 2 1 1 6079 3844 6078
22914 2 2 1 1 4475 6217 6257
22915 2 2 1 1 2831 7569 4476
22916 2 2 1 1 5475 7569 2830
22917 2 2 1 1 7570 3890 2845
22918 2 2 1 1 7570 2842 6274
22919 2 2 1 1 7571 331 6283
22920 2 2 1 1 6280 331 7571
22921 2 2 1 1 6284 2847 4469
22922 2 2 1 1 1502 1579 1549
22923 2 2 1 1 4339 7553 4341
22924 2 2 1 1 4479 6283 3922
22925 2 2 1 1 7575 2848 4480
22926 2 2 1 1 5637 6982 6055
22927 2 2 1 1 4481 7575 4480
22928 2 2 1 1 7503 6854 5778
22929 2 2 1 1 627 3208 5524
22930 2 2 1 1 2498 5153 6019
22931 2 2 1 1 4482 6321 6340
22932 2 2 1 1 2904 7576 4483
22933 2 2 1 1 6341 7576 2903
22934 2 2 1 1 6367 2918 4485
22935 2 2 1 1 1722 4968 1768
22936 2 2 1 1 2914 6358 7578
22937 2 2 1 1 3888 2914 7578
22938 2 2 1 1 6848 6135 6846
22939 2 2 1 1 7579 3888 7578
22940 2 2 1 1 2870 6304 7581
22941 2 2 1 1 3889 2870 7581
22942 2 2 1 1 7580 4483 6311
22943 2 2 1 1 4969 1656 7572
22944 2 2 1 1 7580 3889 7581
22945 2 2 1 1 2845 7582 4477
22946 2 2 1 1 6398 7582 2937
22947 2 2 1 1 7583 4488 2939
22948 2 2 1 1 7583 2938 6399
22949 2 2 1 1 7584 4489 6403
22950 2 2 1 1 3433 7788 7737
22951 2 2 1 1 7585 4490 2944
22952 2 2 1 1 7585 2837 6408
22953 2 2 1 1 7586 3937 6658
22954 2 2 1 1 3260 6801 6125
22955 2 2 1 1 3006 6496 7587
22956 2 2 1 1 6500 7587 6498
22957 2 2 1 1 6515 7589 7588
22958 2 2 1 1 4495 6517 7588
22959 2 2 1 1 7588 7589 3920
22960 2 2 1 1 7589 6632 255
22961 2 2 1 1 7588 3023 7590
22962 2 2 1 1 4494 4495 7590
22963 2 2 1 1 7590 4493 7591
22964 2 2 1 1 4502 4494 7591
22965 2 2 1 1 4494 7590 7591
22966 2 2 1 1 6517 3893 6515
22967 2 2 1 1 4495 7588 7590
22968 2 2 1 1 2969 6454 7547
22969 2 2 1 1 4964 1709 4966
22970 2 2 1 1 3027 6519 7594
22971 2 2 1 1 3027 7594 6520
22972 2 2 1 1 627 5523 3208
22973 2 2 1 1 7546 6523 6525
22974 2 2 1 1 7546 3031 5417
22975 2 2 1 1 4970 4962 6366
22976 2 2 1 1 4497 4498 7595
22977 2 2 1 1 3897 3032 7595
22978 2 2 1 1 3032 4497 7595
22979 2 2 1 1 6600 4499 3914
22980 2 2 1 1 4499 3897 7595
22981 2 2 1 1 3045 6543 7598
22982 2 2 1 1 3898 3045 7598
22983 2 2 1 1 3052 6550 7599
22984 2 2 1 1 3052 7599 6551
22985 2 2 1 1 7568 6872 3952
22986 2 2 1 1 6550 3898 7598
22987 2 2 1 1 7601 4501 7255
22988 2 2 1 1 7601 3899 4501
22989 2 2 1 1 4502 4489 7602
22990 2 2 1 1 3901 3080 7602
22991 2 2 1 1 3939 6719 7573
22992 2 2 1 1 3080 4502 7602
22993 2 2 1 1 4503 4488 7603
22994 2 2 1 1 6369 6954 7603
22995 2 2 1 1 7628 7274 7574
22996 2 2 1 1 2920 4503 7603
22997 2 2 1 1 5429 3048 3049
22998 2 2 1 1 4503 3901 7602
22999 2 2 1 1 6384 7606 4504
23000 2 2 2 2 4798 6569 338
23001 2 2 1 1 7607 3022 6513
23002 2 2 1 1 7607 4504 3022
23003 2 2 1 1 7607 5436 4504
23004 2 2 1 1 3075 6574 7609
23005 2 2 1 1 3903 3075 7609
23006 2 2 1 1 3090 6593 7610
23007 2 2 1 1 3090 7610 6594
23008 2 2 1 1 4153 2122 7592
23009 2 2 1 1 6593 3903 7609
23010 2 2 1 1 2787 6195 7613
23011 2 2 1 1 3904 2787 7613
23012 2 2 1 1 7612 4473 6198
23013 2 2 1 1 6691 3176 6494
23014 2 2 1 1 475 5338 2878
23015 2 2 1 1 7612 3904 7613
23016 2 2 1 1 4507 6603 6607
23017 2 2 1 1 3101 7615 4508
23018 2 2 1 1 6608 7615 3100
23019 2 2 1 1 4509 6552 5461
23020 2 2 1 1 7616 3107 6616
23021 2 2 1 1 7616 4509 3107
23022 2 2 1 1 7814 6169 2755
23023 2 2 1 1 7616 7267 4509
23024 2 2 1 1 7470 3634 7159
23025 2 2 1 1 4511 6416 4510
23026 2 2 1 1 4121 4686 7597
23027 2 2 1 1 3110 4512 7174
23028 2 2 1 1 2520 7087 3566
23029 2 2 1 1 4513 6430 6619
23030 2 2 1 1 3026 7618 4496
23031 2 2 1 1 6620 7618 3111
23032 2 2 1 1 3021 3895 7619
23033 2 2 1 1 6513 3021 7619
23034 2 2 1 1 7620 3905 3101
23035 2 2 1 1 7620 3130 6638
23036 2 2 1 1 3053 6639 7621
23037 2 2 1 1 6552 6553 7621
23038 2 2 1 1 2974 6460 7622
23039 2 2 1 1 3911 2974 7622
23040 2 2 1 1 6644 7622 3005
23041 2 2 1 1 6644 3911 7622
23042 2 2 1 1 7623 3135 6645
23043 2 2 1 1 7623 4515 3135
23044 2 2 1 1 7623 3912 4515
23045 2 2 1 1 1723 7593 7223
23046 2 2 1 1 4939 735 4946
23047 2 2 1 1 4516 4510 7625
23048 2 2 1 1 6338 6339 7625
23049 2 2 1 1 153 5706 7604
23050 2 2 1 1 2901 4516 7625
23051 2 2 1 1 7627 425 6555
23052 2 2 1 1 6651 425 7627
23053 2 2 1 1 7539 3055 6554
23054 2 2 1 1 735 688 4946
23055 2 2 1 1 7628 462 6655
23056 2 2 1 1 7628 6652 7274
23057 2 2 1 1 6657 4518 7600
23058 2 2 1 1 7611 1760 4945
23059 2 2 1 1 3147 5513 3936
23060 2 2 1 1 4936 6836 1822
23061 2 2 1 1 7787 4066 7605
23062 2 2 1 1 6664 3918 4519
23063 2 2 1 1 4522 6628 4521
23064 2 2 1 1 7631 3159 4523
23065 2 2 1 1 7631 4522 3159
23066 2 2 1 1 5690 3517 7030
23067 2 2 1 1 4493 7631 4523
23068 2 2 1 1 7061 7614 3496
23069 2 2 1 1 7631 3919 4522
23070 2 2 1 1 4533 6253 4532
23071 2 2 1 1 7633 3174 3988
23072 2 2 1 1 7633 4533 3174
23073 2 2 1 1 136 5516 3453
23074 2 2 1 1 4534 7633 3988
23075 2 2 1 1 3093 384 7011
23076 2 2 1 1 7633 3927 4533
23077 2 2 1 1 7291 6704 7635
23078 2 2 1 1 7291 3056 6704
23079 2 2 1 1 7636 4505 6558
23080 2 2 1 1 6571 6591 5490
23081 2 2 1 1 4569 6056 3428
23082 2 2 1 1 7636 3929 7635
23083 2 2 1 1 6988 709 6994
23084 2 2 1 1 4535 6535 5418
23085 2 2 1 1 7638 3039 6533
23086 2 2 1 1 7638 4535 3039
23087 2 2 1 1 5637 3417 7617
23088 2 2 1 1 7638 5497 4535
23089 2 2 1 1 7639 502 4536
23090 2 2 1 1 7639 6698 502
23091 2 2 1 1 4537 7639 4536
23092 2 2 1 1 7641 3194 4538
23093 2 2 1 1 7641 4537 3194
23094 2 2 1 1 3917 7641 4538
23095 2 2 1 1 1795 1768 4971
23096 2 2 1 1 7641 3931 4537
23097 2 2 1 1 7643 282 4523
23098 2 2 1 1 7643 6403 282
23099 2 2 1 1 4539 7643 4523
23100 2 2 1 1 7533 6976 663
23101 2 2 1 1 6713 3933 4539
23102 2 2 1 1 4490 267 7645
23103 2 2 1 1 4540 6714 7645
23104 2 2 1 1 7646 6483 4520
23105 2 2 1 1 7646 4540 3195
23106 2 2 1 1 7632 5634 6977
23107 2 2 1 1 7646 3935 4540
23108 2 2 1 1 6955 6956 3333
23109 2 2 1 1 4541 6718 3926
23110 2 2 1 1 3938 4541 7649
23111 2 2 1 1 6721 7649 6681
23112 2 2 1 1 6127 1797 4941
23113 2 2 1 1 3199 3938 7649
23114 2 2 1 1 7651 4542 3231
23115 2 2 1 1 7651 3230 6767
23116 2 2 1 1 7596 545 466
23117 2 2 1 1 3247 7010 423
23118 2 2 1 1 4543 6773 3941
23119 2 2 1 1 3942 4543 7653
23120 2 2 1 1 6775 7653 6772
23121 2 2 1 1 6930 5601 3353
23122 2 2 1 1 3239 3942 7653
23123 2 2 1 1 3244 6782 7654
23124 2 2 1 1 6726 2803 5299
23125 2 2 1 1 6917 7637 6845
23126 2 2 1 1 7286 6785 4544
23127 2 2 1 1 4542 5533 7656
23128 2 2 1 1 6902 3272 3277
23129 2 2 1 1 6787 4545 6762
23130 2 2 1 1 7657 3960 3254
23131 2 2 1 1 7657 3251 6794
23132 2 2 1 1 3245 6795 7658
23133 2 2 1 1 7658 5544 3245
23134 2 2 1 1 3252 6791 7659
23135 2 2 1 1 6796 3947 7659
23136 2 2 1 1 3256 6796 7660
23137 2 2 1 1 6799 7660 6797
23138 2 2 1 1 888 3493 5684
23139 2 2 1 1 4548 6814 3943
23140 2 2 1 1 3270 3948 7662
23141 2 2 1 1 6820 7662 6775
23142 2 2 1 1 3239 7662 4548
23143 2 2 1 1 7662 3948 4548
23144 2 2 1 1 650 6059 5581
23145 2 2 1 1 4549 6853 6858
23146 2 2 1 1 3298 7664 3963
23147 2 2 1 1 6859 7664 3297
23148 2 2 1 1 3310 7642 6877
23149 2 2 1 1 4551 6871 4550
23150 2 2 1 1 7665 3953 4552
23151 2 2 1 1 7665 4551 3308
23152 2 2 1 1 7644 6863 5573
23153 2 2 1 1 7665 3308 3953
23154 2 2 1 1 7647 6861 5586
23155 2 2 1 1 7665 3951 4551
23156 2 2 1 1 4550 5596 7667
23157 2 2 1 1 4553 6915 7668
23158 2 2 1 1 3095 6624 6602
23159 2 2 1 1 3309 4552 7669
23160 2 2 1 1 3954 3309 7669
23161 2 2 1 1 600 7648 5575
23162 2 2 1 1 7669 4552 4554
23163 2 2 1 1 635 7650 5573
23164 2 2 1 1 6971 4555 3969
23165 2 2 1 1 3293 6082 6855
23166 2 2 1 1 4555 3954 7669
23167 2 2 1 1 3304 6866 7671
23168 2 2 1 1 3955 3304 7671
23169 2 2 1 1 7672 4556 5564
23170 2 2 1 1 6575 7001 2488
23171 2 2 1 1 1643 1493 7531
23172 2 2 1 1 7672 3955 7671
23173 2 2 1 1 6908 7674 3338
23174 2 2 1 1 7674 6903 6906
23175 2 2 1 1 4557 3342 7675
23176 2 2 1 1 1779 1823 1806
23177 2 2 1 1 4558 6919 5568
23178 2 2 1 1 7537 3288 6842
23179 2 2 1 1 4923 7629 1778
23180 2 2 1 1 3347 6920 7677
23181 2 2 1 1 3959 3347 7677
23182 2 2 1 1 7678 3355 6933
23183 2 2 1 1 7678 6932 3355
23184 2 2 1 1 7679 3402 6959
23185 2 2 1 1 7679 5628 6960
23186 2 2 1 1 7680 693 7568
23187 2 2 1 1 6877 7642 7680
23188 2 2 1 1 7681 3315 6971
23189 2 2 1 1 7681 4560 3315
23190 2 2 1 1 7681 5631 4560
23191 2 2 1 1 7683 592 6972
23192 2 2 1 1 6831 7670 7683
23193 2 2 1 1 7684 3279 6829
23194 2 2 1 1 7684 4562 3279
23195 2 2 1 1 7661 6801 5570
23196 2 2 1 1 7684 5632 4562
23197 2 2 1 1 3277 5562 7663
23198 2 2 1 1 4563 6985 3962
23199 2 2 1 1 7687 3408 4561
23200 2 2 1 1 7687 7688 3408
23201 2 2 1 1 7337 4066 6992
23202 2 2 1 1 7688 3964 4563
23203 2 2 1 1 7687 3422 7688
23204 2 2 1 1 3276 6827 6968
23205 2 2 1 1 4565 6986 4564
23206 2 2 1 1 7690 3423 3974
23207 2 2 1 1 7690 4565 3423
23208 2 2 1 1 4566 7690 3974
23209 2 2 1 1 6812 7666 3224
23210 2 2 1 1 7690 3965 4565
23211 2 2 1 1 783 4915 7630
23212 2 2 1 1 7692 7675 818
23213 2 2 1 1 7694 3427 4568
23214 2 2 1 1 7694 7695 3427
23215 2 2 1 1 3958 7694 4568
23216 2 2 1 1 551 6137 5564
23217 2 2 1 1 7695 3967 7692
23218 2 2 1 1 7694 3348 7695
23219 2 2 1 1 6056 7696 3428
23220 2 2 1 1 3428 7696 4578
23221 2 2 1 1 4569 3428 7697
23222 2 2 1 1 2961 6940 6438
23223 2 2 1 1 7003 7698 3432
23224 2 2 1 1 7698 6912 7131
23225 2 2 1 1 3424 4566 7699
23226 2 2 1 1 7700 3424 7699
23227 2 2 1 1 7699 4566 4570
23228 2 2 1 1 3261 7670 6831
23229 2 2 1 1 4571 3972 7700
23230 2 2 1 1 3438 7700 7699
23231 2 2 1 1 4564 7701 4572
23232 2 2 1 1 3439 7701 4590
23233 2 2 1 1 6777 456 3241
23234 2 2 1 1 4572 7701 3439
23235 2 2 1 1 7287 3238 3942
23236 2 2 1 1 4573 4574 7312
23237 2 2 1 1 4574 7305 4572
23238 2 2 1 1 2951 6943 6524
23239 2 2 1 1 7704 3226 7013
23240 2 2 1 1 7704 4575 7272
23241 2 2 1 1 541 7682 5535
23242 2 2 1 1 7704 5653 4575
23243 2 2 1 1 7705 3928 3175
23244 2 2 1 1 7705 3442 7015
23245 2 2 1 1 3443 4576 7018
23246 2 2 1 1 4912 7676 1734
23247 2 2 1 1 3139 7018 7706
23248 2 2 1 1 7706 5475 6650
23249 2 2 1 1 3224 6758 7685
23250 2 2 1 1 4578 7696 4577
23251 2 2 1 1 7708 3445 4579
23252 2 2 1 1 7708 7709 3445
23253 2 2 1 1 4015 7708 4579
23254 2 2 1 1 7709 3978 4578
23255 2 2 1 1 7708 3446 7709
23256 2 2 1 1 3210 3209 6735
23257 2 2 1 1 4580 6700 4538
23258 2 2 1 1 7711 4536 4544
23259 2 2 1 1 7711 4580 3194
23260 2 2 1 1 7689 5578 3307
23261 2 2 1 1 7711 3194 4536
23262 2 2 1 1 7691 6719 6732
23263 2 2 1 1 7711 3979 4580
23264 2 2 1 1 7712 5860 3913
23265 2 2 1 1 6604 5860 7712
23266 2 2 1 1 4567 1756 4867
23267 2 2 1 1 6950 3891 7584
23268 2 2 1 1 7714 3981 7712
23269 2 2 1 1 7713 3455 7714
23270 2 2 1 1 4588 5726 7715
23271 2 2 1 1 6511 6684 7693
23272 2 2 1 1 4590 7701 4589
23273 2 2 1 1 7716 3463 4591
23274 2 2 1 1 7716 7717 3463
23275 2 2 1 1 4020 7716 4591
23276 2 2 1 1 541 6490 5492
23277 2 2 1 1 7717 3989 4590
23278 2 2 1 1 7716 3464 7717
23279 2 2 1 1 7718 7719 3465
23280 2 2 1 1 3417 6055 6987
23281 2 2 1 1 4593 7721 3468
23282 2 2 1 1 3468 7721 7725
23283 2 2 1 1 4593 7718 7721
23284 2 2 1 1 1448 7722 7319
23285 2 2 1 1 7722 7723 4593
23286 2 2 1 1 7723 7316 3466
23287 2 2 1 1 7724 4596 3470
23288 2 2 1 1 7724 3467 7038
23289 2 2 1 1 6282 6663 2801
23290 2 2 1 1 4597 7040 4001
23291 2 2 1 1 4598 7725 4002
23292 2 2 1 1 7725 7721 1424
23293 2 2 1 1 7726 3472 4599
23294 2 2 1 1 7726 4598 3472
23295 2 2 1 1 3177 7702 6491
23296 2 2 1 1 4138 7726 4599
23297 2 2 1 1 6508 6613 544
23298 2 2 1 1 7726 3997 4598
23299 2 2 1 1 4604 7728 3477
23300 2 2 1 1 4727 3477 7728
23301 2 2 1 1 7277 2826 7707
23302 2 2 1 1 4604 4597 7728
23303 2 2 1 1 4599 7729 1386
23304 2 2 1 1 4191 1386 7729
23305 2 2 1 1 3172 6511 6689
23306 2 2 1 1 4599 4605 7729
23307 2 2 1 1 7135 3169 7710
23308 2 2 1 1 4605 7321 4604
23309 2 2 1 1 7043 7731 3478
23310 2 2 1 1 3478 7731 4608
23311 2 2 1 1 5485 4531 3165
23312 2 2 1 1 4608 7731 4607
23313 2 2 1 1 7732 3479 4609
23314 2 2 1 1 7732 4608 3479
23315 2 2 1 1 6666 6665 3151
23316 2 2 1 1 4389 7732 4609
23317 2 2 1 1 7732 4004 4608
23318 2 2 1 1 7734 4610 3481
23319 2 2 1 1 7734 3476 7042
23320 2 2 1 1 229 6661 5480
23321 2 2 1 1 4126 7047 4611
23322 2 2 1 1 7735 2375 7059
23323 2 2 1 1 7735 5683 7060
23324 2 2 1 1 7736 869 4024
23325 2 2 1 1 7736 7057 869
23326 2 2 1 1 4613 7736 4024
23327 2 2 1 1 7737 3495 4614
23328 2 2 1 1 7737 4613 3495
23329 2 2 1 1 7304 7737 4614
23330 2 2 1 1 899 947 7720
23331 2 2 1 1 208 6590 5515
23332 2 2 1 1 1557 4581 4883
23333 2 2 1 1 7614 7740 4616
23334 2 2 1 1 3496 7614 4616
23335 2 2 1 1 4592 1324 4837
23336 2 2 1 1 9 7005 15
23337 2 2 1 1 6630 5469 3129
23338 2 2 1 1 4615 7325 7061
23339 2 2 1 1 966 945 4595
23340 2 2 1 1 6993 7009 6277
23341 2 2 1 1 7741 3498 5686
23342 2 2 1 1 7741 4616 3498
23343 2 2 1 1 7810 3121 6629
23344 2 2 1 1 7741 5685 4616
23345 2 2 1 1 3497 7742 4618
23346 2 2 1 1 7793 1104 1076
23347 2 2 1 1 3501 7743 4619
23348 2 2 1 1 7064 7743 3500
23349 2 2 1 1 3498 7740 7744
23350 2 2 1 1 4012 3498 7744
23351 2 2 1 1 3502 7065 7745
23352 2 2 1 1 3502 7745 4627
23353 2 2 1 1 7727 5464 6623
23354 2 2 1 1 7065 4012 7744
23355 2 2 1 1 1594 1599 1577
23356 2 2 1 1 7746 7742 845
23357 2 2 1 1 7747 3505 4626
23358 2 2 1 1 7747 7748 3505
23359 2 2 1 1 7309 7747 4626
23360 2 2 1 1 3106 6615 6571
23361 2 2 1 1 7748 4014 7746
23362 2 2 1 1 7747 3446 7748
23363 2 2 1 1 3105 5460 3104
23364 2 2 1 1 4627 7745 5086
23365 2 2 1 1 7750 2388 7164
23366 2 2 1 1 7750 4627 2388
23367 2 2 1 1 4328 7262 4697
23368 2 2 1 1 7184 7327 3502
23369 2 2 1 1 4629 7751 7066
23370 2 2 1 1 7738 6296 4883
23371 2 2 1 1 506 6598 5458
23372 2 2 1 1 4626 7752 786
23373 2 2 1 1 786 7752 5687
23374 2 2 1 1 4623 1341 4822
23375 2 2 1 1 3096 6624 6604
23376 2 2 1 1 7752 7753 4629
23377 2 2 1 1 7753 6023 3504
23378 2 2 1 1 6600 7733 3037
23379 2 2 1 1 4631 7067 4622
23380 2 2 1 1 7755 4620 4022
23381 2 2 1 1 7755 4631 3503
23382 2 2 1 1 7755 3503 4620
23383 2 2 1 1 2334 5440 3085
23384 2 2 1 1 7755 4017 4631
23385 2 2 1 1 7758 4061 4632
23386 2 2 1 1 7758 7068 852
23387 2 2 1 1 562 6582 5440
23388 2 2 1 1 7758 852 4061
23389 2 2 1 1 7760 4633 3990
23390 2 2 1 1 7760 4632 3512
23391 2 2 1 1 7760 3512 4633
23392 2 2 1 1 6564 6361 3050
23393 2 2 1 1 7760 4019 4632
23394 2 2 1 1 4653 4657 7762
23395 2 2 1 1 4036 3522 7762
23396 2 2 1 1 3522 4653 7762
23397 2 2 1 1 4658 4043 7764
23398 2 2 1 1 3525 7764 4666
23399 2 2 1 1 3058 5428 3057
23400 2 2 1 1 3525 4658 7764
23401 2 2 1 1 3057 3929 7636
23402 2 2 1 1 4658 4036 7762
23403 2 2 1 1 3050 5424 3049
23404 2 2 1 1 4664 4665 7426
23405 2 2 1 1 4666 7764 4057
23406 2 2 1 1 7768 4667 4668
23407 2 2 1 1 7768 4666 3529
23408 2 2 1 1 7768 3529 4667
23409 2 2 1 1 406 5779 3133
23410 2 2 1 1 7768 4044 4666
23411 2 2 1 1 4669 3531 7772
23412 2 2 1 1 7071 7772 842
23413 2 2 1 1 4668 7773 7770
23414 2 2 1 1 4049 3530 7770
23415 2 2 1 1 3530 4668 7770
23416 2 2 1 1 3531 4673 7772
23417 2 2 1 1 7594 437 7756
23418 2 2 1 1 2981 281 6487
23419 2 2 1 1 4673 4049 7770
23420 2 2 1 1 4678 7773 2673
23421 2 2 1 1 7773 7424 2673
23422 2 2 1 1 1331 1350 7761
23423 2 2 1 1 4679 4680 7559
23424 2 2 1 1 4680 7775 4678
23425 2 2 1 1 7775 7333 3534
23426 2 2 1 1 4683 4676 5215
23427 2 2 1 1 4688 7777 3540
23428 2 2 1 1 3540 7777 4690
23429 2 2 1 1 7778 3541 7073
23430 2 2 1 1 7778 4690 3541
23431 2 2 1 1 7779 3532 7071
23432 2 2 1 1 7779 4691 3532
23433 2 2 1 1 2579 7144 7780
23434 2 2 1 1 4063 2579 7780
23435 2 2 1 1 4819 5975 7526
23436 2 2 1 1 2871 7020 6307
23437 2 2 1 1 7765 6381 6439
23438 2 2 1 1 7781 2566 6054
23439 2 2 1 1 7784 798 4591
23440 2 2 1 1 7784 7021 798
23441 2 2 1 1 6444 6436 7766
23442 2 2 1 1 7786 3463 4589
23443 2 2 1 1 7786 7787 3463
23444 2 2 1 1 7302 7786 4589
23445 2 2 1 1 2960 7767 6439
23446 2 2 1 1 4591 7605 7784
23447 2 2 1 1 7786 3422 7787
23448 2 2 1 1 4701 5880 3677
23449 2 2 1 1 7789 4208 4702
23450 2 2 1 1 7789 4701 2253
23451 2 2 1 1 7789 2253 4208
23452 2 2 1 1 6417 7769 5462
23453 2 2 1 1 7789 4070 4701
23454 2 2 1 1 7791 4703 2641
23455 2 2 1 1 7791 4072 4703
23456 2 2 1 1 4704 4706 7792
23457 2 2 1 1 4074 3548 7792
23458 2 2 1 1 3548 4704 7792
23459 2 2 1 1 4707 4109 7794
23460 2 2 1 1 7794 4953 5878
23461 2 2 1 1 7771 5372 6404
23462 2 2 1 1 2205 4707 7794
23463 2 2 1 1 6392 6277 383
23464 2 2 1 1 4707 4074 7792
23465 2 2 1 1 7795 4514 5439
23466 2 2 1 1 4175 4142 1418
23467 2 2 1 1 7796 3571 7093
23468 2 2 1 1 7796 5713 7094
23469 2 2 1 1 7035 7085 6703
23470 2 2 1 1 3573 7096 7798
23471 2 2 1 1 3573 7798 4709
23472 2 2 1 1 4709 7798 4081
23473 2 2 1 1 3572 4708 7800
23474 2 2 1 1 4077 3572 7800
23475 2 2 1 1 7801 4183 2178
23476 2 2 1 1 7801 3583 7110
23477 2 2 1 1 3584 7111 7802
23478 2 2 1 1 3584 7802 4711
23479 2 2 1 1 317 7774 5361
23480 2 2 1 1 4711 7802 4161
23481 2 2 1 1 4080 4711 7803
23482 2 2 1 1 3577 7803 5859
23483 2 2 1 1 3577 4080 7803
23484 2 2 1 1 4712 7805 3454
23485 2 2 1 1 7805 5658 3454
23486 2 2 1 1 4712 4586 7805
23487 2 2 1 1 6891 7014 3325
23488 2 2 1 1 3561 7123 7806
23489 2 2 1 1 7122 7806 7024
23490 2 2 1 1 3459 7807 4717
23491 2 2 1 1 2891 7783 6337
23492 2 2 1 1 3982 7127 4531
23493 2 2 1 1 4725 4191 7729
23494 2 2 1 1 6357 5351 5359
23495 2 2 1 1 4726 4727 7728
23496 2 2 1 1 2877 7518 6393
23497 2 2 1 1 4727 7344 4725
23498 2 2 1 1 6312 6307 7790
23499 2 2 1 1 4093 7129 3606
23500 2 2 1 1 7811 4431 4729
23501 2 2 1 1 1117 1104 7793
23502 2 2 1 1 7811 1930 4431
23503 2 2 1 1 7813 4429 3851
23504 2 2 1 1 7813 4729 2633
23505 2 2 1 1 2861 7026 6294
23506 2 2 1 1 7813 2633 4429
23507 2 2 1 1 7049 6243 256
23508 2 2 1 1 7813 5739 4729
23509 2 2 1 1 3932 7600 6656
23510 2 2 1 1 7138 7136 4718
23511 2 2 1 1 4731 7139 4730
23512 2 2 1 1 7815 4732 4686
23513 2 2 1 1 7815 4731 3612
23514 2 2 2 2 7804 4808 319
23515 2 2 1 1 7815 3612 4732
23516 2 2 1 1 7815 4096 4731
23517 2 2 1 1 4733 7818 3614
23518 2 2 1 1 3614 7818 4777
23519 2 2 1 1 4733 4195 7818
23520 2 2 1 1 7809 6186 5316
23521 2 2 1 1 4171 4734 7358
23522 2 2 1 1 4734 7821 4733
23523 2 2 1 1 7821 7348 2185
23524 2 2 1 1 7822 1869 4741
23525 2 2 1 1 461 2750 2765
23526 2 2 1 1 4742 7822 4741
23527 2 2 1 1 7825 3616 4106
23528 2 2 1 1 7825 7826 3616
23529 2 2 1 1 4108 7825 4106
23530 2 2 1 1 5431 6573 3073
23531 2 2 1 1 7826 4103 4742
23532 2 2 1 1 7825 3617 7826
23533 2 2 1 1 4741 7148 7827
23534 2 2 1 1 2784 7085 7035
23535 2 2 1 1 4228 4409 7828
23536 2 2 1 1 4117 2263 7828
23537 2 2 1 1 2769 6176 6705
23538 2 2 1 1 2263 4228 7828
23539 2 2 1 1 4754 4407 7829
23540 2 2 1 1 4755 7829 3840
23541 2 2 1 1 7812 6805 2735
23542 2 2 1 1 3626 4754 7829
23543 2 2 1 1 2760 7819 6173
23544 2 2 1 1 4754 4117 7828
23545 2 2 1 1 7830 2622 4417
23546 2 2 1 1 7830 4118 4755
23547 2 2 1 1 7151 7831 3628
23548 2 2 1 1 3628 7831 4760
23549 2 2 1 1 7152 7832 1034
23550 2 2 1 1 1034 7832 5757
23551 2 2 1 1 4760 7831 4759
23552 2 2 2 2 4792 4795 274
23553 2 2 1 1 2464 4123 7833
23554 2 2 1 1 2464 7833 7155
23555 2 2 1 1 7833 4123 4761
23556 2 2 1 1 5319 6161 7563
23557 2 2 1 1 4762 5862 4092
23558 2 2 1 1 7835 3605 4726
23559 2 2 1 1 7835 7836 3605
23560 2 2 1 1 4007 7835 4726
23561 2 2 1 1 7836 4125 4762
23562 2 2 1 1 7835 3482 7836
23563 2 2 1 1 7157 7837 3633
23564 2 2 1 1 4776 3633 7837
23565 2 2 1 1 7158 7838 1431
23566 2 2 1 1 4772 1431 7838
23567 2 2 1 1 4764 7437 4310
23568 2 2 1 1 7840 2458 4308
23569 2 2 1 1 7840 7841 2458
23570 2 2 1 1 7841 4127 4764
23571 2 2 1 1 7840 2427 7841
23572 2 2 1 1 7842 4582 4086
23573 2 2 1 1 7842 4767 3456
23574 2 2 1 1 392 7823 5272
23575 2 2 1 1 7842 3456 4582
23576 2 2 1 1 7823 7824 6149
23577 2 2 1 1 7842 4132 4767
23578 2 2 1 1 2460 4135 7843
23579 2 2 1 1 7163 7843 6000
23580 2 2 1 1 7843 4135 4769
23581 2 2 1 1 2736 6805 6145
23582 2 2 1 1 6112 5216 2657
23583 2 2 1 1 4775 4772 7838
23584 2 2 1 1 4750 4776 7837
23585 2 2 1 1 4776 7846 4775
23586 2 2 1 1 7846 7357 3637
23587 2 2 2 2 2062 4799 6597
23588 2 2 1 1 4777 7818 4456
23589 2 2 1 1 7847 2648 4455
23590 2 2 1 1 7847 4777 2648
23591 2 2 1 1 2612 4419 7519
23592 2 2 1 1 3759 7847 4455
23593 2 2 1 1 7847 4145 4777
23594 2 2 1 1 3771 3773 7834
23595 2 2 1 1 4778 7543 4737
23596 2 2 1 1 7850 4735 4459
23597 2 2 1 1 7850 4778 3615
23598 2 2 1 1 2501 2500 5155
23599 2 2 1 1 7850 3615 4735
23600 2 2 1 1 6017 7839 2490
23601 2 2 1 1 7850 4147 4778
23602 2 2 1 1 4637 7852 4779
23603 2 2 1 1 3642 7852 4781
23604 2 2 1 1 4779 7852 3642
23605 2 2 1 1 6009 7145 2482
23606 2 2 1 1 4568 4780 7363
23607 2 2 1 1 4780 7361 4779
23608 2 2 1 1 4781 7852 4579
23609 2 2 1 1 7856 3445 4577
23610 2 2 1 1 7856 4781 3445
23611 2 2 1 1 5047 2339 7844
23612 2 2 1 1 4559 7856 4577
23613 2 2 1 1 2306 5924 7845
23614 2 2 1 1 7856 4151 4781
23615 2 2 2 2 314 7513 341
23616 2 2 1 1 7147 3914 5860
23617 2 2 1 1 4154 4782 7859
23618 2 2 2 2 308 7860 4804
23619 2 2 1 1 2277 5913 4996
23620 2 2 1 1 3150 4784 7175
$EndElements
