MeshVersionFormatted 2


Dimension 2
 

Vertices
7861
0 0 0
0.037416982887 0 0
0.0387601430917371 0.0289804747395028 0
0.0701338057200001 0 0
0.0815074190456818 0.0363020612678762 0
0.0538052050728836 0.0652833888483083 0
0.0308052248440461 0.0904879251979473 0
0.0690940766569833 0.109004791439996 0
0.114630754159128 0.0405221158659999 0
0.097730165273189 0.0778371113946949 0
0.0363254545618379 0.133678688338204 0
0.131958442274675 0.0649753096348254 0
0.0750942115174679 0.157849231083913 0
0.108057935566703 0.121306245900886 0
0.152707041267319 0.0394561717075819 0
0.140195738405121 0.095705657590488 0
0 0.15239177922 0
0.0385444923365856 0.180303244547355 0
0.176318031794571 0.0251204340466184 0
0.186259779403411 0.0546651587871842 0
0.183304500315 0 0
0.103546598338227 0.187845349257327 0
0.178873414488424 0.0884531941882103 0
0.0747706045359642 0.21394190577542 0
0.13604112929794 0.149559207596349 0
0.173730544743493 0.118428832486781 0
0.21133791465 0 0
0.20695194498142 0.0800691461752873 0
0.207394834903107 0.0280861518099666 0
0.0348730590637153 0.223941496771393 0
0.213464307942137 0.0555776930832489 0
0.232729606815 0 0
0.16972210549851 0.154145300773731 0
0.235150162647518 0.0205603368080345 0
0.140887558839678 0.184522232921635 0
0.234042885948174 0.0455442659595506 0
0.202458720834708 0.108603058882068 0
0.200685275041679 0.138926815230145 0
0.232709846669296 0.0717416841401051 0
0.2530406428665 0 0
0 0.256039130379 0
0.118221356165986 0.218596647819229 0
0.199450672439981 0.16967056904152 0
0.228056246861524 0.0973107298545372 0
0.256734800090497 0.0398025102488457 0
0.173112243512929 0.186920639032807 0
0.0534165787525109 0.261905764725345 0
0.255554882490773 0.0626644468335047 0
0.226337278051994 0.12414096305573 0
0.262630928042242 0.0186992926046711 0
0.252499970058094 0.0861862356512812 0
0.160864284063723 0.218429647935028 0
0.27309936717015 0 0
0.0968182865745669 0.257859373273268 0
0.249734811819547 0.109883389635638 0
0.275589676357379 0.0340815870488398 0
0.199034378200002 0.205119956083006 0
0.274009446356866 0.0772287720631905 0
0.278103018396809 0.0542775216652633 0
0.228091708119693 0.152426260084177 0
0.250203061064768 0.132943821658522 0
0.285311630821692 0.0179229251759114 0
0.135284675798651 0.244677740271534 0
0.032863230954204 0.304131754545099 0
0.271456332053745 0.098328217035631 0
0.293109292931865 0 0
0 0.345965539089 0
0.19298613578078 0.236021874192254 0
0.254306094776938 0.151226956282461 0
0.223543238832526 0.181162849366513 0
0.270699208709277 0.12046646285284 0
0.295457671297692 0.0372138017082221 0
0.292760881615467 0.0706099542714237 0
0.248879675606414 0.17063724297475 0
0.288604885333859 0.108616904805971 0
0.168290784719933 0.255787889674265 0
0.13649347995089 0.273926971907934 0
0.294723815797274 0.0900842233693256 0
0.302942092530232 0.0557016633984724 0
0.22750260299617 0.20442848722147 0
0.112004220079573 0.295315693589865 0
0.308125121287844 0.0196447138759904 0
0.277137611488941 0.141813954358213 0
0.269133668281634 0.162116792055619 0
0.315063362417376 0 0
0.248480449906767 0.192019841198666 0
0.078954367603178 0.305381979008252 0
0.315623000574515 0.0403106235120858 0
0.229400736470719 0.229195377469493 0
0.311712487589525 0.0746273199272489 0
0.294059977494304 0.126215186392119 0
0.214816424443223 0.247637509841745 0
0.272805933390456 0.182426885960043 0
0.307620341612037 0.108890656943617 0
0.248556622970419 0.214264025846933 0
0.323539608873473 0.0590933173122002 0
0.328975171860761 0.0279406463910283 0
0.289347051580261 0.16258764236797 0
0.318813184007913 0.0925892238861282 0
0.205134091522644 0.268427388133448 0
0.333817001393865 0 0
0.301677055698185 0.144530887345421 0
0.269012068906017 0.204927794083911 0
0.247588819762085 0.236875119786154 0
0.334193026172098 0.0449856659182564 0
0.314934052733251 0.127545822252831 0
0.331311651740449 0.076680916285499 0
0.169510555296307 0.287792296404218 0
0.0577236085856766 0.339642782634387 0
0.327285369131632 0.110555880004344 0
0.265157969563007 0.225915715182018 0
0.120319886580417 0.334413458619988 0
0.447313819926707 0.850249304711967 0
0.343767995442396 0.0156051621757453 0
0.297678059940487 0.181493885594377 0
0.343817309933325 0.0610616786279914 0
0.310791180194861 0.16282774302637 0
0.289136449824168 0.20059602699328 0
0.339453549511917 0.0950609255423087 0
0.322672002771133 0.145989362883978 0
0.350521931854171 0 0
0.281374155353363 0.21779912505072 0
0.220650582218174 0.284887481245142 0
0.262045754175026 0.247279064121945 0
0.35035782792721 0.0460469862538222 0
0.333437012438303 0.128738437020391 0
0.140996428813091 0.304809643259044 0
0.347671720218253 0.0779136766622376 0
0.237428779483087 0.261080609287429 0
0.200053117367355 0.297343928151112 0
0.344972614188458 0.113211595724618 0
0.282954870794728 0.235931510861855 0
0.318468295250989 0.179830305463347 0
0.0529658304873353 0.382814001337359 0
0.309580750388793 0.200464613988824 0
0.359081561049145 0.0671281298066532 0
0.262022489961482 0.264982737660476 0
0.0887238435153975 0.357649077581443 0
0.332306662045464 0.163565596830941 0
0.369219417252324 0.0236677316381369 0
0.221032120359867 0.307685924186608 0
0.300052553449406 0.222593041627573 0
0.358252180782262 0.102581312827829 0
0.340542658413128 0.145686737268505 0
0.3792171157774 0 0
0.239456694191351 0.293498460644676 0
0.28099036532134 0.256192795394396 0
0.377111004655793 0.0467534872276361 0
0.348876428248333 0.129864796444325 0
0.257188483858423 0.282877065452234 0
0.203963193951563 0.327853643993538 0
0.360187708478544 0.118576962194058 0
0.381614193505942 0.0208055639277402 0
0.319279997922975 0.219713481774545 0
0.298970498548925 0.246707036101727 0
0.226437612466292 0.331300811304792 0
0.338447961559384 0.182795132349987 0
0.329263031231325 0.204384901601277 0
0.351983836396916 0.157555723892858 0
0.279011023933885 0.27681962007187 0
0.389909723997912 0.038871390212212 0
0.241524468631071 0.316814075015303 0
0.375386715983247 0.101167467396804 0
0.365750945445824 0.147497289184957 0
0.180919818594762 0.354227267547013 0
0.392434466 0 0
0.315626374744836 0.239612719987304 0
0.258557223080514 0.304711189146345 0
0.150235679201195 0.357689256095634 0
0.396756038691329 0.0630326446773063 0
0.296989381606792 0.2681466526495 0
0.376015815328105 0.137606036494375 0
0.124518233507726 0.377594306229596 0
0.391572936052892 0.0850463447302678 0
0.27704302051822 0.296646605578434 0
0.21448485634619 0.351815183366133 0
0.387700190047674 0.120808246670376 0
0.355751759126734 0.183566816528232 0
0.405574751605611 0.0181793618290767 0
0.332489956525959 0.235775250291285 0
0.314223681104708 0.26045219518224 0
0.375190355974275 0.172309999799399 0
0.295217512678384 0.288626236571271 0
0.259054285951754 0.32336531591456 0
0.40036456818011 0.102309526778015 0
0.411196226101194 0.0477776372361511 0
0.392123874659338 0.151456040967686 0
0.414464711 0 0
0.330513162050747 0.253825141367458 0
0.275766448185662 0.316740704901248 0
0.312945241099778 0.280740018467531 0
0.411785029130165 0.0824881803749019 0
0.397383512903028 0.139632005499489 0
0.233837904508795 0.351531087303352 0
0.293331523254618 0.309004922790488 0
0.378560617369926 0.185739310429406 0
0.375565231163599 0.207570481894493 0
0.409260600087504 0.121176099910202 0
0.423639495746135 0.0639892244299229 0
0.249840281101441 0.340189377067572 0
0.42744315616605 0.015769695639668 0
0.346293020012322 0.247445472209729 0
0.329996133783223 0.273087531402639 0
0.393207316850246 0.170118266823589 0
0.197268777721378 0.374078624004848 0
0.0933585053249604 0.404518384322777 0
0.0519417463000749 0.418976072371304 0
0.363139526766082 0.22245905165751 0
0.311076950034292 0.300753218044586 0
0.272091298362987 0.337178134585458 0
0.421273625590576 0.1067464659575 0
0.404134155260256 0.15461197910813 0
0.429493314399768 0.0437647520985433 0
0.434600516174 0 0
0.290787563200385 0.329932836745164 0
0.345379965570381 0.264959984450826 0
0.165701178916812 0.391343574619822 0
0.416681199768325 0.139348185396424 0
0.328790947971869 0.292757901856886 0
0.430873419550655 0.0824392143419437 0
0.134159276040849 0.409778952520941 0
0.383210250731678 0.219902084290424 0
0.392171433993269 0.2010482518201 0
0.249620056795114 0.363480054453576 0
0.402348321592803 0.188210703087984 0
0.308594934628742 0.320994619743573 0
0.229350726620144 0.370750829607374 0
0.426264843701206 0.122640021134472 0
0.441561531053585 0.0630600831167789 0
0.268483376038278 0.356596803744168 0
0.443575777870445 0.0215811624222462 0
0.413461991393546 0.172349376184691 0
0.360349261217704 0.256364259466557 0
0.345780883371815 0.284072017193147 0
0.379917147320076 0.239892056347265 0
0.287916009999057 0.351470708736432 0
0.203918200383236 0.396047387459742 0
0.326144281706334 0.312467506393042 0
0.423850537685049 0.156973430972363 0
0.455613413271689 0.0445250070698937 0
0.443256446054954 0.106419917377436 0
0.395346744559287 0.222722941264428 0
0.43372375855571 0.142911494121199 0
0.305963601516555 0.341606183390953 0
0.45828734216429 0 0
0.359869217617967 0.272389132730619 0
0.449843275632789 0.0753947542049785 0
0.343726423629492 0.305133512087903 0
0.412144883247246 0.206726012766903 0
0.264356627890172 0.375132214397716 0
0.42176590493215 0.190234694150213 0
0.247026344842397 0.384809982309053 0
0.323237626619612 0.332078440151544 0
0.228133126562481 0.397330057147048 0
0.449858242707184 0.128448703509803 0
0.463911316468002 0.0637578694793448 0
0.430561512655577 0.178777187464223 0
0.124045160832991 0.440745773688476 0
0.390641095607643 0.257763156140681 0
0.356355889726922 0.295726837981486 0
0.470205667579642 0.0240849407652215 0
0.283887032352889 0.375419804290764 0
0.404108030418374 0.241521373748407 0
0.0853781308878322 0.445913142855974 0
0.303565407327092 0.362423999318983 0
0.340201996582991 0.324338406362149 0
0.466872076639928 0.0963035101640654 0
0.451243796102016 0.147518611050512 0
0.417933408106887 0.224903060683588 0
0.474387550595082 0.0486284859998525 0
0.190218349234935 0.417923464973785 0
0.428644282841608 0.208130807543532 0
0.320098644810512 0.351105946404457 0
0.376234669334633 0.288068635278149 0
0.481538338728533 0 0
0.163919798343905 0.434565975996051 0
0.807122530351658 0.377247283976124 0
0.0472137076118128 0.460240650279224 0
0.356992330680072 0.319974949256843 0
0.268905296678858 0.395036556417449 0
0.440171900056425 0.193256332325946 0
0.469845871351225 0.115029315359194 0
0.246274284925281 0.407607955378741 0
0.221306146903329 0.423314043828073 0
0.337224491606629 0.342522069217911 0
0.397742160867324 0.27887308530279 0
0.452473979313803 0.178433563584288 0
0.489557892516849 0.0345836445803388 0
0.114960716013226 0.474308618363436 0
0.484506806326988 0.0633790873076052 0
0.303450421635775 0.381788584141045 0
0.413957395286753 0.25808743485525 0
0.424910060216167 0.241160609812626 0
0.461233152480323 0.16480603609273 0
0.372678833614547 0.311394283039549 0
0.483112938444612 0.097160818749204 0
0.491619395853376 0.0181698628504573 0
0.0806885799450428 0.48304568260516 0
0.321163509573398 0.369364216816327 0
0.352507419687675 0.336929117927136 0
0.474513112605186 0.147503395170536 0
0.437016673520418 0.225336867637467 0
0.492876272395293 0.0510794488068289 0
0.290516643326873 0.399542659967378 0
0.492646668006195 0.0812045879252641 0
0.334561021249953 0.35774875677036 0
0.5025487564899 0 0
0.399997299749941 0.299396558982674 0
0 0.4470884769 0
0.153563613440717 0.470778650865774 0
0.265858309919702 0.41750446033824 0
0.462949111958369 0.19308970722337 0
0.248252423626978 0.426286833796878 0
0.376891446763287 0.336110268993324 0
0.501938425430716 0.03400018426415 0
0.488302127674392 0.13161560487529 0
0.471233515560252 0.180571075750299 0
0.423068371357097 0.27559565294209 0
0.350512828585518 0.353740583827908 0
0.410830369552974 0.290025419601192 0
0.432504461812493 0.261119722555495 0
0.503007887071451 0.0681711401243411 0
0.493440192524607 0.113754828976838 0
0.310643755617239 0.399425423590448 0
0.442636340806977 0.244729381209261 0
0.482772862092435 0.164904017097695 0
0.397490462022795 0.322256791349859 0
0.502041477990111 0.0993216087862793 0
0.457883846288975 0.227636018113459 0
0.0512438435685096 0.50249565249226 0
0.512668638354927 0.0170810752602443 0
0.493752438678166 0.148601740524722 0
0.199433626361996 0.443651381187598 0
0.470324706182921 0.211456573306955 0
0.183446869554228 0.462716362484464 0
0.512939855259954 0.0498765213879429 0
0.224062915788769 0.449687621752434 0
0.330048879784629 0.395371250937582 0
0.510964351323351 0.0814772512919982 0
0.244063838974498 0.44361318162872 0
0.390696453669656 0.342117802903062 0
0.502908769573882 0.131010885796385 0
0.522776306006726 0 0
0.285449876493545 0.429738292371316 0
0.41564428388277 0.311254963250952 0
0.136628245010133 0.49803690589828 0
0.266510376936245 0.438063214409876 0
0.302019462499368 0.417877907195311 0
0.485565420265999 0.199012350920638 0
0.348373501686313 0.387514424890153 0
0.441470029704616 0.273529197808817 0
0.379831636903012 0.360221275674578 0
0.429691248224188 0.292406650369072 0
0.492355122595664 0.179853274481069 0
0.108262334502836 0.510962575692442 0
0.362192707116087 0.378303421388149 0
0.320796743147606 0.412175375356748 0
0.512819644781655 0.118545406733346 0
0.455549178434118 0.260091015798991 0
0.463612542593267 0.242031705822459 0
0.406910874329361 0.331016961329248 0
0.522966623104852 0.0658514776720856 0
0.501286489846649 0.162650484496045 0
0.0764948092843163 0.514736359595033 0
0.0248147193805253 0.528444034645161 0
0.480543492143442 0.229807117457033 0
0.531499720012003 0.0167258242160402 0
0.522880817641125 0.101368655637338 0
0.487805231726536 0.210903052447341 0
0.51006091530598 0.151195200933679 0
0.213309165758411 0.471238771045677 0
0.190365464933952 0.491062202590696 0
0.241455576787637 0.465562112908547 0
0.531529975501745 0.0521638941613273 0
0.265326117640791 0.458197338565577 0
0.286261314220609 0.449582884749178 0
0.53227582980048 0.0851358702540563 0
0.318973319034181 0.430046555971404 0
0.502396697132371 0.197363563307751 0
0.30329297116094 0.439118075192275 0
0.448250605764337 0.295000808993478 0
0.364505578000193 0.402515872154089 0
0.522978690400322 0.134431842574797 0
0.439267362964815 0.314838459502454 0
0.42742530438391 0.327946907460952 0
0.54369114960282 0 0
0 0.531231654936 0
0.463097948653637 0.279178253600523 0
0.474174193405812 0.262232506969508 0
0.350916594465785 0.413823597256294 0
0.510777232594602 0.179551123131852 0
0.542360124448996 0.0355271154288279 0
0.33408575656463 0.4224250700653 0
0.533028875701941 0.117249314749599 0
0.484917431323646 0.244882368545409 0
0.392821559439824 0.375642655003481 0
0.418235078759937 0.344645229629358 0
0.405112619687869 0.358827485996183 0
0.496593337046091 0.230539085045937 0
0.52056161370432 0.169427075733448 0
0.544998862536007 0.0691047953974786 0
0.0877075393092102 0.53759812004653 0
0.219469524804343 0.494196736869511 0
0.164643830929106 0.504678111290065 0
0.544436898013784 0.0999964790204908 0
0.341573589740492 0.209081488679454 0
0.554576562508871 0.0203110748263972 0
0.240604620671319 0.486582712653058 0
0.508028093987066 0.213979490339692 0
0.389951836958471 0.394658112463374 0
0.264740460618429 0.478647327630684 0
0.286155514724402 0.469574668544438 0
0.304701716758221 0.459451961019194 0
0.553830314249419 0.0499883548256974 0
0.14063930626851 0.527987698466742 0
0.321092609946425 0.449608850893965 0
0.334476575444269 0.439791833498273 0
0.519213881904215 0.199588537584652 0
0.55168712113803 0.0818002489639039 0
0.459456976259418 0.313516217859477 0
0.541048923633255 0.134993982005475 0
0.376419680375993 0.411009509141308 0
0.448841792291956 0.331723127913878 0
0.43472475406435 0.344773949157086 0
0.471109228232211 0.296867106080137 0
0.482869974327581 0.280963253852946 0
0.0558309077066337 0.543452585758784 0
0.56346293344238 0 0
0.358609934272595 0.426698769158419 0
0.494441527785748 0.264538063786785 0
0.531455538067605 0.183871426409217 0
0.566773959758299 0.0348166117426533 0
0.426709631848805 0.361156870376939 0
0.416143852839805 0.376855574276881 0
0.403009032860578 0.393182023762448 0
0.113160449512312 0.545953620075305 0
0.516055524878918 0.231943506767981 0
0.213982359480746 0.513983991376652 0
0.566728228340179 0.0649675001562702 0
0.542482648823047 0.166106842616176 0
0.351005612566646 0.442569037169394 0
0.56073195295463 0.103101166531836 0
0.191085381086572 0.519926108264292 0
0.16911673718792 0.530307084094057 0
0.551999976215538 0.148268287301223 0
0.285989361789573 0.489534865614517 0
0.264612047307543 0.499100341380278 0
0.305134491358472 0.479774040446627 0
0.529873227756745 0.215294494925011 0
0.242092947940951 0.510353178257816 0
0.340128425267422 0.458255039220131 0
0.572819778099817 0.01705467682139 0
0.32159540775705 0.468520507218072 0
0.0274935514692364 0.570652279668442 0
0.573997513918371 0.0494645094975305 0
0.46603072684067 0.330844368753754 0
0.383273539401966 0.420495152101991 0
0.539717135963333 0.19854928080172 0
0.456180361463737 0.347023500801532 0
0.480614912132646 0.314924028582222 0
0.572950887089389 0.0808598525121415 0
0.493633000949296 0.300323824126224 0
0.503809948425515 0.282412341023798 0
0.56636853069047 0.131890875412309 0
0.514831467570669 0.265953130557588 0
0.053840118955221 0.580878387736645 0
0.583878798638 0 0
0 0.597421326576 0
0.37491767314889 0.446116467887317 0
0.555123932922816 0.183241856759316 0
0.525203033764389 0.248972702451794 0
0.43607292623283 0.382011419331517 0
0.424632561709125 0.39442655590619 0
0.583556904765743 0.0321678250644963 0
0.561383475643447 0.170452610992567 0
0.572183643381331 0.116283561305014 0
0.582170184323073 0.0652848237851304 0
0.413670259724549 0.409991002098718 0
0.2108396855457 0.537827300424333 0
0.536461673668319 0.233153001116301 0
0.360121046391445 0.455473649591912 0
0.188413237133198 0.545051833068516 0
0.286829035339502 0.509439189621896 0
0.305187290104526 0.49981895530428 0
0.581045943602184 0.0996030858236003 0
0.0856113269358318 0.56688613041371 0
0.268000688828753 0.518801228661964 0
0.572936720024236 0.147126235451532 0
0.322535785512369 0.490075369297107 0
0.547388179411753 0.216753097007921 0
0.25383648135 0.529434054162839 0
0.403319910386678 0.42544867420743 0
0.161262845114198 0.552295791005722 0
0.233483914411522 0.532146077102364 0
0.34658404844789 0.476874184354514 0
0.136704267585699 0.555924428963833 0
0.593188018220179 0.0149944394456377 0
0.478358418516247 0.347622179533343 0
0.500920831693302 0.316373113190009 0
0.388292858137471 0.441320018408807 0
0.593358064167937 0.0479544808627144 0
0.488729077641686 0.332604575983292 0
0.561328736057874 0.196769465882703 0
0.512610621195541 0.301554469140864 0
0.46668753373545 0.366435367431108 0
0.522228236280494 0.283549288231387 0
0.590112583059246 0.0823622149443719 0
0.582046431224406 0.133053350912371 0
0.570062586134835 0.182780832009439 0
0.459292449604945 0.378225883739104 0
0.441197162379375 0.395191313036021 0
0.118812511302759 0.577385168337295 0
0.429421732862436 0.411283952197955 0
0.376261278636378 0.458892292791467 0
0.607379639498 0 0
0.578672449669315 0.165991792013573 0
0.546575000233258 0.249194496644818 0
0.595481342515327 0.116712963186396 0
0.606156784769225 0.0291618476412774 0
0.185659811438603 0.565771411482072 0
0.602229592518305 0.0650591710880664 0
0.422329218110855 0.427297947304537 0
0.168440646270799 0.574820099226258 0
0.558538283294457 0.237386928495163 0
0.304841249919843 0.519893611239542 0
0.287901575612782 0.529681547673755 0
0.32185000677028 0.510746214498695 0
0.271101615171787 0.539634785149113 0
0.360407500916854 0.479576450540334 0
0.337909610417139 0.503428708834211 0
0.600110824333379 0.0983004715388437 0
0.147376596921204 0.576106450568157 0
0.251912402436992 0.547718781741527 0
0.591309531402536 0.151726126781842 0
0.41213354023097 0.443868396733343 0
0.210185421999532 0.562396878682107 0
0.487070376891426 0.365162620838925 0
0.231279694113316 0.553930807680738 0
0.516798960457264 0.319798002518202 0
0.499926863809737 0.348923640953431 0
0.509204095218148 0.334219558920753 0
0.352603856976649 0.493975912235745 0
0.611582745721532 0.0188825907406156 0
0.531245072457699 0.302282980621124 0
0.0590630638670605 0.613710731654895 0
0.582099919697862 0.198324235431305 0
0.602214781477448 0.135028031041476 0
0.400639437270314 0.461302161441916 0
0.61671012769795 0.0475665446129453 0
0.54278119399359 0.286243195877241 0
0.465020399375292 0.396108687927655 0
0.478167178380541 0.382012829471614 0
0.58649099645731 0.181163251625485 0
0.452735689847204 0.414354576421017 0
0.611855583485053 0.0834337118201281 0
0.57790660954088 0.221132828185327 0
0.100341455343263 0.596495538298916 0
0.439808510415291 0.426565506874062 0
0.19993617148875 0.579037121449025 0
0.609451100172139 0.113685322374976 0
0.184256031799106 0.587386739600797 0
0.572462438506869 0.24911434669451 0
0.6207147082898 0 0
0.0295599297493983 0.612005674886161 0
0.624162706307843 0.0375995302229852 0
0.305122747737927 0.54012722370124 0
0.164584665284604 0.593846152172229 0
0.321877142770697 0.53054419285797 0
0.597845752697589 0.169425514025334 0
0.431089435425158 0.448359884349119 0
0.560879728561978 0.270075230603117 0
0.288412109942306 0.550072348048688 0
0.624404472937313 0.068972544837779 0
0.338257065561241 0.521553525232543 0
0.27048669642232 0.559055187422376 0
0.389541169112937 0.483547276994586 0
0.353125155853462 0.512169129527673 0
0.142469913013653 0.59756868020187 0
0.251567302446161 0.566983918513246 0
0.622240359101727 0.106207533276786 0
0.508688452195616 0.367327307092499 0
0.365341181553272 0.500494306981515 0
0.495713237208305 0.383694396688469 0
0.420810033568418 0.461372326423577 0
0.531445758358332 0.333601961006405 0
0.232710814749324 0.57480175816786 0
0.540244544626362 0.318606886962351 0
0.52260819481203 0.354187901784595 0
0.122919584827024 0.60738023536345 0
0.550176737352544 0.30037702000677 0
0.605514265612776 0.18744870985375 0
0.483931931503017 0.399465985192755 0
0.217178872013815 0.585456113021712 0
0.474706012998254 0.415390995596038 0
0.640147784441591 0.0148400604443701 0
0.411801413216617 0.477702904344282 0
0.587453303216789 0.24105788639621 0
0.634629528287776 0.0608737132513447 0
0.617019510601164 0.155006737418268 0
0.46222348619678 0.433706306649708 0
0.603054081755356 0.208296438585648 0
0.451776647149224 0.445175480718932 0
0.566976133570181 0.293695488929021 0
0.201605762015099 0.597902981499059 0
0.636325772784611 0.0882679076291643 0
0.18347646629702 0.606576429933961 0
0.322032589861149 0.550452167242306 0
0.305441226007621 0.560529608692343 0
0.337982666275608 0.540627225122588 0
0.105626736344096 0.627407608797075 0
0.2882054001827 0.569937333760148 0
0.588641420586366 0.261338478474234 0
0.163888484922978 0.613679263336669 0
0.647916451587801 0 0
0.353935720259429 0.531383824280793 0
0.270029295911409 0.578123405888688 0
0.648159050562193 0.031637157636501 0
0.441955042128822 0.464329284256558 0
0.634812987398434 0.116507678054309 0
0.647604284921339 0.0678607266294821 0
0.366603639947697 0.520963558639246 0
0.604815900459359 0.229105996783881 0
0.251571525982044 0.585981904940461 0
0.525847216916929 0.36942330702604 0
0.515593366136551 0.384200812522202 0
0.616901679416141 0.179916978378477 0
0.540038282537717 0.35316543047659 0
0.0783771897940186 0.637266513408508 0
0.389761625725315 0.511838625203302 0
0.506382294641507 0.397788874654594 0
0.14504262220153 0.62088851603293 0
0.42883378996815 0.478848765246653 0
0.234608522488251 0.595386091828151 0
0.566576161874009 0.31676164261544 0
0.481632792786605 0.431721917477888 0
0.128235796973758 0.630017684314397 0
0.58731690376113 0.28068776328781 0
0.496462467587257 0.417101809904434 0
0.050565591736343 0.642491734709933 0
0.410267577873784 0.498668770415839 0
0.218485894679883 0.606546109645383 0
0.646026425525492 0.126933797702853 0
0.655914129753314 0.0156801050503248 0
0.622419305430238 0.203303228792455 0
0.201374228562454 0.6168365615321 0
0.606976539752563 0.251249312033922 0
0.474342589492364 0.44948234296789 0
0.642201749101795 0.140629989627834 0
0.182841023000094 0.625542321116472 0
0.46023313187789 0.463722464543024 0
0.32200658103118 0.57018156171328 0
0.338269222121384 0.560373855383542 0
0.269610841694038 0.59700517465602 0
0.305222755936298 0.580880785419146 0
0.588105437818384 0.299745129491904 0
0.352604492908057 0.550141411895521 0
0.629392310521618 0.217358917203193 0
0.0254786970688782 0.652075183464616 0
0.0996619007166726 0.653308712948436 0
0.367458115850592 0.542810738088079 0
0.645149179127322 0.166945553496056 0
0.163918139642556 0.633959934497042 0
0.453378327106936 0.481493711175128 0
0.660461036939029 0.0816949429748803 0
0.60816751426791 0.270932125189796 0
0.665793016658 0 0
0 0.6664750176 0
0.535323938144703 0.387759356897963 0
0.394185647409394 0.525182292239923 0
0.547974495138287 0.370456899726114 0
0.288160306379471 0.589796487623079 0
0.666191697547995 0.0319341088102094 0
0.526279030099278 0.401741544560794 0
0.662097165483273 0.101548841582227 0
0.433238143168107 0.494872627979918 0
0.573428026321341 0.338498767049016 0
0.145084605013442 0.643141320380492 0
0.515754851607879 0.419407841167501 0
0.500299580334378 0.43420367690552 0
0.407506099733505 0.520508936467447 0
0.625927688468931 0.237224690397293 0
0.489171209471128 0.449113854141621 0
0.646435176058671 0.190304476576337 0
0.66093003141857 0.120668328608779 0
0.424748513880238 0.511761537373358 0
0.123235245327498 0.649536974105729 0
0.267706148262551 0.614805078439063 0
0.234454102830719 0.615279305714131 0
0.586218885933278 0.319887247530041 0
0.217923136378764 0.626274270976302 0
0.607356859635074 0.285334516041834 0
0.659150048341148 0.139861755704193 0
0.478022011088989 0.465322862318053 0
0.200234438205011 0.635313657492688 0
0.644004160881648 0.214204428928492 0
0.674149402051253 0.0161871634793147 0
0.618996739092235 0.259286938609495 0
0.1815061394744 0.644513068095506 0
0.468514354537717 0.482283126896842 0
0.674937436064473 0.0510755800776352 0
0.660517274458615 0.160385334195977 0
0.338628780247621 0.579472374755104 0
0.321965443972726 0.589290991268278 0
0.355209629728379 0.569682736903338 0
0.365959656470004 0.556519334004241 0
0.286222964158022 0.60868390241521 0
0.675886374474695 0.0715162591287253 0
0.393462653827564 0.547342581683336 0
0.457439651528722 0.499531161375066 0
0.64143935818162 0.231367460966303 0
0.607953106209978 0.310747704650974 0
0.162765235820249 0.654034783538678 0
0.676173302259358 0.0910779810610107 0
0.567543505855253 0.372339010022425 0
0.509484269433883 0.44669014235602 0
0.547946019102364 0.405245890809297 0
0.658392524356045 0.179911159369534 0
0.53357203154447 0.420744799749496 0
0.406354427292736 0.541073488455982 0
0.589909636385732 0.339768274364501 0
0.631825302904781 0.280496920836121 0
0.520263375959314 0.434936836377534 0
0.305762051013412 0.602592410746127 0
0.0732401964148799 0.663017152861363 0
0.44123350059791 0.51226311336447 0
0.676133874498077 0.110850349538254 0
0.685779763888 0 0
0.142500261415498 0.663671452249769 0
0.683062757356086 0.0325484369299499 0
0.426268729783942 0.530214440750749 0
0.560645300322382 0.389262984358636 0
0.675039407820455 0.130444573580194 0
0.658181115520092 0.201451405447867 0
0.645722413835249 0.24813028120495 0
0.234352222665266 0.634661477081918 0
0.120594486412099 0.672121545252072 0
0.216308485854552 0.645161321059808 0
0.264748705679616 0.631646733814086 0
0.607930110615821 0.328603974897429 0
0.588150426802955 0.360261451258506 0
0.504655181088172 0.465262572735691 0
0.197805210846216 0.651953003305668 0
0.674750677542341 0.1500687703107 0
0.0489542843045918 0.676872383903009 0
0.490609809340661 0.482668990385226 0
0.658504061018864 0.221641468305119 0
0.282093541755979 0.626319957823978 0
0.694006715415426 0.0166722669526509 0
0.33843536234553 0.598242287034494 0
0.354031502379946 0.588836472898344 0
0.692215222115454 0.0625454945607615 0
0.47662637767072 0.501602404220028 0
0.323478230004249 0.605849456279428 0
0.643688585526799 0.273165693316632 0
0.368606236503003 0.580748041817887 0
0.0958278313169633 0.674322976733396 0
0.674698148331532 0.170517879527179 0
0.384926492536221 0.575061558351275 0
0.692681964840566 0.0809788209345561 0
0.180523304204408 0.663341507827122 0
0.300210325623776 0.622313876018831 0
0.407536997818517 0.561056434335567 0
0.565271848991473 0.403938679820382 0
0.554075035596186 0.420589660559417 0
0.161238652393116 0.673376948682997 0
0.692282569444703 0.100237114024023 0
0.586985240910323 0.379228753868415 0
0.525844439469694 0.453554784860906 0
0.607263666393858 0.349936136767099 0
0.540279187342752 0.438344628707466 0
0.659014827775389 0.240444770133039 0
0.617867601554512 0.320220401649639 0
0.425888100962011 0.550146201417262 0
0.674063078802875 0.190804993391808 0
0.691854240892742 0.120124780410987 0
0.644048482586308 0.290683421828854 0
0.465716816997709 0.521143881800798 0
0.317726262900528 0.621504392542221 0
0.705795592388 0 0
0.440031897711218 0.537408778801748 0
0.251200577558854 0.64313888729075 0
0.703976844410473 0.0330715334279932 0
0.231091254205101 0.650981879364337 0
0.143798442706931 0.685357763971553 0
0.691593994352124 0.140171505617635 0
0.510965244743001 0.48461042614698 0
0.674543638487078 0.211097605462442 0
0.21041407099035 0.661366254383342 0
0.659122136382867 0.260586902594931 0
0.0787440902625719 0.690538712004131 0
0.277841718522347 0.642665670115039 0
0.584084392251763 0.399199833959511 0
0.335652221480918 0.617760657257746 0
0.605668624313674 0.370533267517964 0
0.690983347355172 0.160190040153822 0
0.105516821648104 0.691637551278956 0
0.190650796048621 0.678769881922316 0
0.50006125647792 0.500117100032756 0
0.645155523763396 0.308264676866821 0
0.353256674873437 0.607235101461342 0
0.294885246975897 0.638886596732508 0
0.367415982515083 0.596559317835874 0
0.52948921812742 0.471540248328073 0
0.125085157610412 0.691158846241989 0
0.711095828509869 0.069995893500027 0
0.675632325874133 0.230694598479031 0
0.0609574236911446 0.702756253315976 0
0.394648980010119 0.584851902718607 0
0.709631113079246 0.0512427702173259 0
0.487220059148311 0.517575156938561 0
0.715573057093947 0.0180950600021562 0
0.406929711246526 0.580784407186369 0
0.659289972562274 0.280750580045331 0
0.710678871920446 0.0894373702798018 0
0.690627923523573 0.180674986969559 0
0.426521279318589 0.570463290571922 0
0.311621481381796 0.6390207297227 0
0.546849894650374 0.457120558783312 0
0.710314731471592 0.109682592140838 0
0.164066502664442 0.693792238933425 0
0.584811738428841 0.420105398359336 0
0.440950543500366 0.55825309034694 0
0.67637189269665 0.250335665865885 0
0.626548726951575 0.363227396080287 0
0.691603093312106 0.200784452740233 0
0.645498461748403 0.324387713113242 0
0.605150164599841 0.390203797603734 0
0.254043655071604 0.669540613628342 0
0.709928786546169 0.13033463953951 0
0.513560735579488 0.500131482297661 0
0.230760074107171 0.673881596179105 0
0.264867848388741 0.669273846071934 0
0.568065255675866 0.440791347638029 0
0.463094529389987 0.549022044861662 0
0.660085854453717 0.299771313552055 0
0.329216235490872 0.638195107049064 0
0.041372085998731 0.709965815145661 0
0.183458090789432 0.69186254676163 0
0.726042233228 0 0
0.709148494185308 0.150734368260694 0
0.118855907845245 0.708793871027585 0
0.481028565762627 0.538292217488365 0
0.693645204521126 0.220487286792799 0
0.676213242719504 0.270105804703185 0
0.531185646331265 0.489652167045953 0
0.289831230864333 0.664553366014377 0
0.7246500523191 0.0368872741813885 0
0.213020445601312 0.689462286955378 0
0.0984220270967876 0.71175347045103 0
0.369924101101738 0.610761296771156 0
0.730065827099528 0.0570109704529704 0
0.510305243231235 0.518236347304271 0
0.707630596439247 0.170246152181934 0
0.0787213917908796 0.71884917840379 0
0.393834476999535 0.609702404718343 0
0.644163134405484 0.351712933996579 0
0.628363131925111 0.384047736565075 0
0.151444956751885 0.70886725585431 0
0.497837627065839 0.531793401165638 0
0.731254408622937 0.0780455695608396 0
0.404460094767667 0.602205130162651 0
0.660025619319555 0.319164221989816 0
0.35463858137089 0.633965746376569 0
0.606179368317853 0.410311929820924 0
0.0593742671084048 0.725854123168767 0
0.694244381207721 0.240324056130263 0
0.425335140100963 0.590482279068455 0
0.303760665690795 0.655966832252675 0
0.549862633482327 0.478764687411687 0
0.730479830408502 0.0990397391038488 0
0.739871340907487 0.0202605319044641 0
0.708895452790327 0.190564217571231 0
0.261129590235982 0.681917806185269 0
0.676889022558771 0.289910400893531 0
0.586238649484482 0.440743863533353 0
0.441498572941792 0.583007170591788 0
0.251345849635569 0.687659965187935 0
0.729609068514733 0.120838478625359 0
0.135742157682726 0.72161191515748 0
0.272700121870147 0.680108096112476 0
0.461826123229597 0.569824574915779 0
0.693881841823092 0.260033001159251 0
0.320991127741612 0.656231221164463 0
0.642559954006725 0.371222342793734 0
0.711885869965215 0.210024155000184 0
0.167671738469189 0.716288133550383 0
0.729612475873135 0.142573674689038 0
0.570602929110877 0.472135518762907 0
0.65783022657065 0.339346038086987 0
0.630462086629665 0.397606744957273 0
0.5314778444239 0.50986193732488 0
0.284691313499415 0.677791622986026 0
0.297685909332795 0.674107733789311 0
0.67681466087928 0.309897055077575 0
0.605909927257211 0.431845158088703 0
0.747727847258001 0 0
0.237027765231968 0.700345442052104 0
0.728703109548738 0.16300827872262 0
0.219342730420999 0.715046693805193 0
0.116001428965514 0.728665110707374 0
0.25996080050715 0.694387219079174 0
0.497670705457915 0.549984502101802 0
0.713170155553336 0.229794527819846 0
0.748660093428097 0.0413179900772806 0
0.2503712564 0.6989104412 0
0.0955016453128145 0.736085049764305 0
0.3677751434649 0.633821898904961 0
0.269791683344971 0.692190723187775 0
0.694454856517909 0.279947706180362 0
0.550017178778209 0.499461993238688 0
0.336355233990724 0.655590070582286 0
0.75196817479409 0.0650957558547576 0
0.586942173074842 0.461539001825876 0
0.0726953259542416 0.745386789336443 0
0.279208513399264 0.690616471020289 0
0.723699644745671 0.18030087958448 0
0.154647931585704 0.731770690774755 0
0.310488812908355 0.671613118070466 0
0.425967021843105 0.610009447946552 0
0.752805836314646 0.0881903683028341 0
0.65799988512202 0.360322735832697 0
0.514551188542273 0.539643442364199 0
0.643665394291733 0.389153991894995 0
0.391490278826238 0.636055326647431 0
0.290756167859992 0.689053241566493 0
0.447011421577075 0.60172944718323 0
0.676117640723861 0.330165958729334 0
0.751508579262793 0.110691548509267 0
0.713596533431084 0.24995361978663 0
0.57281804827787 0.489701783641096 0
0.461524460734337 0.589600804257235 0
0.729758754552539 0.198019779808019 0
0.303146744871948 0.68766969650303 0
0.258583349832258 0.705368394200218 0
1 0.4998259121095 0
0.243782392849239 0.709138828636873 0
0.693858358370209 0.299954659810866 0
0.531486209827184 0.529516364972534 0
0.605207982627693 0.449500424256076 0
0.751270021056096 0.134763950073474 0
0.0460395949125747 0.74578249261501 0
0.234466718761846 0.71455858830867 0
0.134370278009879 0.741551295349129 0
0.361538077098108 0.656763274101196 0
0.316305209740858 0.686431578549267 0
0.480211223630135 0.579829890923922 0
0.216932124366613 0.731056111566575 0
0.193415281535375 0.736596779615442 0
0.751291481423634 0.158718670339627 0
0.71408725978555 0.270049646710244 0
0.733829110553524 0.218421775926356 0
0.267264091163128 0.707341747774372 0
0.175697888790576 0.735089293796165 0
0.658601007929553 0.379837300318623 0
0.587149448473801 0.480487482352839 0
0.550871563903449 0.51996386522698 0
0.497681679202134 0.569986601969646 0
0.674981457631325 0.350197823544703 0
0.644953748995044 0.405109761474834 0
0.334788392552694 0.67007063411491 0
0.769178503747855 0.0216979881693268 0
0.693405293485561 0.32027294450947 0
0.616332577486283 0.441575548690061 0
0.74452491733932 0.180532499514532 0
0.113573525725589 0.750753126981889 0
0.329269102325714 0.685389907652493 0
0.772927017951291 0.0507160596705609 0
0.770672942097801 0 0
0.411868397079592 0.637357858752487 0
0.515026445563136 0.559990579606605 0
0.277052053325942 0.709050613361995 0
0.259206046057361 0.715032029977561 0
0.734447549412453 0.239099782330912 0
0.777295628494902 0.0777987330681531 0
0.375066894924209 0.657039653892619 0
0.427438113926986 0.627885011802741 0
0.572918827014314 0.511542918547173 0
0.712861421448193 0.289863129666271 0
0.608218936778426 0.471631648833413 0
0.440263379117536 0.619765480473927 0
0.777103123360823 0.102965314376026 0
0.247570501032422 0.722214083088965 0
0.270032101246355 0.717058438144324 0
0.5325317591907 0.550527396883426 0
0.111860390872295 0.159184202630804 0
0.288316254437952 0.710642532188393 0
0.462794904814003 0.610704794045678 0
0.152082285936001 0.753407630510363 0
0.674869234547312 0.370153879121941 0
0.659289205472276 0.39912284733588 0
0.771062436354101 0.124783463237869 0
0.0914680208519287 0.760850894733132 0
0.342243093768822 0.684485097591342 0
0.693389879465546 0.340529317652986 0
0.642298332835631 0.430893574153523 0
0.734817346668863 0.259897800877106 0
0.22700738056244 0.74107839223203 0
0.367156116006506 0.669730456492053 0
0.480369346925562 0.599811108310219 0
0.586832949554522 0.500268407835413 0
0.752840578512988 0.203020847322485 0
0.773775260220861 0.148773242816956 0
0.551663817443509 0.539984851591874 0
0.399830633087856 0.655133068362984 0
0.299384107643201 0.711935611073231 0
0.71190918327116 0.310327342005801 0
0.208957087571327 0.746624677476562 0
0.0430700854174211 0.774989606853454 0
0.497668362779916 0.59073403776742 0
0.281554726321744 0.719214934035303 0
0.188704045599338 0.753313004625082 0
0.133144920512191 0.762822757629895 0
0.37787562823068 0.67446807412219 0
0.0669787735888641 0.772939296623618 0
0.759929978169745 0.228896920223776 0
0.73515302455113 0.280020823673224 0
0.312733259736941 0.713252133879299 0
0.358270353361916 0.683524935497141 0
0.515038869171899 0.580105860766734 0
0.603249314295519 0.490583817413941 0
0.675178626123079 0.38985625867231 0
0.572245975283266 0.531676511132602 0
0.267237083245602 0.733234447250702 0
0.293711664550962 0.723175850375805 0
0.69254220455549 0.360593389306132 0
0.658276986451424 0.418371943797586 0
0.388758883967445 0.673657913033526 0
0.771566272753198 0.180322833573749 0
0.711685987031247 0.330770487434195 0
0.645177311139378 0.44438688849603 0
0.170723424959406 0.764574673731043 0
0.11273320153434 0.773354505805147 0
0.371506995030963 0.68284401826692 0
0.439678855748897 0.638720252660426 0
0.532156260153449 0.569593999889825 0
0.798483228800001 0 0
0.755807112136012 0.249406464722808 0
0.23928714633695 0.752211894323794 0
0.58791599523761 0.520400827815968 0
0.798629831138801 0.127191119779777 0
0.731826237674152 0.300201316066831 0
0.621735799357498 0.47857351953306 0
0.425862391974364 0.658441712982682 0
0.306251999995413 0.726944062568075 0
0.397559179756024 0.674501062074825 0
0.479107309112212 0.620047894789672 0
0.38217695333764 0.682360565075891 0
0.550687394615919 0.56055974974401 0
0.325930660958248 0.714355652154161 0
0.15239985675121 0.773856558144308 0
0.693240541341735 0.380730275989001 0
0.675641381302076 0.409693998206647 0
0.224016329580967 0.758061510875326 0
0.0916448035933447 0.785293950563023 0
0.40723586901691 0.67199783043599 0
0.712117212335999 0.3512318115035 0
0.658389254737451 0.435364329973106 0
0.761306445397541 0.268948378498157 0
0.606678824757671 0.511522572747249 0
0.779451088871952 0.214044707662105 0
0.392164865802427 0.681956304061773 0
0.795981585756556 0.161694808643388 0
0.206826624448601 0.764964135152257 0
0.464408137634909 0.635565701637443 0
0.0249688108536533 0.793577655356372 0
0.731423048660499 0.321292972897797 0
0.515031265640243 0.601680668687287 0
0.499015641824668 0.617646004238141 0
0.320633555609539 0.72845066197322 0
0.050750575271791 0.803553891906256 0
0.133005546539765 0.784538570186631 0
0.295747726352607 0.739236398673789 0
0.189188754593928 0.774059766835024 0
0.792625161146905 0.0342058480489307 0
0.402691171134472 0.681577314196337 0
0.417825769180824 0.672897445091817 0
0.652130627010172 0.469337261282588 0
0.800356647553234 0.0651999193411369 0
0.340106488575739 0.715374254178419 0
0.532625079017281 0.590820463252936 0
0.0731561212204619 0.802019035780364 0
0.758149070541281 0.292569313072496 0
0.586696983235117 0.541554099598781 0
0.265740310117693 0.754579681359628 0
0.692987620706114 0.399905013066598 0
0.712576320477278 0.371866658962691 0
0.676947633128537 0.42974078263793 0
0.624835951021507 0.493085991526896 0
0.427256339944644 0.669961611576805 0
0.451872632972514 0.656250556202382 0
0.805104627883598 0.0940460373527307 0
0.411899640844872 0.681283082438352 0
0.733249250151126 0.341167857252238 0
0.170761956099237 0.784566389390827 0
0.550874142401948 0.580219719950704 0
0.112722093153562 0.796987159257088 0
0.313203766680381 0.741781187012326 0
0.239204790722172 0.769106195806121 0
0.334948566768051 0.72913118850541 0
0.486606418446772 0.637564475664994 0
0.610186557948425 0.523060594550067 0
0.750771182683896 0.31215917044224 0
0.668081369547189 0.461185679528413 0
0.422577180963001 0.680983304089203 0
0.568806806307773 0.567844560726879 0
0.35555803643885 0.716323524997025 0
0.223925188415425 0.776825645819932 0
0.152466945025736 0.795022837342357 0
0.649755356701617 0.487174592004601 0
0.515902581428636 0.620148609081127 0
0.714195158888844 0.392408841953258 0
0.694513664077818 0.419243161129318 0
0.0918763361963724 0.812592898441366 0
0.732608429295231 0.36196852985357 0
0.783068544953502 0.282195985717105 0
0.207323209587239 0.784899154800565 0
0.429671508449245 0.680807744710928 0
0.328732016189415 0.744351883689549 0
0.634610556796649 0.51503606538679 0
0.45107828394874 0.672363793354776 0
0.368908126960087 0.717029655232025 0
0.816554588184154 0.0229101424783091 0
0.473940505502254 0.655695037809602 0
0.284475581352308 0.766568117977434 0
0.757165438110485 0.332140179593526 0
0.350019317906568 0.728820384387585 0
0.133275680402358 0.806973256328757 0
0.79836244086939 0.194514394237268 0
0.189334584848276 0.794211390223305 0
0.683405006202752 0.449665221848666 0
0.461519870361305 0.672092408630121 0
0.551307336318176 0.60095832494546 0
0.444459947240539 0.68049981040983 0
0.506495341218634 0.637656022877085 0
0.787605659225704 0.249838154910591 0
0.665884454285338 0.478304648046312 0
0.381227871703669 0.717598696672538 0
0.362094117195106 0.726524447130205 0
0.301642295400898 0.765904457682737 0
0.534007295170493 0.615739759934027 0
0.592578876154307 0.562256483783215 0
0.71158104172941 0.409440561122903 0
0.734013228510383 0.38338929871609 0
0.649835435276808 0.505836500447702 0
0.609915441724715 0.547595401789631 0
0.344355670539226 0.743229968727179 0
0.171237850151287 0.80497130552247 0
0.753497442036282 0.350955222172023 0
0.113404130971828 0.82138108635447 0
0.454588113483779 0.680332737611182 0
0.391334094877935 0.71801180827466 0
0.823599636378781 0.147492546943896 0
0.241341306484626 0.787834417326701 0
0.835377035252001 0 0
0 0.808186801728 0
0.273732186090693 0.780299022563172 0
0.471708053717878 0.671857229901405 0
0.0333538439710703 0.829548727716998 0
0.373522229401775 0.728794121649677 0
0.576717990514243 0.589610268055492 0
0.225393946932444 0.797174903308797 0
0.319049667456555 0.760392629631981 0
0.633627739995892 0.530270619572361 0
0.698637660323583 0.437784235619588 0
0.805336867341469 0.224026383952771 0
0.0675146309540196 0.833865489054225 0
0.68275260684835 0.46861457553839 0
0.496095847001712 0.658342224835811 0
0.384999228934942 0.728403354444212 0
0.40134119148109 0.718376715319223 0
0.481964579708691 0.671924643985448 0
0.464988700625069 0.680197100232267 0
0.152812577136456 0.817113912568724 0
0.664785313860368 0.49665327211133 0
0.207370756687439 0.805430705905708 0
0.0934360221519742 0.837257469473429 0
0.526484518242444 0.637802246969005 0
0.818718028814091 0.178387454514527 0
0.292239606565028 0.779952189148265 0
0.361051175868318 0.740027989791195 0
0.758257523949738 0.369581641913669 0
0.84934679387638 0.0361957221367902 0
0.592113743096635 0.582639802872403 0
0.647998759101755 0.522325884030164 0
0.396862733254258 0.727661245790539 0
0.413033722699022 0.71875088995681 0
0.336980756746248 0.759546299781164 0
0.475116260020022 0.68009932259239 0
0.83778121022066 0.0758172219725558 0
0.133463778399291 0.829960396266328 0
0.189251062093518 0.814318513174397 0
0.717534705663432 0.426228119537297 0
0.700371065982716 0.45811924768674 0
0.493237116874802 0.672494771417715 0
0.260434211008569 0.793732422993715 0
0.570487612511693 0.614508546136623 0
0.68136434864707 0.487160479675379 0
0.311096643800684 0.778041427801739 0
0.776160300428695 0.314592602456069 0
0.423140807935093 0.719031372695145 0
0.558716392758128 0.6224507210579 0
0.855053896749963 0.1394414918818 0
0.614818755691397 0.573571387328769 0
0.407686373895072 0.727415916844849 0
0.484871168359275 0.680036656871635 0
0.832545197235167 0.209960134254138 0
0.753652678968157 0.390855005771776 0
0.499129621879 0.672092984228938 0
0.517822886403579 0.655647824862649 0
0.663552011303208 0.515512182101067 0
0.39005532277894 0.737523627526481 0
0.171040726291871 0.826982053926986 0
0.353222289946585 0.755772247302307 0
0.112567911050199 0.847787090989723 0
0.630492165189462 0.559648158514783 0
0.28081912605343 0.79469525104132 0
0.816974183572284 0.276641414257613 0
0.737271289172618 0.409469846272404 0
0.431716458883216 0.71923951076197 0
0.545612702274181 0.639255983910389 0
0.418376854668941 0.727381688971142 0
0.224453617201193 0.817550709876092 0
0.589753393081256 0.602398865621874 0
0.328926601741252 0.776275025450379 0
0.494821462788956 0.680004291274248 0
0.717530881171708 0.446581410972758 0
0.245155204101579 0.808468089404437 0
0.510065624084352 0.671879882279402 0
0.700259380696117 0.477350493049713 0
0.153367527396542 0.840850860111116 0
0.649191294184044 0.547260781598513 0
0.680100645948281 0.506302214545589 0
0.439847790415293 0.719412417482623 0
0.20649393448377 0.826533908693305 0
0.425782097752379 0.729348537532089 0
0.300590834308053 0.794131294547742 0
0.826744822057564 0.247034704312736 0
0.378846814961447 0.759439170209557 0
0.506108472059619 0.680005970218242 0
0.61320191367537 0.593669638691128 0
0.538000619144522 0.656986524721635 0
0.520868393810374 0.671485640885119 0
0.34739102907783 0.77422430717552 0
0.0250222987806392 0.862695612914997 0
0.782988744478258 0.350029027041548 0
0.66141057957675 0.534548328186166 0
0.452333505789117 0.719633093042606 0
0.436719116586561 0.731135748054523 0
0.133846472245971 0.851409264453922 0
0.187755883896534 0.8338463259964 0
0.0550223023098762 0.865659761926053 0
0.585854805246958 0.623542127368681 0
0.721235308555978 0.468022612481927 0
0.738330481378013 0.434620649632719 0
0.319335551616087 0.793543098051391 0
0.268132256222917 0.810061057687816 0
0.516717938550125 0.680044767767331 0
0.698531446686506 0.496461472079948 0
0.56262404788118 0.641343507937623 0
0.0881717325310348 0.867821264937762 0
0.767128342092275 0.405153274532709 0
0.531569449838747 0.670790755249912 0
0.623653873014512 0.584667444117565 0
0.421799578263147 0.743214627246626 0
0.463461858651004 0.719785242345074 0
0.392922060521101 0.756778257778168 0
0.67835358432575 0.52574500223445 0
0.448434853654483 0.729561664341099 0
0.362286562406316 0.778923673211879 0
0.52761984225853 0.680122434139196 0
0.289288691004322 0.810141778507037 0
0.222579589263955 0.842253418549876 0
0.8666957588 0 0
0 0.8788251231892 0
0.605335993304683 0.615848692388479 0
0.647566874545405 0.576689658153411 0
0.2390034444854 0.82764089220404 0
0.847132423480443 0.175969455932335 0
0.337535924828938 0.792316646536877 0
0.459243403178847 0.728769387725298 0
0.737557406161096 0.456194557651829 0
0.542247709297564 0.67165018065125 0
0.474475382866056 0.719895490306511 0
0.821234677896906 0.346267947836693 0
0.562855352117442 0.657865530850896 0
0.762926786724371 0.424999065004799 0
0.720059401828004 0.486399138729793 0
0.881268381073104 0.0661980369702671 0
0.148501719639401 0.866914252785754 0
0.696034097917745 0.516548301676431 0
0.537601551199639 0.680227518250107 0
0.77903830368355 0.383454299058704 0
0.257877205511872 0.826425324336701 0
0.309123982258516 0.809905252032035 0
0.443656857417645 0.745662435130491 0
0.585309407165712 0.643582067820162 0
0.172690136050752 0.852887446249527 0
0.867821093325293 0.101870043243211 0
0.198588533320017 0.848617805457428 0
0.385496409729851 0.776586679661353 0
0.554871021085309 0.669499685019668 0
0.484562055804791 0.719961833615358 0
0.628103056864687 0.60633811435536 0
0.469807714672621 0.728265212165592 0
0.677250801113188 0.54442821518761 0
0.674844079273557 0.561749421165094 0
0.353093585688581 0.791882830171199 0
0.547923726903326 0.680370920853431 0
0.480076243011836 0.72834970169099 0
0.758152434177258 0.451920589422441 0
0.278097658678009 0.826944755532174 0
0.327869311223685 0.809711038014368 0
0.494529998229387 0.719995213192888 0
0.714805702378796 0.506848140232936 0
0.602235320386334 0.63817384515472 0
0.562591068134241 0.670333293471128 0
0.461621808305545 0.746483578690599 0
0.644001927799331 0.60121532719141 0
0.579609512263218 0.658503542887732 0
0.881426568371162 0.168667796878489 0
0.694282739432112 0.536794175830528 0
0.40681879331524 0.775210205649482 0
0.120264039961863 0.872998806327218 0
0.558867360024319 0.680562379674323 0
0.378090327670155 0.794889118042773 0
0.504809572358107 0.719996298546553 0
0.490139037950783 0.728279427005328 0
0.88314113809501 0.0297137852723099 0
0.298483693274976 0.826676406268173 0
0.245867075624538 0.844803645170052 0
0.571870980067525 0.670625148630104 0
0.749120463117547 0.477427221600252 0
0.346671960049929 0.809451559825891 0
0.623221227472183 0.629801676024433 0
0.734697901143216 0.497286775787506 0
0.779438806792355 0.438951308067178 0
0.658883229624471 0.589729154604551 0
0.425832367065716 0.770376683445692 0
0.500706467543921 0.728091580423569 0
0.187918825877646 0.867651448156819 0
0.51489828384784 0.719964455125503 0
0.713080195274824 0.526637480828444 0
0.571804459279223 0.680842750732524 0
0.481971579626097 0.746044333315024 0
0.859589787775253 0.275170584440287 0
0.267188751960894 0.844286114081861 0
0.317719996997104 0.826548410221837 0
0.834098942777597 0.310296787386736 0
0.397762108958264 0.792904305070402 0
0.582541243144206 0.673282326407815 0
0.646723225211795 0.616501058430576 0
0.691906852162603 0.558144457457041 0
0.506462058506284 0.727592325665873 0
0.887754206223021 0.130832520214302 0
0.5975219367737 0.660319622118802 0
0.874154886679289 0.207682872806245 0
0.209719174838506 0.866638081624265 0
0.364789358534501 0.804067128612296 0
0.840659252967066 0.370907249998338 0
0.524949052292973 0.719900156708515 0
0.140037126419405 0.895216748651568 0
0.450819575982133 0.768433774081936 0
0.580967495582751 0.681078036773589 0
0.677881115785157 0.579501054164966 0
0.287735783751421 0.844144184872717 0
0.733655806311372 0.516320550316048 0
0.335711647521046 0.826548002683784 0
0.592846102791098 0.670739022417793 0
0.798266862044037 0.41075586309424 0
0.232447963550733 0.863737117698723 0
0.659411483588843 0.608537717548026 0
0.517692132945036 0.728080493977476 0
0.53542177653827 0.719798225567652 0
0.710854391241538 0.546516781453988 0
0.418264134681302 0.792504672988593 0
0.503824444674552 0.74228088533817 0
0.16649843800105 0.881861438059935 0
0.590777430047336 0.681365153064036 0
0.391202360923846 0.812665385494241 0
0.307721919960408 0.843967436036468 0
0.255687195849316 0.862405185062474 0
0.528091689948686 0.72826917616294 0
0.0343463613466605 0.897102861916795 0
0.619787607728224 0.654845565775222 0
0.604502152076938 0.670378673755398 0
0.472106688566505 0.767062545915063 0
0.91458506718314 0.0990313069984894 0
0.782894755214143 0.466833564363844 0
0.351672235613994 0.828376558816623 0
0.547204466441079 0.719640229763499 0
0.754487122862633 0.503804837971834 0
0.0721994633464109 0.900258329786091 0
0.674558329585442 0.599967405403415 0
0.190686353863785 0.890379016452416 0
0.800993993135573 0.441788854528345 0
0.695467768197957 0.576108798659265 0
0.645081330513041 0.640966171509396 0
0.731046284902872 0.535951937258911 0
0.600362494393853 0.681682458710687 0
0.277502927814955 0.861676595888962 0
0.107220556659069 0.901881936062307 0
0.435512302521566 0.793758573232142 0
0.326473821711177 0.84392254522597 0
0.657681587266092 0.627584884813142 0
0.538629787868545 0.730259192904953 0
0.405860281538309 0.810071364060996 0
0.833736731989836 0.399443731027467 0
0.553942122858695 0.719528895412446 0
0.616302796091237 0.668659425480245 0
0.710303330139094 0.565774119799044 0
0.216471034415188 0.88830553823685 0
0.525131516255495 0.744208378102485 0
0.548053415647113 0.728339148068544 0
0.609723304711872 0.682029321930083 0
0.691687074864761 0.59329866640679 0
0.298130889973449 0.861343999731339 0
0.773876115220637 0.490828647336532 0
0.494841231543084 0.767006810074967 0
0.753863940424625 0.52558406882303 0
0.242081786401729 0.882530374874671 0
0.568126703290937 0.719243037548085 0
0.343939538804032 0.843872967448314 0
0.857873169108508 0.344484804373958 0
0.460553809666319 0.78797063749683 0
0.923354576074232 0.044251990217456 0
0.673103921578534 0.619324018073926 0
0.627346330446592 0.672958707159716 0
0.826180386043246 0.431325460305492 0
0.728150287768369 0.555665005317433 0
0.42774985871657 0.809842250387313 0
0.514589169059444 0.759255562830149 0
0.914704845629214 0.199334204210717 0
0.395725213204191 0.824836535575318 0
0.559129832493183 0.731715372785507 0
0.620847872949303 0.682492072494228 0
0.31766368090278 0.861221052662464 0
0.868609940890032 0.311866894342075 0
0.266139687742174 0.879611604720333 0
0.57674562239225 0.719034268435343 0
0.645863077005007 0.656546656980149 0
0 0.914934731932 0
0.709590914504043 0.585281730129426 0
0.546112018085163 0.743351306420343 0
0.361334650904696 0.843171691136913 0
0.689735721292639 0.611129059581657 0
0.573840536409923 0.730304219471994 0
0.747781829999752 0.545993790657245 0
0.47990905630792 0.789335436088965 0
0.726408737723653 0.57558641109704 0
0.288022633260198 0.878842073106022 0
0.632677164596202 0.683049187590438 0
0.586012997521627 0.718778994525669 0
0.921378014609945 0.15029558597568 0
0.336188983469659 0.861094671054889 0
0.451876070747756 0.811120626066661 0
0.671589810255185 0.638435355962096 0
0.417725700955291 0.826994695107095 0
0.855771540588359 0.419321111360405 0
0.901035806396402 0.24797416411844 0
0.227956219066745 0.905304954976809 0
0.817227216381901 0.461399086331149 0
0.133147053629767 0.931772604116015 0
0.166485907068022 0.909448521122604 0
0.389565809451662 0.844359681150798 0
0.639218586702337 0.670820473376399 0
0.662528010265867 0.656272132792232 0
0.533417729031932 0.764358308072582 0
0.582965980922464 0.729694748098929 0
0.707467573401151 0.603450051221116 0
0.0565498925375574 0.932954037192532 0
0.595921250786623 0.718469257747967 0
0.308365670688926 0.878579624404244 0
0.644280278626248 0.683666995957315 0
0.254534965150858 0.897953374702689 0
0.771175027399394 0.539671297260522 0
0.353143246013976 0.858904318304719 0
0.498231550795776 0.790819451602005 0
0.514819686830188 0.779019648519407 0
0.653181116316055 0.67015698896098 0
0.471972383226429 0.810596239193925 0
0.725364366087576 0.594711410405537 0
0.743885515827308 0.566054331454088 0
0.591558159940505 0.727445639618491 0
0.435279696293684 0.825826586052294 0
0.569636312954211 0.741958192604796 0
0.199007057898832 0.915919617453244 0
0.606253424454845 0.718103688266635 0
0.553282938306608 0.760600212519743 0
0.403694112660099 0.844680136496628 0
0.688226823869169 0.628265655697345 0
0.327814933093692 0.878275799947409 0
0.277428852379936 0.89636454912123 0
0.877708700312966 0.384442278806637 0
0.77974057713 0.516142180644866 0
0.225012520691637 0.929057790815682 0
0.705774181220761 0.621062884232766 0
0.601023767878853 0.727081276854426 0
0.760468976827534 0.557758415295707 0
0.802512363298851 0.491051174104628 0
0.616204365386979 0.717708073564925 0
0.743034493448172 0.585359954408005 0
0.902448756254552 0.293251593316864 0
0.298420720591568 0.896045782431268 0
0.0923246715892537 0.93399088354554 0
0.347244453775043 0.877871061307651 0
0.458827088436967 0.826132046177413 0
0.677442743559592 0.65626615784939 0
0.244958311233513 0.916057677015176 0
0.427632006933023 0.843921048709108 0
0.723782744506522 0.612653828574632 0
0.494183462812188 0.808660170266649 0
0.170190476019501 0.940039179217291 0
0.391721526512799 0.866468272188247 0
0.626618131792037 0.717245042761669 0
0.612206296270825 0.726568317018715 0
0.0257350514734713 0.932469386184388 0
0.953371969850636 0.0794468619122039 0
0.669019607902841 0.671287285212385 0
0.514683330940663 0.79983746827543 0
0.318187508007281 0.895675427693798 0
0.593115957057679 0.743727833112746 0
0.806599851067217 0.517988849236862 0
0.832374740173476 0.481550097895257 0
0.266161845227568 0.914719812576127 0
0.532428744949942 0.788468825741623 0
0.364037686869705 0.882328209038502 0
0.760795204049826 0.575777236891897 0
0.550810982646777 0.778767237368606 0
0.703319460418279 0.63809748284263 0
0.480820396362579 0.826971337895298 0
0.742004087708517 0.603646767942735 0
0.572615750622244 0.769459364668052 0
0.444593238850897 0.843891786875266 0
0.853430678854978 0.454983425696097 0
0.957459290412257 0.123296681590439 0
0.287896322736669 0.91353201316346 0
0.417149409110467 0.861385948535199 0
0.336462496450485 0.895270342099099 0
0.58887922220076 0.76134708529161 0
0.166096367523406 0.324416082782327 0
0 0.956212779268 0
0.39180909789511 0.880004840389924 0
0.721781736276243 0.62980934922186 0
0.6928631524995 0.654732796655879 0
0.778412198891292 0.561386861810274 0
0.308331865625721 0.913273037635108 0
0.760070705238977 0.594821732089313 0
0.354479177179934 0.896317017795473 0
0.894200965455261 0.339327310469842 0
0.47009639907445 0.844128457127357 0
0.499328772240246 0.827387770301538 0
0.950299791613119 0.276625585610677 0
0.250804954404161 0.93348297636375 0
0.686086192404284 0.67116323258236 0
0.740625842952984 0.62030992655998 0
0.435456033504269 0.861279312435805 0
0.625944818307746 0.73925255894206 0
0.514907596822836 0.819417777149638 0
0.532616592979715 0.809962076243579 0
0.67498812480655 0.685714210747576 0
0.406205909421581 0.878853591575315 0
0.54993816502423 0.800277789113976 0
0.203740579399916 0.94597024852937 0
0.326824098820636 0.912953315500428 0
0.275654805736717 0.9314940217608 0
0.830974213972741 0.507028928149654 0
0.572781316608607 0.790476989887095 0
0.37101693435791 0.893661539675695 0
0.778005474176248 0.58413369311974 0
0.586619557961238 0.780679402257188 0
0.657583242066021 0.715527173661875 0
0.946445483882659 0.2309410254807 0
0.147811199073749 0.968218605196961 0
0.758711909877854 0.613630083915163 0
0.492666324928651 0.842830117521835 0
0.458299688154854 0.861700156699327 0
0.688502932718242 0.686861394974866 0
0.604315232537782 0.76969733175837 0
0.932092306633 0.324488386871221 0
0.297814599981783 0.930665067485357 0
0.716437924651892 0.662338054313766 0
0.343540605015506 0.912542472777646 0
0.428069031918021 0.878502478240804 0
0.885914089119348 0.430098941121504 0
0.660923308662599 0.731094768770922 0
0.625410008016385 0.759381409360787 0
0.827240045572849 0.533621162728631 0
0.233619732555453 0.953390407049747 0
0.032172604466001 0.966400251461621 0
0.396246522566904 0.893377543087769 0
0.730627549848817 0.64210385798733 0
0.183482043252657 0.968937742527975 0
0.653232550664493 0.741704814912417 0
0.701339047684717 0.678148337051802 0
0.969509035506486 0.0426508326801364 0
0.796399406679213 0.570475568570312 0
0.0695620740450614 0.966921378499288 0
0.317649558481485 0.930612600304561 0
0.700972116711873 0.688103007336748 0
0.77666327825643 0.604953101413705 0
0.514075297025688 0.839538359658442 0
0.357983194025181 0.913654650079993 0
0.262906041061268 0.949146124250528 0
0.532363513572029 0.830121149125517 0
0.481503404347778 0.861210895768522 0
0.550889221123611 0.819210930959704 0
0.887857997158715 0.468823288720185 0
0.756919551047582 0.632063387210628 0
0.573221607558084 0.809686799825613 0
0.418181773524156 0.895761445085275 0
0.716491257473774 0.678363935019419 0
0.587986053645574 0.799928454947318 0
0.335710936320032 0.93034071791197 0
0.286903325913333 0.94805799507327 0
0.674516927874024 0.727564774078537 0
0.711151694476586 0.689289794593544 0
0.609006937132627 0.788035056564384 0
0.818012929308304 0.558444343599009 0
0.387438410937949 0.917297880181877 0
0.68513359146209 0.713443097033828 0
0.794612125297486 0.594932720571132 0
0.639692658459471 0.763508859568094 0
0.774920965614705 0.624300647187125 0
0.623454893540844 0.783626992383197 0
0.860684875606019 0.490881993469054 0
0.737465818653765 0.665994417083011 0
0.469562415384934 0.878757923440773 0
0.856816667757902 0.522214148619226 0
0.308172169650089 0.947902483430843 0
0.35148753831927 0.928683973035325 0
0.433995930396469 0.895850294570248 0
0.668889510073214 0.745166532377719 0
0.727938109710054 0.681803275534141 0
0.50759676905923 0.859442367732923 0
0.697958048418048 0.71221656503885 0
0.255218242769382 0.965749867080424 0
1 0 0
0 1 0
1 0.043022304819 0
0.721590016717519 0.690736195552516 0
0.759465025341791 0.648866967579497 0
0.407735765412661 0.912808154972463 0
0.918476891053816 0.409842918507453 0
0.812468343817947 0.584496124195463 0
1 0.0924619101 0
0.0396119646 1 0
0.655985022556616 0.758233885120446 0
0.531396624584569 0.850954826652533 0
0.077255046 1 0
0.327569055032177 0.947923390974209 0
0.550280680245444 0.840088847198565 0
0.691186738621401 0.727343068194033 0
0.793002496948855 0.616174295663194 0
0.277024044535171 0.965635862499938 0
0.573566304018007 0.830012759408748 0
0.378713571066244 0.92976825974754 0
0.683957546752065 0.741852063645584 0
0.709379891502613 0.710930151063338 0
0.587461412783434 0.819924228668634 0
0.491423140941074 0.87851210074631 0
0.774099604942779 0.641736305762321 0
0.459394232791304 0.89475492918882 0
0.73070856291359 0.692286772977819 0
0.607849207989517 0.810827332249801 0
0.704772935899456 0.72481332504558 0
0.213547595417872 0.973734473617077 0
0.745186750429793 0.682971131736564 0
0.427708913682483 0.91346168916127 0
0.1161385938 1 0
0.831520251335389 0.574326452159641 0
0.346450544487864 0.947238910278611 0
0.968605456922266 0.319715358176012 0
0.298156233649503 0.965273623226778 0
0.630035869217651 0.805700912024932 0
0.720380290927238 0.709444787235495 0
0.755879189698924 0.677035283818233 0
0.393256837996653 0.92910158494069 0
0.811553780018523 0.606658442148737 0
0.238961118268226 0.979039554839226 0
0.643275303591655 0.796110302995273 0
0.791638841852664 0.635444590215414 0
0.17368041546 1 0
0.479939975884565 0.89604589851328 0
0.318022851241199 0.965352810299099 0
0.717530987169588 0.722231939227236 0
0.730407420669594 0.707770884304405 0
0.655469218393823 0.786240540758741 0
0.741409396658376 0.694629532747665 0
0.362935364402284 0.952666404462701 0
0.771759469494377 0.656680268031862 0
0.26371496397099 0.982883054524793 0
0.700723800056564 0.740578358386712 0
0.848273102964537 0.551871688209672 0
0.530724904930243 0.870189774244637 0
0.550906663922616 0.859997572110298 0
0.680616303549335 0.761010304048281 0
0.41688837718692 0.930864483358447 0
0.668359750347573 0.774316613238998 0
0.83016560736548 0.596373975173388 0
0.572971947496122 0.851393028280064 0
0.753982085785591 0.689910382162988 0
0.740064042766354 0.705604759684205 0
0.729146549344487 0.720063495440367 0
0.587287702576783 0.839830223886717 0
0.336493405125872 0.96534090715677 0
0.286584152075834 0.982762128753897 0
0.809923710116746 0.627013025677277 0
0.608274871859739 0.828276771233756 0
0.390900403836869 0.950735841430371 0
0.501818681038321 0.896063631116769 0
0.7496318344 0.7010850173 0
0.788627171837526 0.65351169497334 0
0.469696798130841 0.913423914293044 0
0.764135219576555 0.682628957893794 0
0.619895258634979 0.819095105590643 0
0.224262757566 1 0
0.879303106815244 0.539307973434317 0
0.739224018051669 0.716788626834466 0
0.434719567781474 0.930910155754201 0
0.850164739943272 0.579897137067705 0
0.645253909942008 0.81143331198425 0
0.352477169810987 0.965691397323341 0
0.963790340678267 0.360113606371319 0
0.307547725004994 0.982833256015145 0
0.405498713111905 0.948270114370502 0
0.658381468420979 0.802685829058273 0
1 0.250314472 0
0.24966079213094 1 0
0.829048350340944 0.616764711843182 0
0.7274953283038 0.732315464539945 0
0.748251974275896 0.711661253446662 0
0.759841869959092 0.698914936974976 0
0.808156380553391 0.64632231358286 0
0.788878805207783 0.671501563215793 0
0.672363411838611 0.792002821618012 0
0.919431264081643 0.482919655499414 0
0.490635641475774 0.913513150440986 0
0.327027648474684 0.98293976217328 0
0.528594877058522 0.891793461837124 0
0.550138789210103 0.880180872135035 0
0.458026661856559 0.931020226047482 0
0.921850708532934 0.448880826488623 0
0.572500320320182 0.870424283755996 0
0.27224255186 1 0
0.871289583052379 0.565796625368499 0
0.586528748814302 0.860000946778336 0
0.687680268939885 0.780779710912388 0
0.427342957625623 0.947969877880477 0
0.606868409215677 0.849896186553234 0
0.847712984277068 0.606097375784011 0
0.344087123363742 0.983040569106296 0
0.628072681612786 0.840601381624362 0
0.29394786672 1 0
0.707395942645055 0.775309972721241 0
0.779149959138247 0.694842693593213 0
0.755579951435151 0.732374637674947 0
0.395577477135217 0.96342367859171 0
0.828001087676694 0.635845946529603 0
0.645696275784606 0.82765177206076 0
0.801306546427933 0.662341208537602 0
0.479961882292718 0.930716108411285 0
0.73167944332774 0.758433527092471 0
0.659160675130015 0.820223851262275 0
0.451140147934683 0.949150563508559 0
0.866391447968918 0.593564110571123 0
1 0.3511438795 0
0.31420227312 1 0
0.360468311424475 0.980425099978579 0
0.513652971468783 0.915978904461075 0
0.772125812701032 0.718158125850849 0
0.673843217893768 0.810547938065618 0
0.417721916662571 0.965232568531142 0
0.846578461106822 0.627470264778432 0
0.53200649624736 0.910031375187672 0
0.550130496790268 0.899082988468125 0
0.569182681281113 0.889102881061258 0
0.689116197338051 0.800564743048439 0
0.805825683973223 0.687063094545998 0
0.748062285461673 0.756632478228035 0
0.33420650112 1 0
0.586114326783563 0.880119571581307 0
0.908089451163022 0.533589676084375 0
0.498842682454731 0.930068418628007 0
0.392353618982216 0.982916004159401 0
0.605165089841553 0.870128315382771 0
0.469475252370905 0.947650524685597 0
0.8852475389956 0.582583416744194 0
0.705154361178965 0.792504831339235 0
0.628610331562935 0.863208438033235 0
0.833253412790306 0.665854530612355 0
0.43525690182752 0.963746694125462 0
0.960805372753428 0.434402920012843 0
0.865504784155693 0.616349951068644 0
0.642978650657974 0.843605561257839 0
0.35369008497 1 0
0.72159885203628 0.78660881420771 0
0.766464739891653 0.74071148152638 0
0.658377257862024 0.839143797967564 0
0.800055124063236 0.713546339672969 0
0.405861194256227 0.982180294845471 0
0.846033055174416 0.649007919658046 0
0.821608452094841 0.681102229825991 0
0.491633740725271 0.948497435357023 0
0.673760390612801 0.829922468398034 0
0.900303479259448 0.561311098022795 0
0.744581921627585 0.772789428109445 0
0.459118794059701 0.966255672285596 0
0.884917193094378 0.605014711160351 0
0.3707795241828 1 0
0.689660832325528 0.820200705090972 0
0.532195611648295 0.929145751566482 0
0.550872592630096 0.919107217232268 0
0.514379896380115 0.939630125213135 0
0.573008332534662 0.910403683873436 0
0.781943192938244 0.736778262219371 0
0.427579368884016 0.982344294753119 0
0.586290502689916 0.900115332514615 0
0.864809342838341 0.637805320969589 0
0.706128639165897 0.81107459521871 0
0.606234715319809 0.890163074225072 0
0.47391244841971 0.964337616778194 0
0.815911462486709 0.709304215382724 0
0.76245031040414 0.767245717099976 0
1 0.456043411045 0
0.39630987266762 1 0
0.850310377362469 0.670312448137836 0
0.642481334856759 0.869824639080776 0
0.955081468410295 0.473718736943384 0
0.723323749505296 0.802493038725839 0
0.90443491779753 0.589742332459943 0
0.656240687431135 0.859023338703344 0
0.446296472989492 0.980292207322079 0
0.884221537098579 0.62644766102043 0
0.741290625306685 0.792498027355029 0
0.673218280586077 0.8500394982126 0
0.831240957606638 0.700312673826735 0
0.811020067004364 0.722268039278036 0
0.418791719 1 0
0.849236392131815 0.691438423915807 0
0.865678146959215 0.65871308229561 0
0.689923942321859 0.840344214159595 0
0.931617640733527 0.550443486178885 0
0.759413246907851 0.784652220711931 0
0.470394977549722 0.980882403696946 0
0.55014493609828 0.939609373016648 0
0.532489084810162 0.950741385939957 0
0.572678359034917 0.931559809445775 0
0.780760773551608 0.760173687400411 0
0.706575995745307 0.830696209525692 0
0.512690383032865 0.96082458119809 0
0.905039219810532 0.61361144612712 0
0.586509306662099 0.920289745741614 0
0.605416009172197 0.910851375520043 0
0.434189819 1 0
0.884393863761074 0.647899707123822 0
0.723422144732602 0.821108939500092 0
0.493157104200165 0.977691401756841 0
0.643660681265729 0.894800725704954 0
0.777049180111973 0.777529435563648 0
0.656612074893782 0.880581590510343 0
0.828686447469214 0.721803670529229 0
0.936243895184656 0.513575457284561 0
0.950803183153923 0.577681390715207 0
0.740844167770383 0.811433553165659 0
0.86602009530608 0.680322681062561 0
0.927463276582249 0.599725776918353 0
0.673197154151011 0.870240543908029 0
0.813551520401976 0.753297216676756 0
0.460585629356596 1 0
0.904234309219453 0.636609143371249 0
0.690584230082197 0.860838379178561 0
0.758515993262649 0.802600917174939 0
0.846596011117862 0.711327715658211 0
0.707491603510567 0.851104919108541 0
0.884060502218981 0.669259151755669 0
0.550673126418016 0.96080666552534 0
0.57315890131309 0.951037976774417 0
0.776409367339294 0.794651379881307 0
0.586496308424849 0.940096749682533 0
0.515474541903724 0.981976893270738 0
0.605064236792039 0.932049592121662 0
0.724098872820575 0.841135937263179 0
0.532364884885339 0.970055734405497 0
0.48140206495 1 0
0.829521106902637 0.742253580266831 0
0.925368564998316 0.624667105475326 0
0.865578768339424 0.701264033949531 0
0.643487827011039 0.911894560317774 0
0.794105423580015 0.786130953414521 0
0.741092462116904 0.831310561206434 0
0.658248131145747 0.90074980993899 0
0.90357015354241 0.658822230518585 0
0.673687689082926 0.89023980954697 0
0.845913905329045 0.731263409726809 0
0.758675300546241 0.822155946654401 0
0.691776881271878 0.881067586805899 0
0.810967605608525 0.773321830493716 0
0.883217642632402 0.690630562157377 0
0.501261898561495 1 0
0.949411082008475 0.613125978018322 0
0.709910233949717 0.872215167535198 0
0.776466454807399 0.813863302025483 0
0.924537831783802 0.649154741198093 0
0.828902971510755 0.762560896908958 0
0.86422811512944 0.721304633114795 0
0.726428793514317 0.862579917321188 0
0.551264139877527 0.980929627551614 0
0.586829349428669 0.95983333453125 0
0.568601700359293 0.97491131284745 0
0.604833263287215 0.948820221994941 0
0.902652034004086 0.679782603842491 0
0.616418462011181 0.940766714680568 0
0.793911986735512 0.804542532319654 0
0.962097931886794 0.542604709619821 0
0.645996889040163 0.930717661678105 0
0.742119221672426 0.851982044663945 0
0.519559117413601 1 0
0.658811621422305 0.919798704421091 0
0.845984793166094 0.75170882706166 0
0.943897598749277 0.637981938598979 0
0.883383518181433 0.711527883100278 0
0.674123582638067 0.909924860216188 0
0.811205887030695 0.793786983659701 0
0.759072337065267 0.842346357809455 0
0.925021907511206 0.671815474326635 0
0.691734051145248 0.900470402658867 0
0.776968785554566 0.834958445560087 0
0.863665458839457 0.741307293872574 0
0.711360437666639 0.892379095224024 0
0.54012243921181 1 0
0.974771662710653 0.600028993177555 0
0.828382914998197 0.782854239611215 0
0.902264909160599 0.701066457884355 0
0.730469802606422 0.884287648950438 0
0.794184971438023 0.825214454208921 0
0.58674321860385 0.979176139918053 0
0.947770445227706 0.662223322777886 0
0.604546879627417 0.970157960282988 0
0.623113522069884 0.953214264975131 0
0.747771446838935 0.874897842254455 0
0.883269586057416 0.731739492999324 0
0.84601293570137 0.772476568307194 0
0.64637773682775 0.948461518293606 0
0.920203860758127 0.690804085187746 0
0.659807607584136 0.938940443595983 0
0.811596515964637 0.814896971396633 0
0.760006972170477 0.862650039705533 0
0.566336027022222 1 0
0.674234601099764 0.929335377876019 0
0.863485660494396 0.761977728192411 0
0.691315375057485 0.919799583718005 0
0.903998470187413 0.72203043547664 0
0.777134881057808 0.857606691845399 0
0.82855716708527 0.803895282813937 0
0.711556595929368 0.911994482889612 0
0.945605040448733 0.691615351822772 0
0.73252845288461 0.905152952088374 0
0.79513486203721 0.847838585600507 0
0.881845979317746 0.751743635903231 0
0.584489531935422 1 0
0.846165436413253 0.793613009626769 0
0.923987413520567 0.710188463228139 0
0.754701199293745 0.897374619453925 0
0.625434624138678 0.97983894903717 0
0.812399733991911 0.837215771214092 0
0.660627840546957 0.957354966432581 0
0.647617537569243 0.965508431761693 0
0.864461834316679 0.783336085806344 0
0.903737024092997 0.743157751257776 0
0.674803786440106 0.948752763157599 0
0.830225279191581 0.826306450871119 0
0.690427927989873 0.939465470828845 0
0.772781405888988 0.883135883770373 0
0.60542414516466 1 0
0.709347504672306 0.930775794858858 0
0.883086583505269 0.773156300711459 0
0.794842485173162 0.871147647759793 0
0.925464418675816 0.734480264605853 0
0.969804832019135 0.677245720614067 0
0.847833379649473 0.816434678248422 0
0.731085928820626 0.925482153585474 0
0.75405100448376 0.920104079296249 0
0.815320369613935 0.861801870653447 0
0.899379037387882 0.761578866040991 0
0.866414760758575 0.805405896590351 0
0.944296078119609 0.718471835271565 0
0.66082760375412 0.974018049720194 0
0.831140623779128 0.848171476317422 0
0.690337614295834 0.959307129808929 0
0.886071545697716 0.795142495028564 0
0.923317522867993 0.760463507475695 0
0.707287174826081 0.949643524854101 0
0.849834929150176 0.842014746192351 0
0.6759361944402 0.968037801004979 0
0.795284688829813 0.89317846211214 0
0.724919487801548 0.942430326373597 0
0.649836520515 1 0
0.904888572187329 0.781254199786244 0
0.818668721429257 0.886762656224412 0
0.86806106610787 0.830047062807349 0
0.970792521417751 0.711194085702343 0
0.845679028794207 0.871155219672401 0
0.888707946468978 0.819474680532529 0
0.782420010075266 0.913029265462399 0
0.66725188701084 1 0
0.693703064396883 0.980897088487489 0
0.706627785854196 0.966795951648711 0
0.90817772163897 0.807921629247485 0
0.726667235128535 0.96061015628001 0
0.870590302769502 0.85982922791827 0
0.748093606011124 0.945822548272705 0
0.773870136047391 0.935367406701407 0
0.92649537661887 0.78978735380932 0
0.88874456991633 0.843396504493141 0
0.686069708436 1 0
0.94538777455649 0.773686734957967 0
0.911956304746368 0.838608872920224 0
0.951293462076692 0.744475862740517 0
0.813527068586442 0.91205553864311 0
0.744886190644671 0.974375424178233 0
0.7068027119706 1 0
0.929056094955199 0.817605691050456 0
0.773996006266574 0.958044426735982 0
0.84685056116772 0.901697181457267 0
0.973172031773143 0.775758539352863 0
0.807197391466075 0.942560708204382 0
0.875779029209245 0.889808846028471 0
0.727131389166 1 0
0.838055645071187 0.926438841706361 0
0.772287986574476 0.982444344372189 0
0.897219860792106 0.869300978341091 0
0.796187407304052 0.97121318343336 0
0.7505655110406 1 0
0.952934842730947 0.80636872811501 0
0.943988478392087 0.845587021226307 0
0.773626677066 1 0
0.877098955915262 0.923773466967337 0
0.828808817491922 0.974778913106152 0
0.79877104326 1 0
0.912165387744025 0.902860116875557 0
0.848466935644969 0.949641909598805 0
0.979734292501415 0.811428420527002 0
0.969945647815239 0.836497473980612 0
0.973632186967598 0.868695316424844 0
1 0.7590301000525 0
0.946153450845791 0.886764067744188 0
0.918097905490042 0.939000988950864 0
0.864685134217071 0.976118763289365 0
0.86270499126 1 0
0.886855277681068 0.959210399300202 0
0.952813662396111 0.926465560512461 0
1 0.8990591608 0
0.894767587866 1 0
0.919450913995659 0.971432653106885 0
0.959998711540592 0.965109587626894 0
1 0.946397359 0
0.934705037008 1 0
0.964734375566801 1 0
1 1 0
0.379352631442425 0.346190666864514 0
0.366242940521475 0.346372276380427 0
0.372172331582555 0.266046845198505 0
0.38458894912543 0.272713865999277 0
0.359807438947605 0.239661443492199 0
0.507901157850923 0.675890257153985 0
0.513105310453789 0.675857554312543 0
0.497209719474862 0.724139784208114 0
0.550741920533885 0.674815412723255 0
0.456398405999605 0.724215496179093 0
0.468620909705913 0.675935076290729 0
0.541645154147009 0.724351368936087 0
0.536666092654861 0.724545565381549 0
0.4883725502515 0.676078254432261 0
0.521011259211126 0.724105190404442 0
0.515914836285385 0.724067939609265 0
0.528962400018626 0.675538745633378 0
0.534056792072228 0.67555142292515 0
0.477559582648054 0.724054309072884 0
0.562994607042394 0.725286297422553 0
0.502569445028266 0.676014375366271 0
0.545433159132943 0.675394183048913 0
0.472220225719992 0.723998388366326 0
0.46694242669586 0.724073626581229 0
0.458515818912745 0.676204826243205 0
0.463616945480434 0.676093752208185 0
0.450559989015299 0.724373755172274 0
0.444103670093311 0.72463667198619 0
0.478366173942083 0.67590453277676 0
0.483410018084146 0.675919479459809 0
0.531423657275351 0.724173158814765 0
0.523723340259309 0.675748651907724 0
0.492202000182731 0.724172263729575 0
0.487357593447771 0.724247282858042 0
0.539880754173436 0.662156442548758 0
0.465545123999532 0.737022466584083 0
0.460320947513894 0.737511027731823 0
0.485956062556181 0.736635042437274 0
0.4807904500528 0.736797048541296 0
0.514319639521923 0.663867054086232 0
0.519672319132764 0.663468288603001 0
0.423830581151308 0.735784714186121 0
0.559229295491623 0.664351611215839 0
0.443061470259278 0.739976713908382 0
0.439745891637303 0.73596590763336 0
0.413712187958019 0.736195207316714 0
0.588350072705483 0.65965265908704 0
0.526554428758595 0.736320291676604 0
0.521592150542764 0.736051054277813 0
0.4727941124283 0.663895824586259 0
0.478017712385622 0.663912843841002 0
0.506173895787615 0.736372873581027 0
0.501446266681973 0.736534711257778 0
0.493729569204212 0.663872633578024 0
0.498516916750915 0.663829133644514 0
0.422319236596125 0.664769093426095 0
0.451462228869052 0.664354089840159 0
0.456964946737825 0.6641525925333 0
0.546534801081892 0.735610904980433 0
0.541306860508625 0.735230151347183 0
0.569183715611053 0.735717154045319 0
0.563029957361258 0.738317608283324 0
0.43094324643717 0.663433835168892 0
0.588603404094575 0.736555578705826 0
0.487365218762461 0.672057936313099 0
0.488398419286348 0.664333982815347 0
0.474942789504742 0.728249057594856 0
0.475716551323297 0.736937467679366 0
0.504650171178806 0.671971363405481 0
0.503875898368461 0.664248737431532 0
0.495345806380614 0.728211070838873 0
0.496176830367618 0.736218998592658 0
0.466600421216021 0.671963211390494 0
0.467569819101779 0.663944198619083 0
0.432675888221397 0.737192494136629 0
0.445452454104844 0.663779367232699 0
0.454518771688294 0.739783963887556 0
0.533310925814665 0.728612493755347 0
0.53135390249797 0.736725729204693 0
0.567032197996802 0.664523871780185 0
0.512261568657927 0.727989510286835 0
0.511411388434985 0.735740594793668 0
0.526206352443841 0.671120871301215 0
0.525067944318692 0.661756679850327 0
0.552683667107893 0.735405255244955 0
0.413771462037691 0.664326795912242 0
0.545767360911653 0.663332532053286 0
0.575758402197286 0.736521235260995 0
0.527706265081142 0.656903290636517 0
0.429806154058682 0.742995152433148 0
0.536545771194723 0.742598063857829 0
0.492496905235306 0.745477703640352 0
0.549165527578713 0.658644410814052 0
0.471601166232403 0.746410636042162 0
0.558331997633198 0.743174708193396 0
0.450550802324085 0.74527681736231 0
0.41031066089872 0.654906665146943 0
0.50750625863327 0.655921780463497 0
0.463267821209978 0.655722313417884 0
0.515172874131404 0.74375256256743 0
0.57127867991368 0.658679333282642 0
0.484639796421952 0.655929875949828 0
0.254990698912705 0.734700094488965 0
0.2329351013943 0.687274292709725 0
0.224974963083032 0.694463203734211 0
0.777577771123848 0.70731117115208 0
0.27947041624503 0.737915543561686 0
0.281186110552248 0.749539158726165 0
0.787093384274982 0.716441701339475 0
0.200725146762594 0.692744431225345 0
0.522178790038129 0.647141874807047 0
0.532080649374937 0.647616214542065 0
0.501026059496507 0.647375492683933 0
0.511848999319236 0.647074621323569 0
0.498924538157064 0.754303873211655 0
0.488246527741918 0.75608516170772 0
0.519825423830591 0.751951561460375 0
0.509291194026848 0.752053382133996 0
0.539026417836977 0.752664370698987 0
0.530208228712091 0.752568997802243 0
0.458646666435548 0.646887563719565 0
0.4696664485539 0.646638393909751 0
0.477387044757523 0.756463242555982 0
0.466829555523795 0.756598634209644 0
0.480477057863426 0.646963291225033 0
0.491450669164684 0.647417865392652 0
0.422369813200223 0.991095841166232 0
0.431716497090687 0.991183867359809 0
0.42689909 1 1
0.412640442734458 0.990830459392748 0
0.417306876221981 0.982288046268667 0
0.436550889739638 0.982197301293797 0
0.439061700877896 0.989263520378311 0
0.408622025 1 1
0.432355174507717 0.973427548776886 0
0.441020501541658 0.975387866843322 0
0.422496051569249 0.973752434986087 0
0.427330177573225 0.964933348995101 0
0.449780384957714 0.967015558798454 0
0.453443364472115 0.976921425885435 0
0.411980508639092 0.973767247234328 0
0.465351518160456 0.974012142128188 0
0.45815772654215 0.980971534269362 0
0.407223982546872 0.965053693809188 0
0.467852246687784 0.964962639016021 0
0.474576122365268 0.972464975996907 0
0.412609890931445 0.956580526390769 0
0.461979622301926 0.956378817968547 0
0.472522145558397 0.955438961871589 0
0.45531898932212 0.95490464238231 0
0.457830354028908 0.949125918384357 0
0.439607515545304 0.95643013971924 0
0.431560701093277 0.956183902202767 0
0.436283190496802 0.948503797463922 0
0.422238891517493 0.956501382724059 0
0.431636929155374 0.939625236877881 0
0.43937422191414 0.942045407018702 0
0.416800598858765 0.947967185983543 0
0.421905213016599 0.939566572791773 0
0.426968258279273 0.930833455800529 0
0.410883788098663 0.939515376657849 0
0.422449238899144 0.922250467677831 0
0.432164898999966 0.922180086146475 0
0.405284728117569 0.930523371279541 0
0.411854443794835 0.922079707553139 0
0.418001510412788 0.913402505088421 0
0.436289888212213 0.913352521004976 0
0.439907303837647 0.91987554723755 0
0.431707093888828 0.904756281222343 0
0.439613008217599 0.906200265873645 0
0.422703509393777 0.904696099685131 0
0.427117174917697 0.895836170478598 0
0.447856240773954 0.897401090938625 0
0.452444470376132 0.902915861257226 0
0.413139667175952 0.904319204259057 0
0.422900126148051 0.887075326248683 0
0.432047451111689 0.887118393906306 0
0.440379139122062 0.886726764754024 0
0.40821043980376 0.895154498363643 0
0.413076677265206 0.886928179633958 0
0.417863570798289 0.87844508974203 0
0.436959876382228 0.879061196890554 0
0.451289862038151 0.929512858035997 0
0.451193143731066 0.941499173282095 0
0.452976063516548 0.923556059354687 0
0.463671995489781 0.939625799438897 0
0.458627641970717 0.913548163222841 0
0.464341025314702 0.922242819466461 0
0.469470699919629 0.930845808532857 0
0.474766345137578 0.939250110766498 0
0.464448036676722 0.904451867582527 0
0.474891067394157 0.922084632291415 0
0.485333267497981 0.939426568335897 0
0.479964684475887 0.947799819028246 0
0.480132150275488 0.913416913565133 0
0.48511558440745 0.922030597842301 0
0.489904729112486 0.930583495013784 0
0.49580032641607 0.938482934518308 0
0.475051267687588 0.904806335859102 0
0.485392497102332 0.90477331028975 0
0.495414690205058 0.922127789722959 0
0.470225201207519 0.896651531152459 0
0.501860701298112 0.914097865965915 0
0.505655402680401 0.923899937887015 0
0.461707394549585 0.885912433070915 0
0.473808550276646 0.887707899914556 0
0.496387181136304 0.904975798767582 0
0.508022673869746 0.905258295080614 0
0.458969028433241 0.880818041217831 0
0.48030671220338 0.878736378300291 0
0.485171264205376 0.887352556449971 0
0.490737336323775 0.896067223635716 0
0.450849524546128 0.871339617123952 0
0.46407290331398 0.870337960010383 0
0.475521546059041 0.869992566391781 0
0.486886072534928 0.86979377248124 0
0.442175182794487 0.872289043404956 0
0.446361268816984 0.861989879484772 0
0.470051375990278 0.861446405051316 0
0.433152742294343 0.87021961180437 0
0.46438673673761 0.852792608947686 0
0.475811813900249 0.852685423517291 0
0.422875830946323 0.869923276717609 0
0.427416376663632 0.861259938803608 0
0.45249166752071 0.851468030582782 0
0.45840245869357 0.843892968499088 0
0.481179752443854 0.843893373114501 0
0.487418975489665 0.852317540480209 0
0.412181948288997 0.870226545993037 0
0.440240446210204 0.850150038771006 0
0.475261364477251 0.835510860182674 0
0.485332151318157 0.834394044652051 0
0.431379649361071 0.852415690368171 0
0.435817117098592 0.843799634447313 0
0.464591973821356 0.835288779304275 0
0.470115173724813 0.826831825833478 0
0.490994417248476 0.825960455758811 0
0.49511293295892 0.83434377353924 0
0.422096999429581 0.852676379231953 0
0.45310590544568 0.835148118031292 0
0.485770239924522 0.817321188902126 0
0.49689555283367 0.818977238263684 0
0.410431180979919 0.853093380402777 0
0.416604166460795 0.844196986832937 0
0.441253896656888 0.83740924088 0
0.445955087399609 0.824617238420583 0
0.473808678682187 0.819022413189239 0
0.482620999977117 0.808511346675579 0
0.405036005102595 0.862409209316212 0
0.432661007551083 0.835198318219474 0
0.462617346826387 0.817476651070829 0
0.456437650401267 0.820601830724447 0
0.458873421137928 0.808386029019059 0
0.440399781297388 0.818544538419459 0
0.431984709203381 0.817921088901505 0
0.437154542080982 0.810326551260727 0
0.426992034056425 0.826721608060735 0
0.422611024361326 0.818173315495714 0
0.432657970099077 0.802203494495278 0
0.441357775306267 0.80317795268927 0
0.422374579321809 0.835618186769004 0
0.42256190982667 0.801719556391926 0
0.428009683092548 0.794876160773334 0
0.411552025527661 0.835784244003014 0
0.417094020547955 0.809809543564766 0
0.412149897984325 0.801353080982897 0
0.407206083382959 0.826816183109796 0
0.41240451076897 0.8183273699065 0
0.407713209564702 0.792764724517728 0
0.596261026296142 0.24576000615265 0
0.596235970533672 0.255796472320558 0
0.586779702093413 0.250724809918427 0
0.596802679818491 0.266432065474091 0
0.580466873014446 0.25863562649972 0
0.578474102314739 0.243324503569688 0
0.588789518902095 0.271150199531825 0
0.572238350855483 0.264168237467466 0
0.564464348858041 0.260674428938412 0
0.574365758254708 0.273573655863115 0
0.578302636546023 0.282459040146964 0
0.55965689721086 0.282771456638755 0
0.586013098185322 0.290460355259772 0
0.57633841813444 0.297574130677932 0
0.588472722308016 0.309683235867064 0
0.596336940791132 0.32467232799379 0
0.588537248470218 0.330215748414932 0
0.596744623880399 0.35506144754809 0
0.58831528165813 0.350068000122725 0
0.596190358841207 0.365175587676589 0
0.595710212986439 0.374929858483519 0
0.587305173918391 0.36955906697841 0
0.595184942207031 0.384951586721602 0
0.594747836677466 0.395084751194025 0
0.587216740162459 0.389056740292127 0
0.594468381106112 0.404999661129977 0
0.594665977829807 0.44565750388763 0
0.594972124607963 0.435547620177371 0
0.595723903073437 0.455696077654048 0
0.586208246425507 0.451493113378875 0
0.596618696346437 0.466156935665848 0
0.597060103680986 0.475922878701772 0
0.587442229730979 0.470981248722291 0
0.595756156633868 0.485378442716682 0
0.579622458423866 0.47576729449751 0
0.578715135230273 0.467272876098451 0
0.57925606299594 0.485213859913683 0
0.573449674673701 0.478936841853753 0
0.587177150040015 0.490288731598743 0
0.57885841613033 0.49514704724645 0
0.59552918337232 0.495412237453405 0
0.57907332812198 0.505353694621513 0
0.572833864525057 0.500226639139157 0
0.58687298310426 0.510032598456261 0
0.579422790746882 0.515523757201062 0
0.561003475406662 0.503033528160146 0
0.559768998931037 0.49618830630892 0
0.596306856790653 0.505030427855153 0
0.595173582667531 0.513643719007875 0
0.562136504700179 0.515238535396538 0
0.550773419482687 0.509650748548491 0
0.570228417971341 0.519168308725683 0
0.563128963678417 0.524021069308825 0
0.577792761663322 0.524916614673043 0
0.562490334595373 0.535371225937654 0
0.550953099261191 0.530317707483221 0
0.5699930675419 0.539357876805911 0
0.563406498468532 0.544950368745069 0
0.54115765873712 0.535516073673135 0
0.541024131905655 0.525053096903134 0
0.578399903223823 0.535583393396589 0
0.577436361617005 0.543888349896309 0
0.541263555695331 0.544702082383098 0
0.532004855735426 0.539865719746131 0
0.585293090468689 0.530726468709606 0
0.550577441152525 0.54944296231266 0
0.542106891158473 0.554996655858031 0
0.559898802100834 0.554623140082522 0
0.541329219609249 0.565551409089893 0
0.532627906369847 0.559342192632099 0
0.551650745480514 0.57064871615933 0
0.543665077730684 0.575374525559471 0
0.523713998946737 0.564893566332646 0
0.523574060072434 0.554924539027616 0
0.562242430345388 0.565471935713307 0
0.556275723062365 0.5735020113206 0
0.523693200061531 0.574990490901708 0
0.515034024977184 0.569999458516995 0
0.567416353301501 0.561558587504043 0
0.532739946131407 0.579767459055575 0
0.523822305792563 0.585353577224293 0
0.541462100537655 0.584829320516266 0
0.524017709241812 0.596390354867082 0
0.515110687659783 0.590611483498628 0
0.533081868464068 0.602556227534884 0
0.524420711825917 0.607762314377524 0
0.506246657040283 0.595793635287283 0
0.506342695242448 0.585335045335893 0
0.541578898626448 0.596098691216606 0
0.542546589697536 0.607881631109398 0
0.506802760201754 0.605771485832638 0
0.497707000769721 0.601722923973604 0
0.550662330793529 0.590030337714661 0
0.514258213778801 0.611371913307343 0
0.508290852171832 0.61795537586647 0
0.523683968053629 0.618389669290166 0
0.509733692625224 0.628746741956553 0
0.501105692799274 0.627794118140102 0
0.520655596942526 0.62846322859065 0
0.516628365876264 0.637885089300335 0
0.717918721040808 0.646633800714271 0
0.638129557848112 0.474340403113049 0
0.633429198449523 0.545240338950055 0
0.596703327958194 0.608966370586798 0
0.599759034612428 0.598330352983741 0
0.601145303874467 0.58839484054454 0
0.601692271428781 0.57786361001863 0
0.594995165684619 0.619634621121315 0
0.586948823448916 0.612744000209797 0
0.591500775129051 0.592612255363566 0
0.603266635880079 0.626993821549219 0
0.593352617331163 0.630494035073285 0
0.582462629474548 0.596238475357398 0
0.584721778917341 0.587092382722874 0
0.584356613134459 0.634351305476635 0
0.581572714046222 0.604919504272735 0
0.574577576192749 0.600410910978259 0
0.600510758655107 0.649387853697332 0
0.591131932981847 0.650918522621886 0
0.574687142980905 0.651323151460077 0
0.577122711547411 0.642496309393887 0
0.563224332184481 0.649622421863468 0
0.55293499412124 0.649036850603705 0
0.555055257652747 0.643219881044521 0
0.574722906527393 0.634056081738729 0
0.54291833402691 0.647575505652763 0
0.535906837424104 0.6379679575201 0
0.552859844332933 0.632602187605727 0
0.559795939646171 0.633551619866544 0
0.529553878104847 0.628109248974642 0
0.540415646710844 0.627931101432579 0
0.546275916978212 0.620186687127346 0
0.569995026163533 0.627447856597984 0
0.57908734817702 0.618451510074167 0
0.562327687175547 0.606418354105386 0
0.562274876801298 0.594185290471267 0
0.564803163479057 0.620223462377616 0
0.552999194533512 0.612022913490354 0
0.635723289143062 0.988249104315426 0
0.615921438963914 0.986380896621945 0
0.604326623376539 0.981590305462414 0
0.595070121693928 0.925658878497469 0
0.595044797953728 0.915429520918364 0
0.595024210279292 0.935383025925379 0
0.586587313454733 0.930178193642685 0
0.586619321559959 0.91020816102389 0
0.595460481106255 0.905300977464514 0
0.595011410151138 0.945039875655388 0
0.578781361404644 0.915336198870674 0
0.578895185730576 0.905172511197918 0
0.57898695148347 0.92556466394107 0
0.573058011042052 0.920438965624554 0
0.579504260260648 0.935185438887854 0
0.556955202090995 0.927163227630321 0
0.561836107309291 0.916118721091811 0
0.560112947589996 0.932812853477366 0
0.550522844776755 0.929313949202561 0
0.551778684572085 0.9097790436632 0
0.560938441433084 0.90383814299572 0
0.57297064740391 0.938797102239553 0
0.560635003523087 0.944731392582441 0
0.541266314988446 0.914614279747976 0
0.539981077465827 0.906323827411341 0
0.579040177671252 0.944913407767344 0
0.531192802838622 0.902418236039615 0
0.53935572264372 0.89698672677907 0
0.587138425584898 0.949842613657581 0
0.579704851220425 0.954626830577747 0
0.522774026183247 0.913104184622191 0
0.51964509794432 0.904294291866515 0
0.595599692957697 0.954725749557601 0
0.578786164488051 0.964234634588716 0
0.568998880675112 0.962712020737542 0
0.595058978094412 0.964977990114236 0
0.586258268202069 0.969588210042662 0
0.578179599651167 0.974362732443197 0
0.594935204369057 0.974828626384182 0
0.598071305099345 0.991352535146745 0
0.597194860970202 0.824730305891557 0
0.596920222591025 0.814910246019328 0
0.59714563681467 0.834436314499555 0
0.587504067172136 0.829869419861037 0
0.59658795560706 0.844677961711797 0
0.597076255756165 0.804992846330647 0
0.597251593359598 0.794638105506276 0
0.587759775334559 0.809868480730654 0
0.587529839039921 0.79012797658619 0
0.596285937281239 0.785194417576283 0
0.57970085738324 0.814913577597197 0
0.57996389336358 0.805009150100486 0
0.579905093747196 0.794992236424679 0
0.578570492628054 0.78516109918161 0
0.595112758007575 0.775658967365881 0
0.579830866311502 0.824993435454325 0
0.573093266711706 0.81984015875071 0
0.574367265059941 0.800041836196528 0
0.57958651859338 0.835091707508875 0
0.561336641273415 0.823722645811069 0
0.559814295266908 0.81365240379468 0
0.579316409940137 0.845210749813279 0
0.573378375057878 0.840197469133865 0
0.560632913286754 0.834791887670383 0
0.550334723300452 0.829641947326064 0
0.587454788301696 0.849858817141478 0
0.578854055410774 0.855212001034161 0
0.560807155797458 0.845183673233723 0
0.596191599942616 0.854947666748374 0
0.562127722868923 0.855573945983507 0
0.550586774843567 0.850136108842658 0
0.595331626568432 0.865007362784132 0
0.569939077332267 0.858972358620884 0
0.56319928881488 0.86481493447829 0
0.595109024976337 0.875060370866306 0
0.586201993948037 0.869925726142794 0
0.578315275005323 0.864759651350161 0
0.595194403649405 0.885203646222101 0
0.578508740514591 0.875373228790617 0
0.578694080662184 0.885502910182331 0
0.572480573428446 0.881598721782915 0
0.586359276206837 0.890143195380483 0
0.577961791077151 0.89475361285004 0
0.595725856371078 0.895196009535038 0
0.573106596553241 0.900431675118893 0
0.562935843013152 0.896332776543176 0
0.553458973123922 0.890624434688277 0
0.561646198613911 0.885414065875126 0
0.538945954979169 0.886023876518162 0
0.562719337070064 0.87560572355239 0
0.529630220213165 0.880994786871487 0
0.540094052748019 0.875440636921498 0
0.551996615281032 0.870702083104468 0
0.518789236251648 0.885650548578866 0
0.520664438179101 0.875272517669001 0
0.540763024071021 0.864816853339866 0
0.510230074697176 0.870769393177508 0
0.520499674660633 0.865234672780089 0
0.530928725893589 0.859689477387108 0
0.541437239371697 0.855104029510677 0
0.502597558622215 0.879981631302386 0
0.498618328521225 0.869927526643186 0
0.520842066768367 0.855201007040791 0
0.511458115148972 0.849652785758438 0
0.522344467237528 0.845305639437941 0
0.499482306593373 0.851931488533356 0
0.504011847460169 0.842800389210734 0
0.523471319569234 0.835124275868176 0
0.531999751483045 0.840503524583985 0
0.515144229602579 0.829482357681937 0
0.523764145378709 0.824904292636843 0
0.54105627617902 0.83520009384927 0
0.540681080833789 0.845624147472834 0
0.506048062927965 0.833350456203755 0
0.506647796437626 0.823582923626231 0
0.505215068404298 0.813969509220337 0
0.541244986906965 0.824762192879074 0
0.532500009376977 0.819922072687935 0
0.542212531260685 0.815405103153989 0
0.523671719346492 0.814860440610625 0
0.514467270388918 0.809657198185986 0
0.523602088867182 0.80486643308815 0
0.505034921083713 0.804482525675474 0
0.523775995750458 0.794405674280661 0
0.532419702125205 0.799388920589014 0
0.514981384493405 0.789439668549994 0
0.523902216554705 0.783416108634561 0
0.541361578619913 0.794467943746544 0
0.540400939214208 0.804483380603939 0
0.506170602099118 0.794671948003006 0
0.505893746209257 0.784293295457786 0
0.540831939780832 0.784482480833417 0
0.550911521445938 0.78945261640944 0
0.496702312822916 0.798274597490827 0
0.496862936810959 0.779156314030859 0
0.505303499750312 0.773363853975797 0
0.532612051102821 0.776958833572466 0
0.541443385870625 0.772540547955799 0
0.54129352272688 0.924425866572801 0
0.532053659931399 0.919177629551957 0
0.539288306804711 0.935168265225832 0
0.523078676001384 0.92360308916305 0
0.541148903746589 0.945679939103613 0
0.534234026043766 0.939492270817178 0
0.550654296904976 0.950105448974025 0
0.54212669856597 0.955594037511918 0
0.523621982774423 0.944830739250983 0
0.523734513987371 0.934392759402888 0
0.560306694912617 0.955299717973912 0
0.522957961321219 0.955314250031798 0
0.513415610885818 0.94996184865182 0
0.514602273977302 0.928565258289611 0
0.532524624536212 0.959666761740374 0
0.523603748768723 0.96554790052032 0
0.502508916390685 0.953629638534541 0
0.503825016615589 0.944450284791828 0
0.539408556017471 0.965095170781207 0
0.524482535027808 0.975849785949203 0
0.514256896404269 0.971676738436905 0
0.550692180935635 0.969742614188746 0
0.540136336857165 0.974502231603471 0
0.537207313887833 0.984767615046135 0
0.5285741772 1 1
0.526252086693176 0.984742904011969 0
0.561972979799115 0.96541428437724 0
0.561265385443853 0.976850168097528 0
0.544983884432568 0.990593992700269 0
0.566302214723353 0.987428827558426 0
0.55819656250934 0.989132074759247 0
0.633342345866783 0.749424449547935 0
0.5048579337089 0.979682326196654 0
0.503715361801051 0.969857724245412 0
0.507312484828379 0.989946709184835 0
0.497055653977711 0.988985493308751 0
0.492628915896697 0.962846693080569 0
0.496176053573762 0.887242343584969 0
0.50725179770315 0.887734827740079 0
0.489089583617818 0.606765242299597 0
0.489256857703413 0.595906165090648 0
0.487711219829815 0.617662979968598 0
0.480086991308751 0.610458231596102 0
0.492279969842541 0.627104502510707 0
0.482675176070383 0.62828613322151 0
0.471503916337017 0.616039416127657 0
0.471617470195666 0.604716055694149 0
0.472771837699735 0.627357819042035 0
0.46320351687737 0.622592938958086 0
0.462389887974012 0.599502148547964 0
0.470776830728274 0.59423619492499 0
0.452767569468347 0.604600152905767 0
0.451845239462333 0.593711599782021 0
0.47147073799863 0.585741007811814 0
0.480394041982428 0.590744757878577 0
0.452800444229064 0.615805901735369 0
0.440803729622445 0.61197387242704 0
0.461899424693685 0.580180256611873 0
0.471440775475656 0.57475312196142 0
0.453385905218492 0.627398291135661 0
0.450423846957438 0.584402931127576 0
0.45218347785129 0.574206889990914 0
0.471458512380086 0.565889684663267 0
0.480853231930659 0.5699760206045 0
0.439917712035603 0.59081570742689 0
0.441282354868005 0.570293147183682 0
0.451171967857327 0.563038563795566 0
0.462855736934905 0.559740947030979 0
0.473247342651749 0.555267016218833 0
0.432539750331016 0.595241766995066 0
0.433271533744475 0.585470058514837 0
0.434708917806587 0.575618121941086 0
0.434902026079469 0.564997754463849 0
0.453204035640473 0.556760513602717 0
0.433936525238885 0.605086809464165 0
0.425321062283615 0.600484378817773 0
0.425730292850981 0.580544501938605 0
0.426131040041627 0.560376618118796 0
0.433710776186749 0.554945186656812 0
0.433804150651596 0.614625277794555 0
0.415874928807381 0.606089600160348 0
0.415433479669924 0.59602497438223 0
0.41737745653048 0.565650741850331 0
0.417109857194136 0.555530668647489 0
0.433900570883807 0.545176643107454 0
0.44045337285525 0.5508448000822 0
0.416654812523727 0.615967247110845 0
0.416084349675253 0.585882774207602 0
0.416980710763995 0.575666675408258 0
0.425185205022573 0.540520203703797 0
0.432642437198602 0.536712915838451 0
0.426433790954379 0.619060291101173 0
0.41977646035358 0.623911048771009 0
0.433976612161562 0.623563632021929 0
0.440751206913515 0.627066084362837 0
0.434988444095054 0.632355060140407 0
0.452769927227517 0.638300596203149 0
0.38847920632766 0.623693894411503 0
0.398406194256476 0.628314704537906 0
0.418864101617614 0.631445033465526 0
0.425423434268505 0.643834989174634 0
0.416398856422763 0.647141405930641 0
0.416559393861373 0.545591785099982 0
0.416532717915367 0.535536089863257 0
0.416766903248562 0.525717830346431 0
0.38387309081971 0.646273528292254 0
0.39568885955906 0.646059332137237 0
0.40008456939665 0.503577350572076 0
0.40916580311677 0.509592524105175 0
0.389956526521201 0.497729868952887 0
0.400284822528546 0.49179116048922 0
0.378580912365431 0.492279389567565 0
0.431579298421342 0.64781916060525 0
0.591368485397842 0.065255209641041 0
0.587184819652999 0.056862618665683 0
0.594317752325922 0.0309371212247167 0
0.588167692589947 0.0235778306554833 0
0.5961285134918 0 0
0.582409021232244 0.0161926438012543 0
0.577347433340929 0.00830100051874066 0
0.595765408687888 0.0737717927599968 0
0.585999291904443 0.0738114626893829 0
0.578356417247709 0.057090014517609 0
0.583117776946133 0.0487003368833984 0
0.578094951939151 0.0246652570365979 0
0.574241787872789 0.0331626926052986 0
0.568658778914581 0.0254666986647193 0
0.578960176152462 0.0408449818672753 0
0.57062799616231 0.0419216273101488 0
0.588964659606659 0.039856924477231 0
0.565783358012164 0.0502438000512155 0
0.563309578141157 0.0422150500371162 0
0.570014494385909 0.0575449512208749 0
0.562361832010178 0.0585698909229202 0
0.553199719202024 0.0364637433318476 0
0.560464767461887 0.0244062561837415 0
0.563625801087408 0.0176255961184634 0
0.569273932248775 0.00976430069773411 0
0.5735421326438 0 0
0.540640257669244 0.0537183699827839 0
0.538586654348717 0.0442003848428674 0
0.548803912707713 0.0254287159311804 0
0.537629167478735 0.0256431663856923 0
0.541949093992578 0.0172767532247286 0
0.600501970887439 0.0824951349078744 0
0.581013726027898 0.0823380494220555 0
0.577648423319464 0.0734554714181946 0
0.531945538341145 0.0345523648945596 0
0.527185314025056 0.0256865775519798 0
0.53731075950135 0.0090410813396295 0
0.547327019124603 0.00987677452624721 0
0.526664973227004 0.00840722309511011 0
0.532759527872521 0 0
0.56076037909379 0.0104531561526099 0
0.550377634961584 0 0
0.550055507814707 0.0602556985899918 0
0.53818732287348 0.0592387496373983 0
0.527393732627981 0.0433013302292713 0
0.624012246114129 0.0820366321883459 0
0.585124332655796 0.0908908647720274 0
0.575773772459376 0.0907076044820522 0
0.552129949657777 0.0672929655582649 0
0.570125061180163 0.0725592930015488 0
0.57400992861939 0.0652337653327988 0
0.557717014076542 0.0798680963828319 0
0.557586729418739 0.0731213768947225 0
0.568080494990553 0.0936897494921668 0
0.545443632890941 0.0740020944475193 0
0.540035693919209 0.0822099059597899 0
0.537875676934017 0.0773467456806259 0
0.547678299441491 0.090971861693761 0
0.538124221214782 0.0910543327204688 0
0.529025931402232 0.0736824738975483 0
0.532950303486194 0.0688432405700637 0
0.550387756712175 0.099355495493468 0
0.559050479856147 0.10922180720534 0
0.550681737330207 0.109265669689582 0
0.567590777582817 0.108470416796823 0
0.563091851312505 0.116167402406409 0
0.539728770468701 0.117773766822861 0
0.537996708234289 0.107820989682242 0
0.534388255241092 0.102993345026306 0
0.526530895752336 0.0912306212634415 0
0.521454532535465 0.0823517400607014 0
0.517509851867065 0.0748286101897983 0
0.528854205136941 0.0564918033266633 0
0.518900015885862 0.0564024228009823 0
0.520432355399836 0.0511065668057995 0
0.512234319509562 0.0652200601991822 0
0.510285755923267 0.060105695391548 0
0.517614411592456 0.0416908935821908 0
0.50793023445781 0.0411646454014703 0
0.511061397199189 0.0362986730707196 0
0.503434820478877 0.0513672238252727 0
0.496841861628131 0.0423973692233377 0
0.509398559838236 0.0269830107871285 0
0.515568697759852 0.0254267528257994 0
0.573122948687196 0.100329282084936 0
0.508343446734877 0.0762204835810999 0
0.500509080145391 0.0804656244160725 0
0.496048702896729 0.0759868146165838 0
0.506114595389964 0.0904181386478842 0
0.500907440941754 0.0902678268720071 0
0.487587803662069 0.0731156336140903 0
0.492882476133299 0.0663240359278955 0
0.497533580411112 0.0581378566220738 0
0.488214523191115 0.058458806296175 0
0.484393737841907 0.0506355100356424 0
0.47441699535025 0.0632308334620451 0
0.469665707252039 0.0553658483192498 0
0.494422874285749 0.0341386454604094 0
0.490939634774653 0.0430396300434546 0
0.576892963315852 0.10828659024882 0
0.587504999714139 0.108011914330535 0
0.582795970080459 0.116257725885107 0
0.590758027017643 0.0992484149549991 0
0.58702252361503 0.124764662599746 0
0.577176029188187 0.124218171530078 0
0.480031522326246 0.0731086222129727 0
0.471462163651838 0.0719282496187968 0
0.457891314861538 0.0557358338107925 0
0.463518421314159 0.0488804109413579 0
0.516480018568495 0.0911446796825938 0
0.512330275960295 0.100195678696906 0
0.546758686008568 0.128255228743809 0
0.497264232783341 0.0261762694524857 0
0.50250202059848 0.017718411103744 0
0.482692651644371 0.0817199378982303 0
0.484335666041912 0.0925142283068319 0
0.480012840505414 0.0897811017951193 0
0.492328269487925 0.0997500356070161 0
0.472666330377661 0.0975408277035686 0
0.470149962522308 0.0868337167074668 0
0.567931224562622 0.124216444083131 0
0.559645419372808 0.122493661322333 0
0.526111291158285 0.10657212059265 0
0.521201681975352 0.115255952765749 0
0.518282655678832 0.110357177140351 0
0.52391070860047 0.125114251198907 0
0.518169736162522 0.127794080090666 0
0.508019298380456 0.108768303310998 0
0.52105747973832 0.0174063098718763 0
0.518274155260563 0.0087838012549341 0
0.507205310987815 0.00859430900102251 0
0.5127142713291 0 0
0.596849443258107 0.144041346035455 0
0.586251273452523 0.142351768466936 0
0.608178831263634 0.144530055857615 0
0.603357475927016 0.154329674879831 0
0.581437995186656 0.149666270957396 0
0.577449936659764 0.140594188102378 0
0.595867840550645 0.160970310095597 0
0.585002771467746 0.158657380102269 0
0.575581255361869 0.15605996455711 0
0.569331294492353 0.138936777859886 0
0.573512673163723 0.132013989766534 0
0.559462187498077 0.148539136185255 0
0.559014166002451 0.14227388068339 0
0.567399904032822 0.159144167114825 0
0.556753306116499 0.158215012324432 0
0.544403838459862 0.139085427322836 0
0.553422910477208 0.132056312777519 0
0.539882998153337 0.148333372879189 0
0.533035082860842 0.142510891095064 0
0.546411302604715 0.157497170216301 0
0.537190743336879 0.157794466940379 0
0.527388657925357 0.142485605368635 0
0.532824363511217 0.133285354533865 0
0.516829951730129 0.143503500490438 0
0.522097700926258 0.158030732745218 0
0.5166793863873 0.15874005399258 0
0.506224356677452 0.141871928096335 0
0.512820579360352 0.134780320490722 0
0.568681615706108 0.167899940967453 0
0.573545652018842 0.174529844849934 0
0.565600868899668 0.176010896211198 0
0.549073737109318 0.166901024217458 0
0.556841460904731 0.176522295736175 0
0.550167295414325 0.173542873755869 0
0.56194174612847 0.182992326764101 0
0.566267847240095 0.190157235640711 0
0.558218571143038 0.189468086677913 0
0.542704543983204 0.1817049332777 0
0.538076416771847 0.176988180204653 0
0.575401126367454 0.190357629635651 0
0.570942813629431 0.197570894931036 0
0.546962519469107 0.198665806150121 0
0.546976987753438 0.191711877575517 0
0.534571943836456 0.188336408185586 0
0.528173841180463 0.19705602986114 0
0.525983286278151 0.192048483481379 0
0.531333413721702 0.206809639586431 0
0.523928330069255 0.20678133818581 0
0.520558338782617 0.181793242919309 0
0.578392271250933 0.182167691234433 0
0.584857327214547 0.188988845769752 0
0.555264062651105 0.208726319908732 0
0.545493373321439 0.205587843785489 0
0.526676822643419 0.175224591930989 0
0.530960682311319 0.166543503545192 0
0.516633718840677 0.172790323207646 0
0.506526635176085 0.169623392879233 0
0.510828166207182 0.165869036490577 0
0.498562523128645 0.17785193218305 0
0.497718597742558 0.172432654452 0
0.507703568345512 0.155321195954097 0
0.496914288932582 0.152797701160417 0
0.501109481397774 0.149115872514215 0
0.490572848948928 0.161096534510195 0
0.488133149564363 0.156076431885928 0
0.497220276349589 0.13884398816213 0
0.491819457650075 0.140741816549372 0
0.493957183016797 0.131154664944769 0
0.483790004163202 0.145967123420672 0
0.480141886236155 0.139088729781154 0
0.489762247274473 0.122489153457646 0
0.499850540817654 0.122217553828706 0
0.508286494552512 0.189544776951411 0
0.495994849548035 0.187744474668444 0
0.486571013126856 0.169700907649914 0
0.479777053627097 0.179110821440043 0
0.478215928585803 0.173796634593254 0
0.487542260546405 0.188106754917388 0
0.477573221635941 0.188633275941781 0
0.469532939848218 0.169564519457581 0
0.472087393805334 0.164624883659447 0
0.477444984915088 0.155419320300884 0
0.568435514491477 0.212191712440369 0
0.588130855862168 0.167179294030793 0
0.593618391570606 0.193584933353547 0
0.506973217876372 0.12703283167906 0
0.502142513827722 0.117151621872286 0
0.498819656108896 0.107420936060314 0
0.486534078565244 0.105955912140278 0
0.482602409946129 0.114346475501361 0
0.475580575925298 0.106867208446423 0
0.465563112174007 0.105306247701822 0
0.518295567162564 0.215206066935666 0
0.51583689614181 0.20719237299454 0
0.459255521844171 0.0873258022579087 0
0.464644271494159 0.0792585722868536 0
0.535850338919141 0.215067833890497 0
0.542751423224197 0.224122850045993 0
0.533966912072077 0.224730840722826 0
0.552358464152831 0.227239844016622 0
0.545719720777284 0.235158307848267 0
0.52562061014259 0.232116078154957 0
0.523042588254897 0.222589295104493 0
0.508502771679785 0.197843989027132 0
0.505084652579413 0.205275007241625 0
0.498202303689599 0.211068588644966 0
0.495415125669176 0.206156535775294 0
0.500402371700373 0.22215875096434 0
0.494869760112858 0.219984969980716 0
0.485192884440814 0.204744621808799 0
0.493538817791692 0.195142948624608 0
0.476550701376728 0.204651729958449 0
0.481309478640865 0.220179068602948 0
0.473094937970528 0.21983433616755 0
0.465149621728964 0.20432381385183 0
0.471076412762214 0.196780614102784 0
0.486323053229236 0.228465459289059 0
0.488667580885547 0.237673283614083 0
0.482260253583377 0.23927666716746 0
0.498820997779843 0.240486666382625 0
0.494328150579506 0.248408222752657 0
0.474139236505352 0.244621972588875 0
0.472307164110307 0.235556591609823 0
0.46895138232972 0.230646536012906 0
0.46403910967427 0.219176229500082 0
0.459421574304734 0.207897640247619 0
0.454326517492957 0.198239171558261 0
0.468608341380337 0.184745975500399 0
0.458278284300413 0.184288519108163 0
0.461373377115273 0.179765391768689 0
0.4528895833932 0.192171832545488 0
0.445329802993297 0.186485105000757 0
0.458478841859249 0.169354219018084 0
0.449195597404174 0.166623614764096 0
0.451754024171347 0.161543350570512 0
0.442019254116277 0.174881536250656 0
0.436256904271415 0.169229200938638 0
0.447885375143354 0.152718102569564 0
0.455324646686887 0.156901639113732 0
0.442220730727479 0.201289037140588 0
0.437536721096478 0.208197524308751 0
0.434483733931331 0.20025600542998 0
0.442519168576271 0.214076698915954 0
0.433566910260886 0.216564323622218 0
0.425980373040811 0.19859847895759 0
0.430863245131435 0.192096456093921 0
0.43418465248248 0.186164173781351 0
0.41776126837716 0.181324458729425 0
0.423299841514381 0.173689610038935 0
0.412611582013564 0.189005116621629 0
0.407909039140101 0.180241722127655 0
0.432457056603552 0.157023726029425 0
0.428211235967243 0.164871875531592 0
0.416911462604285 0.197503146241972 0
0.403202431522403 0.171106256963631 0
0.450371439995948 0.217258172823821 0
0.445487645342165 0.225971323617631 0
0.447554926797963 0.235468247952131 0
0.440002311286193 0.23748094368067 0
0.460124790590458 0.237159686055294 0
0.433708786179876 0.241852801775899 0
0.431212407281045 0.233596955186937 0
0.45755838549578 0.250492451163951 0
0.451992681978078 0.251808276704729 0
0.427701370143013 0.225165256958045 0
0.424467341636929 0.217211165700831 0
0.414383752321034 0.216591260408899 0
0.406976757129921 0.224209806842688 0
0.404428857158737 0.214925134915621 0
0.436439061042715 0.150472563357959 0
0.439986673848114 0.145341241719485 0
0.464145396402011 0.148547005944735 0
0.46564657462838 0.15468005317521 0
0.458634813648419 0.121099684893752 0
0.468607005974911 0.131128802450395 0
0.459804613994193 0.137805641073143 0
0.506565706477176 0.230456362201824 0
0.509938828022782 0.240020681146443 0
0.520258977709438 0.24068105250474 0
0.51460838759948 0.24803362394982 0
0.531993114163748 0.241723479295721 0
0.542707172496826 0.239891196481473 0
0.535334489200823 0.250890735085312 0
0.518380431689195 0.257672559040852 0
0.508430601911829 0.255340734282976 0
0.549657188598573 0.243911480684175 0
0.540923222983652 0.259394122611392 0
0.529393127999742 0.258484370401041 0
0.500578082837897 0.256506472391738 0
0.491529605510749 0.253840343194301 0
0.47880092193818 0.254060878802037 0
0.472761077436328 0.252844952370287 0
0.464314712390335 0.26060347163021 0
0.466079658448869 0.269871033476414 0
0.459260659055059 0.271183087229434 0
0.476337457482344 0.272480688333647 0
0.473851244129493 0.278159766326613 0
0.453622857070169 0.274831032867763 0
0.446753417133035 0.26762923600898 0
0.444930434651111 0.260129120844311 0
0.438648810074024 0.255791409623595 0
0.484226151369789 0.263284424013977 0
0.487988013532516 0.272639974368343 0
0.498891958604931 0.273507446561138 0
0.493355908734851 0.280568458384828 0
0.474997690326771 0.287121222207033 0
0.470941127371082 0.288599046104852 0
0.453405219933328 0.284714969851725 0
0.446422204919851 0.284637565333224 0
0.435474714364006 0.26840868400061 0
0.432147741973572 0.275865145887706 0
0.427643153060378 0.267624604486704 0
0.434310198207 0.282497464022016 0
0.426337528464087 0.284218533332905 0
0.419233368870508 0.266498336896013 0
0.424135891188849 0.257964017210884 0
0.427773052866602 0.248839037193441 0
0.414884244117856 0.241432427772173 0
0.410953622809457 0.232969206550801 0
0.418895833132739 0.249637283694242 0
0.392612162948936 0.24089282960827 0
0.387089334854924 0.231283469684347 0
0.442067764043481 0.293896283471816 0
0.439755296033594 0.306267168971248 0
0.433519527565983 0.303972071638071 0
0.453333485723277 0.305025725931275 0
0.450404484453104 0.310106864735479 0
0.424997803805271 0.312263567336725 0
0.42156594589462 0.303500797791463 0
0.404069939302972 0.271353956868786 0
0.479371014546551 0.123202594924497 0
0.420659494616914 0.292862936540143 0
0.417073948117365 0.283275131805469 0
0.562246689351823 0.242573029963945 0
0.559048522977926 0.248338129630623 0
0.572500728296309 0.235575791645436 0
0.451981191228173 0.320456645366351 0
0.443947609272369 0.321725930143809 0
0.414080240916594 0.299998862879426 0
0.459978669230609 0.296062767091127 0
0.466011956842892 0.306676432387791 0
0.477831047005701 0.304812093566896 0
0.470215504658592 0.311503137286452 0
0.430899058341751 0.319287699400965 0
0.421791020155476 0.320133263014336 0
0.52437189322204 0.266695804822073 0
0.528516890461221 0.276436927104395 0
0.519442517634129 0.275000357288415 0
0.539732746645801 0.277237647679652 0
0.532047708605158 0.280839720092096 0
0.512249309869031 0.282752904624696 0
0.509194372988761 0.273606779531191 0
0.515567149495492 0.292530098857916 0
0.50566821614157 0.290565165097224 0
0.524265465682983 0.294457129173443 0
0.521945059917217 0.300347832954847 0
0.501448787682942 0.300512503367767 0
0.497661794503044 0.290871482533135 0
0.488168035562962 0.288997680694663 0
0.562626696261723 0.219103136628169 0
0.566668897669461 0.227825462004023 0
0.511906506730074 0.223030857337361 0
0.414506496739108 0.155975377261762 0
0.418802697625543 0.164703779547717 0
0.411087829185312 0.147298200171802 0
0.420160976540087 0.148418043012854 0
0.428424257269467 0.149508196526938 0
0.425172496028896 0.141149892268786 0
0.422427689996037 0.13147811961186 0
0.413185720025474 0.130351784042465 0
0.418396449237073 0.122265082111717 0
0.439533959010421 0.127055107616046 0
0.440576711757645 0.132773448255536 0
0.407486912147975 0.138472903102983 0
0.403482577452459 0.129967530788213 0
0.414686038739698 0.113051447525512 0
0.423612176704359 0.114854196930872 0
0.4388427747073 0.116952886362282 0
0.446099005569652 0.117869568763497 0
0.447835917747276 0.138591061153481 0
0.504995895691722 0.264950285319299 0
0.452596025167586 0.0643451545312158 0
0.447271446522134 0.054280592028187 0
0.352377002784991 0.19813051741516 0
0.429624976477164 0.108712754007959 0
0.553365368726999 0.259293493010055 0
0.548126651778384 0.268272988694394 0
0.505658812589139 0.307583342830102 0
0.496054576413445 0.307838226319432 0
0.488215430351062 0.0268980262070328 0
0.480016673052847 0.299422233738679 0
0.48650965945402 0.307192323195911 0
0.490791453981347 0.316293355171887 0
0.40495900995465 0.111711678614324 0
0.411596569803982 0.102812315834878 0
0.4587396775996 0.0715605518683816 0
0.446566554172579 0.0712432536214935 0
0.442701995424028 0.0836113480569401 0
0.436695870566345 0.0741484521741717 0
0.446528876958216 0.0938039892671477 0
0.435592224566222 0.0969352399504793 0
0.424304374012732 0.0719993621096428 0
0.433340113699343 0.0618524983698697 0
0.421825032788959 0.0795674872945286 0
0.415372740868151 0.0720567128004946 0
0.425503926478422 0.0560255143034106 0
0.434838078458215 0.0544823692866648 0
0.592669998095933 0.203264324911962 0
0.593480464333907 0.213629172303631 0
0.456399496438227 0.111425526126808 0
0.496549074126316 0.00903085209634392 0
0.485916868806819 0.00966775946235424 0
0.492763469034006 0 0
0.538153136471742 0.294542448468723 0
0.548044171214081 0.294480291313289 0
0.554933136232249 0.288063332092423 0
0.559105666998947 0.298082776967948 0
0.548129469690651 0.307479928204734 0
0.537238759172051 0.308652663956203 0
0.559609794204067 0.309334571928361 0
0.552352177607409 0.317029178152614 0
0.529322687055192 0.316378847663093 0
0.526474114130196 0.31113968901857 0
0.399118694035309 0.120616945077275 0
0.46192986462862 0.034048664034867 0
0.4719258871618 0.0370495279715322 0
0.515862510310825 0.30989711915185 0
0.509048848349168 0.317651209922656 0
0.514533116083495 0.324669659626346 0
0.5052454140477 0.326545300845921 0
0.52538820591268 0.325104916740372 0
0.519659390514788 0.334240248416535 0
0.498673568231475 0.335478249565289 0
0.495614373690604 0.326386725586787 0
0.472419248845987 0.321893235842948 0
0.466151801367034 0.321926261928824 0
0.525427119877145 0.343654494485465 0
0.514258350697142 0.344848523190276 0
0.620215825659287 0.167532739768365 0
0.406601374130169 0.0928887357449051 0
0.393566739684247 0.075066079561592 0
0.404274549571294 0.0731829677964867 0
0.384680349983595 0.0686091779505706 0
0.40771664783362 0.0635109017689213 0
0.484260334536177 0.324021141209599 0
0.456333683130989 0.100932691078718 0
0.533572759459069 0.327804664441995 0
0.545560960134043 0.328139515174506 0
0.542069376655787 0.333011448598991 0
0.557973218849183 0.326584637318187 0
0.5717561279502 0.328217841062566 0
0.559857019574046 0.337813306404665 0
0.546206731528888 0.344511196259748 0
0.53457977506826 0.344011264794766 0
0.57507059102957 0.315742818003671 0
0.580527632626043 0.328043432905273 0
0.564877312825367 0.350116106085295 0
0.552463115813911 0.346492920882372 0
0.5471044017711 0.354408450563396 0
0.549986289294585 0.36453427496343 0
0.543826391988691 0.362792862442896 0
0.562648330816318 0.365952196837796 0
0.558448417739104 0.369466367164184 0
0.535961263333006 0.369741952959426 0
0.532364333392042 0.361186246002426 0
0.527939016237045 0.352600743546811 0
0.522649224987857 0.359819243214674 0
0.514452383604207 0.36680379395675 0
0.514005688704836 0.360566547947343 0
0.517132356633235 0.377966059409511 0
0.512479199246235 0.376042810896157 0
0.502383721152469 0.353280985456086 0
0.511270372654776 0.349682651417604 0
0.531206046255498 0.377681847885719 0
0.524771587366393 0.384851824032562 0
0.505459756276093 0.382005173568761 0
0.502018414454936 0.378142317389791 0
0.495307772109578 0.363510765475188 0
0.494541756550342 0.35814289697266 0
0.505535845661287 0.340685622691758 0
0.49484456537377 0.33918049958091 0
0.489243516134986 0.348789290230012 0
0.483440030664549 0.340735525912032 0
0.579237334033584 0.350454219122553 0
0.574703996637351 0.357391765040191 0
0.579271018730522 0.364797425965816 0
0.564356567611885 0.381467974173868 0
0.55549236184786 0.379959540642018 0
0.541789506624895 0.378062877279218 0
0.547260572824772 0.388259977417018 0
0.414993524073599 0.0929378786861796 0
0.459696143073551 0.330489722903879 0
0.460008972282397 0.339182148554388 0
0.45358720391257 0.341386032308313 0
0.470817971672381 0.341467814477601 0
0.468820576796124 0.347745718743124 0
0.442564883208055 0.347385371347729 0
0.441080035824226 0.333521611402487 0
0.477802876545437 0.332154858843241 0
0.483200757071354 0.356486247305089 0
0.476752232443455 0.362572990602988 0
0.472431988348444 0.358168888217366 0
0.481475634736131 0.37282644317886 0
0.476006353359449 0.372692174290583 0
0.461402118135771 0.356649256783966 0
0.492049548987749 0.373810024587491 0
0.486110696117006 0.381907477076274 0
0.488467999292436 0.391012675045938 0
0.4821527183834 0.390455183156315 0
0.499970028502408 0.393097824785171 0
0.496739383746692 0.397712257167949 0
0.474625377520415 0.399063431802694 0
0.508714421772396 0.393265817721958 0
0.519306457747515 0.395012682174255 0
0.515584664238959 0.399438223913285 0
0.531370758533477 0.392684558842041 0
0.540280672595181 0.397293702824052 0
0.536430855567881 0.401992220192276 0
0.518546815303002 0.409812705551935 0
0.50813025193615 0.407952995989177 0
0.552188373612409 0.398409315020216 0
0.562548496150189 0.39633248464183 0
0.541106128257144 0.412748280187268 0
0.529816769325049 0.41053814583093 0
0.574966270874014 0.395695261694098 0
0.57540063508195 0.404929783104299 0
0.560593077567848 0.415550344783043 0
0.547277980224582 0.413237344757887 0
0.502633432297606 0.408131879733165 0
0.491155955385901 0.407952903566442 0
0.480490779573687 0.407786084458139 0
0.471471350000579 0.404963573124861 0
0.46239718726679 0.386725078292944 0
0.469818417370752 0.379926084866038 0
0.522046769228237 0.41958921599191 0
0.527061385849149 0.429185525788079 0
0.5169772098343 0.429712769324262 0
0.537895316924654 0.428438969179183 0
0.531416546267153 0.435538521477492 0
0.510531264512007 0.434901939722412 0
0.507659846038528 0.42818207015094 0
0.502677039812213 0.417313916534563 0
0.498649442644871 0.425715408804851 0
0.491947501627031 0.431612638529847 0
0.489015660164215 0.426352125094437 0
0.496271986349348 0.442492212786683 0
0.486272956663977 0.440176697694961 0
0.478073264057801 0.42291377189041 0
0.485537299822154 0.416362483925067 0
0.470739472974578 0.430145344988623 0
0.469240702517134 0.424765735779944 0
0.476370096116321 0.440201324845512 0
0.470534626899514 0.439460711708719 0
0.45665067972809 0.424389789581723 0
0.464282278951606 0.414921661147505 0
0.479756367087972 0.448444753563045 0
0.483867110191837 0.457034806001038 0
0.477977410306483 0.457961055070092 0
0.495867224332665 0.456803231777458 0
0.491616018063704 0.465643802679985 0
0.468506634017677 0.467125499356526 0
0.466188871881467 0.456912708228582 0
0.498737292512316 0.447368071522737 0
0.506644092956736 0.454686668873553 0
0.49630421180824 0.474426612878954 0
0.485514350611353 0.474333598220723 0
0.474975042161675 0.474510153668458 0
0.466449606479286 0.4719237908625 0
0.455183273809023 0.453621177854923 0
0.463571427164342 0.446951453669823 0
0.459163320725355 0.438650841842663 0
0.44957162960113 0.434693994908686 0
0.452154249022531 0.42908483855867 0
1 0.80115175135 0
0.434202422122182 0.435911220284146 0
0.448474100870346 0.419006911201682 0
0.435613964389737 0.421213623300531 0
0.441775606719472 0.415816679531441 0
0.431378423912789 0.428078222541276 0
0.427505243285226 0.419542603240942 0
0.438224321469186 0.402327828835433 0
0.446482335760124 0.404282359513094 0
0.444445062537722 0.451882376997906 0
0.437605987770321 0.453710475341617 0
0.425779160167133 0.435274769040362 0
0.459568609202012 0.405312925106491 0
0.539890833488677 0.42298270564872 0
0.548584593573938 0.431412451336039 0
0.559700148006364 0.430698928406181 0
0.554257870465177 0.440446432166059 0
0.567829007446226 0.419284629899574 0
0.572652519335704 0.434129138186309 0
0.557666001993312 0.451643568531168 0
0.546678839875625 0.447706970299873 0
0.504342427134784 0.440484983533481 0
0.513415736695761 0.442968330468485 0
0.521638339739477 0.446702320066812 0
0.517202779654599 0.449618306936324 0
0.535429135421096 0.447593302050157 0
0.516196429096063 0.459420641602853 0
0.466425095726947 0.37131890233699 0
0.454174576346842 0.369393556877292 0
0.45658745338076 0.364696941303367 0
0.448879369538453 0.378916560553146 0
0.438850543611158 0.369923038813165 0
0.450523385488882 0.356197791379143 0
0.439796511423588 0.35503888938102 0
0.450545841417291 0.38553327205435 0
0.438571654918745 0.388970727118833 0
0.433387501614368 0.395339570121222 0
0.429943756161802 0.387271412789916 0
0.428586263488389 0.402752582703355 0
0.422426052066117 0.410641058427027 0
0.419057776837096 0.402030337028093 0
0.420356177122007 0.385598213303328 0
0.426917824613016 0.377910715601354 0
0.418303313481401 0.41879177435961 0
0.408829197475236 0.40134520071196 0
0.414485548403893 0.393351495311206 0
0.430760614499794 0.369099189875635 0
0.436327038002358 0.361914979314224 0
0.409648327224915 0.384849788864322 0
0.410785433462407 0.367873928092731 0
0.416951322911771 0.360338292346768 0
0.404710991060548 0.376035990662326 0
0.411683409968373 0.351998878852701 0
0.422425476319766 0.352796713601909 0
0.374562168939415 0.389151007376849 0
0.378113228800619 0.377801787112887 0
0.392610066433943 0.35898439528603 0
0.413092230450566 0.337076015991865 0
0.431418735363021 0.35350099882178 0
0.423333590537277 0.336420919810475 0
0.432947535271985 0.336139416520727 0
0.41767728693533 0.328844710906722 0
0.399131852495072 0.349501108599437 0
0.412514389932577 0.321490104835729 0
0.436009928018256 0.327240021246985 0
0.408992421635999 0.417850707763887 0
0.417424219750213 0.435660479755064 0
0.407817152180508 0.434826870121637 0
0.422171256948449 0.444460175185178 0
0.401072112371696 0.442763984442425 0
0.406163055046973 0.315832986595254 0
0.416363534568254 0.452671555642699 0
0.411494174652354 0.46100165894696 0
0.424844923107167 0.453645835274481 0
0.428851255908864 0.461603908687614 0
0.416255068975639 0.469368357848262 0
0.406187141981168 0.47012357950485 0
0.394705727866497 0.471718908581299 0
0.382935821675819 0.470807090063024 0
0.453877530503946 0.396577422722659 0
0.425930407523471 0.469729906453616 0
0.421065717546973 0.476894999629461 0
0.401214821758363 0.48049930633346 0
0.576091115669771 0.414013395924515 0
0.584878555256934 0.409544754513207 0
0.479591659469926 0.483655465453519 0
0.44925148404524 0.462095463245696 0
0.454479074518227 0.472528624165985 0
0.458499294094361 0.480533988492052 0
0.461131916307763 0.489637402233361 0
0.451313415497868 0.491022612924886 0
0.43958469599584 0.477583849235856 0
0.434349605959764 0.467042706257957 0
0.472546983924602 0.493343379052983 0
0.467684450719973 0.496451860669676 0
0.447150704664532 0.495876255750883 0
0.431119766737914 0.487216288446894 0
0.420176128103264 0.499094678269842 0
0.417385542869941 0.491733819812799 0
0.483772339001812 0.491878293199082 0
0.471209861767173 0.510561371762117 0
0.459885985779733 0.510516836540358 0
0.446252150807113 0.506624587877911 0
0.437626273663109 0.506554748728006 0
0.535789868725029 0.455939523013411 0
0.509142792861812 0.476177723351774 0
0.501738930330702 0.483075715900841 0
0.587384141399209 0.430309442768402 0
0.576233722141809 0.440853203603152 0
0.57152480772144 0.455758261687353 0
0.562708133217526 0.463205360928025 0
0.375210975247566 0.480238897962617 0
0.409191646732261 0.487784582811883 0
0.432526695060284 0.513266120442577 0
0.42881083261891 0.503618068153476 0
0.452226890886822 0.519020659203277 0
0.481635206182813 0.509660200578595 0
0.476584623766545 0.519709242963195 0
0.423474894291947 0.0936568640657933 0
0.481590075613455 0.0410298066715788 0
0.479657238225829 0.0292430972194752 0
0.481425860489187 0.0195738531843129 0
0.517528902168957 0.468902581817861 0
0.520738908491589 0.477243112674619 0
0.415569648984439 0.0560191691731027 0
0.421000357213725 0.0474580193861736 0
0.574999348833469 0.307461940139446 0
0.569814679157889 0.303765705306252 0
0.506030335901789 0.492773959424848 0
0.497250374700397 0.491215201047566 0
0.373224767576281 0.0609197022454539 0
0.443147977239538 0.0433297386831215 0
0.553003577233968 0.277636414479202 0
0.475295339103883 0.0112287751540265 0
0.360249262586015 0.0122221833916516 0
0.44990945672172 0.033193102285404 0
0.456281333738423 0.0220281703347515 0
0.572711292980011 0.38643742914493 0
0.432427311327046 0.522930786283328 0
0.424932899779814 0.520412595316796 0
0.487118465967401 0.500393933717398 0
0.492774443868101 0.508246767028806 0
0.455535361740358 0.799150462695786 0
0.465964974828889 0.799454811894468 0
0.449071379961812 0.790576113884063 0
0.469934785529227 0.788284600564629 0
0.475453358849954 0.800904638623986 0
0.443558429052911 0.780228726067707 0
0.455699348825807 0.778747936261324 0
0.466347163150755 0.777558886522079 0
0.476769620349078 0.777626661562611 0
0.486530911853265 0.798967426812987 0
0.429568850578495 0.781728018691407 0
0.43860426882118 0.768565314869724 0
0.461569671980372 0.76739568181573 0
0.49082038376939 0.788609941155389 0
0.487033825406307 0.77791178166836 0
0.420619389784694 0.782947803740213 0
0.431480114146795 0.756164970873791 0
0.445902062937935 0.756929619887471 0
0.412173023833826 0.783702239486075 0
0.417345298260143 0.774346999162024 0
0.401485035498079 0.784325304405207 0
0.414654197437504 0.758906821086326 0
0.423724922316674 0.757535521942119 0
0.395816964909504 0.776024414672845 0
0.399365203430613 0.76672987994975 0
0.410613037076285 0.751856590036961 0
0.406303394153836 0.743740813013736 0
0.561148802888677 0.482331928963152 0
0.561550961086661 0.474671533324941 0
0.550434935454663 0.48915423086393 0
0.549947732505462 0.467707754574452 0
0.540823255479928 0.494548015340171 0
0.539696102571536 0.485570465593433 0
0.540919508876929 0.504781786910658 0
0.531659044880047 0.499508648803366 0
0.531248515256674 0.481419039976394 0
0.539987244884002 0.474781176322104 0
0.54096493564719 0.514957475298086 0
0.522373187573925 0.504462648624435 0
0.521559117139327 0.493950315424156 0
0.521009007404556 0.48527599882068 0
0.531093468243038 0.519657000951077 0
0.510392975725524 0.491464603983285 0
0.509038787251932 0.500034039277639 0
0.511106741932452 0.507710099858841 0
0.505235828092243 0.509180028055352 0
0.521120586119948 0.51416794347209 0
0.498194697154436 0.516877536993501 0
0.52127286310183 0.523980657792668 0
0.538621464673459 0.465003720457524 0
0.482958791550352 0.76696236781505 0
0.613590788936616 0.490529739149167 0
0.580109377963386 0.374134164588355 0
0.52351748389133 0.544781389072662 0
0.522659747167831 0.534323358113315 0
0.514978866074328 0.549900714167972 0
0.512931441641898 0.529061539073268 0
0.506349613220897 0.554990314946163 0
0.506320065240496 0.544987693051662 0
0.506353191857649 0.564997688261064 0
0.497580327553403 0.559944159368243 0
0.497761249327227 0.540327161596487 0
0.505722587302372 0.535009243704517 0
0.506359653734607 0.57506627433723 0
0.488663980513928 0.564785447977198 0
0.488463530447408 0.554882604006917 0
0.488887379055579 0.544712278924744 0
0.489902735769295 0.534657461376161 0
0.497696492104255 0.580198711054975 0
0.480079970783459 0.549288781857775 0
0.489019168869009 0.585288550005934 0
0.489055116865516 0.574993747500545 0
0.473003741619928 0.543174492752811 0
0.4633844265804 0.537158139362746 0
0.473091758987881 0.530965918288312 0
0.503055479949599 0.525312140532086 0
0.492820970728868 0.525005660282103 0
0.483079559402895 0.527566980755184 0
0.505794863496676 0.762603808654593 0
0.587163997880362 0.990452278678139 0
0.594376782826162 1 1
0.513452669772372 0.895432037483606 0
0.483277716950127 0.957435181618471 0
0.484186492460421 0.968992996453236 0
0.481465299860167 0.979781551550202 0
0.411108491424766 0.00864201400311213 0
0.404397248 0 0
0.421127500158118 0.00797055740528319 0
0.417157532137091 0.0163804238944054 0
0.42445359752 0 0
0.430506838166985 0.0072270723515784 0
0.418769840524615 0.0318266826665077 0
0.409291400852211 0.0337696301129738 0
0.400536180836304 0.0294177541402072 0
0.439209754102006 0.007369134628781 0
0.436353257041134 0.0194443695107265 0
0.436230381500464 0.0328547896117834 0
0.428403169867729 0.0306556043746094 0
0.40211530542076 0.0418145494104937 0
0.403573051826477 0.0537181553968253 0
0.392494074142908 0.0498858949423479 0
0.570733182290832 0.779772985069641 0
0.578584721973626 0.775877752952952 0
0.563132770891961 0.783791601660061 0
0.580092673209764 0.766828644444539 0
0.586972098138816 0.771242411724094 0
0.559810135554525 0.7971266100677 0
0.551713654136861 0.769889945639654 0
0.564472589921206 0.766049068062626 0
0.572712733206814 0.755858797813419 0
0.578188216647081 0.7512064124815 0
0.560587407993662 0.803473562898753 0
0.560702433226931 0.752796157037519 0
0.550280875963859 0.810442269252366 0
0.595524944968679 0.767028189289231 0
0.593442524666036 0.752326108644953 0
0.601943662649781 0.758883017018917 0
0.585280494000937 0.745964352671907 0
0.543861640242777 0.761830479914259 0
0.549509385179628 0.751926887635323 0
0.629920355532769 0.161206346143725 0
0.581350044207317 0.336418762481423 0
0.592193976192401 0.572703146183005 0
0.583342555396036 0.577300085632114 0
0.584032875200534 0.567501283289303 0
0.600571065226864 0.555491961374713 0
0.610396434424958 0.560470019486116 0
0.591752389733158 0.551398998247607 0
0.599341515821818 0.543172316881304 0
0.517365895625124 0.991699047923154 0
0.51080433254112 1 1
0.593693123292093 0.22443196497549 0
0.583080846146533 0.226329708830066 0
0.452681753832243 0.0112617550401243 0
0.464558463920865 0.0117893944514086 0
0.704593424898631 0.757725006076209 0
0.493357085331335 0.860946036506111 0
0.621967173228576 0.642134059476975 0
0.613125714828495 0.754234018314972 0
0.595599875703382 0.425502088757121 0
0.456115195503806 0.756583526931375 0
0.575949200231353 0.988463911943271 0
0.577715149239176 0.452188600029134 0
0.440699147358649 0.524244080068577 0
0.5522909174197 1 1
0.4466691315398 0 0
0.45263969993753 0.544087424200352 0
0.452486827289239 0.531829039151487 0
0.595011568195569 0.415259845401118 0
0.496613561522786 0.637091666797399 0
0.476058854695495 0.637470608535078 0
0.465166913052183 0.990237035206346 0
0.47560068692043 0.989992357478032 0
0.4715922035095 1 1
0.452184220677848 0.993390796623568 0
0.44806752043355 1 1
0.486725747565628 0.989129900068226 0
0.4914423061495 1 1
0.523791274001704 0.771978367724692 0
0.610866562081473 0.535280817473939 0
0.599598014043668 0.521009805456462 0
0.505984060321623 0.934500124986852 0
0.5750976446238 1 1
0.446196165703974 0.647294339437951 0
0.438906403529518 0.656449197830564 0
0.615783398111658 0.502461839969151 0
0.60193534973712 0.531197619578779 0
0.561781495572264 0.584217602906605 0
0.523437166682083 0.76119711362497 0
0.574345265899089 0.578327345182631 0
0.470813290310556 0 0
0.61076171200362 0.646390172205624 0
0.515077658719711 0.768453398307841 0
0.614291514981161 0.743482258788868 0
0.397712905574263 0.250355136800606 0
0.402721086307148 0.260016677141967 0
0.71500817268954 0.749467806802935 0
0.527238589897415 0.462593649646596 0
0.48723862851596 0.745880930702822 0
0.46658084998413 0.746466815198438 0
0.512717252743893 0.65569770498598 0
0.462323130009679 0.664042710204763 0
0.516579486968076 0.735846318190399 0
0.483203037122647 0.664104267521664 0
0.73119009475549 0.655657488335101 0
0.529972435292998 0.652196886818094 0
0.535130037892975 0.652349413129667 0
0.509551364491373 0.651475458422644 0
0.514855223994049 0.651417062202147 0
0.490428580218285 0.750709099317792 0
0.485084083756527 0.751012448405082 0
0.506515154331513 0.747620775462045 0
0.509752859838127 0.743517389032443 0
0.532729490960404 0.746771415731066 0
0.527641740376598 0.748271307150337 0
0.466453743164069 0.651166310420081 0
0.471859657098612 0.651295468912605 0
0.468615388047841 0.655672537687922 0
0.469309365559924 0.751518202179748 0
0.464177588374 0.751475767651543 0
0.488093474343692 0.651824788780499 0
0.493415180812509 0.653035306137777 0
0.490075444084847 0.656566497302767 0
0.461671639007514 0.926709383917041 0
0.469274841246761 0.939348027058208 0
0.472098081071755 0.943414101686171 0
0.46674584412454 0.943697644538573 0
0.466986410699424 0.90900441989403 0
0.472236351118816 0.92644340087651 0
0.477421323398653 0.926400851182403 0
0.474812971808067 0.930730922083121 0
0.477466475734069 0.943444161740351 0
0.474740162619429 0.947376760200537 0
0.480003737458219 0.922050287216387 0
0.482491534199048 0.926368310682953 0
0.490573048291358 0.939246932356215 0
0.493868413481145 0.943257632327135 0
0.488314140365274 0.943876616393466 0
0.482791669044583 0.909098764212837 0
0.488048067300448 0.909144500438318 0
0.485326197942927 0.913437321876705 0
0.487506394581722 0.926310721337329 0
0.484990203018926 0.930685584312151 0
0.472498502861585 0.900613719241769 0
0.474839427994926 0.896206656459076 0
0.477540639370942 0.900427063314394 0
0.500623033123508 0.922630319068654 0
0.502113305416475 0.92724105442551 0
0.497360901463018 0.926275177233773 0
0.505117785392489 0.909838205452973 0
0.511122726954333 0.910260146386671 0
0.507699192791639 0.914801930581012 0
0.479577007821843 0.88747103631095 0
0.482425498286233 0.891708592826989 0
0.493600803814709 0.900483698105655 0
0.496265655038533 0.896030820623688 0
0.499120648158346 0.900567059844887 0
0.467144720125364 0.87434722210921 0
0.483588474799201 0.874237902464949 0
0.489257592818932 0.874136895436679 0
0.485863320965268 0.878576994474595 0
0.469857036838648 0.870052164664818 0
0.472537063830298 0.874392866581708 0
0.472975348963944 0.857049646806834 0
0.478677078326335 0.856940573663265 0
0.475770730850084 0.861333174413816 0
0.467363910167658 0.848434062447863 0
0.481581428796092 0.852536911437579 0
0.484529050373581 0.85679406855237 0
0.483381601201559 0.839348285277866 0
0.488345894021002 0.838789666903732 0
0.486780672305399 0.843536930918891 0
0.472594065984697 0.831201622139459 0
0.475507290818618 0.827115476443587 0
0.477721840826299 0.831220109470935 0
0.489838245491671 0.833661266153872 0
0.461835875425483 0.830722550118581 0
0.493529462128701 0.822330121554358 0
0.495318146645894 0.82667314205269 0
0.488197313593842 0.808243995925962 0
0.490363749572925 0.813116502099117 0
0.468342410532557 0.817505217242373 0
0.550524992621938 0.504473871010496 0
0.55090562757561 0.525103493967316 0
0.53177452811782 0.534582328319083 0
0.541235531544121 0.550225719986647 0
0.55035322306369 0.555036552223533 0
0.531771065361022 0.554955515441285 0
0.540479555775427 0.571084048854679 0
0.527869678025756 0.557411599107779 0
0.527830952439031 0.552451814118234 0
0.519367554997721 0.5674675995604 0
0.515032323588383 0.564990717207461 0
0.519358706153697 0.562477918908633 0
0.523776443187325 0.580144725984291 0
0.519413904035922 0.582722863606693 0
0.519372953244266 0.577563141609675 0
0.532546021936251 0.585204623755308 0
0.519486252713553 0.588058368518856 0
0.515068584904633 0.585305760099964 0
0.524290805835958 0.602058896757524 0
0.519993744126892 0.604413108849281 0
0.519610133794492 0.598952830946868 0
0.510715419362793 0.587947950497648 0
0.510706354073793 0.582716046563234 0
0.538414042515222 0.611606033384378 0
0.533504506862858 0.608850544315649 0
0.501908629822486 0.598658492362772 0
0.49764787299318 0.596251930055975 0
0.501929112843716 0.593349279450123 0
0.550799274723505 0.595413375274656 0
0.923029693437873 0.576021260069279 0
0.502930924309701 0.609223684968328 0
0.518770706824486 0.615270945945191 0
0.500073518454665 0.622866187910566 0
0.513669860253572 0.633373242592234 0
0.511592282950517 0.638149723620814 0
0.538793021890635 0.643059668078058 0
0.537868235733543 0.632930496375054 0
0.542795451368018 0.633771647028826 0
0.550008826168306 0.626239881381002 0
0.550117836114316 0.904037967665206 0
0.545102208621766 0.897291099886416 0
0.522201239133757 0.899084009980719 0
0.550080907434895 0.824402387612029 0
0.55014854074604 0.845159895141511 0
0.543817060073876 0.888071302624523 0
0.544580357848068 0.883106808680581 0
0.549861693536086 0.885643877168473 0
0.539550611776757 0.880812027876333 0
0.52524490838439 0.878124984856622 0
0.525614020958714 0.872800033651981 0
0.530345738560469 0.875553161679687 0
0.550883746536177 0.864994107798052 0
0.525718934601137 0.867645233951615 0
0.540621240504582 0.85952240905665 0
0.502086727346848 0.865637827215357 0
0.525583125773039 0.857762831523083 0
0.525968097247566 0.85284445579389 0
0.530190027968857 0.855322803942438 0
0.521430242050113 0.850261913632968 0
0.526801156132069 0.848021345041405 0
0.507507045063815 0.846294905509937 0
0.509068464389758 0.841312306272232 0
0.512923536258509 0.844561789290768 0
0.527279059655069 0.842970230272548 0
0.531697816510163 0.845742675113489 0
0.523676427015055 0.829990723015511 0
0.528058577917847 0.827541583958795 0
0.527953875080601 0.832650426602494 0
0.51094891852673 0.826516612016801 0
0.515165985238016 0.824436675672843 0
0.51022376400891 0.816656220469359 0
0.550089896578687 0.834944984775967 0
0.500681137916004 0.834962588877001 0
0.502439177066627 0.830344244006995 0
0.540708883738258 0.820127806101526 0
0.52815054938448 0.817386912601739 0
0.528133004647382 0.812424190310903 0
0.532680871984634 0.814894116782113 0
0.528075627457136 0.807387756584962 0
0.509742632430647 0.807058902753698 0
0.509977386608901 0.802246597000535 0
0.514496261460455 0.804802435302651 0
0.528061676952118 0.802158849111013 0
0.532412179818766 0.804780349696383 0
0.523832946809785 0.788942626938152 0
0.528172002631976 0.785860472457442 0
0.528182184318781 0.791486521863308 0
0.51049710447733 0.786833069834948 0
0.510316312903775 0.781655700377275 0
0.514986749917063 0.784210990305488 0
0.54999369482422 0.79490538752229 0
0.501735995429151 0.797017692498832 0
0.502233435476455 0.792168349085318 0
0.505681492613575 0.778800771567914 0
0.510071955718608 0.776322976342454 0
0.541155971395771 0.778357616836169 0
0.545533161039937 0.776190774322225 0
0.532103860107361 0.914342074664047 0
0.540930391628411 0.929543481533625 0
0.527454456244884 0.916327499963714 0
0.54124328279623 0.950926942061922 0
0.528711991893684 0.93708464891571 0
0.528112830449012 0.931869134856615 0
0.550535859685042 0.955471405186331 0
0.518546532021625 0.947450226065334 0
0.513891777169653 0.944815048020925 0
0.518949332333305 0.942241304758173 0
0.523378474882533 0.928997448358113 0
0.527658739768832 0.926561613840467 0
0.52310508955865 0.96047621696691 0
0.518370435113773 0.963148455802271 0
0.518032464439747 0.957936855091652 0
0.508579415080998 0.947168576530333 0
0.509283848637178 0.942189016145061 0
0.533574339748611 0.96519556769926 0
0.518873757074032 0.968444072691627 0
0.513738476428978 0.966455490551613 0
0.54167488636513 0.969257178985956 0
0.523919814168 1 1
0.521563607679029 0.994973516831073 0
0.550346056870305 0.975148405650091 0
0.540351982990669 0.980285886965498 0
0.535848390553169 0.97783495149579 0
0.558914651632007 0.982960050270526 0
0.553511682067506 0.985692140503113 0
0.509023439982288 0.970644277834831 0
0.508476557109471 0.965773735293015 0
0.500670286251254 0.984144043326357 0
0.49518138357642 0.983428269764053 0
0.499270004673606 0.978829148273117 0
0.502345574956567 0.961198627490779 0
0.507211694628378 0.95732609981387 0
0.485270443098179 0.896046353540994 0
0.504527799834996 0.89152336160342 0
0.493459262642528 0.598890164163046 0
0.493430723445581 0.593403973615851 0
0.480285953508564 0.605166885767594 0
0.484782224046093 0.603349953363191 0
0.485477028495179 0.623156450469989 0
0.467498764568608 0.619391101347994 0
0.462919420465889 0.616602615719609 0
0.471639185050263 0.599102202579375 0
0.462510559144206 0.594162896806344 0
0.481218227835656 0.595356288183005 0
0.471563983369184 0.580167608310183 0
0.452820057209551 0.621391866017453 0
0.447213275771032 0.623993574524789 0
0.462068113574421 0.575004062169902 0
0.463281143709379 0.554483850141114 0
0.448928617196549 0.634649824697048 0
0.534119387750978 0.00432823554806744 0
0.5377672797252 0 0
0.534774379612077 0.0393750995594663 0
0.52995788258499 0.0477461283179925 0
0.509203308080679 0.095219441249255 0
0.507758575799527 0.0175317965170229 0
0.515309778174095 0.105289223513437 0
0.528345970147064 0.0127149344664437 0
0.518072727990573 0 0
0.536615084870993 0.166879880229516 0
0.483994070505929 0.135825006914269 0
0.485697099036233 0.150834717166037 0
0.532009988319848 0.157384685161858 0
0.510462403127658 0.113693157680558 0
0.482632830973052 0.106440159407409 0
0.466204903733279 0.0836154768830181 0
0.464485546354062 0.134135516956931 0
0.470832345903309 0.138948610067271 0
0.467182648283914 0.143071715079583 0
0.530498403172233 0.249948134089242 0
0.532537960801315 0.254682659817137 0
0.482459506952863 0.272287782879477 0
0.478496700263319 0.131176745992624 0
0.483126965713824 0.127631975959275 0
0.484487434583912 0.122704102832959 0
0.480055900315541 0.160028945944885 0
0.459710007757247 0.305146095579614 0
0.5235581788152 0.0869813892268765 0
0.512430100602205 0.269676228100109 0
0.485422467411301 0.285307381322242 0
0.559532291032481 0.226317453925871 0
0.502134003935947 0.232286766877036 0
0.456292127292066 0.142900055253795 0
0.501756922582195 0.269252423737336 0
0.461859266418384 0.213824040857855 0
0.544371193624758 0.263944947325137 0
0.542161501127607 0.268752264360985 0
0.537633803637425 0.264392838079422 0
0.561974144470195 0.210414100319927 0
0.488468429462148 0.293704910734006 0
0.48566460471172 0.315753835484147 0
0.436112012520616 0.0882504511431807 0
0.452614118528673 0.119473020839725 0
0.454070938712128 0.124493976818003 0
0.504717283426701 0.0131551200409284 0
0.509813100948465 0.0128118458969232 0
0.494280382286949 0.00462431064616539 0
0.49771405739475 0 0
0.499309970039271 0.00446481895231511 0
0.545827897133161 0.31849987212768 0
0.46852116345472 0.0409412535021913 0
0.473002859013182 0.0430066472492034 0
0.460403750093514 0.286766673529238 0
0.479194024217223 0.263056597282352 0
0.493123962546599 0.32099494484334 0
0.495866226230605 0.316467952527204 0
0.460490310145728 0.104419194575475 0
0.645060234603346 0.260405770224885 0
0.451763291497068 0.0922837750546243 0
0.447985157231506 0.0876338404134298 0
0.456184482806165 0.0826463744003897 0
0.551821216799704 0.326230878629348 0
0.553687376331875 0.331140367926644 0
0.489096542515388 0.34048284510281 0
0.551415667522855 0.375019834244501 0
0.544528054664994 0.383306703529457 0
0.541097182051246 0.387806521665185 0
0.477377717748053 0.341733356841578 0
0.483745849521137 0.348670086323796 0
0.469586640716817 0.353401630951917 0
0.484196265340314 0.377165572552629 0
0.545779938543479 0.397297844688849 0
0.547993623350705 0.401229269236375 0
0.490959411767239 0.417105747585894 0
0.487847104860139 0.461425165851521 0
0.48599371778335 0.465870173879156 0
0.500028800735365 0.460972393887425 0
0.488690529013625 0.469973219725474 0
0.467627314046919 0.410070211441139 0
0.551086141165504 0.435852479798393 0
0.54821397112944 0.439756818625729 0
0.529894240163409 0.449450243346865 0
0.511803170723608 0.45178609124637 0
0.462739099941414 0.362500908701417 0
0.45635226236851 0.40986721170024 0
0.473825481968446 0.483205159802515 0
0.48011175212408 0.415566989842473 0
0.478429432932868 0.49257481722762 0
0.464009264969067 0.506432185947777 0
0.459469811393874 0.504101295033373 0
0.540937664536222 0.447111447838246 0
0.537013068769722 0.44256566051108 0
0.493009622925094 0.478522715323165 0
0.559262005162231 0.457633212009629 0
0.831051245482454 0.113066544815676 0
0.453711355319041 0.50808085626087 0
0.471197180634209 0.520842647971544 0
0.468439379911701 0.515857486807421 0
0.489437231076908 0.369531920499683 0
0.480576526001956 0.0357338244482978 0
0.4843580926855 0.0288259510194174 0
0.514684428578227 0.476731809261026 0
0.475259415308206 0.327209005743793 0
0.472271096442341 0.331516738103168 0
0.54543373646182 0.277434413500698 0
0.547369359797206 0.282363016112607 0
0.483431316880283 0.014666845030395 0
0.488646735379265 0.0140795856004619 0
0.486244480149322 0.0189829414223841 0
0.459658895746533 0.0281799871133622 0
0.463631509885135 0.0232489284237333 0
0.465682430942879 0.0291366440557484 0
0.486943127094609 0.509235721878597 0
0.489911442968278 0.512923062225111 0
0.464106573690332 0.804339237371549 0
0.956308135879926 0.178541118603271 0
0.458269363682272 0.793398035576648 0
0.473208200423852 0.805990376165146 0
0.452513762162714 0.78455866171508 0
0.458115400217861 0.783583164244896 0
0.473480643446148 0.782706097259243 0
0.478751733621293 0.783073522428858 0
0.479002524303689 0.804653154881226 0
0.477378318469994 0.809486646225059 0
0.447620273659359 0.774179861924863 0
0.463310922684954 0.782614715545214 0
0.490180901938273 0.8036954257949 0
0.493399748176256 0.783498772066048 0
0.49780206255857 0.783897408390611 0
0.442440877413015 0.762505582648054 0
0.447989735754491 0.763167903401575 0
0.420330538896325 0.76542588497172 0
0.55013552492955 0.483969677500329 0
0.531721063742479 0.494402221685328 0
0.544906343453799 0.476747100368886 0
0.540928683080256 0.509903565761127 0
0.526811902067451 0.496738040694468 0
0.526389886782358 0.47957472404074 0
0.525408874722722 0.474687643091253 0
0.531237919301382 0.514793305300829 0
0.516211940654404 0.511185399537415 0
0.515687037222183 0.516093282207881 0
0.498692056521119 0.508778400492771 0
0.496396479925383 0.50399346250596 0
0.526117343487992 0.516936554073569 0
0.526434603635482 0.512108768499507 0
0.544865370664607 0.471368074605133 0
0.549963891448898 0.473280658726773 0
0.482774542471256 0.756354532711213 0
0.47973510515354 0.751152299416127 0
0.527410210766772 0.537053693975215 0
0.526949322630837 0.531847682409465 0
0.519226549730999 0.547304231490363 0
0.514863991009029 0.544803630097885 0
0.51905401587339 0.542162403507197 0
0.521982240557551 0.529115516823902 0
0.526431781916904 0.526769273818115 0
0.510633891076874 0.547418014419155 0
0.510478214591609 0.542345787387385 0
0.501982921174849 0.557482901775615 0
0.497598900057524 0.554971580250895 0
0.502021574368874 0.552489176278864 0
0.506146610138116 0.540022588750849 0
0.510070965859189 0.537222123315057 0
0.506354752241591 0.570022836073568 0
0.502025054538311 0.572537769984596 0
0.502011472044166 0.567494191693983 0
0.493026908950312 0.557407339678215 0
0.493137496506719 0.552427648439543 0
0.497825800844098 0.535727412222568 0
0.502027727981185 0.577652895237241 0
0.497700523699095 0.575068614586521 0
0.488675014647228 0.549781900737025 0
0.493363016694986 0.577616270593125 0
0.493362684576717 0.572492591369834 0
0.476605731618998 0.539553986452338 0
0.484715667347719 0.587877372101659 0
0.480323688266802 0.585281474960536 0
0.484620758488132 0.582584238680804 0
0.488983875405486 0.569885605305863 0
0.493261494343639 0.56739856289534 0
0.472494097786334 0.536962966344227 0
0.477208144640289 0.534493073999165 0
0.513893156300163 0.534378979408108 0
0.503907983169816 0.517556981861907 0
0.484896672488085 0.522464031467824 0
0.54055432085488 0.850779010905636 0
0.504100423532596 0.75300333476025 0
0.501264047959824 0.748376443887175 0
0.488396846360185 0.490417779675546 0
0.512535448156549 0.886134710090197 0
0.507071998208325 0.883425408743457 0
0.515868434764789 0.882266828309509 0
0.478221443778764 0.956159687788596 0
0.479179414929162 0.961183091967783 0
0.484213050451044 0.963058948186775 0
0.479574832115681 0.966006292369089 0
0.479522869448232 0.97106824896326 0
0.550973264548455 0.784065832811538 0
0.550736485677102 0.805298194240503 0
0.547197671484102 0.765967237581468 0
0.552115835417805 0.764972109051271 0
0.546167000673129 0.756717809172065 0
0.554546997747261 0.752358696566564 0
0.556375532318931 0.757252358878288 0
0.513226345550038 0.995362059381767 0
0.517359026340486 0.996302340733424 0
0.5148803924832 1 1
0.461303904078548 0.0173369733072593 0
0.467243593725416 0.0179024938008196 0
0.492714444181978 0.869774945752191 0
0.494992781153707 0.874197555747641 0
0.496649490614136 0.856447993328126 0
0.503178807093619 0.856302909533384 0
0.499169753380558 0.860920386113038 0
0.45895990701629 0.75122366920283 0
0.572414695445573 0.981377859300024 0
0.565335478151027 0.980806390438691 0
0.423917703818419 0.0385296824214495 0
0.458367824593361 0.540568561004955 0
0.463257345506855 0.54322086164346 0
0.498887492681903 0.653039648809138 0
0.475028733992365 0.646732938666637 0
0.477213190770261 0.651372883319096 0
0.517098189951291 0.647020158913999 0
0.520049895351037 0.651587430227754 0
0.473582405648391 0.99545910528281 0
0.47871891090726 0.994808220600747 0
0.476558791045 1 1
0.467209253984235 0.984802630547665 0
0.478716151029113 0.984971152461781 0
0.473246616883558 0.984921719313984 0
0.47604428704634 0.98061041763055 0
0.489173667937797 0.994481726461185 0
0.486440161495 1 1
0.484055144879358 0.994660371668079 0
0.528200518149951 0.780085710866529 0
0.53229054615299 0.782691869410146 0
0.513938868190664 0.905155767787525 0
0.517312036369898 0.910138365162188 0
0.506309612735077 0.929213271839025 0
0.501059351074988 0.936893852272172 0
0.497490164064893 0.934053567997602 0
0.474377955831413 0.525254839539445 0
0.468712379938931 0.526997150856965 0
0.461954896782979 0.641680428514582 0
0.556094721349524 0.592373237882164 0
0.55643639253075 0.597654987129032 0
0.447838232685814 0.750443133104678 0
0.442513705932766 0.751577147722913 0
0.522487992828657 0.623512421227871 0
0.51789237930713 0.624526302761274 0
0.524394171217077 0.980350945303453 0
0.52877880603131 0.973329500267879 0
0.52978756795064 0.979153745920988 0
0.467349769650317 0.00593168291845173 0
0.461852351857095 0.005775982391763 0
0.555951952261671 0.582160602747607 0
0.544075504449258 0.613971845328508 0
0.539929041385307 0.617424882442346 0
0.479867533302211 0.772300071760705 0
0.474563363865753 0.772289120305217 0
0.477476063866745 0.766988431829894 0
0.505236422809281 0.767953177883304 0
0.50025462954305 0.770283269194556 0
0.500598492373932 0.764548709216573 0
0.51936642017124 0.776108428014918 0
0.51450684643447 0.77386062320263 0
0.499231021593496 0.632292957126414 0
0.504612644510544 0.631810214060131 0
0.477746270274157 0.628311309453398 0
0.47624380932474 0.623537336779713 0
0.54116692978578 0.4564777051187 0
0.54299359999341 0.461278024176528 0
0.521638212855155 0.461194672697176 0
0.521254694844601 0.456627183833465 0
0.439035992332291 0.662960490334543 0
0.447114440646036 0.523609302278357 0
0.46237787572137 0.732953082501804 0
0.524815769847493 0.732255337093418 0
0.49108041869645 0.736438486641127 0
0.49794684828858 0.744529447067835 0
0.470635184063822 0.736940587746486 0
0.47674871683779 0.746236600514701 0
0.552226618105481 0.741937803227165 0
0.50907777347382 0.664060657815649 0
0.502111385467285 0.656557747345379 0
0.457751483511444 0.655908457847611 0
0.520332907016616 0.743952382662621 0
0.479268305395307 0.655710825608875 0
0.525053666067217 0.651927384167359 0
0.524319833726553 0.642497348656955 0
0.529156779128511 0.642742973808139 0
0.504188371617347 0.651863001650392 0
0.503912705556498 0.642372651736302 0
0.50904491562483 0.642538399899464 0
0.506495903416269 0.647163905779162 0
0.495819450650912 0.749826248601086 0
0.496803363181086 0.760425457896758 0
0.491405629418343 0.761404270092118 0
0.493617222637781 0.755487986015895 0
0.517407629082179 0.747811062628731 0
0.512035384535806 0.755959653888963 0
0.514573004022322 0.751744497754356 0
0.542646747330179 0.747848634310274 0
0.537834591677354 0.74730418668793 0
0.536404622681078 0.758601082313071 0
0.531520260467022 0.758483369291259 0
0.455220325381846 0.651660608122373 0
0.46105155174897 0.651403578752094 0
0.467277859661989 0.641468450011717 0
0.464268848538763 0.646566742113158 0
0.474496386800739 0.75135209090947 0
0.474826125620548 0.761767768477978 0
0.469509815860168 0.761842832354704 0
0.472062393722441 0.756546453531389 0
0.482629795723597 0.65150428534167 0
0.483601336845882 0.642400652562634 0
0.488842195563401 0.642413933665661 0
0.48592987102475 0.647143990275078 0
0.460885859036587 0.935368606678483 0
0.467091930845646 0.917801558303776 0
0.466598885325124 0.935210893789652 0
0.47735007377552 0.935011644125706 0
0.472070551881199 0.935053793921676 0
0.462325929779721 0.899471111428705 0
0.467051941216342 0.926558914063931 0
0.472304490455077 0.917776593583252 0
0.469647488169683 0.922142596217169 0
0.482543904980779 0.935052993940676 0
0.480048481208539 0.939301551817946 0
0.485512659827411 0.94822806309012 0
0.482827275179026 0.943695329375978 0
0.474960099302923 0.913431964474931 0
0.477474593148368 0.917744701976332 0
0.487857370647442 0.917750514499969 0
0.482639251574284 0.917723555391279 0
0.487625280073354 0.935004150936366 0
0.494583600972687 0.930348342726435 0
0.492598999909709 0.934728633136668 0
0.472387148660843 0.909094594030557 0
0.477584643710162 0.909103160108536 0
0.48273257995751 0.900398186111967 0
0.48018480156505 0.904760085267966 0
0.493158063191818 0.917847150210713 0
0.490251683940847 0.922038090181542 0
0.492464563009758 0.926250005340196 0
0.469803999303285 0.904713902861002 0
0.467310705029549 0.900099587242272 0
0.496178893123148 0.913711336230514 0
0.498602711554451 0.918168732262916 0
0.509431655239044 0.920139620318106 0
0.504098205437643 0.918859992317818 0
0.493566617762826 0.909263319220077 0
0.499187110323501 0.909499385432004 0
0.504961424440312 0.900591066713013 0
0.502128063290514 0.905138069098848 0
0.474796564457101 0.878879945677326 0
0.477007487301339 0.883252377974686 0
0.490841046822155 0.904844811324758 0
0.488087707412636 0.900433063592829 0
0.461163763487348 0.866107522054003 0
0.477989870414673 0.87437257540863 0
0.47853095196105 0.865600010457789 0
0.484308847528031 0.865485335388062 0
0.481149492900037 0.869911003888643 0
0.467034421170226 0.86585924178209 0
0.472808926019731 0.865693430849886 0
0.461402700574604 0.857194165163822 0
0.46732003258252 0.857144316886132 0
0.472934725570971 0.84842556076406 0
0.470114426943784 0.852764516641603 0
0.475646725852731 0.844090160282711 0
0.478565270700516 0.848309411680608 0
0.490138270811927 0.84771302948975 0
0.484298801782002 0.848085254140202 0
0.472767645459675 0.839826978546029 0
0.478104995709226 0.839742851955642 0
0.482328764342961 0.831147108277343 0
0.480337852681705 0.83538350517962 0
0.467250776024725 0.839751873823946 0
0.470032040764764 0.835470322933233 0
0.467339442537679 0.831013259489788 0
0.492358890539267 0.830085384315517 0
0.483406596806066 0.822648402346342 0
0.491547327977994 0.817941507488759 0
0.479869686401549 0.818248260742846 0
0.550579479222691 0.514855087448527 0
0.550431019463259 0.535616852875702 0
0.541114726175517 0.530222897937875 0
0.540348178571111 0.540067954383153 0
0.532307611580818 0.545225371499332 0
0.550581784905566 0.544246551928684 0
0.550759814054129 0.565902800465742 0
0.528023143067782 0.567249178504269 0
0.528123514513877 0.562262031824435 0
0.519323383705961 0.557467456286078 0
0.527992093792241 0.572348323112957 0
0.523690477931557 0.569910149694739 0
0.519361110723769 0.572496798563429 0
0.532406864439365 0.57477426509711 0
0.528103858776777 0.577456969968006 0
0.528223323758575 0.588068101053724 0
0.52821104912236 0.582641868408102 0
0.541165237384062 0.579863724023631 0
0.528318152826547 0.593675285754651 0
0.523889888737849 0.590795874039142 0
0.515154041323903 0.59605853072233 0
0.519543517288184 0.593451418806878 0
0.532773741234456 0.596560275538689 0
0.528546529498125 0.59943808965245 0
0.529092458674771 0.611444782407232 0
0.528853349202271 0.605388178619433 0
0.510684555495118 0.598220479693487 0
0.510713558851975 0.593139306816071 0
0.501989722407823 0.588029487640979 0
0.506317168045514 0.590580294995394 0
0.537260551691124 0.59934324525277 0
0.546849774024356 0.604283162135269 0
0.54191451927332 0.601923546987822 0
0.510226178661744 0.602608968519521 0
0.506138889506038 0.600846819961554 0
0.497973147034717 0.607134570397737 0
0.502149641728992 0.604009300590284 0
0.541433818048407 0.59039201241915 0
0.55065458505344 0.584757161010193 0
0.509667568967788 0.613951126008136 0
0.52409250667803 0.613279999513945 0
0.508425408563186 0.623135453536144 0
0.515517433906932 0.62894483473769 0
0.521722018461634 0.637560474723995 0
0.528894780611205 0.633609413741941 0
0.53314375341996 0.632846619502705 0
0.531930377396927 0.622098765711733 0
0.53682913064396 0.62208553207986 0
0.546524042646438 0.630160410503705 0
0.552153421029877 0.606649350101408 0
0.549842496020959 0.934561689692413 0
0.550038466545626 0.914579510588806 0
0.541851082011747 0.910280620114187 0
0.537382019959428 0.902068185120057 0
0.533608808872799 0.894185844792521 0
0.528742131512585 0.906731296037743 0
0.550561406446905 0.85500266472501 0
0.549387836470652 0.894403141667647 0
0.543655886773128 0.893107360839992 0
0.533705502273362 0.888932136285118 0
0.538661337731705 0.891344280682802 0
0.528722732204262 0.886487125075624 0
0.534890147532609 0.878246682359279 0
0.549767926256114 0.875433535402254 0
0.522840669551026 0.889433985103062 0
0.524289748450947 0.88366223782375 0
0.515963970764657 0.877703415694447 0
0.520373278618153 0.880410827365036 0
0.54060611726013 0.870109549546159 0
0.515654269021181 0.872762045591938 0
0.515356106621781 0.862864984379783 0
0.515025618115227 0.867744847622015 0
0.530836766428915 0.864889647231061 0
0.50600433552871 0.874827437646215 0
0.52572332967326 0.862611774880416 0
0.515741380768745 0.857501256388608 0
0.520555466704748 0.860240311048205 0
0.510049705881103 0.854944854599527 0
0.515961778356032 0.852561420847122 0
0.518083605810802 0.842506469038582 0
0.517023909125134 0.847544227774608 0
0.505603097412892 0.851261576471701 0
0.495923960750691 0.847585640448978 0
0.498497897864089 0.843372291455515 0
0.501839040311817 0.847336210816165 0
0.518839481292609 0.837444314533189 0
0.523024458518287 0.840244830363875 0
0.532215897450824 0.83530628137269 0
0.527702764000761 0.837818516880953 0
0.514758389736752 0.834497767580754 0
0.519280701237551 0.832342756605159 0
0.519401067659704 0.822193978615477 0
0.519439221059241 0.827252818601451 0
0.540886646245244 0.840424021670236 0
0.51007802430545 0.836400519585644 0
0.506726063034651 0.828526256604904 0
0.501968977349952 0.820955077561223 0
0.499889707388599 0.811388085477114 0
0.541149932057559 0.829966889436165 0
0.81289550168848 0.736289367719425 0
0.528108487643869 0.822444115922838 0
0.519254471956187 0.817196913107261 0
0.523737703036713 0.819838752377076 0
0.519114848899967 0.812266572133123 0
0.519131189829201 0.80233485166973 0
0.51906337793623 0.80733639156973 0
0.509834352669631 0.811859804115212 0
0.49979296956764 0.80652226141807 0
0.504836978413974 0.809220256323802 0
0.51928242332949 0.797198851964056 0
0.523687478566369 0.79970540611357 0
0.532664178750417 0.793854223962159 0
0.528159782860156 0.796857518813311 0
0.51489044699019 0.794650709627266 0
0.519401740238627 0.791939153668379 0
0.519471602646833 0.781198923220673 0
0.519466125434751 0.786574613772774 0
0.541026482466501 0.799731931286442 0
0.510354212794827 0.797215109337822 0
0.510527299909149 0.792077828339349 0
0.501326866003407 0.787045576743866 0
0.50612666952764 0.78943042922782 0
0.542159265292633 0.789555342364793 0
0.500640146312381 0.801650071404436 0
0.501560343756261 0.781472098626556 0
0.495847471153525 0.773532025591954 0
0.500897205633094 0.775981275592731 0
0.536743137087451 0.780245097742609 0
0.532937259748181 0.770944771114098 0
0.53748756673303 0.768562758867912 0
0.541184787936783 0.919508684747539 0
0.532065983067771 0.924128434119411 0
0.518407541244911 0.920325024318069 0
0.523059617205277 0.91841479998385 0
0.532746953304036 0.945317492290619 0
0.550386180199398 0.94480238609521 0
0.528093279501613 0.947586907657211 0
0.528685579929575 0.942207578337122 0
0.519138333785334 0.936963712338621 0
0.527562890729241 0.952720478964052 0
0.52320973759439 0.950063429287303 0
0.512884629678473 0.955262415930358 0
0.518209394056394 0.952688941764317 0
0.514658639983506 0.934220057057024 0
0.519079670035951 0.931516692248662 0
0.514156988779308 0.922569133127262 0
0.518766400359002 0.925911283684118 0
0.531614233269905 0.955214371238802 0
0.527644455895778 0.957843709062449 0
0.528443238770732 0.96788602563385 0
0.52835114748961 0.962890782192427 0
0.507985182787101 0.952145580190468 0
0.49726876582402 0.951020335687576 0
0.497993218225409 0.946423558050582 0
0.502972425421973 0.949139447329619 0
0.541291785711068 0.960281056629928 0
0.523985491670811 0.970708419891368 0
0.519706888092802 0.978566463103296 0
0.514661260346415 0.976818416686594 0
0.519362078079435 0.97353437922107 0
0.551462960276701 0.965223563681562 0
0.53143281545699 0.984884566758075 0
0.53913491974487 0.992133640528905 0
0.534591686311 1 1
0.533893171599939 0.992561185334292 0
0.548199521605259 0.985951174912482 0
0.511492752356487 0.431233144991992 0
0.542819700168597 0.995648437007092 0
0.562540143100896 0.99404320286975 0
0.510217527720974 0.980640366661361 0
0.509508366679219 0.975524587897846 0
0.498844804096898 0.973919910866377 0
0.504196758174748 0.974675970701417 0
0.511269762651305 0.985718180918998 0
0.505973024363875 0.984816528811835 0
0.504114693498291 0.994740788397435 0
0.499186946551405 0.994544099948719 0
0.502193419834791 0.989425733064719 0
0.49329250956741 0.968022276436322 0
0.497701334500736 0.964508621371391 0
0.492349560246557 0.953810207748405 0
0.490685378115173 0.887312126351395 0
0.493462235344534 0.891652784770846 0
0.498394800875864 0.883021589890246 0
0.493475404190787 0.610042582918252 0
0.493490127792077 0.604466405828504 0
0.485068358208739 0.59822020931424 0
0.489217373632758 0.60135658323525 0
0.488806075737041 0.612244197396168 0
0.479695821539096 0.61550036901415 0
0.48411567854208 0.613826228316256 0
0.495174224809926 0.621677529714733 0
0.489515008845691 0.632437570826207 0
0.471543855894801 0.610383632015546 0
0.471841442587178 0.62172416713591 0
0.468860522463605 0.631357670157671 0
0.463892778616488 0.628867669658049 0
0.46268635756885 0.604984610407016 0
0.472370766125807 0.590588276507635 0
0.462197626192778 0.585223302764341 0
0.457934454381991 0.61908273152496 0
0.459036292945784 0.631235155585488 0
0.470573808570056 0.57026702800877 0
0.479714343239426 0.565504415683126 0
0.531497171547668 0.00838988100964462 0
0.522800086047616 0.00520356172597178 0
0.527771619177252 0 0
0.524573907161854 0.0383481569610724 0
0.519747233212849 0.0462052449183598 0
0.513714103215457 0.0860845034548839 0
0.519492345902005 0.0962269597620692 0
0.5029280592318 0.0264519626410726 0
0.497095784361198 0.0177681008053236 0
0.505182301356118 0.103852393409624 0
0.518954870984196 0.0131704200228815 0
0.5126270244888 0.00842004778193993 0
0.504731629156274 0.00437092689530042 0
0.50776350088311 0 0
0.53207324344476 0.175483043286778 0
0.525355643375652 0.166932579414929 0
0.487370306746759 0.142390992708348 0
0.478555281114098 0.143934047264726 0
0.47471838674371 0.15176435314948 0
0.500835390670344 0.111681919848646 0
0.48843410582547 0.113887757070729 0
0.476587427359345 0.114829811144289 0
0.462724071515627 0.0920077012108443 0
0.455088088361362 0.222415966909375 0
0.456051366100744 0.134262498224673 0
0.46359246741004 0.117714436028303 0
0.469926120574011 0.122984847000101 0
0.465689924910078 0.125568516618633 0
0.511060794757582 0.231195044564442 0
0.540269601462164 0.248878887255378 0
0.543773785788125 0.254199433368544 0
0.534840309086406 0.259540557442739 0
0.489336928853366 0.263829025338021 0
0.474522530295795 0.13489195858004 0
0.474495386001334 0.119614538175033 0
0.486298211879642 0.118342877804019 0
0.469123322754924 0.159795500433492 0
0.45413366223227 0.295352176858434 0
0.465801329547497 0.296767234068966 0
0.515535567410862 0.27869301795747 0
0.506133965474016 0.277714160406651 0
0.495872857620058 0.285974711951559 0
0.553829623974594 0.218204659793324 0
0.555493782712751 0.222546657967811 0
0.570335419559046 0.220306918478832 0
0.506340115334776 0.222509723801286 0
0.549944867213961 0.254099775312053 0
0.547160148577673 0.259266704691533 0
0.557327890199473 0.214165409006663 0
0.479413297349858 0.293999415072935 0
0.491085459793801 0.307758777418111 0
0.442898274538939 0.0891868381430538 0
0.443380168746179 0.0998982686558094 0
0.450006807037853 0.109117756667355 0
0.45109342041481 0.114408300194174 0
0.462873818863731 0.113293626296528 0
0.494033745998138 0.0135883918581098 0
0.499402299036508 0.0133407900885413 0
0.501896043798854 0.00881827201207061 0
0.491196732716227 0.00928733001293995 0
0.483753350819004 0.0049995612559358 0
0.487210003929404 0 0
0.488909831097624 0.00475130069710375 0
0.548848077216421 0.288598374502686 0
0.458568831300662 0.0392247599101442 0
0.463656945695388 0.0395873653088114 0
0.470666417983475 0.0309698894688762 0
0.485251984967367 0.253857615361915 0
0.486317329062172 0.328441851700404 0
0.489859507976683 0.324715227874559 0
0.482293972435159 0.319535910486532 0
0.461436369033951 0.108707070690058 0
0.455299095359691 0.0960214944415833 0
0.548849677669703 0.322484673044818 0
0.494562272877406 0.348808687227182 0
0.548318441326813 0.379341975735919 0
0.48327383118291 0.332486407048757 0
0.488759149680869 0.357112834924087 0
0.459161882865884 0.351743403370887 0
0.493696204920366 0.37867202293229 0
0.543644842385142 0.392609989714658 0
0.483567366656827 0.424169736171008 0
0.492359413488462 0.452608639043037 0
0.490134574330115 0.457177511951294 0
0.497874086953442 0.465636529885998 0
0.502273662330604 0.451469620323505 0
0.500705142648504 0.47043067359892 0
0.490958567787992 0.474127754641309 0
0.462759399725422 0.400648769467803 0
0.552290881516115 0.448482723310552 0
0.527212339699828 0.440849463517575 0
0.510727463841273 0.462226257422262 0
0.480098979539824 0.474461494645288 0
0.485194478357557 0.482540523389141 0
0.48585876592253 0.407800046159304 0
0.475600512506664 0.488126621830585 0
0.473855483542696 0.505493389803975 0
0.469006533693599 0.505606588535429 0
0.462961643496691 0.516104181940607 0
0.749572988209076 0.722284766398853 0
0.53053974095573 0.454774051607323 0
0.504649653148169 0.478547806688027 0
0.45885992652997 0.521903569971677 0
0.448752010989731 0.512840208868494 0
0.47636782269702 0.510139195012829 0
0.481877063431811 0.518592337027663 0
0.479042480242921 0.51448295163409 0
0.499498585144734 0.370312339173142 0
0.476907939686835 0.0228079499987528 0
0.511289288905738 0.467065599491407 0
0.51239918887407 0.471951025651639 0
0.524012414248273 0.4699230542272 0
0.478524856413031 0.323259091073235 0
0.62667442156336 0.726973004755412 0
0.472854223945416 0.0176682557422432 0
0.478096071855006 0.0161443006276278 0
0.478514977151713 0.00533045047214483 0
0.480577201528939 0.0103750508763743 0
0.45290673973489 0.0387475258260734 0
0.456296856400527 0.033622247043428 0
0.453352898535768 0.0281213043875778 0
0.48139381150501 0.50084112539254 0
0.484056355188879 0.504998600030975 0
0.49327940333409 0.498899825134293 0
0.561697343188966 0.676169175218752 0
0.468050393019969 0.794145111670139 0
0.47766969987409 0.79548470196342 0
0.322505312463274 0.673228334934449 0
0.439594081750573 0.786764128130234 0
0.453287738326493 0.773646491466351 0
0.46853855082754 0.782514315502454 0
0.469274583718686 0.772340369815677 0
0.483146550903205 0.794247646390991 0
0.481075969692743 0.799636127536486 0
0.484613117255497 0.803894979683092 0
0.433338587384045 0.774544034457933 0
0.458682048035501 0.773050962166812 0
0.463964806798218 0.772557241706716 0
0.493785673575915 0.793344862588235 0
0.483617623286064 0.783554511321499 0
0.488662318814827 0.783457176351985 0
0.490690513372438 0.772431077524791 0
0.42845727619578 0.763141396394417 0
0.435580315348618 0.749201483817997 0
0.549903670178665 0.494361146485166 0
0.555321385417772 0.470245440750786 0
0.548941132086309 0.462194980582354 0
0.541396197082826 0.490013904786906 0
0.540788746661388 0.49963926342335 0
0.531648749459578 0.504739166280235 0
0.536101869782947 0.482239734987312 0
0.534770548187413 0.473087065186889 0
0.526830193855719 0.507122849346838 0
0.527023845134464 0.50200163887576 0
0.51816279312623 0.501924515365458 0
0.509849877182753 0.7199844741509 0
0.522305986814552 0.499259369578951 0
0.657844032445575 0.68449033458424 0
0.515779533521442 0.484856259753915 0
0.540959996445046 0.519980969316976 0
0.531196478968507 0.524552978913817 0
0.515515090385471 0.492913794808475 0
0.672588634264097 0.714472275596176 0
0.517406865101738 0.50675578852441 0
0.501218473967965 0.513008073914304 0
0.492624901402732 0.516925822310686 0
0.526091437804226 0.521815902160376 0
0.51597353551857 0.521121684359977 0
0.520939572029534 0.519013054607491 0
0.534000266485396 0.468366076723554 0
0.539459254343194 0.469802398837402 0
0.544292716516024 0.466218795121747 0
0.488651807080629 0.766921546911632 0
0.485761581538135 0.761559593051816 0
0.480247983403746 0.761662283190009 0
0.527986342510121 0.547504682184708 0
0.527793185108577 0.542320849679902 0
0.518551061681238 0.536917380898825 0
0.52321179873077 0.539569720943119 0
0.523577199599485 0.549875382583232 0
0.515005190752991 0.554954351253669 0
0.519290818954847 0.55240835303759 0
0.517789440385565 0.531626588767941 0
0.511731831253355 0.523732960565216 0
0.516871161665533 0.526347234396979 0
0.51069319728415 0.557483580657782 0
0.510684024846876 0.552462130265481 0
0.502033767894999 0.547522177906494 0
0.506357686184703 0.549988323880591 0
0.510695549516265 0.562492161349108 0
0.502002225875442 0.562483917158634 0
0.497709861876665 0.545082349980881 0
0.50203104697981 0.542611282943811 0
0.501565947581887 0.533173820899695 0
0.501917733780673 0.537823025198895 0
0.510695324470289 0.567499816301355 0
0.510697886558399 0.577605585324718 0
0.510693114334485 0.572527578608852 0
0.493105955450283 0.562371363473199 0
0.483640247185088 0.562298968334616 0
0.483527607837425 0.557356102081645 0
0.489296505772135 0.539685558516262 0
0.506360220889439 0.580190305303182 0
0.497682936148682 0.585424659370472 0
0.50201692213941 0.582801455269436 0
0.484248217899576 0.546870203406235 0
0.4933876783916 0.588026707590658 0
0.493355676565919 0.582761109177645 0
0.484600195578638 0.57741277091874 0
0.48899154110227 0.580097920925177 0
0.47600340889925 0.551347797943637 0
0.467907589999561 0.545985799952941 0
0.472010394732623 0.549163465523964 0
0.489160831907756 0.590547704876669 0
0.485055648988313 0.592996012286823 0
0.484813929656225 0.572421112817018 0
0.484555627066481 0.567346303088572 0
0.468081689951796 0.540039495763286 0
0.46342283664119 0.531124104329053 0
0.468227909252822 0.533731686730658 0
0.504742576706332 0.530091540069809 0
0.508074457580345 0.526915920326284 0
0.497900823989451 0.524647811307246 0
0.490985990220654 0.529677217914969 0
0.481877287291673 0.532864881235663 0
0.510490081885088 0.760858001974784 0
0.507157147345609 0.757167558950779 0
0.502117971983523 0.758689728171669 0
0.251588946678916 0.710516924437286 0
0.519131362587196 0.894643838781136 0
0.516250420778798 0.890354686196589 0
0.507661442567961 0.895919643969802 0
0.510401431911137 0.891271301340011 0
0.476733219197017 0.951753859992359 0
0.487217755583431 0.953044834564364 0
0.488470433488148 0.958375838164983 0
0.489043778636429 0.972680184571873 0
0.488577305981372 0.96686801286603 0
0.487100210607355 0.978568258302445 0
0.47826801507204 0.975894338779307 0
0.549877417551726 0.774136178990628 0
0.562081572472544 0.758964494341603 0
0.542315469933549 0.76704853370722 0
0.553378135834629 0.747226087462738 0
0.446633061658306 0.0382565072869014 0
0.508711230434359 0.99490787061848 0
0.5063001436992 1 1
0.516603347556538 0.986909201181965 0
0.512354346442444 0.990519599479482 0
0.455639042515377 0.0161054683789594 0
0.456096941078234 0.00570284538790073 0
0.458936858100234 0.011331714014335 0
0.487417191652621 0.861066038121337 0
0.490197899480962 0.865385358867432 0
0.496121333803038 0.865402939491976 0
0.490515146529809 0.856609710971337 0
0.493387589780009 0.852116481572298 0
0.46426108666555 0.761924224289048 0
0.453848924877387 0.762966077048383 0
0.459041806447181 0.762080418980709 0
0.570056390770366 0.994134700333019 0
0.548847808169176 0.995184899374059 0
0.447550081528445 0.535519101309031 0
0.453090420925876 0.538013189266243 0
0.458070709756573 0.528477857340577 0
0.493811514281923 0.641885347964179 0
0.499050981776404 0.641809651109683 0
0.470391638029121 0.636756185201945 0
0.472772945991977 0.641982192879367 0
0.481441394527328 0.637666021897757 0
0.478225844932028 0.642299613430198 0
0.514285041682464 0.642570333934275 0
0.519381639082447 0.642428829722906 0
0.462776989211021 0.995243363491291 0
0.467927830868646 0.995505621292212 0
0.489764568869825 0.983471146378802 0
0.48422903295117 0.98418183759473 0
0.48130891103355 0.98961562930415 0
0.491972003704576 0.98887208580901 0
0.49641898561495 1 1
0.494257843365453 0.994518810739111 0
0.52394255490414 0.777728868806326 0
0.52864323080806 0.768383563847385 0
0.528369019477157 0.77423484031836 0
0.510801672486344 0.900390236121242 0
0.51652214215956 0.899829732476292 0
0.510436160654117 0.931578364512833 0
0.504989170071862 0.939538620193585 0
0.479742853649465 0.523775426236894 0
0.478147785852094 0.529109550094897 0
0.450288444428303 0.643038284223182 0
0.444967507897462 0.65769794712648 0
0.442872533884178 0.651742564325542 0
0.555718805174189 0.587168689932785 0
0.45364144282128 0.75047756739051 0
0.521956618852524 0.756382138772602 0
0.527144932792035 0.622585475261319 0
0.5221323550228 0.988924996543641 0
0.520719125521364 0.983671934688633 0
0.472933904672526 0.0056824912184684 0
0.47625652739128 0 0
0.547765449158936 0.610081003249521 0
0.485247987021083 0.772333001487789 0
0.48193216919082 0.777768975555748 0
0.51471093777195 0.763501239829641 0
0.510186798392632 0.765887374191625 0
0.510061114987711 0.770963291994691 0
0.519389792319446 0.764627058827416 0
0.524255782746966 0.766239467478671 0
0.494345895808597 0.632189759271732 0
0.479461401918121 0.633001662962876 0
0.532963335748256 0.46381653324936 0
0.531756883766606 0.459343203976051 0
0.522411886998267 0.465655435954658 0
0.452482767145195 0.525820936166441 0
0.726695960415956 0.669889033519228 0
0.43643536209044 0.103792786807008 0
0.830398345866 1 1
0.399325798241213 0.31155733345443 0
0.385952390109921 0.316367560054577 0
0.386429084874347 0.304840454984542 0
0.394685555657809 0.332153738204437 0
0.385913215786825 0.351168141604479 0
0.373638169192858 0.32323383693892 0
0.372124675991418 0.298498639574168 0
0.365172816233728 0.332308624024542 0
0.359858095452134 0.306732090079438 0
0.363092364676348 0.285826626004554 0
0.568284985801031 0.25578546132249 0
0.373779523293402 0.277573225533628 0
0.319250572457437 0.385251928496078 0
0.374866931222823 0.253970532449256 0
0.111532992315 0 0
0.348774293001918 0.230758509638814 0
0.337000924660881 0.220616336787229 0
0.511662968867594 0.880840445867025 0
0.39949153433952 0.289968521956906 0
0.386871471446289 0.2829970182272 0
0.364390070438834 0.359331834774266 0
0.372999863620819 0.231661937857415 0
0.341262632374321 0.369734725293011 0
0.578622700592156 0.724484795511299 0
0.433315894451967 0.675092985512468 0
0.502255157879962 0.724028126313731 0
0.55342483316911 0.6804620128981 0
0.461665685075687 0.724112506929381 0
0.469960274717056 0.6801449024939 0
0.567366869105473 0.675568097915603 0
0.431929431240012 0.72640613679432 0
0.489828733271031 0.680016556838301 0
0.482523785173774 0.724186620755512 0
0.45365488628375 0.676274461309223 0
0.560566237026842 0.719404201880589 0
0.497366707833105 0.676116140121745 0
0.511085320874823 0.723954840392989 0
0.539513408551659 0.675834412368192 0
0.551023854892815 0.72422309390834 0
0.56404672746981 0.680667464206295 0
0.52937938972605 0.719861420023525 0
0.518495435404419 0.675849692792081 0
0.439725476261564 0.674646962726976 0
0.756209347523117 0.707018624495903 0
0.242758106854294 0.691341934690101 0
0.261141567228168 0.724549384771446 0
0.535224694936632 0.660838328635463 0
0.463846852484732 0.741675031609943 0
0.484022644892249 0.74120391980131 0
0.515900417493344 0.65977419179972 0
0.426210452862167 0.72409237425708 0
0.556426453652931 0.674934637683287 0
0.43773164531177 0.724826568746832 0
0.583861189227173 0.665766902451921 0
0.522903543153179 0.728166197092929 0
0.5234115558577 0.740109266796759 0
0.381871110297912 0.665563574190439 0
0.597748420751865 0.736333690633134 0
0.476803396637065 0.671840408263497 0
0.475973840188567 0.659877664320858 0
0.506765409003718 0.723276950574204 0
0.60732619423166 0.736009994937053 0
0.49273679943379 0.676719473864574 0
0.456331553188353 0.672172057886869 0
0.454850171088089 0.660194689631042 0
0.543353150340544 0.728000764478898 0
0.543820903638851 0.739433538582888 0
0.736709860636221 0.676266878557407 0
0.565864930606428 0.730940086975007 0
0.435579529859281 0.669000672223405 0
0.490806898840386 0.668239181414723 0
0.472679103428649 0.732550820899849 0
0.276905617105335 0.668131374925068 0
0.700676172461085 0.664914099584503 0
0.274015902816115 0.726540800636486 0
0.506931304683445 0.668048311474915 0
0.285578266229836 0.729683036743707 0
0.493163310848069 0.732253887472612 0
0.46966094932835 0.667912816040958 0
0.449612817419788 0.66042894484279 0
0.459270809356591 0.742037858227059 0
0.740813324773972 0.730657500111377 0
0.376422222076842 0.739470783584701 0
0.147735857817176 0.125904267285751 0
0.575884502615228 0.665394493289153 0
0.52967436907723 0.732467795054412 0
0.401713463732262 0.736208302739923 0
0.617094100150138 0.734207980536494 0
0.509001807326925 0.731882041573475 0
0.350142546896897 0.66745369945251 0
0.528723400195804 0.666338956714753 0
0.556515433309037 0.725007445921089 0
0.548484956097326 0.739185978401988 0
0.630215933807033 0.661683156813072 0
0.49741641018379 0.29891779038651 0
0 0.1035329016 0
0.395519281262167 0.665321043206164 0
0.638582178534392 0.734822813942816 0
0.767322023622672 0.691002887543786 0
0.249642404270173 0.677070293839633 0
0.160454019823739 0.0689707107930378 0
0.226706369862995 0.705247464066035 0
0.747002694014385 0.670792417643742 0
0.235897362867172 0.727346334189988 0
0.767583643459236 0.671878822197067 0
0.530550662288871 0.661633425016678 0
0.536423270653554 0.736678967989824 0
0.48916502636934 0.741002150533515 0
0.555679824165202 0.659107776823725 0
0.468697792006046 0.741567080909464 0
0.557132563676357 0.737943398432089 0
0.608452876045632 0.658516169098977 0
0.448551852539364 0.740190568844201 0
0.418664138989514 0.656648902119357 0
0.510898211484721 0.659949598215313 0
0.459263089442977 0.668126786980395 0
0.519703324039472 0.732032298517291 0
0.480035155786405 0.667955012011056 0
0.388850338748105 0.656098192049757 0
0 0.1994222082 0
0.714177549926711 0.735250561708963 0
0.254647433286278 0.657834545583908 0
0.75875838806248 0.71551641832212 0
0.241148963747082 0.679842970792665 0
0.746670331930588 0.657867232404939 0
0.226452722745716 0.725748368072049 0
0.777480331057415 0.681585522764832 0
0.770036439828544 0.699984525171261 0
0.765898579277022 0.708390633347452 0
0.240720235594916 0.664790630012196 0
0.269028926988528 0.6569374513006 0
0.241175704872042 0.736667228989312 0
0.758434609046407 0.663707306880129 0
0.761288492951798 0.723808069135222 0
0.218782426564541 0.671574524673275 0
0.254723897030227 0.748988100367002 0
0.205855196723834 0.708327513264399 0
0.790774984723409 0.688595945796104 0
0.205116198916013 0.731631175331966 0
1 0.298932134455 0
0.221424492520446 0.682287415166982 0
0.242383347634842 0.650371203318059 0
0.263497138271595 0.646389202777364 0
0.280318519060558 0.65650971489629 0
0.769314104561332 0.730007404818563 0
0.751173661947027 0.742828341424366 0
0.252740810322141 0.762000621532789 0
0.744979491407919 0.645057951371904 0
0.19707896920953 0.719642810042605 0
0.214500409296403 0.701133825382494 0
0.802108777649253 0.699937581077674 0
1 0.1454824387 0
0.206732328564419 0.677672343710931 0
0.249923662489682 0.632757697828068 0
0.183804205950865 0.724619328484593 0
0.778065735129639 0.747352515033292 0
0.737814278115519 0.744533430713718 0
0.192596956230242 0.704430768731264 0
0.290003349320331 0.651339693824927 0
0.816786545775095 0.662987144743321 0
0.250230432356109 0.621125461229468 0
0.795685155536614 0.745552332140788 0
0.544830999130077 0.482153325679503 0
0.183445766443478 0.713666383977596 0
0.438605279522225 0.994743859637271 0
0.448630395391339 0.973580771265258 0
0.452615835405985 0.982208807449311 0
0.46856857308267 0.977168900725088 0
0.400466234558082 0.973461823687911 0
0.470400653312807 0.960478859355011 0
0.402218494732617 0.99097941069127 0
0.402146900507068 0.956557855037893 0
0.467117858057339 0.952538091253186 0
0.385754530361467 0.962455377542246 0
0.399345831607838 0.939835324724523 0
0.447594293401829 0.955939165876394 0
0.388489643564326 0.972795242985642 0
0.388045924021784 0.938775106019331 0
0.376728802387759 0.944401961797526 0
0.381842047519972 0.990889841978222 0
0.376433643731618 0.956775373915252 0
0.392328831314654 0.992644353585668 0
0.365188782193611 0.965591399472995 0
0.365589121287169 0.925416179527635 0
0.375470106444276 0.970430409880616 0
0.367812964377516 0.990440344608597 0
0.443688798344958 0.951045487065838 0
0.444609501022744 0.945298016350406 0
0.439458173339129 0.925777799266638 0
0.443706678599622 0.910214146596464 0
0.398222842878016 0.911823227986116 0
0.446563538960681 0.904496014718309 0
0.452885814955279 0.89582819193729 0
0.444484758659853 0.883136382557332 0
0.391192999804653 0.90392040365794 0
0.379436925341907 0.904855809361838 0
0.373587445633696 0.916207778567212 0
0.385447378030887 0.892809318006449 0
0.36710359709119 0.904689059334369 0
0.378034030601122 0.883336890408565 0
0.377752960115224 0.870710676939518 0
0.444622122840959 0.938593403476001 0
0.456699002616917 0.926761242864519 0
0.45567270895123 0.944843586741089 0
0.458931028875899 0.922466082450171 0
0.461527448868172 0.908958559130846 0
0.476934576315041 0.891817084851281 0
0.465651123915239 0.882775445084785 0
0.461250295872904 0.875045553563074 0
0.454986463426452 0.866422126946956 0
0.440771197466662 0.865562730367406 0
0.464541000310789 0.8440893826885 0
0.455448548540882 0.830748822466724 0
0.448041645199502 0.831770744643845 0
0.440671188556692 0.830636125309395 0
0.467075120033874 0.813237459803971 0
0.400758964091088 0.871671140976376 0
0.449387969590723 0.817654511834078 0
0.402593882183386 0.886570250509889 0
0.384216965622735 0.857166624605488 0
0.444597360123373 0.813096927791508 0
0.44616220908574 0.807340995392418 0
0.368915579439896 0.857711881956361 0
0.400040752918844 0.835361113416201 0
0.400417988822049 0.802228618831758 0
0.396984025925322 0.854513921660891 0
0.40207785456568 0.818189452157396 0
0.389475564159754 0.799625424881461 0
0.385326384518803 0.824035132459344 0
0.379571009194558 0.80629920793125 0
0.389563983315689 0.833270356576594 0
0.374733536829609 0.817876174064795 0
0.365292326107224 0.828850544288918 0
0.376453096035866 0.834404456463534 0
0.267332498779051 0.76786759083664 0
0.2750504964322 0.759652144400835 0
0.293286596518305 0.754582149710597 0
0.64954772559558 0.15226871474595 0
0.641905039847473 0.180009367439024 0
0.630001369893826 0.190027344596068 0
0.642435500007747 0.200443860160982 0
0.63292570738067 0.205160541789779 0
0.614607739071608 0.212553281247938 0
0.625263449177186 0.227973014783093 0
0.614730911373939 0.233960908443331 0
0 0.63189638976 0
0.616647312777329 0.245611813597035 0
0.605726389026443 0.24031851746047 0
0.63129943304921 0.246857011083248 0
0.605562815510455 0.260786460837905 0
0.634603244949615 0.259213482034938 0
0.618149856244481 0.274435048308732 0
0.628044162972406 0.269091225799761 0
0.0222838803125206 0.724634857995785 0
0.598249279784604 0.276777346048107 0
0.56728262895839 0.271981595632697 0
0.629368771883455 0.290951484975927 0
0.620313282412645 0.284998643365631 0
0.568473059599431 0.280135796786435 0
0.632065828945406 0.301651694356622 0
0.617590085419023 0.295371317386702 0
0.571795795401085 0.28844833512102 0
0.631387589770371 0.314986752898902 0
0.618963028538463 0.307364728237589 0
0.597711996759701 0.294154728599343 0
0.607598390787567 0.299233696399294 0
0.61845090401353 0.333192026804822 0
0.604926815463879 0.319696633648208 0
0.596399174896817 0.314888639347961 0
0.630852821401068 0.341174421081963 0
0.628556450641888 0.351960586677203 0
0.61767832693481 0.344780623083541 0
0.63503578955173 0.359710901644905 0
0.616509919169885 0.355861315370317 0
0.607852711700158 0.339233148235608 0
0.108201744604119 0.966420232973577 0
0.626370232051673 0.372790751589308 0
0.615413948663544 0.366276832071935 0
0.616339636522144 0.376537177261387 0
0.614274033171574 0.385029061661903 0
0.617961358224745 0.393788390486408 0
0.629457121273038 0.410318322804737 0
0.617142233544584 0.416124371269145 0
0.616341165491599 0.427950679382087 0
0.617712058075141 0.404662639150667 0
0.62848791460401 0.422778788375639 0
0.603275178489519 0.440558400202817 0
0.613599645664298 0.453801362922179 0
0.623999406313463 0.454237432405502 0
0.632007483105599 0.444218258533101 0
0.61700186729991 0.464952332250787 0
0.607277261055162 0.481557368238718 0
0.627374606715125 0.466477589294551 0
0.571037769849884 0.495086943536532 0
0.565681029455438 0.498208241720206 0
0.555692211543384 0.506633829105836 0
0.556386187778181 0.522341011995157 0
0.568852137436489 0.526402901548101 0
0.55677061620817 0.52728766967248 0
0.556396516097798 0.542446755213388 0
0.545785168311523 0.522581849329857 0
0.57088460891017 0.54750018629118 0
0.536257067393497 0.537402576634771 0
0.536806268026858 0.548308171355583 0
0.555122905084146 0.557640062580548 0
0.536682305921342 0.567165674247163 0
0.54932371185397 0.575292449681076 0
0.536914169033554 0.587784561909499 0
0.545944892827661 0.592924502228986 0
0.662292644944116 0.571726311522776 0
0.6866280277887 0.642879687800929 0
0.739262215445422 0.633219277663918 0
0.634232137691014 0.486180294804943 0
0.656849176115314 0.643731768263923 0
0.655073402026918 0.453117447861467 0
0.639063185498786 0.458382916410265 0
0.643522590917565 0.629037308594996 0
0.637686735813493 0.499010646248356 0
0.644847324513698 0.535819727410873 0
0.0219700116546194 0.75898673238994 0
0.640358891252716 0.555632553110825 0
0.632952421387593 0.636348165362386 0
0.636192513226036 0.612665003993951 0
0.628198874693086 0.595507562774253 0
0.618100258770233 0.602089708033912 0
0.616398032072157 0.611888876994861 0
0.610465792419808 0.583740751455812 0
0.611902449884974 0.634443994431355 0
0.573473995064694 0.594382327709052 0
0.569277144252952 0.646102861695718 0
0.558401220203943 0.6470948415018 0
0.548418197899479 0.645058662381508 0
0.543285150849818 0.642871597222853 0
0.556518212629121 0.637906982632539 0
0.555971779043108 0.627554546830478 0
0.566400210795727 0.633907262985021 0
0.578304675930466 0.611620237114399 0
0.567906946146645 0.596439719634516 0
0.572129775365038 0.621245228744312 0
0.56293172353136 0.613332041936269 0
0.717852991924346 0.980914510345004 0
0.674755213411888 0.984863097909756 0
0.632275566232634 0.941006051564478 0
0.647556456437875 0.98171447287513 0
0.634740798639977 0.957742753629049 0
0.612687032654615 0.95278836493873 0
0.634803911417029 0.925209398870003 0
0.636010522308444 0.973259808822232 0
0.61455615969877 0.963193235589481 0
0.627906288703199 0.914920550122985 0
0.624848134379241 0.967008239607697 0
0.615999864391569 0.918179342915618 0
0.516692162187571 0.303576883716799 0
0.613190353192235 0.928470240155437 0
0.629033841818088 0.889139227988407 0
0.623714904911933 0.928714272406078 0
0.617276128439043 0.895464095484372 0
0.617614559640983 0.906872940958884 0
0.603895958467682 0.940424942192186 0
0.569043716969225 0.915405156404414 0
0.628760941370466 0.851147619423481 0
0.551222635402206 0.924253237910563 0
0.5585281817973 0.910222951924223 0
0.627855747035281 0.875756305756802 0
0.555225981268352 0.941953628455874 0
0.89262977388525 0.506894288755261 0
0.571251991779107 0.944973125800562 0
0.525466447244986 0.902905015179459 0
0.566510651748437 0.955246784153789 0
0.572599333884851 0.969003643645471 0
0.593557979897156 0.983666246303775 0
0.632071448981607 0.830376643464187 0
0.617156664536347 0.855946321527639 0
0.616512869499855 0.866504803726861 0
0.614040643053911 0.875388456652945 0
0.733610019274006 0.780752146003809 0
0.69449782005087 0.766481212675437 0
0.651573822286997 0.772311029650381 0
0.634096682984275 0.818584417054398 0
0.618458322738372 0.832894357345853 0
0.617331882849347 0.844862421666494 0
0.606133429119102 0.819600306235598 0
0.616974814379633 0.806572980540513 0
0.607010010969504 0.799814910091081 0
0.619160411217864 0.795714430487303 0
0.603778337508392 0.779098976423526 0
0.571031547034825 0.814916967846227 0
0.571316751849578 0.795726999619912 0
0.565554745758414 0.81780177629264 0
0.571613346983648 0.83503026271897 0
0.555310795697835 0.826983841747026 0
0.566145165078596 0.837601926167184 0
0.555373816685995 0.847648666159634 0
0.556247476184019 0.862282039736149 0
0.569759988418852 0.86535807576148 0
0.617421726276761 0.884519878598924 0
0.569527673042342 0.875788838548516 0
0.569889649499023 0.895895802436221 0
0.566367734037447 0.901764697349543 0
0.560464629987609 0.890807815346019 0
0.566203372761302 0.881540706596104 0
0.559130430585942 0.870773307568683 0
0.545630668199919 0.862370831508124 0
0.504613949245992 0.869959866664039 0
0.536045643953461 0.848817153853419 0
0.505986492668085 0.818757321884234 0
0.545561496540017 0.832397632481896 0
0.536816730975861 0.80734370315136 0
0.545976869708388 0.792248561497509 0
0.536607924091509 0.916726888548573 0
0.536599102523115 0.926625554169077 0
0.533183874124883 0.934340284806135 0
0.536851634881915 0.948911700260217 0
0.555874432817622 0.957951584909482 0
0.536972669082899 0.969861749177808 0
0.61384247430194 0.00888299216850783 0
0.555277934691328 0.977914781225014 0
0.566928823976125 0.968684431938228 0
0.631282171316869 0.792179834623663 0
0.638949925888595 0.780265265121132 0
0.626678180952618 0.77136545041941 0
0.644265783533624 0.749719040281709 0
0.507034860360407 0.96192385693878 0
0.483101214724266 0.618967626623516 0
0.475998917332035 0.601652613788168 0
0.45752860507115 0.591933579549779 0
0.446921107523146 0.607646409636912 0
0.475954401215294 0.582650250086819 0
0.457009444925817 0.571924523867511 0
0.480192300068545 0.574462298436197 0
0.446895895904403 0.589058475303148 0
0.449911220982765 0.568797227183188 0
0.4723003505674 0.560625384323207 0
0.443972183293149 0.564336349725337 0
0.45816017547594 0.552301343336479 0
0.405117271799088 0.591154656147648 0
0.398220326635955 0.575547867226395 0
0.442764748163066 0.633469741445604 0
0.519797639611741 0.00252010170447825 0
0.393399168608836 0.596793473467905 0
0.382305131094307 0.614039406097965 0
0.362059106510312 0.621467140263365 0
0.40669515175306 0.612952217852029 0
0.402577331631877 0.636492324524852 0
0.375006279214318 0.623308761265603 0
0.419993725083424 0.639271853477237 0
0.407002980563339 0.550651194214324 0
0.406545642033982 0.530495582564948 0
0.398705952979694 0.556794235618832 0
0.396591114125983 0.536203433855106 0
0.396779946814443 0.566752408454667 0
0.387235982300838 0.560840681136361 0
0.349443048120834 0.621844871936307 0
0.342407189921506 0.632721021131756 0
0.383542914040158 0.537237238104282 0
0.378726137859536 0.551404877394006 0
0.381872233919746 0.52395944597422 0
0.37068039628216 0.53150153771121 0
0.378123099150377 0.514465266051648 0
0.400077909417257 0.514280094399222 0
0.368208127279438 0.510272163112586 0
0.338773033668219 0.488551988276092 0
0.333656476708894 0.475553021114812 0
0.251358673015347 0.604329551840119 0
0.792504219377553 0.771690895483429 0
0.440859763090356 0.471169213901115 0
0.836479130878786 0.682124365829024 0
0.427001561798876 0.635783932282466 0
0.625184040821565 0.0134841264649939 0
0.632458096401762 0.0265373201524601 0
0.630533504034145 0.0491836934189745 0
0.618926556534464 0.0267074065455136 0
0.648860969591647 0.0946874181213289 0
0.660798615529491 0.0622951663337155 0
0.658911984242767 0.0457186744987244 0
0.64582569438167 0.0811913291400555 0
0.645938780056358 0.0510783939917638 0
0.635081035250052 0.0743635151025721 0
0.621386670531225 0.0579328276232365 0
0.612989799104237 0.0656634576025254 0
0.611843898952689 0.0377368287741429 0
0.604636553860912 0.0473475566666141 0
0.599489593131235 0.0217226108175861 0
0.609277223073576 0.0564843048416425 0
0.597863032479931 0.00692916247656491 0
0.559201438322379 0.0366211138287485 0
0.539409751205778 0.0392230234410954 0
0.556865450991466 0.0308646559979355 0
0.546673338213529 0.0207053788353879 0
0.528944608382573 0.0213404309204086 0
0.556514761160615 0.00478942026803262 0
0.534777943701424 0.0551790180007024 0
0.615955809821371 0.074878281223095 0
0.563798393637705 0.0711948036334982 0
0.555558647030581 0.0858039384846545 0
0.540649447084598 0.0730738430423645 0
0.536633696466856 0.0863586192104185 0
0.535209135837116 0.0729187905138835 0
0.545877717644685 0.0958190388906421 0
0.547659102642447 0.104027668620423 0
0.555693875925127 0.11358832386994 0
0.543671450740595 0.107519089959006 0
0.53220736991485 0.0908471236830395 0
0.522957992583289 0.0741580595813918 0
0.541267192943162 0.0640744879723761 0
0.523941194161538 0.0536809892274939 0
0.512724944564312 0.0554076584996704 0
0.524549071397597 0.0479224457802359 0
0.515994435756334 0.0365699626681288 0
0.502781957997846 0.042018240222735 0
0.514489032921964 0.0311540345477292 0
0.562315978324112 0.0966727139110333 0
0.510595504435121 0.0706727569052576 0
0.502170544645234 0.0746145999708435 0
0.496788561613117 0.0856630024809325 0
0.495489120089885 0.0705058577714954 0
0.507261227506705 0.0554744125377644 0
0.488873252143197 0.0530294388127818 0
0.473673748099039 0.0544804925348668 0
0.494718299854564 0.0471252323564211 0
0.520821334110033 0.380880272582769 0
0.467493444503026 0.0676216455092884 0
0.466761117051683 0.0524157609927507 0
0.503999890812935 0.0948980106220502 0
0.536188733593889 0.122329573976438 0
0.481795407172418 0.0678700785236357 0
0.47910449513511 0.0847158976630515 0
0.487902152240806 0.0971453798509637 0
0.475117264536621 0.0884126245843862 0
0.554393287312659 0.118763891073501 0
0.540547039225741 0.102898907875705 0
0.520533780024103 0.106039494459877 0
0.518073605597211 0.119056350486085 0
0.524031930837868 0.0291401880659081 0
0.595149537703644 0.0904950430282778 0
0.609355984985862 0.102147146113157 0
0.616567735134905 0.09327062987457 0
0.599101428016621 0.107157866609466 0
0.604823306917445 0.124454813075318 0
0.615671407071473 0.12461998942278 0
0.591187970064759 0.134588931024082 0
0.622810437475819 0.118299060387733 0
0.619097049921648 0.142289788684037 0
0.454204487758824 0.329808793987486 0
0.561241402532581 0.136317259939532 0
0.55521028554717 0.153040523438681 0
0.538945295317459 0.142268310440444 0
0.536174043178309 0.152943056615656 0
0.53576208632596 0.137431615821437 0
0.520002139261364 0.138698034900535 0
0.51798522476162 0.153489540413347 0
0.514879129538974 0.138617375614275 0
0.561221976498509 0.163301244161737 0
0.551713248019584 0.157289154265487 0
0.54527126547805 0.170823589957458 0
0.544250847952025 0.176154298997024 0
0.551435068513198 0.187559853812154 0
0.537072381893423 0.183303762924132 0
0.528936025913219 0.187988598829797 0
0.524553530753222 0.201348589644646 0
0.523657256012519 0.187056481734159 0
0.541437445649443 0.203211336692366 0
0.534592729562842 0.171466399742339 0
0.521059078509218 0.175489752728524 0
0.516011242694155 0.16754860783929 0
0.501100659325606 0.167870991735351 0
0.515005505412361 0.16306163308963 0
0.505647139263835 0.150595180208231 0
0.491094810684686 0.152159009225812 0
0.504421436439464 0.146084765284177 0
0.495191534758345 0.215001784214128 0
0.497981146579992 0.127775050673052 0
0.49633151318923 0.182996581725457 0
0.495919729155676 0.16805273434889 0
0.480768521756861 0.16955760542884 0
0.473716785145766 0.184883293866885 0
0.475253248230148 0.169036130778968 0
0.566004330566918 0.204029647203532 0
0.582499666019296 0.1740907235831 0
0.603482457989602 0.177359732083341 0
0.615760808385768 0.192748745164994 0
0.611679388142705 0.202843363741423 0
0.512064276649814 0.127308699427907 0
0.504938607241904 0.121899033403116 0
0.505458437788055 0.112920522520786 0
0.496813841239323 0.0994831135607284 0
0.468977248525858 0.101314118409172 0
0.505690087257068 0.444081689624998 0
0.51571849703781 0.20277582413753 0
0.533014076703013 0.211268331721626 0
0.532442910528767 0.219761540888802 0
0.539086698790867 0.228309122266825 0
0.528669072753784 0.223687422372477 0
0.508547119431179 0.184238751703903 0
0.506016006949626 0.201176866700319 0
0.49999208466578 0.205994735585274 0
0.490717992223688 0.21634167811877 0
0.49823277548052 0.201594661297135 0
0.480356872871232 0.200100382037005 0
0.499109309902744 0.192203432977287 0
0.474508474721513 0.214275196327845 0
0.474510813151248 0.200530872907946 0
0.483135583603763 0.224964926064721 0
0.484818853918949 0.23382572803724 0
0.490507334762249 0.243686893980821 0
0.477578082600856 0.23500510515791 0
0.468320668559095 0.215612680746091 0
0.465390801373331 0.198122294216687 0
0.479097741924928 0.193850925670158 0
0.466575892901602 0.180440276392372 0
0.456266511637558 0.181223878170093 0
0.464741488568107 0.176602097461217 0
0.455424661892159 0.165316414747914 0
0.443088161785105 0.16822643224897 0
0.458074591293555 0.161003476628531 0
0.44757139470594 0.196582381277466 0
0.447867898787694 0.179883161451111 0
0.430504996389641 0.172060739066525 0
0.444418631288785 0.220587034214568 0
0.443183525460417 0.23096476343987 0
0.447199844964001 0.240684919634209 0
0.466688654993198 0.236852666053781 0
0.437903484347099 0.231737713414187 0
0.451175912665377 0.245885357179374 0
0.44389670375853 0.149675516943628 0
0.460690850603449 0.156935286826815 0
0.472829407514334 0.143008970396367 0
0.502562857224267 0.243732153947559 0
0.510608123745751 0.245593756094784 0
0.526361686093151 0.241050217144438 0
0.510500429015932 0.251113100841517 0
0.543791130136107 0.244547737911173 0
0.488493318414071 0.249114088340271 0
0.468420278130791 0.245567866226662 0
0.460618287906547 0.256454573714474 0
0.462081581557282 0.26613091758509 0
0.470158231758755 0.274195353242355 0
0.456701162734779 0.265699540585041 0
0.445968840746318 0.252154299660548 0
0.479620885665371 0.276552634196887 0
0.489680323823437 0.276999507844688 0
0.470489933681527 0.28357542827081 0
0.447907202249082 0.278884778601371 0
0.451128895609896 0.263468318779311 0
0.440125934159442 0.286897158691149 0
0.436190048274982 0.298381694542485 0
0.446947972680924 0.305141091154482 0
0.42818545741501 0.298975355653568 0
0.410946977540993 0.2659596282317 0
0.482989017806676 0.132018639238675 0
0.474682052373989 0.159981995165918 0
0.431661116483186 0.254498984297612 0
0.402046976690666 0.205265769083933 0
0.552674245589936 0.248689879672656 0
0.569454383483135 0.24247282642607 0
0.447224579421092 0.315759287942589 0
0.407001318792389 0.281289165117967 0
0.456280915793851 0.309530375846704 0
0.465044168281002 0.312632599541366 0
0.399089670641912 0.196013188681511 0
0.390730480298217 0.188823999458345 0
0.489586182040189 0.436217929402187 0
0.397246555328719 0.179652693182647 0
0.385145674524074 0.208079198746493 0
0.38134530542381 0.197265359700605 0
0.361043061902452 0.170308561773959 0
0.384234825978293 0.162728319787484 0
0.348142683930999 0.171430398545456 0
0.369575569896946 0.160047088467855 0
0.397071743194267 0.161615480706331 0
0.522097215585592 0.261433472032998 0
0.518614970519846 0.269567637503973 0
0.527187090965652 0.282537947167141 0
0.507861707374682 0.286312115561727 0
0.519695651840445 0.29561759457507 0
0.501639885012073 0.287023163798882 0
0.555327745997858 0.232024530928511 0
0.50385600541516 0.226740374420225 0
0.517453810960407 0.223624583607032 0
0.408605781245852 0.163373034319542 0
0.441203145980044 0.156286111178274 0
0.429947447108878 0.135466746636111 0
0.448127796416391 0.122875566974302 0
0.441217705479515 0.139698304093138 0
0.504199142441592 0.252449054317558 0
0.49962562257017 0.265000063260861 0
0.457791282591999 0.0502114809823415 0
0.437316392455327 0.11061449587357 0
0.497484688758594 0.303294105150094 0
0.494701081884512 0.0219466985796409 0
0.479140301233072 0.310221574559475 0
0.539895018078412 0.138471649279202 0
0.463192372001366 0.0743464769637645 0
0.458359157364837 0.0654951817380091 0
0.439483962479643 0.0687194904363507 0
0.437089205716782 0.0805364335114583 0
0.440803178372939 0.0580550546105429 0
0.584729795751602 0.217838922931585 0
0.532436299204947 0.294931700378304 0
0.553528401058937 0.293955226302798 0
0.53663577592518 0.303310454391682 0
0.548757320273772 0.31341610984818 0
0.531343281795454 0.310673364623403 0
0.519885778890646 0.305994492660773 0
0.509011091418852 0.305158928572599 0
0.504151829527102 0.320850379012199 0
0.514165362115304 0.334318455938984 0
0.500688308897115 0.325084979980888 0
0.468225206865186 0.317151986293574 0
0.546442550969926 0.133558780411347 0
0.516827645149293 0.339441839200407 0
0.482312792069773 0.258462421356887 0
0.402181722180972 0.146436906483198 0
0.387257895469565 0.140659555829981 0
0.384003097110387 0.130330657700576 0
0.374972371272199 0.123028232665576 0
0.364423128654494 0.132662795206118 0
0.382333820792266 0.111678986631662 0
0.354001868719348 0.142740772452876 0
0.370067199894642 0.11126963599353 0
0.370328404241407 0.089396373764926 0
0.361080523494944 0.0795370246350584 0
0.381862102110653 0.0807327270593108 0
0.388619095734137 0.102109330618102 0
0.383481849028864 0.0922068132629474 0
0.401819725907889 0.083690700108164 0
0.372227480532028 0.218293126656128 0
0.449394263694153 0.0815755846077076 0
0.393945279301801 0.212575344338284 0
0.363576485964895 0.208642265436658 0
0.362041417463762 0.0532621236158822 0
0.528278994321012 0.328842980039661 0
0.536631121441251 0.331672765307623 0
0.554120395904119 0.336401129938442 0
0.532999093855487 0.33888409851582 0
0.566568659220401 0.335387629411015 0
0.556109525363533 0.342381383175823 0
0.543079038256137 0.349161659340384 0
0.542187050052477 0.357844672274725 0
0.553381766788166 0.369637276750239 0
0.538402969270158 0.361577474236425 0
0.530053152814957 0.342598414939911 0
0.527203259170518 0.357956702527229 0
0.517935950590788 0.35683253800614 0
0.511295598320013 0.371556942583433 0
0.512989447680264 0.354898912975197 0
0.507036072943546 0.376064338292233 0
0.496969654956109 0.353250806108267 0
0.517418495324838 0.350402681306084 0
0.503496394868743 0.335435097021687 0
0.490943109722045 0.336365090749672 0
0.568050130041779 0.356044612846323 0
0.569232712522512 0.363482940587794 0
0.557591635210221 0.375395959913597 0
0.527049100572286 0.374537705301958 0
0.419949958032574 0.0995717846159599 0
0.46290233317861 0.31750470212046 0
0.455201186087807 0.335182326028522 0
0.46508034595728 0.343161319031637 0
0.447665779505582 0.337241236741299 0
0.47386490072638 0.346020140565993 0
0.480286448001187 0.352360442621126 0
0.477578962995203 0.356748998573017 0
0.471109620741772 0.36957199609484 0
0.479292744974444 0.377037217989174 0
0.482066600983081 0.385314212974197 0
0.492103980641155 0.398654579039338 0
0.476831338706876 0.387326934827705 0
0.504294148807833 0.393890377762649 0
0.510585317768551 0.398697430023577 0
0.525073592178113 0.393573471836327 0
0.531437165907159 0.399130145137146 0
0.511822563789126 0.403761662627465 0
0.553266287771093 0.404138878602682 0
0.526677193299511 0.40663932629224 0
0.568978996970422 0.398498398499018 0
0.551400931355776 0.409135197225464 0
0.494003778972373 0.403415125619159 0
0.468734227407683 0.400302957708407 0
0.471068154809519 0.385379354249601 0
0.520071643586884 0.414868459217315 0
0.519564039465197 0.424496816876821 0
0.525822700127357 0.435421265154162 0
0.512289066802368 0.427293005499281 0
0.506395640835015 0.402916131195166 0
0.502046799459032 0.422057157059699 0
0.493388016326131 0.42218402772603 0
0.484294255262039 0.435650341162498 0
0.472594441473539 0.420474047463279 0
0.468177487022515 0.434999322271566 0
0.46704087194234 0.419548217229187 0
0.476926288555462 0.444969336591296 0
0.478884140760221 0.453292057254997 0
0.47006945940964 0.453228583238348 0
0.505745284529488 0.459645978264348 0
0.463333351449977 0.468116729032155 0
0.464934135407055 0.451894295673306 0
0.46491334496821 0.43852424595305 0
0.45616180398591 0.433625468481374 0
0.442667408587925 0.437651759268815 0
0.458825063600216 0.429264472840371 0
0.447376405245866 0.413629014968174 0
0.434568069619809 0.414835821402999 0
0.443871805626187 0.408875484507924 0
0.439096292724632 0.448182613699599 0
0.438489862279379 0.431915441842834 0
0.53745933672815 0.417214668592426 0
0.534816214613087 0.424974703582674 0
0.5649121601739 0.433996585903676 0
0.543657937020243 0.442296613126886 0
0.493318523133754 0.447031212775635 0
0.509055090336085 0.441782564807571 0
0.51394252239339 0.44726047093763 0
0.471072842146828 0.374549844859209 0
0.461053083903086 0.36859297887527 0
0.447003037674922 0.371653123490147 0
0.458065624689761 0.360178871863437 0
0.450101161810358 0.347071266402667 0
0.443942407218977 0.383747984914582 0
0.443588031083618 0.365665401517547 0
0.398195142592446 0.384875112021599 0
0.398590965180167 0.401380731906545 0
0.385927201162092 0.367962877699806 0
0.409042466036606 0.344391127030689 0
0.530926875380213 0.404360057922829 0
0.440676927346292 0.340147379882476 0
0.399612969735385 0.416247118816974 0
0.389991520812474 0.40886654345374 0
0.403553423480255 0.324817169164902 0
0.397284383545391 0.433030172629516 0
0.39324138681146 0.421796882048111 0
0.371855144230865 0.423528399060465 0
0.378762643714568 0.433306684647358 0
0.364648445508962 0.414658994265961 0
0.388581791709378 0.430144671972028 0
0.385051990792994 0.451565039833596 0
0.395354670355752 0.451534302638453 0
0.366062589186758 0.43565325525684 0
0.346190860535304 0.429013637010003 0
0.368707695848114 0.468439978260512 0
0.363347484449691 0.444964572984508 0
0.527796895939762 0.396890955797422 0
0.453525070261427 0.405052394802085 0
0.461467554421577 0.39129353562357 0
0.560382487600714 0.421604157366102 0
0.477112170199835 0.478938335042216 0
0.48308581867124 0.411919083279706 0
0.455241430428522 0.44881501725793 0
0.446385124966587 0.467373637615512 0
0.455814788865164 0.476968076525201 0
0.455784876570526 0.486354911641579 0
0.462333916609813 0.49869550426163 0
0.449377229853692 0.486125735492547 0
0.435714756684573 0.481786009582515 0
0.424216717501967 0.485532606415118 0
0.443130877884101 0.500831133962174 0
0.495545776200721 0.483053090593105 0
0.37931994038854 0.400468500607428 0
0.360548499565408 0.391094194476532 0
0.347393502329208 0.400273773653382 0
0.416907746438596 0.483770960639413 0
0.436701269484051 0.500263346371458 0
0.4340328012898 0.474112243169321 0
0.354723825703385 0.467005037543631 0
0.362708505003909 0.0377243368915546 0
0.41968508645461 0.0869259015632559 0
0.34564904078564 0.0324822333084374 0
0.494954679724853 0.369217865123701 0
0.486121554096807 0.0432712263650932 0
0.484304921468288 0.033378092621861 0
0.428949267584738 0.0500692572585285 0
0.497925695611596 0.486761016461241 0
0.446201786784237 0.0487022907590744 0
0.4164312332587 0.515943283450071 0
0.425793628919779 0.493999132452174 0
0.604002159149534 0.0118904148798492 0
0.45516603415071 0.789290846053633 0
0.445217943259949 0.768613758097753 0
0.495406793026782 0.803164236140226 0
0.425862448736378 0.776731727194948 0
0.523552487410469 0.39768855053333 0
0.388716733140431 0.787046479783365 0
0.37610040682959 0.782966295596242 0
0.388195288776999 0.767068052497825 0
0.410615972586761 0.766857334927186 0
0.375222615042353 0.771232329734178 0
0.383603976415649 0.748492041589514 0
0.414278888527813 0.744943763987066 0
0.368812618755158 0.751330529439482 0
0.363712172129696 0.764901813275533 0
0.489800078035475 0.394951351614216 0
0.305328518906318 0.752274750701129 0
0.366324100079079 0.790870054631004 0
0.255279228784246 0.77776761054763 0
0.474988270871324 0.367504110070616 0
0.135525844266594 0.703241107636342 0
0.566756244920778 0.47921962401543 0
0.555472466642309 0.486106973435455 0
0.565389350120833 0.468470910779058 0
0.53625507211747 0.496806928994392 0
0.536272208517226 0.507387112681961 0
0.506853994266518 0.487203338623343 0
0.505745226499196 0.503589840402128 0
0.325805012489411 0.0127852826103138 0
0.572270589852418 0.378284127227582 0
0.494074224788791 0.532949031937947 0
0.500757207965303 0.520991610830456 0
0.487923697931454 0.526128859459746 0
0.282321232401823 0.412257870031874 0
0.336160456960505 0.408662274051913 0
0.725581485443478 0.772027635650966 0
0.648453513025799 0.110832629254067 0
0.629040754432343 0.131395140769953 0
0.427363254314915 0.7499972420141 0
0.639830787861273 0.587346934244121 0
0.175631150154739 0.680003580998956 0
0.562054255872275 0.254114311019089 0
0.799049770960446 0.760360732730214 0
0.399720364021369 0.00910764455264929 0
0.411789646662566 0.025223408411879 0
0.394697527042171 0.0190704100681514 0
0.387495655165178 0.0100090941789708 0
0.435190897179075 0.0130064970832119 0
0.43023452011419 0.0233167411314834 0
0.377705157964816 0.0332848697072604 0
0.374015712072562 0.0111683448401439 0
0.566861958368066 0.773059575028282 0
0.556209142158231 0.786654149885911 0
0.561011158547841 0.77189582005014 0
0.579464631062827 0.759204582096583 0
0.555434701354972 0.802141222934691 0
0.567254573936987 0.75975337128403 0
0.555755689405588 0.808218609841092 0
0.49946572243966 0.356885523236895 0
0.548506723523408 0.761067247345502 0
0.668905335343265 0.445357107625443 0
0.638735356693997 0.154084509098247 0
0.576250714478212 0.343789593623679 0
0.620877566331958 0.564966433925638 0
0.621901060867988 0.539270727351437 0
0.446366415665846 0.0277436985452446 0
0.826799518052591 0.651294969066502 0
0.604105625916498 0.218561142120935 0
0.692535278325704 0.752940399407286 0
0.366118063414932 0.489332511655288 0
0.633281523010012 0.649132265200643 0
0.61456425896429 0.764938846947287 0
0.603122353589453 0.746846238741594 0
0.581547562044236 0.304892105709463 0
0.512731780491291 0.306520929847539 0
0.692409957874095 0.0462912682460982 0
0.579797231463475 0.446391344589181 0
0.53743271746436 0.336075392361033 0
0.555109208406287 0.994729276151115 0
0.566739077389914 0.299167236654953 0
0.444893535309527 0.00505534475643528 0
0.446832825472453 0.553740660508759 0
0.355382268907096 0.0896656923464573 0
0.624771637380734 0.991513131512653 0
0.668408150568868 0.759689517758471 0
0.578809032266117 0.458970062527027 0
0.634156390483194 0.623821840236626 0
0.464088312702454 0.979867882377949 0
0.449431756091265 0.98719379529649 0
0.516925985214308 0.329340766418656 0
0.622132278014867 0.525874770079336 0
0.619195736705138 0.514332242307477 0
0.651490606600903 0.562081084103544 0
0.630635788117766 0.574641060209011 0
0.578341624342337 0.994560631567263 0
0.458667104264882 0.637186427457528 0
0.43915484874277 0.64567421317878 0
0.662961033303538 0.552999859547267 0
0.636798107797899 0.10253136132345 0
0.593182050007255 0.535476213556314 0
0.796628707770744 0.729145919700137 0
0.168307309177459 0.747726840942904 0
0.360673588065886 0.644408483638134 0
0.575703195276916 0.562328858049084 0
0.522595535307709 0.748084248042471 0
0.37975170453494 0.634651218749063 0
0.371709381396931 0.645790253562725 0
0.196718422037738 0.666387096007133 0
0.561098183043227 0.577768747518955 0
0.61813436982903 1 1
0.177041633833814 0.703544846668596 0
0.533094800906549 0.306386759645774 0
0.624835289740129 0.61797795381027 0
0.577203639629148 0.553115007415465 0
0.326339372337075 0.192547994892876 0
0.406085286433224 0.646089592528792 0
0.62228977205676 0.749218842605947 0
1 0.683827365432572 0
0.338404579879191 0.196738184186056 0
0.706222123164362 0.653275596545187 0
0.725191301009413 0.744053216118431 0
0.581955137311347 0.738539676156237 0
0.640200439011988 0.56658374455749 0
0.565179672226118 0.236179007176679 0
0.346972453285818 0.647997751454007 0
0 0.0486393444 0
0.394659844886836 0.267770824004324 0
0.511738657545074 0.680022055945904 0
0.499435730229414 0.719999952459254 0
0.458377408152437 0.719720866135946 0
0.473593885482099 0.675844906230842 0
0.540944926524646 0.719729936736884 0
0.520046751971762 0.719935600204357 0
0.532614069893821 0.680170915900028 0
0.480405351237848 0.719938477224962 0
0.500749423768827 0.68000008648256 0
0.542685498067426 0.680293682856124 0
0.468517148104882 0.719840783365085 0
0.459823397567513 0.680259952750124 0
0.446703186295877 0.719540223758921 0
0.479937379563887 0.680064502827013 0
0.526065828711009 0.724180696789434 0
0.521773101922048 0.68007599156176 0
0.489655856153649 0.719982876197603 0
0.536963089716376 0.671029537859609 0
0.534892026281297 0.665921511323316 0
0.464634479770121 0.728413928298854 0
0.467619875038915 0.732656024629677 0
0.485086740088072 0.728339774415946 0
0.48801094560268 0.732424219909482 0
0.482906383113393 0.732535423606885 0
0.515444334579651 0.671782184247628 0
0.512296739078857 0.667898437948566 0
0.517694776496001 0.667610747875287 0
0.534193708431232 0.298698115916326 0
0.442392172662343 0.730067294538372 0
0.445737866227874 0.734900627372981 0
0.474838803431189 0.66787612455572 0
0.503742080618464 0.732057689852468 0
0.496109018273095 0.668168974562549 0
0.453822329004869 0.668248719982792 0
0.546328217840812 0.724557634984437 0
0.544180179168053 0.731703658325939 0
0.570680836459776 0.724754631883061 0
0.466716067987495 0.0718347653216382 0
0.485322275500245 0.668127347711782 0
0.491131255968687 0.66061224730793 0
0.477773724962381 0.732581212662229 0
0.478849522204902 0.741494003745977 0
0.501468401050143 0.668059739819444 0
0.50108214679127 0.660545042110941 0
0.498487461599348 0.732240921380527 0
0.498924918018198 0.74013470403555 0
0.464488542312709 0.668017059262096 0
0.470710979107994 0.659881322947719 0
0.483599896625436 0.295183572974385 0
0.442047250152225 0.668671717437232 0
0.447942574329459 0.668482596457878 0
0.453864705813174 0.729183745575673 0
0.456877083280736 0.733842350756943 0
0.534121028447471 0.732915262442 0
0.528100687387813 0.740336638083879 0
0.15317464965 0 0
0.51446000667844 0.731897758667456 0
0.508722043509229 0.739603184592829 0
0.52322987773813 0.666914611974833 0
0.520469997311078 0.659473152239198 0
0.553340110501451 0.729552502288583 0
0.549157611733352 0.732185503158195 0
0.547713427848918 0.669322068923236 0
0.541261189336964 0.667121019971703 0
0.522914980043346 0.656218053604803 0
0.430538291650738 0.732311820604428 0
0.54115394801312 0.743516438151961 0
0.532696124699154 0.741102610424568 0
0.539732529936507 0.739452759230848 0
0.551970480745651 0.664210834166193 0
0.543432749605106 0.657613438820105 0
0.564088347963043 0.746289003454211 0
0.536185362455485 0.270115338278257 0
0.451332556375374 0.734703635413797 0
0.456306886171717 0.745789635825064 0
0.405724043453048 0.662620447601556 0
0.465471425726089 0.659886580792728 0
0.51344592655138 0.739721408362849 0
0.486333400308757 0.660219924433428 0
0.267115693784114 0.74311545721078 0
0.781818630196147 0.72623356348092 0
0.789764492845452 0.70329178402092 0
0.443344145525896 0.986108545459275 0
0.439273051686394 0.968941774839886 0
0.455502005192086 0.970864893652253 0
0.444650357853887 0.969454153633945 0
0.462881787763711 0.969605361678772 0
0.459746324092531 0.975275398249114 0
0.462876056021263 0.96437916577045 0
0.469664942497388 0.969318816948774 0
0.470296443894523 0.973707782255326 0
0.458565556372492 0.960580041794097 0
0.472044801595164 0.951055482500057 0
0.464799047480911 0.960582621270729 0
0.461191320494871 0.952298645520307 0
0.454715323025981 0.965033718951212 0
0.451528692851259 0.960736019504237 0
0.438827482576408 0.936233885375413 0
0.445113937852059 0.915840851293628 0
0.400130951538461 0.920971248178761 0
0.438065778327614 0.900322921762591 0
0.442294105516485 0.894155598498702 0
0.457255273041497 0.899537013176007 0
0.443083597986743 0.900450172345985 0
0.437333980277742 0.890913292856957 0
0.451334880124298 0.881620034776713 0
0.448182518471862 0.889374971352 0
0.402595585480801 0.903192203072778 0
0.443683703589629 0.931180992862172 0
0.45483124252664 0.935468957465118 0
0.446016730681598 0.923858477210878 0
0.450182718899249 0.919151498686337 0
0.461072225374958 0.944271965358205 0
0.457727498260123 0.940041153044986 0
0.452344621785918 0.914127121781243 0
0.464410159899356 0.913453139288372 0
0.455747601044802 0.918408372167097 0
0.449494773033032 0.909423578522692 0
0.455430277234776 0.908762460965002 0
0.465729259481145 0.894532917348801 0
0.463011597782205 0.890698512564594 0
0.449006593833964 0.875825224764969 0
0.455165126625661 0.876103244117438 0
0.444571429697124 0.878203425487722 0
0.442569655759838 0.857363392932776 0
0.447915494044375 0.866972102110026 0
0.458197582637436 0.852693932544064 0
0.451630684391252 0.84463983862929 0
0.45626385224294 0.848105395297687 0
0.455132033831941 0.857092880367878 0
0.437985354685592 0.85546075710858 0
0.449067205650372 0.856889057772496 0
0.461685692577491 0.839635416086525 0
0.455263529320758 0.839681805727111 0
0.440839619685591 0.824789022656091 0
0.448767677129679 0.838715596957254 0
0.477911745835298 0.822757148814298 0
0.46482041707239 0.826472537474024 0
0.462209742498428 0.82232296426803 0
0.456671191324842 0.814714204493428 0
0.462164552277405 0.812289910467677 0
0.452629834109651 0.826494940441015 0
0.451217979516333 0.822226190379909 0
0.439537196006086 0.797753395665989 0
0.61516409530827 0.222910805066835 0
0.596582089978704 0.235386761814149 0
0.436158850227899 0.136565536348112 0
0.564910911871244 0.266172373782937 0
0.581823588111835 0.275121644028182 0
0.580829063393801 0.267082335156877 0
0.565250978892451 0.286883427847085 0
0.594846661560361 0.285731014912548 0
0.597627438640556 0.304618891505802 0
0.597969832892839 0.334447157266976 0
0.59804138375051 0.344741972228141 0
0.606247232727909 0.360332564524931 0
0.604948352963712 0.380288298603328 0
0.606029159399027 0.40001887980891 0
0.605685773437198 0.46049147747805 0
0.571608639148727 0.483997663088511 0
0.571863263293124 0.505728269952562 0
0.566314578948436 0.507725808129228 0
0.555552180096388 0.501179548569953 0
0.567376245788498 0.502866182421888 0
0.56692669351584 0.512990092220237 0
0.555995459001611 0.517344552365658 0
0.561056220009674 0.509448681343493 0
0.605695476557714 0.49982485109623 0
0.561568499950046 0.519624503487044 0
0.567230840764632 0.532677946226657 0
0.556324715909333 0.537557649950686 0
0.562179423043353 0.529583899240141 0
0.565321802730813 0.551141427038908 0
0.561760359932314 0.53994844126725 0
0.545777727991 0.533448382332447 0
0.54602154080536 0.552207348091699 0
0.555914141971529 0.546939670536509 0
0.559875545423529 0.549714397536476 0
0.541315316097357 0.559794894348896 0
0.532485964165916 0.56452570487171 0
0.536976241414094 0.561638079179367 0
0.545840854816452 0.563401775818423 0
0.55653236281917 0.568287479056935 0
0.562368079199957 0.571388375222415 0
0.56084325691179 0.560055084603109 0
0.570603618364148 0.555427368628677 0
0.564997233237997 0.556566887905241 0
0.449626087315806 0.68041021941014 0
0.509131865652463 0.633813145993479 0
0.504764539573778 0.625726482932296 0
0.607688738720874 0.604951145258086 0
0.613591321795779 0.622845669390909 0
0.593151237605502 0.640853536015287 0
0.573109632192194 0.607137628271072 0
0.58273530502523 0.651176764338863 0
0.977748101613514 0.742027271266784 0
0.971580233439822 0.63702139023983 0
0.568154110915566 0.652889328701637 0
0.55783077364225 0.653133588491735 0
0.551043606233977 0.63902591193161 0
0 0.702572601504001 0
0.502147520953619 0.292092844902917 0
0.552361791097093 0.65439999647763 0
0.540774608633895 0.652484028845579 0
0.547029233299906 0.652056397971743 0
0.534049766022815 0.642962141741955 0
0.547848802749601 0.634946798052645 0
0.562838920421062 0.6275072704176 0
0.567231925139659 0.609002231268564 0
0.556791454686841 0.603529948020909 0
0.567942260933649 0.602976508877189 0
0.578075064981101 0.626800093016344 0
0.557319580409527 0.616586703185445 0
0.557413219251994 0.60988587785091 0
0.61490892216868 0.974891238882891 0
0.0279127928955835 0.356775015516043 0
0.604732797256185 0.921426423529751 0
1 0.2008333864 0
0.977566242277755 0.566498757993052 0
0.57108917030117 0.925730974590179 0
0.564804527600209 0.928334944408291 0
0.556403981207221 0.920707669159533 0
0.566399814854474 0.921365644377794 0
0 0.4926544284 0
0.554502559952704 0.931981628279197 0
0.516188592647256 0.606784663031933 0
0.974301736108207 0.503792968464834 0
0.566326921196781 0.948322866193154 0
0.560419958243823 0.93874627039179 0
0.546156956162934 0.912153673144025 0
0.528368739328104 0.89766460773423 0
0.52326510985421 0.908037924629281 0
0.518806584361796 0.915433143752336 0
0.573371373448437 0.957918582632112 0
0.604354387006772 0.959482128522868 0
0.5232441501834 0.489165541664673 0
0.607536225105778 0.839094876908749 0
0.53654408773747 0.145307091372897 0
0.572131888350537 0.825005339088838 0
0.572017836740991 0.804334923506098 0
0.566356246445021 0.827351842142913 0
0.55542276394379 0.81748049263559 0
0.567314851833368 0.822538432567998 0
0.571684674540191 0.845588530961898 0
0.56619095302175 0.832324957426979 0
0.555111024558981 0.83741647329942 0
0.560736292296386 0.829454901182106 0
0.566691176142672 0.848108821136587 0
0.560547565100647 0.839992040231422 0
0.566397676959767 0.842713144616202 0
0.56691406993319 0.853161013933931 0
0.556072845664313 0.857546728391937 0
0.561016197336126 0.85036309152319 0
0.606294696175854 0.860293194449214 0
0.572642336108039 0.162354157719069 0
0.561836173951984 0.859892959978731 0
0.605153511191921 0.880238693898168 0
0.571224606981287 0.905530509288819 0
0.606307346883259 0.900522337843567 0
0.454454829670705 1 1
0.556099286928076 0.900422661590551 0
0.546568483384669 0.807842191814208 0
0.545607996416396 0.811878209160806 0
0.555280139677721 0.882178166890668 0
0.560221036174497 0.880066465268214 0
0.553405441962252 0.813790102912091 0
0.54575146407687 0.852587612249708 0
0.463587245419051 0.494014838545114 0
0.504390760012366 0.47414910586064 0
0.496996797134085 0.87869004955325 0
0.536517988362526 0.837931014309894 0
0.466036170023146 0.462442469131746 0
0.498272173081205 0.823399955759158 0
0.495561870415442 0.81418420576598 0
0.536753586506776 0.827548152044628 0
0.532394872212661 0.82503284356516 0
0.537017186450025 0.817391412022609 0
0.536844291820775 0.796561280483921 0
0.471568327644065 0.45853726836953 0
0.545744783376 0.781548691967163 0
0.475831238350439 0.461896729333199 0
0.545910228839693 0.926965915803639 0
0.545085691138821 0.932218867757025 0
0.540232544021759 0.940339095758855 0
0.536984820496409 0.94384620397134 0
0.545337931470157 0.942481483488923 0
0.546113501968941 0.953026533989967 0
0.555560620112922 0.947389858875889 0
0.561055005598061 0.950533873609263 0
0.464779050554945 0.423376899698836 0
0.545684108087416 0.96503486289176 0
0.545651376133126 0.971753772391064 0
0.386378547082061 0.176636806059327 0
0.531275626141077 0.995776116222134 0
0.4969827772409 0.430975604410619 0
0.556429265057821 0.967989983112531 0
0.561911689608831 0.971403127115323 0
0.545580289690228 0.981820439764484 0
0.444796181416227 0.310467148520584 0
0.5426675644902 0.985311343655145 0
0.562187867416424 0.960007311523961 0
0.436623034624525 0.291983837597586 0
0.498539760953228 0.968997820191463 0
0.497293405581363 0.955515307512227 0
0.501521964328773 0.957498686231487 0
0.50202590901227 0.886308063102442 0
0.49322819617554 0.616053358769135 0
0.487561273315745 0.627631676385893 0
0.47570910339741 0.61292083576361 0
0.466860771445142 0.59638407961402 0
0.457645522786451 0.602113572688371 0
0.452106780184593 0.599025581241518 0
0.466908175131343 0.375907858312066 0
0.457992426518147 0.613285486562842 0
0.44648362634182 0.617672479072985 0
0.453119668245767 0.609987093215994 0
0.466901798307322 0.577766739941853 0
0.456268547185501 0.58210351637198 0
0.44944965660538 0.57916434599532 0
0.46612851002662 0.383577855834198 0
0.466550844576534 0.567626644823796 0
0.47555259765966 0.564449616502004 0
0.471980981444151 0.390165859780799 0
0.452577216927812 0.589114434736326 0
0.446105070925251 0.59539293489494 0
0.44726272609488 0.559275238960557 0
0.447228666661709 0.573627603597201 0
0.462009114439802 0.564758258091761 0
0.467929197151554 0.557402937379517 0
0.467235998012031 0.562646463552554 0
0.439753261882611 0.598788792704522 0
0.442440315323134 0.576568900588049 0
0.456322161295742 0.566774793706225 0
0.458920620165081 0.557040408010259 0
0.441423239899784 0.605190285049908 0
0.441585650757866 0.544285062077462 0
0.496543378486484 0.408672689560317 0
0.498459467738647 0.401491296298346 0
0.407455545319022 0.57076140767688 0
0.763868227634106 0.752759662521515 0
0.453764742344807 0.633015132604619 0
0.399232970256798 0.619534293008843 0
0.525931280687287 0.415152618500659 0
0.409535741641801 0.625499078351852 0
0.45992974380411 0.261756400241752 0
0.424572892706328 0.651219672853987 0
0.513493136147891 0.408679185499363 0
0.51020234489275 0.412256442043953 0
0.378742190976038 0.503913854720621 0
0.470989550748393 0.395342756279564 0
0.433247065555043 0.640592027457657 0
0.598077353479806 0.0563361135004315 0
0.476360744553436 0.39294104412635 0
0.587629462855102 0.00776084091940763 0
0.472044778193908 0.248554139525092 0
0.600179104994012 0.0387569769328655 0
0.536421139952377 0.374684844462687 0
0.555249074212837 0.042930439638047 0
0.547434585667437 0.0360574864541753 0
0.549820434373864 0.0408751940400744 0
0.562460513915159 0.0301642968035787 0
0.543762699513814 0.0481588869078746 0
0.535408357146142 0.0493642130016091 0
0.539608916840159 0.0488927467248379 0
0.545315854501758 0.0306339021363932 0
0.554284299739055 0.0261360672491335 0
0.550864660858137 0.0310129937921008 0
0.539978251556946 0.0304270970304728 0
0.535580923130007 0.0202937873519375 0
0.543266143599563 0.0258249981794872 0
0.60627105903645 0.0740995150139347 0
1 0.72274624389371 0
0.537097178633766 0.0347293697286065 0
0.529413624124751 0.0299167060314207 0
0.532266886903898 0.0253369926703418 0
0.53313409324034 0.0122999038887118 0
0.539065047647004 0.00406751686843862 0
0.537090154034106 0.0147469226401924 0
0.556261259762407 0.0148597493117094 0
0.548713316657985 0.0152429983421232 0
0.5432112249827 0.00649425503800382 0
0.553258022360577 0.00998438014366518 0
0.544017237661641 0.0587929026976279 0
0.499658566804351 0.365801831032563 0
0.529632034266076 0.0389444395270814 0
0.554371463938834 0.0564446259279359 0
0.559724795352901 0.0661766013388944 0
0.555723015074443 0.0618992267245595 0
0.564659495994311 0.0782877444204251 0
0.553295039960012 0.0769886154554102 0
0.523846235784207 0.244578698373777 0
0.560761264139311 0.0903908765693315 0
0.548240781792925 0.0778166342175922 0
0.55062951287649 0.0725813334621914 0
0.545745682928427 0.0824144651276802 0
0.534958160318268 0.0813825252956815 0
0.542818083689885 0.077934917977407 0
0.549379313179653 0.0865236426403611 0
0.540508771814551 0.0966950300352046 0
0.542718878258078 0.0872080055414697 0
0.529734261156422 0.0803396465622231 0
0.527926863274257 0.0675972191129558 0
0.533134837687126 0.0770242764864239 0
0.553910851847257 0.090941502088032 0
0.55634080322735 0.0969530451768747 0
0.549503577820427 0.114622272353974 0
0.535797930765927 0.112517231984067 0
0.524429979877605 0.0964363452784565 0
0.532510092919653 0.0975575752129513 0
0.57437460577175 0.256229826333881 0
0.516457823285033 0.0811354200876444 0
0.525253223282993 0.0782359927752556 0
0.526815475490977 0.0619471242356032 0
0.532587565150307 0.0600297838099065 0
0.535914714555846 0.064160067181915 0
0.520872923749145 0.0613919895877214 0
0.516323469357964 0.0526885863424077 0
0.523930947447924 0.0580160172307868 0
0.517708081487551 0.0653461774421425 0
0.506689169275591 0.0639231509987785 0
0.51544028580475 0.0605345731350003 0
0.514915252070617 0.0453326626034472 0
0.52026219083993 0.0384376869020269 0
0.510317717665851 0.0456363886317813 0
0.505686487446496 0.0364666190117234 0
0.512885528972809 0.0409201138293274 0
0.50863549357098 0.0507834777917597 0
0.500137055513418 0.0469789275315443 0
0.505468946363029 0.0463542433569052 0
0.504781292127868 0.030752463465134 0
0.511327127715203 0.0218607267996743 0
0.509183168763979 0.0321984743376521 0
0.975526392841418 0.214652091519765 0
0.526239282927121 0.445230186182828 0
0.520020462015857 0.0700281401111168 0
0.513286582110675 0.0776576985542181 0
0.51527780744491 0.0697559518324199 0
0.506000936302969 0.0815785108910272 0
0.496509306442026 0.08082461411001 0
0.504251876153696 0.078150204525342 0
0.508435186656137 0.0860435470054445 0
0.498854285895247 0.0951030937053483 0
0.502818910378537 0.0856438214633967 0
0.49010498637032 0.0768931375246432 0
0.487486759759515 0.0679365649384471 0
0.501479348116696 0.0623694661162234 0
0.49794979945132 0.0523405819819801 0
0.502010445251045 0.0564140438548672 0
0.498272902967326 0.0667724876158412 0
0.489150316322683 0.0633614161586391 0
0.496630068193968 0.0628340572145156 0
0.482345604375265 0.059089859103127 0
0.479503619059306 0.0493529718926215 0
0.480905739748884 0.0543630958741241 0
0.47926102241576 0.0635461636564932 0
0.469014158841961 0.0629599279597097 0
0.477107203879975 0.0584632404495336 0
0.492068080404411 0.0386852187657514 0
0.500624276315955 0.0382604631983471 0
0.49633546092746 0.0379494561496736 0
0.507651286353871 0.353944331915553 0
0.476439764482924 0.0685980959523331 0
0.473048226012199 0.0775993546471857 0
0.475856089767772 0.0739551755340504 0
0.460743529627494 0.059857282487888 0
0.460609581866656 0.0446106073989016 0
0.514363423800809 0.0957337752544068 0
0 0.39829687869 0
0.539584838173142 0.126916718237094 0
0.49886800130013 0.0304701724678805 0
0.487439372274895 0.0815770487295372 0
0.478456436964438 0.0787712917203062 0
0.484188668418083 0.0769318897069264 0
0.490472356370326 0.0859050632582962 0
0.480273105197849 0.0944218676961911 0
0.484739130561663 0.0868248973973158 0
0.493076406846533 0.0896520634866248 0
0.493238732865849 0.0949128290151402 0
0.478337963389362 0.0989742856028788 0
0.471441868521216 0.0924224892856459 0
0.47613342679379 0.0936563723059719 0
0.559869577773798 0.128597441461341 0
0.529645691731226 0.111935674937042 0
0.528555093667412 0.10142983674471 0
0.53197789109284 0.107240158355992 0
0.527024423896966 0.11639563003306 0
0.51564388905804 0.114506696199272 0
0.523766753218004 0.111135567976191 0
0.529619091298926 0.122164358978165 0
0.523025187642924 0.130068818992932 0
0.523683378298151 0.120106736496608 0
0.510214981667878 0.104522815981149 0
0.516809176475026 0.0206423094914014 0
0.442648588910076 0.181273590065705 0
0.522304168546259 0.0230729934527507 0
0.514623966811094 0.0124895211473166 0
0.523102181421028 0.0117582940056438 0
0.504068278967148 0.358015459188296 0
0.605470965839363 0.0914645547863746 0
0.627076147007927 0.0945323252807845 0
0.595934801940285 0.126872243812718 0
0.535444206286471 0.365108745250379 0
0.613203396767471 0.133720522506528 0
0.46884609376864 0.2209087029804 0
0.564864454134193 0.144124564274824 0
0.554632939431697 0.144209712349757 0
0.561703357191433 0.155536340759716 0
0.481281612377913 0.234569539627971 0
0.648988225591122 0.727373353743433 0
0.549184690314761 0.142903852426922 0
0.549697440156865 0.137200158118581 0
0.55446320135995 0.13864655462917 0
0.545882659799573 0.148420592937993 0
0.534320608365724 0.148188233061559 0
0.54367551699725 0.144175833935401 0
0.548661226646813 0.152860582804943 0
0.538270038691447 0.162611407757898 0
0.54209542511429 0.153745354518162 0
0.530500397976085 0.137769966072048 0
0.524531438121965 0.147126402399553 0
0.51423339555044 0.148651581366988 0
0.519526603797666 0.148344052021991 0
0.533158140513683 0.127626587876758 0
0.52065420277057 0.163522575478861 0
0.52295623873145 0.152692399929647 0
0.508960792527243 0.146689388465634 0
0.503241076678108 0.136920304544108 0
0.511771844566521 0.142893433790175 0
0.566702642367854 0.100824329077655 0
0.545736536292458 0.162549032716016 0
0.554382387019441 0.163095093474462 0
0.549638465326673 0.180355846678887 0
0.497396496666922 0.197249698230604 0
0.533661690705708 0.179753602766309 0
0.553216845446013 0.193952952383553 0
0.542237444284163 0.194230250366225 0
0.533768098424026 0.291193209577097 0
0.498366181993321 0.612541769564222 0
0.537047733389382 0.193308633466364 0
0.540924283339229 0.188294268778046 0
0.533933889498267 0.197888947554263 0
0.522725396993451 0.196067871795678 0
0.531416150487317 0.192844819212754 0
0.536097432232542 0.203298989849822 0
0.527049698621654 0.210904269662836 0
0.530435693125936 0.201758856870427 0
0.517199920900954 0.194746338815595 0
0.516342947995411 0.178357289106536 0
0.520812285808188 0.191175550937317 0
0.551657985797677 0.203716427926128 0
0.545282680585241 0.211422157192403 0
0.549799534665268 0.208464325510987 0
0.529083026514213 0.179437846582828 0
0.52436155311178 0.171542316371092 0
0.526249434810228 0.183314319482902 0
0.512714515818366 0.175317634177232 0
0.524488763714443 0.179049786354805 0
0.507982001704724 0.174742545246368 0
0.505986120171117 0.16427175646405 0
0.511737556389287 0.170836625103251 0
0.50489852748018 0.179099188479218 0
0.494040651877748 0.175428865527169 0
0.502749979652244 0.173715410734763 0
0.504656058379238 0.159139356475488 0
0.513020733932297 0.154791768868231 0
0.51049972210125 0.160118314397099 0
0.499023315561394 0.158129178946008 0
0.497543739857283 0.147365149524007 0
0.502326694438789 0.15426396580229 0
0.496136812116483 0.162967118526763 0
0.485175285073416 0.160145200697326 0
0.49375373985861 0.157282000950539 0
0.494940047301787 0.143861996352144 0
0.44073081787756 0.250356257076298 0
0.500679445012878 0.142880275736096 0
0.492825150479387 0.135591227702085 0
0.498297359589167 0.133640796647414 0
0.493172060697736 0.0556939671612265 0
0.378160779938119 0.981164434172904 0
0.483518170431181 0.140921690769137 0
0.492345466667207 0.127058261340898 0
0.496882201337757 0.118182258095916 0
0.451223289339846 0.142423548284101 0
0.503920611259933 0.184029185498052 0
0.502194380934906 0.202139725873064 0
0.499985533677665 0.186565362455424 0
0.489146618393434 0.174713251671738 0
0.487267607048681 0.164551415586264 0
0.492239732148058 0.171046076797384 0
0.487467029538822 0.178456222449736 0
0.474689163045944 0.177099472426515 0
0.483563511685845 0.174692475609044 0
0.487692887335025 0.183068566310608 0
0.482949741552601 0.190458715133437 0
0.482585932184915 0.185050880102098 0
0.469527021429418 0.175705831411202 0
0.46674660933333 0.164675171086284 0
0.473313940440273 0.172939619498944 0
0.556535493703216 0.363750703316908 0
0.574845677034226 0.2052999193102 0
0.576804327679144 0.213682696877968 0
0.537849544292175 0.340472409376615 0
0.592106936893462 0.175682794394124 0
0.59498278798846 0.184278337648726 0
0.518113899106902 0.133573981753204 0
0.508254944601027 0.132387210602426 0
0.513939671825252 0.130996931945402 0
0.502506231576803 0.126083104685477 0
0.497930344213406 0.114139758510256 0
0.49575126251805 0.109828527545033 0
0.500051281682464 0.103529290732017 0
0.49067733572115 0.108721492134998 0
0.489341187149933 0.102893847867118 0
0.494607480255059 0.104511466385444 0
0.373371346549854 0.566429484320907 0
0.473293598172071 0.110816639392181 0
0.474210439437697 0.102304704997623 0
0.521015840753612 0.210591476995102 0
0.51160412266152 0.209826242846972 0
0.516039080325609 0.211490233050078 0
0.467291311221465 0.0911316475563103 0
0.564829973250019 0.327892493456141 0
0.511927650866543 0.187944628409165 0
0.541432306410266 0.215123187921623 0
0.539626049567612 0.209252285995835 0
0.543530639190983 0.219719927833316 0
0.534130376226466 0.229431206620741 0
0.538007426584277 0.220068184386312 0
0.548651829403351 0.222603721308188 0
0.551875715912463 0.237653792315749 0
0.545786775098595 0.228605666074816 0
0.531273643874056 0.233123869025842 0
0.520284068030038 0.228426143146903 0
0.529682296371732 0.228415248944304 0
0.513610491072279 0.198619898399347 0
0.505452472263561 0.193368849965915 0
0.511601148083927 0.19340606415109 0
0.507121437261065 0.209136416918155 0
0.510592097644853 0.203987442915907 0
0.50316286335702 0.213178572285583 0
0.492866529402237 0.210866635792466 0
0.502631418636848 0.209031168683367 0
0.504338678919616 0.218006712376087 0
0.49516547204151 0.225016436139658 0
0.499412993212829 0.21672985007702 0
0.490551925087539 0.206108705360667 0
0.488906829879799 0.201880392511723 0
0.493492369797129 0.200974383219269 0
0.482785595380193 0.209589169071052 0
0.473703418567929 0.208707634610319 0
0.478044677661456 0.209920030422142 0
0.487907747927912 0.193504138863156 0
0.509949064580778 0.122573993474172 0
0.492601896138563 0.190572966011491 0
0.485902970246871 0.217098648477293 0
0.477396669831334 0.224517829025587 0
0.480298795066869 0.214788976483619 0
0.469099842900964 0.207537801461907 0
0.468351846056339 0.193010215698089 0
0.471447265140439 0.204335127171066 0
0.51510261683288 0.12321415852763 0
0.491585781531601 0.22850806818542 0
0.48947527528229 0.222780114151112 0
0.493114573437683 0.23404091183788 0
0.486673033343019 0.241346243375127 0
0.488941554743264 0.23252931104253 0
0.498250058697913 0.235675415440052 0
0.500651423979061 0.248544590255385 0
0.493850471709955 0.238984828280523 0
0.479627241628918 0.244476353158432 0
0.470205347948399 0.240726704166957 0
0.471861085768785 0.225432693199024 0
0.461023497978802 0.223283397345952 0
0.46642303579374 0.224822888826464 0
0.465263051105892 0.2101129362964 0
0.455433405927414 0.203611700776079 0
0.460205630900363 0.201765558107116 0
0.465417627492969 0.188851378227209 0
0.471291924030672 0.188852467790781 0
0.47399586742542 0.192654700075994 0
0.457479195672981 0.177199508926963 0
0.463277505838447 0.184579013773087 0
0.457734880652831 0.193802598550312 0
0.447676227558554 0.191014184286024 0
0.452160823823003 0.185595391814996 0
0.454971879724516 0.173612432296497 0
0.463777786194962 0.169016023559504 0
0.460777777193253 0.17386386941002 0
0.448471529411659 0.173077919681022 0
0.444975206724355 0.162120712598139 0
0.45308066480788 0.169630929591429 0
0.570115354472508 0.639575942791286 0
0.435524555367602 0.175092791042602 0
0.448734011148716 0.157171881578757 0
0.453611470665701 0.152358267360742 0
0.449669674885353 0.103437056145507 0
0.449222830033771 0.20247892263971 0
0.445113792972935 0.207592944082794 0
0.439502944150067 0.219158908863924 0
0.440018214039372 0.186158687881623 0
0.437473205015204 0.180474535718078 0
0.425998515855204 0.18358490960294 0
0.510908703547364 0.329014457466045 0
0.509208179134492 0.323372216917057 0
0.437162975173716 0.162763335060187 0
0.407728459687517 0.197273953670484 0
0.51861760184739 0.314746381371157 0
0.449059753176772 0.212050615013903 0
0.449740021166404 0.222565037967669 0
0.478160511682503 0.183911499146096 0
0.454546473245676 0.233067495304805 0
0.524786781132639 0.992302401427587 0
0.448824977528032 0.23055333756598 0
0.459802361003836 0.231994252466273 0
0.457230658682158 0.241919320557232 0
0.46343188413352 0.228360299598772 0
0.474831762693158 0.230108723255903 0
0.464020501799177 0.233108978517038 0
0.463250623888976 0.247694902403175 0
0.455524335404803 0.255243097715834 0
0.526618618342328 0.302376068395345 0
0.420894461032588 0.204176624376146 0
0.420168283839694 0.210800193936642 0
0.523848910094193 0.315290072047165 0
0.457817140134496 0.147846087958405 0
0.469663696401085 0.150783134448552 0
0.459736152376098 0.152575822045745 0
0.460023270905624 0.131792530968787 0
0.469896274081056 0.127274251784197 0
0.46452477412686 0.12937496423395 0
0.50068408093589 0.181896828439305 0
0.507396312026121 0.234959717288709 0
0.51491217462894 0.239424456802731 0
0.519677095580499 0.247142183969351 0
0.520618005930952 0.234172316990616 0
0.534471815838505 0.237669129435055 0
0.524198907607723 0.237026963618269 0
0.539665965605178 0.236942458084631 0
0.53445672594595 0.246411740860506 0
0.521624320369795 0.252731816651131 0
0.513930078974903 0.261262689259002 0
0.516389116681536 0.252314566649546 0
0.541454029931334 0.232369395567833 0
0.546971667576998 0.240113754844135 0
0.497792745260137 0.25246247646891 0
0.492556070961821 0.259610339214334 0
0.495863542266099 0.256507869520267 0
0.482437352824747 0.249426980038659 0
0.473168323833013 0.257256440538507 0
0.476944564305579 0.249121962592797 0
0.469381991409718 0.260813949292721 0
0.467261908003506 0.255910474025849 0
0.47060373522808 0.265827256113438 0
0.464404698968304 0.274773183156323 0
0.466437344253791 0.264738003314448 0
0.475633140718511 0.267005895111486 0
0.478427936731629 0.280718797190924 0
0.471713772781885 0.269995397446391 0
0.531246853949672 0.372158436168999 0
0.448311516863804 0.273176790142396 0
0.45292960180469 0.269455206657729 0
0.438558394256133 0.262150227935061 0
0.485991609485041 0.268074528621631 0
0.493454977166418 0.274068615089029 0
0.498738691105663 0.28221953109315 0
0.49697041572003 0.277672985277173 0
0.480221725386069 0.285441054647942 0
0.474165686408736 0.292314555217078 0
0.475393147970738 0.282996893796643 0
0.459031548118393 0.282035376128121 0
0.450963730658152 0.289865667546867 0
0.454343388497697 0.279625312171274 0
0.441531508564551 0.266613901844394 0
0.543923377276796 0.297631809274688 0
0.440312846908338 0.280017892642471 0
0.43329423887126 0.287557289238177 0
0.435515188889408 0.248836750255602 0
0.528791165170686 0.291979760838921 0
0.421155071919578 0.233191118051104 0
0.45497274683464 0.0743765666399082 0
0.408383318082326 0.250298208080645 0
0.332809734740493 0.381153027509914 0
0.399247858606292 0.232255033441896 0
0.50503969956336 0.302569674836499 0
0.445637955802634 0.289998069514072 0
0.443897683073643 0.299938507469159 0
0.450680279152225 0.300108478795725 0
0.566191293614732 0.941648765839104 0
0.428424140413677 0.306056121645307 0
0.413756826735083 0.274405784320045 0
0.630040697583719 0.902006321362499 0
0.475895959473957 0.139287154451261 0
0.474293964882212 0.12487142844775 0
0.477948249960236 0.127324345900317 0
0.565453985046472 0.2486532134442 0
0.555507659648256 0.24293191421585 0
0.580651595284764 0.234704301395963 0
0.457396515849465 0.31764941426359 0
0.449760032233457 0.325811599164419 0
0.453423194443417 0.314550927209839 0
0.537117277168643 0.131719403597284 0
0.406296025664379 0.29652422340565 0
0.35258972052531 0.214961752433372 0
0.508653781561977 0.300191470997502 0
0.504904994996598 0.257165509657804 0
0.463049334145752 0.301203309828237 0
0.47176524181536 0.305805568650761 0
0.475672388470788 0.31358610526081 0
0.4748116268408 0.309087093537675 0
0.383083976624625 0.261465277076399 0
0.523792849329647 0.278133120064688 0
0.52719079186833 0.253672807118094 0
0.53065184962851 0.264066094493424 0
0.524014173000735 0.257337127268251 0
0.524087307652997 0.27244663562108 0
0.519653014200169 0.279719972747447 0
0.534180544282535 0.275064905723935 0
0.536766252748532 0.284222616725976 0
0.536668366879321 0.279751555797601 0
0.516975683545624 0.283491570286451 0
0.508147473118568 0.281544311897418 0
0.519020361030097 0.287768315222173 0
0.5115029379795 0.296395813137279 0
0.513508828280489 0.287580788732045 0
0.525116087431561 0.288182866190002 0
0.528056919720477 0.297798228666131 0
0.520821693830602 0.291523787313787 0
0.505670808794899 0.296206886374029 0
0.494330441890711 0.295034661602153 0
0.499931824037082 0.295645329940699 0
0.565522833208763 0.909248179757837 0
0.50962876934079 0.218626867658109 0
0.514384542273421 0.227478529267489 0
0.512927049976779 0.214800324230434 0
0.523806919604291 0.21594708026755 0
0.514882164766424 0.219147746272448 0
0.529730323560697 0.270493268121317 0
0.429559724462084 0.128514469929333 0
0.434706240051062 0.123068871293608 0
0.435363245507331 0.13023354865891 0
0.444347564371362 0.112463742480349 0
0.442030673679034 0.122018054214037 0
0.445772172740708 0.144022370149286 0
0.445723606931084 0.133746546724972 0
0.45117165619655 0.133703774928281 0
0.461807017406885 0.14324764206526 0
0.433193879190491 0.311121725835749 0
0.508488438112383 0.260359079587132 0
0.497667678986608 0.260638470823981 0
0.502750390186943 0.260942643226248 0
0.510075982089488 0.265143737970538 0
0.50401155895556 0.273503612526771 0
0.45535189588469 0.0601499714145801 0
0.448364722668713 0.0600345443417789 0
0.43147625519951 0.116140155733132 0
0.45238354094706 0.20775642115172 0
0.455319347190904 0.212825887731715 0
0.558030349725768 0.264522984515727 0
0.503550459396078 0.311501902101959 0
0.501065829950179 0.306533198676799 0
0.498380667495897 0.0348055785895579 0
0.492957144992185 0.0299300778763835 0
0.492520428576866 0.025581053147902 0
0.474321021115305 0.301115751439838 0
0.483448162294462 0.303136187360795 0
0.482063819157686 0.307218564300908 0
0.483559708170372 0.290245272279876 0
0.493338542882815 0.304395766113747 0
0.498609057522445 0.31179644723554 0
0.48861437453168 0.311750345645654 0
0.459277558282424 0.0777432743037512 0
0.468254578611503 0.0761270352156885 0
0.45291993965022 0.0696095374318063 0
0.446953956635198 0.0661471565658825 0
0.443481909327868 0.0765900664816459 0
0.51935981380397 0.0283780188403301 0
0.440670280615682 0.0937933067631759 0
0.429955221845234 0.0762183573623254 0
0.431494950399604 0.0688711460889804 0
0.433947754375537 0.0480627211477334 0
0.247422988069423 0.743047782645397 0
0.584081152732341 0.208294093336225 0
0.484108170145959 0.0716983133448907 0
0.537722233700597 0.28894499155316 0
0.531357526542485 0.286630552765778 0
0.543102183102229 0.291671437126902 0
0.539243818375393 0.299514816981281 0
0.560022663431915 0.290811271152713 0
0.470838481810738 0.0513228219147589 0
0.542915209181758 0.303758056245982 0
0.538604346434051 0.313887584310535 0
0.542308568743014 0.309236442324633 0
0.553646089824845 0.311159748271856 0
0.559435814733213 0.315358744619487 0
0.450439079652334 0.257257991594952 0
0.534645103683068 0.318380047133621 0
0.525322429199827 0.320427989774123 0
0.534181621214028 0.313604163630927 0
0.39335718267045 0.130296533318621 0
0.463092267238016 0.252345249258681 0
0.528680348979493 0.30659111614905 0
0.521355560440077 0.310584555763853 0
0.524074920705248 0.306143358625053 0
0.513681947008164 0.315194155005315 0
0.509614777525096 0.311329138596025 0
0.505754573322462 0.33105978666105 0
0.520197942306757 0.324214330984837 0
0.525384980800785 0.333823126341065 0
0.522492368627642 0.32936157149871 0
0.477094412956093 0.0530592515101723 0
0.494705570245856 0.332636376446081 0
0.500310653184492 0.330331580537215 0
0.477058266452741 0.318563644976471 0
0.469337900924596 0.326534085635043 0
0.472600434948875 0.316586811974016 0
0.552286114305977 0.12477841747714 0
0.46851771027887 0.29251122834314 0
0.561431371642031 0.084147465586628 0
0.527790040557563 0.33834628338034 0
0.519807132260595 0.344470303450244 0
0.522371618042009 0.339015239966899 0
0.608409656684448 0.166347891541414 0
0.39563608503469 0.0934455771594349 0
0.518729520831131 0.263806399948254 0
0.415607909661818 0.0639440170759854 0
0.455345879947783 0.106314325342003 0
0.457386932534141 0.0917568403400238 0
0.367557694514142 0.195040241054645 0
0.536698314938151 0.323157364950577 0
0.530569146253922 0.322751849250473 0
0.542704343421093 0.323258458352295 0
0.54802191632592 0.334548257841996 0
0.539688399644768 0.327767640909093 0
0.562046950449433 0.32156564277254 0
0.569618911756318 0.322076490498067 0
0.559722036625162 0.332326487981826 0
0.536838278783308 0.348442826088083 0
0.540477414814237 0.344319264982963 0
0.50620676984855 0.0717807177413106 0
0.576980036160057 0.322459009443861 0
0.529943102611629 0.432261056863665 0
0.569035015223744 0.343430472229823 0
0.553869476143352 0.352993437352575 0
0.562656951337759 0.343034505604369 0
0.549951715663495 0.340438261923891 0
0.548633730514766 0.349600177751135 0
0.553080670784865 0.358642986729341 0
0.544751995534705 0.367263558869801 0
0.547429699611395 0.359546630971254 0
0.561037540194382 0.357690458046614 0
0.5622250983269 0.373354119829489 0
0.541501221127769 0.371861032675381 0
0.527247977764005 0.363393845701583 0
0.539986377653164 0.366510139092044 0
0.533804776165612 0.352286128510663 0
0.523670953826235 0.348783452366766 0
0.530161881586192 0.347679907300667 0
0.536476014043468 0.357067155568357 0
0.52291145272101 0.364935131258123 0
0.531557297303459 0.356272074468574 0
0.519979123267393 0.36873729895002 0
0.510252223720474 0.363382035851046 0
0.518476254784627 0.362931588436854 0
0.52180015082915 0.374537223877705 0
0.513091447629322 0.380588081804196 0
0.516460609267131 0.372454962179019 0
0.504895650026973 0.363229028144786 0
0.505553063722439 0.349187523190429 0
0.508992204429174 0.35891601927537 0
0.533421861680207 0.382902606723657 0
0.525521284677039 0.379089650720101 0
0.509755466267564 0.384475782014075 0
0.500942143192449 0.383736647310511 0
0.509396846513426 0.379775987318966 0
0.490554671353153 0.361521832863561 0
0.499698684574483 0.361102644215598 0
0.502866856783042 0.344740617058046 0
0.511358278163787 0.339697358185637 0
0.50865569020082 0.34479742601955 0
0.497388619638576 0.344290590725014 0
0.500393418850387 0.340064644217364 0
0.515254746390459 0.243494276085263 0
0.571563340020015 0.350121693975784 0
0.453142931379595 0.239039817471633 0
0.557373671269204 0.384558110818907 0
0.545949650470006 0.374911528299324 0
0.536295852018044 0.37919648438003 0
0.553832095753205 0.389035410840157 0
0.527624182797839 0.051643003831989 0
0.462961280373613 0.326176095307759 0
0.456367865963105 0.325490625739317 0
0.459513657021269 0.321691244963702 0
0.462444555484378 0.334841532161525 0
0.459638359177886 0.343509961813303 0
0.468928651916777 0.335627552379064 0
0.465595077266642 0.338869457329124 0
0.446906610017457 0.342579356226431 0
0.480276367428461 0.336820085004089 0
0.524692788860822 0.070315893691582 0
0.485535960617636 0.360788013695354 0
0.482112908942267 0.364431955019398 0
0.471746361574023 0.364134579525402 0
0.480876671681628 0.360196181336024 0
0.4842995489942 0.368962440233682 0
0.474702108724959 0.377946348258509 0
0.479227795899565 0.368181649065565 0
0.468011396061518 0.361671163681551 0
0.464854377318354 0.352235288392154 0
0.488971967718642 0.377918062473466 0
0.492605354156286 0.38775315663526 0
0.485030739331213 0.394715694847353 0
0.486986226013039 0.38670008797103 0
0.498289939515685 0.388373561906452 0
0.50198506264994 0.398528978837906 0
0.494313332260328 0.392883006219047 0
0.480118634942261 0.395861878230307 0
0.46721119705478 0.392261940992287 0
0.559425776555744 0.0475082620551555 0
0.511461580692771 0.388959941495406 0
0.50483118053246 0.388332696476482 0
0.516774463851144 0.389847690895666 0
0.520542997150789 0.400768699753083 0
0.513802351554146 0.394217539296599 0
0.519944788115027 0.385869547934492 0
0.530118349171929 0.386951721548098 0
0.521929326214677 0.389962477139232 0
0.537714741082902 0.392253866437015 0
0.542596399124543 0.402613011635263 0
0.535384465222864 0.396619408215344 0
0.522084495062656 0.405638728951651 0
0.514718784412428 0.414002686131682 0
0.51699453521082 0.404669525393683 0
0.556469655350827 0.394539692901334 0
0.558545733336871 0.40127093573348 0
0.534261064112663 0.407211140473744 0
0.531651353270303 0.415836893665309 0
0.535512987690555 0.411981216338394 0
0.567266307638084 0.3907568474983 0
0.636496530264285 0.0391075209369366 0
0.559073868848414 0.4085919874121 0
0.5490038339061 0.417791851969725 0
0.493848023181375 0.412743696999997 0
0.498602013062112 0.405261531306889 0
0.477111718366964 0.403802236425747 0
0.472510316912645 0.410759803634327 0
0.475709527229804 0.407719884815103 0
0.464253642320986 0.379235641101861 0
0.466827495031814 0.38827422115969 0
0.815707177488956 0.695584409652958 0
0.527850368594329 0.419962677465698 0
0.523861406433224 0.41061934368459 0
0.529816271713246 0.424574082848123 0
0.524625720334028 0.42451811449333 0
0.532387562262329 0.428600476351533 0
0.535741601253507 0.437219942197547 0
0.53482689604003 0.432496194350017 0
0.515199068661343 0.434630068531079 0
0.506010625618625 0.432894720354969 0
0.509528779729201 0.417175082333799 0
0.499658056867436 0.412827028308628 0
0.505327001825505 0.412786282110266 0
0.510290991134159 0.422848902224789 0
0.502203721906737 0.429587166143871 0
0.506102925565105 0.420712103356435 0
0.493949709768847 0.427207321257266 0
0.484294997827266 0.428190948762659 0
1 0.650323387458684 0
0.494999561746424 0.436596781015129 0
0.487828195160235 0.444704069635478 0
0.491539653759635 0.441227503285073 0
0.479474961858542 0.427367806439104 0
0.4774062585885 0.418882975429311 0
0.47623961184305 0.431068833686328 0
0.464742110365142 0.42828889992041 0
0.474267882692413 0.426109569800273 0
0.478786296720518 0.435475062311626 0
0.472266920364823 0.444225266683029 0
0.473459537689777 0.435291980848469 0
0.45871413951772 0.414725414788086 0
0.460980104715068 0.419812796722382 0
0.0846097325896326 0.614947855335203 0
0.484654276673059 0.448228251970528 0
0.481956727588471 0.443630350159643 0
0.487233928202582 0.453032486315519 0
0.481870453840643 0.461918545776225 0
0.482896683212765 0.452131929596738 0
0.461743444172853 0.459535199786782 0
0.458759386056925 0.18885626285227 0
0.476021601058328 0.196814396427804 0
0.471925365099011 0.47061732132811 0
0.46650643967943 0.477034741254098 0
0.470288488072544 0.474541465883996 0
0.455708891689802 0.459136441415033 0
0.458165946693592 0.444842303505705 0
0.460472464232654 0.455236075942183 0
0.468853285003061 0.448234963797425 0
0.454537815864261 0.44147012886759 0
0.467233866159434 0.443311599224884 0
0.448820738118163 0.440252171956206 0
0.445348650198714 0.431026456917275 0
0.453610692548961 0.437593652197054 0
0.44480890152865 0.44490268650367 0
0.437245138656519 0.442544796879038 0
0.446772220016555 0.425306794602888 0
0.454986230205382 0.419183550318145 0
0.451685955696815 0.423438395993719 0
0.433969166060402 0.407681754641344 0
0.444830309601178 0.39951696947638 0
0.438670590299024 0.409902582759647 0
0.450102322237304 0.450159621370812 0
0.443431881452632 0.458128846516334 0
0.476166133050328 0.239929572682074 0
0.544737470687389 0.408489729225264 0
0.546492369111238 0.422689195219511 0
0.54320821614739 0.417899909717357 0
0.55037716760985 0.426459723381452 0
0.539746270982292 0.433240108263751 0
0.543856991279315 0.428459982371538 0
0.556706169521985 0.426115459810817 0
0.561176167648267 0.44045670213344 0
0.557716150514002 0.435727975911455 0
0.563733152575173 0.426440948940423 0
0.570378538216391 0.427223221637898 0
0.498327787997892 0.245071698668582 0
0.563336810898038 0.446546629637048 0
0.556924924176395 0.445349687801307 0
0.49965537627888 0.439008447302667 0
0.503916750866506 0.447384970093826 0
0.50112359010499 0.44349009685237 0
0.507690651553502 0.437575946491133 0
0.517201772814431 0.439306766462066 0
0.522277008806821 0.440719199568475 0
0.521131738463596 0.451901517789776 0
0.517886358893852 0.444288668167406 0
0.531341354141604 0.44439018975799 0
0.51123450970362 0.457100230313388 0
0.474087647439561 0.382592723626458 0
0.462455381036168 0.374201875165104 0
0.457558646798616 0.373295308241532 0
0.450083877599803 0.365405944564299 0
0.485119238264518 0.221279457926228 0
0.454528496896164 0.37748765784054 0
0.442258129509217 0.377011957921211 0
0.452013732466936 0.374034776109418 0
0.45238047742595 0.360606518653914 0
0.453322143368286 0.351542196619798 0
0.446703022839787 0.352771212475431 0
0.49192991781501 0.1853247642483 0
0.454911548001139 0.381911389975391 0
0.446135654512936 0.389924021971582 0
0.434887576718467 0.375358716617977 0
0.421191122173708 0.369066878384929 0
0.4806700178726 0.205490344554609 0
0.398627353245591 0.367388096320543 0
0.387016556213375 0.384344495627599 0
0.529055820611786 0.237057904423195 0
0.401738155971427 0.339427151622566 0
0.427188097991872 0.344653956700722 0
0.535226747672522 0.207639685555001 0
0.381489493044584 0.602619204604798 0
0.402968453564477 0.409119046539316 0
0.413074976403226 0.426766119485183 0
0.47910242384044 0.104176201573966 0
0.483991085562679 0.18012431129612 0
0.504057732660552 0.18857863466076 0
0.405935017426184 0.45218174587886 0
0.494911341859681 0.122816291882735 0
0.436325688540425 0.460283410406957 0
0.431741753721733 0.455451965625131 0
0.388945928855929 0.461351399503261 0
0.448378559597507 0.395166288854876 0
0.459388796870494 0.395978961039172 0
0.450681427274226 0.400348028320754 0
0.45399157510192 0.391396571053892 0
0.460611732690491 0.382780663352383 0
0.45692322049573 0.386863257098791 0
0.437030979668291 0.350162180724584 0
0.445303415023946 0.359750546662725 0
0.51584798132406 0.1897074947803 0
0.575775856319565 0.421385995731366 0
0.567905252725475 0.411008124042109 0
0.539138984957536 0.407350291582924 0
0.483226327775193 0.470377163801713 0
0.487903893585959 0.478421593365455 0
0.488377364872089 0.403088320308466 0
0.454969687152873 0.464138615963526 0
0.449965809798396 0.456086813294862 0
0.457914235504477 0.468737007039463 0
0.450891208274921 0.476595627087559 0
0.451763241477356 0.467811576520384 0
0.381536064345755 0.589351810643415 0
0.463389409778641 0.480517829377843 0
0.460872743745549 0.474364288187202 0
0.465268316089508 0.486051900773584 0
0.459086425029953 0.494833083176424 0
0.46070368201081 0.484722133871495 0
0.444945440109475 0.476892897974485 0
0.470511371048725 0.487487644790825 0
0.471840092942811 0.499837931441139 0
0.467010579235563 0.491080170627479 0
0.453562834066402 0.496536133630818 0
0.444682216341531 0.490097878351361 0
0.442945834268053 0.483885401965122 0
0.440724852698667 0.494998008795285 0
0.48835049496261 0.486089706171694 0
0.527806819904441 0.127438336913491 0
0.45297653363685 0.502951241003307 0
0.448743038803304 0.500624557720998 0
0.803265847609762 0.325531191267935 0
0.541905054765584 0.159765083637378 0
0.500686528764088 0.47653209059134 0
0.578781670308704 0.427631715527934 0
0.580423160939678 0.434847166954635 0
0.566136527067952 0.935155514484933 0
0.570994769529841 0.463847356431764 0
0.565701145773117 0.458603886691075 0
0.803300597810467 0.301025502030683 0
0.132909198449874 0.0197007841763786 0
0.456166434514967 0.491560782893728 0
0.565789341032268 0.870369957159576 0
0.427111960188314 0.0871410417359346 0
0.528160942972867 0.132435846130605 0
0.443523047742174 0.327931363777425 0
0.437535333565662 0.320789078280741 0
0.521650750407735 0.143690347111379 0
0.497990281643047 0.379732423795007 0
0.442695276880374 0.421476820706914 0
0.47785740049027 0.0445216507739248 0
0.475714489798462 0.0333689083850156 0
0.474578814570493 0.0279141648928059 0
0.483264664657075 0.0241481324071041 0
0.393750324317264 0.111454569736958 0
0.529626504385392 0.147015214240425 0
0.501354122141599 0.494553786546278 0
0.502045703567191 0.489159823922976 0
0.441870454845285 0.0530077378800723 0
0.436695319905117 0.0430007620000426 0
0.439606938761606 0.0484455372768239 0
0.567379084943631 0.15165772867599 0
0.356581989043845 0.0244905584822325 0
0.496607750466357 0.0910984412115417 0
0.372486236268728 0.0742960461453323 0
0.579674613364698 0.382811112196913 0
0.579606303504915 0.390811245763205 0
0.438254411861535 0.518089828794155 0
0.488770425687386 0.0912725819580367 0
0.418014728421814 0.506307574294777 0
0.543620186812548 0.123044099003165 0
0.453411130923618 0.805145747023781 0
0.448914762827601 0.801307122876068 0
0.442952991048798 0.791779663926793 0
0.445709624991214 0.79676968575202 0
0.449918926634698 0.779501506195408 0
0.437079517373379 0.780808003267576 0
0.432272867483591 0.767983144645329 0
0.488556813343522 0.79381548646222 0
0.498410302748503 0.794477337279142 0
0.432958894117285 0.787810932308358 0
0.425642609997714 0.78821527723176 0
0.438894302585882 0.756311363702904 0
0.640185334966586 0.857239568614407 0
0.466090143921754 0.058378121402957 0
0.41888735887443 0.751233108075898 0
0.48518718549198 0.0548459978699895 0
0.404854402603016 0.759088982830902 0
0.395188358407904 0.745693501450562 0
0.401718482393661 0.751536464623245 0
0.491669824873718 0.0718101668850952 0
0.566056852172346 0.486150690771639 0
0.555813849333451 0.480184245832393 0
0.565651002777983 0.492296318725281 0
0.554199442663353 0.496621229181595 0
0.560584248775618 0.489224264866935 0
0.545601544103625 0.49208659207695 0
0.505495503342461 0.0596559964245108 0
0.975105459671337 0.907517380705833 0
0.530461404677033 0.47636474115273 0
0.545746134146028 0.512373120776011 0
0.510978983682078 0.495966117255539 0
0.51429205397206 0.504142512993079 0
0.510872529201159 0.512699517492528 0
0.510538540771159 0.503349945556306 0
0.493445951011401 0.542521724853541 0
0.485531973073927 0.536469726884595 0
0.495494559921674 0.528545683959928 0
0.490061535859187 0.52140511635575 0
0.525748610803941 0.0828370743550338 0
0.558783191327449 0.258638385196629 0
0.528808689402051 0.0954805798341927 0
0.535863930904832 0.0948194238117671 0
0.422326390574543 0.0237300330219075 0
0.414127211039649 0.0403033194612234 0
0.543258535567507 0.11281167686855 0
0.922311793697335 0.868285301753931 0
0.523707068944448 0.140578850709386 0
0.442049349495157 0.0149872632505577 0
0.437656572448691 0.0268131084418065 0
0.547162040427423 0.118935679070667 0
0.640271598902724 0.882050989823196 0
0.570309748515002 0.785269814945239 0
0.571931580191038 0.774644626252835 0
0.566247676054222 0.788720668840703 0
0.556197174046084 0.780883077744207 0
0.562251184138649 0.777711721796115 0
0.56587693176092 0.793933934648839 0
0.554198625639894 0.797405482310432 0
0.560902483118179 0.790457429431089 0
0.55096830541947 0.094782010862209 0
0.557153163229773 0.768324906042228 0
0.572540010961247 0.763098048456223 0
0.571176516424677 0.748824814493253 0
0.53116708190878 0.0644224690819429 0
0.566739000061911 0.800148526379695 0
0.566641688100129 0.80636183557834 0
0.566404825736852 0.753359144308054 0
0.566151303372419 0.81192021079192 0
0.547841512505787 0.815597185901232 0
0.561578494325403 0.808742386102617 0
0.541822967210439 0.80913885495227 0
0.452322736438857 0.861833311733343 0
0.585373702406061 0.754021961733135 0
0.57714755967427 0.74396949016292 0
0.538934208570287 0.763020888828195 0
0.544302562343771 0.752273400439549 0
0.629428921269667 0.146876536208017 0
0.630865500004835 0.174736172034967 0
0.574438008373012 0.333090752547728 0
0.582980311490206 0.344120403315782 0
0.582171536041735 0.356693816923965 0
0.602280346651263 0.567249805837598 0
0.567897318339866 0.0863164031520374 0
0.527047688763919 0.156201350676589 0
0.57612445333178 0.571468618606437 0
0.620972015554458 0.552261938647407 0
0.432002926643912 0.0376024464077304 0
0.443259955629888 0.0327013695613295 0
0.452141277126642 0.0495688887774651 0
0.588207686472968 0.232309718784207 0
0.534704952617514 0.0300553067238281 0
0.552839767471714 0.283576063650063 0
0.365569013520465 0 0
0.580484877000719 0.982904282749637 0
0.581288700733854 0.312150540491565 0
0.571347129610004 0.447719741030976 0
0.467783865283217 0.250668094822227 0
0.457204583685691 0.561495930424275 0
0.566697769236219 0.310561194806156 0
0.562580549812284 0.304203094626217 0
0.45199896361418 0 0
0.446404289914147 0.010780665070126 0
0.450174266051882 0.00566655633494555 0
0.447191768242085 0.541128253428763 0
0.452650684360431 0.550344817383073 0
0.446905175575771 0.547484413668444 0
0.606213169226373 0.421036136499242 0
0.6342805712709 1 1
0.545433549692481 0.842811689694593 0
0.561196291454413 0.92288996143825 0
0.455422428422288 0.986983044716932 0
0.533494928852562 0.267217035622051 0
0.45766391477998 0.995757535050691 0
0.44517288982973 0.993146411231903 0
0.79656203387176 0.542424562189672 0
0.452777552701094 0.647459337386933 0
0.446277865738866 0.638481180082026 0
0.431371135871366 0.655154026980902 0
0.593244128325819 0.527309841330614 0
0.567976633991498 0.589224518222009 0
0.584289299258117 0.558075621364587 0
0.526885698825019 0.757189192011276 0
0.517075658893045 0.755712587779993 0
0.578194956713771 0.583508643934795 0
0.567411922871969 0.58126924843632 0
0.568468899205185 0.574583282639506 0
0.583311595718507 0.549511827859194 0
0.552563030954773 0.621357379345152 0
0.536230312823696 0.527321991589078 0
0.62694279011904 0.504996825335812 0
0 0.30157648779 0
0.385707666556506 0.248488574999204 0
0.407124632273345 0.305853494753293 0
0.371823875852431 0.369573862527018 0
0.458859357447723 0.889641854645843 0
0 0.7349835216 0
0.467620376530753 0.888162222157559 0
0.455256224168207 0.885947000322902 0
0.574957337647998 0.228010096744355 0
0.428152407183136 0.100799144931182 0
0.430295005640125 0.0933669334789639 0
0.603641131911542 0.197724043916611 0
0.716889351690085 0.762850294640917 0
0.532699783824605 0.656739561808016 0
0.512006278835627 0.747745818228504 0
0.529361244465675 0.744202925103403 0
0.464488112891128 0.878398278886258 0
0.461517686023941 0.848393674727884 0
0.536082834957565 0.517396265220701 0
0.492477256113449 0.837800758815356 0
0.459163687492994 0.835136423510178 0
0.4856830901714 0.812244153426533 0
0.471619649995574 0.814884681446079 0
0 0.768781587432001 0
0.545872222405578 0.52781537247238 0
0.554889635163498 0.552224918952547 0
0.536927957017701 0.554972976997966 0
0.53690765859912 0.582278385946452 0
0.537754293427076 0.605430437336049 0
0.546202600437938 0.598524882216575 0
0.504053850520688 0.614360724600797 0
0.519801272686515 0.620198280849634 0
0.503962483257212 0.619875283856949 0
0.482999089139067 0.0461162785033047 0
0.540513603626286 0.638273698280615 0
0.486242012303189 0.0385768034264961 0
0.545785815585428 0.907192105394317 0
0.543716636862431 0.901959416665379 0
0.555172272409751 0.822154872501771 0
0.555155930068521 0.842575834149178 0
0.544747173129004 0.877994185878031 0
0.545994934608427 0.867661332450358 0
0.520525080210909 0.870187248660735 0
0.508935045789757 0.865183804051365 0
0.536296143461099 0.843241376530636 0
0.510689190947381 0.821538309565035 0
0.497513908377357 0.830891500375606 0
0.545569156183779 0.820929011429629 0
0.523611891815189 0.809859530903302 0
0.512407436394835 0.438597520197777 0
0.536546839853142 0.802018823897549 0
0.545494270158166 0.797712426125173 0
0.462463402040425 0.44243461238691 0
0.536491266257333 0.931168734323953 0
0.527490378703688 0.911448676492859 0
0.459715426697454 0.450252119080637 0
0.555315678389926 0.952619183197584 0
0.954253377131073 0.396685643164878 0
0.528769668876408 0.990108378851189 0
0.526594984653635 0.995756124311551 0
0.55575218930867 0.973035869918456 0
0.504561876262839 0.425122542012399 0
0.535937172325908 0.571896446760393 0
0.502919464507255 0.965487321759642 0
0.487960191000029 0.891688826762179 0
0.498432686201479 0.420931531802821 0
0.499126416188399 0.891399304592398 0
0.484574497302336 0.608626529671031 0
0.515104378616388 0.424539378146771 0
0.480910619585961 0.623950149868067 0
0.475900701313215 0.607446266132896 0
0.467189735692898 0.613494447477543 0
0.457548352250775 0.596859776660705 0
0.476140478796262 0.595114983420509 0
0.475925850282943 0.576749620444136 0
0.456397165148223 0.577254991614837 0
0.55526165310343 0.16889385431197 0
0.641310072165811 0.417839278209613 0
0.507165266161508 0.0995821414601689 0
0.505799331848443 0.0222404860184969 0
0.517522279503256 0.100844266828243 0
0.525774367916243 0.0173448733380232 0
0.51598582192357 0.00444504576001012 0
0.540106084288227 0.171532061195696 0
0.48803976880936 0.13745962410593 0
0.507600316865837 0.117718086513158 0
0.48388894719214 0.101596890394851 0
0.469645843645743 0.0811331119977814 0
0.465391993632662 0.138722498774784 0
0.469663263282902 0.134747530133058 0
0.487821387879122 0.398370335281134 0
0.50666746844563 0.242932400897663 0
0.528906924538782 0.245459693623319 0
0.484920912683455 0.276644528253612 0
0.479254278859673 0.135292332343854 0
0.487642819972596 0.126471064281177 0
0.524256564888557 0.894462628077217 0
0.477577556624747 0.164668061529985 0
0.461565988160054 0.309359949890675 0
0.528390467389547 0.0864414924351425 0
0.514476219890033 0.273839664181875 0
0.490769254454953 0.285181769789086 0
0.560955722112583 0.231819677972665 0
0.499574277695478 0.227321926266918 0
0.453774434751977 0.138285422904027 0
0.496439559955791 0.269260280713101 0
0.502618415125158 0.373390809480025 0
0.558767370045969 0.203712246775262 0
0.485684965033612 0.298813972962595 0
0.483877257152231 0.311293193066539 0
0.544034035374856 0.313489508664175 0
0.469069748036969 0.046973453692238 0
0.506723425318731 0.371423484170406 0
0.464698567803349 0.28323352063682 0
0.477535738911886 0.258867704931141 0
0.498356996320287 0.321057205591228 0
0.558538724402235 0.349168627309979 0
0.463284709622034 0.100677606238808 0
0.453696819979397 0.0870276463189797 0
0.453838472053436 0.0785483796488624 0
0.485924472656001 0.336665908567351 0
0.538906631485208 0.383228196095227 0
0.486162166474701 0.352801720186201 0
0.47438910807855 0.351773062107361 0
0.482104251189817 0.380790111635353 0
0.466181777978339 0.287689832593113 0
0.487688594820689 0.42112008207474 0
0.505536474760989 0.315491821605997 0
0.501277093261079 0.456066533329049 0
0.469727628852355 0.415257586830968 0
0.544865379825462 0.435498472049869 0
0.550183930989059 0.444050752194542 0
0.525073222991919 0.449437124359193 0
0.450201887187771 0.40925541707351 0
0.471813359976633 0.478591107149069 0
0.477689392892894 0.411634656877424 0
0.477039362302992 0.497109626001861 0
0.821017395793227 0.0483138947916361 0
0.553149697456039 0.457462344024621 0
0.473725183959001 0.515336296309721 0
0.453148006483299 0.0550500711747789 0
0.491542291202554 0.365822788077748 0
0.488065282648814 0.030829976635251 0
0.512479255383058 0.480613995895447 0
0.516302292897958 0.298291331605319 0
0.541666828670264 0.281403977536985 0
0.484390716501812 0.513768153271735 0
0.57879326860372 0.251243674493979 0
0.466687245232454 0.808098332867346 0
0.452186947847449 0.795158512801542 0
0.469657507054707 0.802688729550239 0
0.379161663337992 0.150480045993081 0
0.367599344293333 0.181749267562677 0
0.475236312712458 0.787170837697741 0
0.441087450722195 0.774548643636494 0
0.460985175756452 0.777966449079271 0
0.491751835737379 0.798571174407074 0
0.4956547316105 0.787938517105254 0
0.360887512430049 0.817030900066909 0
0.545353895220693 0.487042434806466 0
0.468150420975394 0.278928841701125 0
0.536195740399448 0.51248275845551 0
0.487900041457328 0.281057327567311 0
0.526983867092857 0.49167858003289 0
0.501338036831979 0.505140274653719 0
0.493680659020223 0.537680447982818 0
0.493238681970553 0.547458552311505 0
0.479516863770532 0.543749178494162 0
0.50931930884357 0.53207459605561 0
0.506470749795191 0.521976506108296 0
0.858748616197482 0.238189167970444 0
0.492972454038437 0.487738519313111 0
0.47486571705448 0.95953725706323 0
0.475294531142508 0.968510825018323 0
0.505945295432135 0.247719356686836 0
0.545150913186851 0.803410873860664 0
0.551303050089192 0.756508350735374 0
0.465779876173218 0.172776480327927 0
0.461499410466709 0.756666237187232 0
1 0.577888161916195 0
0.457903133342459 0.546543574085126 0
0.460122803707425 0.197214218650868 0
0.496212445944629 0.64942016841337 0
0.461599049899391 0.98556135481392 0
0.502188008215932 0.93212425904156 0
0.494975829868138 0.243335689379717 0
0.456276406038325 0.642575480674898 0
0.524981188418686 0.752412679957111 0
0.469342797438967 0.200807307146959 0
0.464358619896734 0 0
0.554705145332805 0.577730062652021 0
0.518589821192743 0.771900987505246 0
0.501717419923966 0.637050869898813 0
0.525202629504695 0.227086992942005 0
0.538412057093053 0.2242730597986 0
0.537316046530762 0.460374705433016 0
0.527350207068197 0.219442200992644 0
0.526362774305344 0.458112463586286 0
0.444799321347301 0.518173671064852 0
0.491463767992136 0.166220210612427 0
0.494189056066758 0.740669712004515 0
0.473736699795289 0.741574581237339 0
0.505861211950532 0.660188459207568 0
0.460143301343838 0.659950291472357 0
0.518422374021645 0.739915077718735 0
0.481218249983901 0.659915070720312 0
0.527129014927117 0.647354093818582 0
0.519036481466606 0.186483234101611 0
0.520116637880643 0.204733835077123 0
0.549690693541031 0.161562334723857 0
0.542263422008646 0.130896561599095 0
0.525781939423711 0.137457913542148 0
0.531025591913139 0.152620866897003 0
0.519800921841755 0.123146565633648 0
0.534390169740375 0.75470084897592 0
0.53479778138196 0.750686150497495 0
0.474339572948021 0.0829386537693591 0
0.464128991398414 0.948207512237202 0
0.461577047039511 0.9179275833235 0
0.463879281589541 0.93098974456097 0
0.462338961616569 0.0541905829772481 0
0.458823936287885 0.90420289167612 0
0.462778836422642 0.0688770441686806 0
0.471836788879703 0.0670048277305303 0
0.471280048408194 0.883412040038138 0
0.471288974091889 0.892240924101407 0
0.488751141331469 0.0477123894610766 0
0.488133222247169 0.882932287751285 0
0.482647265797106 0.883045992025214 0
0.457806603974612 0.870920962919684 0
0.46417776197772 0.861572701028581 0
0.492880578616304 0.0606757498052477 0
1 0.537984733741255 0
0.49917116796 0.0714197840805059 0
0.512989397365577 0.0737742475318525 0
0.4865951361908 0.828278530873814 0
0.520617853737883 0.0335183091112148 0
0.546381780159823 0.0641410243934144 0
0.488323366749758 0.82229362918138 0
0.520544245222749 0.0780968076831653 0
0.542786575829018 0.0922702818950064 0
0.476203398864322 0.814302097361951 0
0.481236745609122 0.813465896876805 0
1 0.8445788119 0
0.467838409955669 0.821795041488919 0
0.555870853643701 0.512235366344608 0
0.556141031784318 0.532623776592061 0
0.536369242987625 0.532348423177088 0
0.54570740223241 0.53999257524325 0
0.536419026887116 0.542742180062307 0
0.538669259327552 0.068622551592917 0
0.545848265146044 0.546553138304146 0
0.546022541356335 0.557802626014206 0
0.556728072774038 0 0
0.542325725241359 0.0121441189400044 0
0.545961262127863 0.569694119934595 0
0.633232335878 0 0
0.523651417103991 0.559928314039485 0
0.478085518896465 0.559795323614917 0
0.555878626966555 0.563055423497384 0
0.515030734192452 0.575051411330278 0
0.537623087870499 0.57645460686137 0
0.546004737206688 0.580956048424621 0
0.537099477940325 0.593520746558377 0
0.02488839389905 0.485791215217174 0
0.546018730095166 0.5871894124207 0
0.559747825816022 0.818974807347486 0
0.511855370468869 0.606580955771492 0
0.51350840282729 0.616322271404681 0
0.508319552470339 0.610187918168863 0
0.519722160137746 0.610020660300554 0
0.528597195551001 0.617143072038927 0
0.608403604598036 0.991965476951743 0
0 0.842103007516 0
0.511797885255685 0.620447138601896 0
0.513138332242616 0.6246536429761 0
0.518889591522774 0.63314612027202 0
0.537332400569455 0.647795756671563 0
0.53126936030339 0.638086409667614 0
0.627239565293783 0.43372365937095 0
0.534948041454378 0.627537653499657 0
0.642323840789949 0.337200260535749 0
0.631089837987735 0.328108515436509 0
0.541545369442337 0.62246160805648 0
0.545038167236859 0.625423190984242 0
0.562062943969149 0.600077725827613 0
0.555188600168617 0.93670106399147 0
0.555272160436998 0.915040054424381 0
0.555512773895369 0.905696682727654 0
0.5368215781766 0.911304307609057 0
0.560740393510866 0.276033625989936 0
0.534513639372818 0.906367311389545 0
0.533899406379932 0.898617297114326 0
0.555144874291637 0.832211277625011 0
0.555775488787404 0.852712919787154 0
0.555573012041754 0.8952741503263 0
0.556143806723934 0.886891512814566 0
0.53418951447532 0.883611503202525 0
0.505252086310141 0.497901209085072 0
0.535426383060148 0.872805456139812 0
0.555639117411308 0.876101313058734 0
0.556341153560058 0.866791280477203 0
0.545466890690737 0.872703344796199 0
0.535743104212959 0.867382608571738 0
0.572635332572977 0.584550329857936 0
0.511269291464859 0.875758748499256 0
0.376362248066932 0.847074199915057 0
0.535799662193411 0.861752808043577 0
0.535860896122094 0.855306575747571 0
0.449132820801669 0.9351418346555 0
0.507583166228271 0.878946798389586 0
0.362368832209201 0.869714878210274 0
0.50070799795349 0.874606647570562 0
0.536667611578746 0.832708137687661 0
0.54549310335543 0.837668989348301 0
0.454607216099735 0.891129203371029 0
0.510663083041108 0.831500563335856 0
0.3851828438762 1 1
0.50280072398919 0.825603642580444 0
0.444113936984997 0.962675236059549 0
0.467500183078183 0.956956940579773 0
0.500883431211085 0.816263893052684 0
0.545674463565317 0.826925010693712 0
0.441342785 1 1
0.50527253901368 0.8379764505399 0
0.496743412005874 0.838883921406945 0
0.501080233260197 0.839543981999647 0
0.537419395280858 0.812393961654723 0
0.536688987675077 0.822527753788676 0
0.514630904711029 0.81449479924633 0
0.0244417934963618 0.43348183458038 0
0.573866204898538 0.370329012740881 0
0.537368025365015 0.790511264663926 0
0.546071712138298 0.786765311224768 0
0.505693362290135 0.799629136190292 0
0.445378126545381 0.673611862919355 0
0.436163139819003 0.530228344074539 0
0.985417411587395 0.663104940811808 0
0.53608858624482 0.785361673651584 0
0.537037200697586 0.77453112488576 0
0.437509970195458 0.680634896226748 0
0.546112636210673 0.921971204977798 0
0.536626415897912 0.921741907871879 0
0.544813373203165 0.937321248120008 0
0.369085151474622 0.244680965295002 0
0.527540955473006 0.921392715717202 0
0.14675676876 1 1
0.385549400992348 0.328676671071849 0
0.545753454342051 0.94777370477919 0
0.546000833744727 0.958622010221177 0
0.523833602370272 0.939632189872849 0
0.436713819995449 0.651246120536482 0
0.509193442721518 0.137872100959883 0
0.536892678196676 0.955150930134881 0
0.536712554216146 0.960944403202885 0
0.545510676025633 0.977260693802339 0
0.533946439335445 0.97430446484999 0
0.534679297120231 0.981513067250388 0
0.534607116897547 0.988681188188862 0
0.53697066189395 0.996128791717098 0
0.448939671277003 0.676581257296738 0
0.556513282649477 0.96284545202609 0
0.540316051901407 0.479939173197068 0
0.384704948699303 0.0575526548085829 0
0.539845430990109 0.988370200545854 0
0.920891108538146 0.368361404275366 0
0.494372876161472 0.972439950975177 0
0.448271993039332 0.481091426805534 0
0.493396267856738 0.958175305343936 0
0.497375657766059 0.960118349443751 0
0.493492831809883 0.882930788131331 0
0.531491836952877 0.43956078303445 0
0.486729835077956 0.344645927737037 0
0.478543795884118 0.289805921535968 0
0.19971710487 1 1
0.0229881559269175 0.687909020745618 0
0.490329345416658 0.622001815809676 0
0.484598801686845 0.632870570034422 0
0.475561583938861 0.618233396422362 0
0.467223519623293 0.607742295460007 0
0.538074077656757 0.242634900700313 0
0.503680962251009 0.238263254692194 0
0.467926216219868 0.625322634479228 0
0.467088133891799 0.602034355013265 0
0.457891893963412 0.607630162939231 0
0.46696969985115 0.589796291034668 0
0.476207287596084 0.588447041736707 0
0.511616880814378 0.860094944190468 0
0.466879593305228 0.583334303819278 0
0.466630726068217 0.572673253291239 0
0.458371693971619 0.625120368654922 0
0.456748540310852 0.586775079772785 0
0.475808072914625 0.570353406534843 0
0.467954962033447 0.551992080144205 0
0.447516486261623 0.6296275764859 0
0.529017785443945 0.00428043269293507 0
0.53286202708103 0.0439178577714935 0
0.526471219106173 0.0340153308937687 0
0.497593852982767 0.47927336037841 0
0.516883163279733 0.0489392647336338 0
0.522548111281465 0.0427938384443138 0
0.511368388769439 0.0907512390083079 0
0.481456034068432 0.466713961115527 0
0.500142562302028 0.0220705387400401 0
0.513043417246207 0.109533404399372 0
0.516778929581945 0.016314301418983 0
0.363374470129034 0.938573135125274 0
0.549639942738104 0.330072303956663 0
0.490233667268034 0.298012836884048 0
0.510178305399518 0.0043077328722117 0
0.529151492321219 0.171045636201364 0
0.489525921992172 0.146462587939667 0
0.482677634096884 0.155205321454325 0
0.47980959848074 0.149927298554711 0
0.527142939274894 0.161645030554913 0
0.533352867185704 0.162138749495789 0
0.503265089977005 0.1079779910699 0
0.485128511457617 0.110226510808242 0
0.479342621890281 0.110052087694045 0
0.464520898239237 0.087452589096238 0
0.461443037814676 0.0829300768109694 0
0.45234273450712 0.227133714417912 0
0.459965192379431 0.126239923393656 0
0.455195678075322 0.12950480334055 0
0.464078039368069 0.122111835488904 0
0.468543131865949 0.119317237508602 0
0.434985468072401 0.659572173520206 0
1 0.3989653321645 0
0.512442651450442 0.235595086674898 0
0.538198354401399 0.254713417371218 0
0.0760688947414282 0.593640658996279 0
0.46311353158382 0.525794723410292 0
0.480599111833232 0.26784321761243 0
0.491325814419241 0.268806584636552 0
0.493542912235832 0.312070959704713 0
0.473493665726607 0.130214975787944 0
0.480504128789273 0.118745200563447 0
0.491773563833174 0.118259582760364 0
0.38976696689577 0.0282204948982849 0
0.492696991943133 0.493264404743735 0
0.463827313977384 0.160249470066195 0
0.471696774874429 0.155521856250315 0
0.437711127836639 0.742297491190538 0
0.456842499701134 0.300406416114624 0
0.468740227973147 0.30155777151738 0
0.8092975923285 0.674145701333864 0
0.518700209709011 0.0865019963347383 0
0.521513797828921 0.0915059952700574 0
0.545343314558401 0.497113527796984 0
0.511023993788328 0.277871430175364 0
0.492663342594269 0.290105362524556 0
0.465830306538122 0.501745086684221 0
0.509078558565577 0.226753832605293 0
0.469503526941528 0.14659023997463 0
0.507026489534567 0.269341646771374 0
0.501422408087424 0.277916941738846 0
0.457864356607103 0.218028944927469 0
0.551128984523674 0.264488248572967 0
0.708801180815407 0.671532957542547 0
0.551294465743292 0.21308557365581 0
0.438006586103038 0.48888300442755 0
0.475832117939005 0.296777173624705 0
0.488890913151565 0.302831171828352 0
0.798343315144063 0.677284651652238 0
0.224884057195228 0.661257699554212 0
0.457438360502512 0.116209810846165 0
0.447956954958676 0.472100217606085 0
0.467027688818531 0.0351526066523416 0
0.429879864725637 0.441508043627821 0
0.463073326544154 0.291794959380413 0
0.45698303459343 0.290627569308215 0
0.503559367967686 0.436694531060696 0
0.487608542121503 0.258628910106956 0
0.491279528942398 0.328962606276104 0
0.471065287133825 0.463149194926965 0
0.487687392735208 0.320250625727328 0
0.473741017694515 0.466490344582142 0
0.467548370207119 0.110142835817666 0
0.481480778806949 0.439124815283757 0
0.460589445748222 0.0964710633250438 0
0.450158946419461 0.0980486368560022 0
0.46106753535031 0.425043641222124 0
0.466433380727953 0.431752084638191 0
0.55567557153024 0.321294952486025 0
0.487058859522685 0.431620251683967 0
0.492130890648121 0.344292017285002 0
0.481776419908929 0.344638648719068 0
0.551093616940576 0.384072977825923 0
0.474539673318442 0.336727410944214 0
0.522327601236405 0.429852332591644 0
0.491760713234963 0.353251114093477 0
0.466535320148762 0.3574705157094 0
0.462624342590571 0.347617384833693 0
0.486747811177093 0.373356795157541 0
0.490777286557404 0.38287371408202 0
0.5019772798906 0.403316410698843 0
0.549990090979124 0.393306249732373 0
0.554061076857502 0.414092001444259 0
0.482226782628236 0.419856699123529 0
0.493971571500227 0.461334689196284 0
0.526728495644892 0.389606738499957 0
0.49719589031591 0.451874883034417 0
0.506997628025986 0.450451466708537 0
0.494534003210266 0.469925796796323 0
0.479542830377343 0.400316963442038 0
0.46206284085905 0.410029200202276 0
0.465559590395128 0.405235153849055 0
0.448129648603014 0.61259431212537 0
0.5538908734368 0.431086778936203 0
0.55029718183267 0.4526663737645 0
0.778969666844118 0.66704358579158 0
0.516321633623372 0.454501800978276 0
0.455881631082898 0.356041729796315 0
0.456947763961124 0.400826205843063 0
0.477518134758457 0.470047618697795 0
0.48243695068627 0.478744501059002 0
0.507414843425942 0.3375101104337 0
0.482728625832754 0.403853422218534 0
0.488485905599359 0.412329152782959 0
0.528880022105996 0.382262195257281 0
0.531067067825636 0.366905431163362 0
0.484115483779697 0.487021110293886 0
0.480209493238604 0.488564203856671 0
0.474497217333779 0.454524683400094 0
0.465823182415692 0.511004991999128 0
0.543376847489726 0.338933825184871 0
0.544224633199407 0.452139267513548 0
0.52100243503115 0.319012874178005 0
0.53406622525862 0.451846676432159 0
0.538856217624346 0.451788425573453 0
0.507014264985512 0.470505128878243 0
0.507410555798043 0.481756978760658 0
0.564942114380322 0.4526378629925 0
0.457782440120357 0.516389409600386 0
0.454323374732102 0.513306568322081 0
0.479006641096851 0.505571436073378 0
0.512617092225069 0.32017875813775 0
0.503715966913877 0.36828417350148 0
0.497341582178435 0.37465922403786 0
0.476699947805699 0.039083253092877 0
0.489130433278298 0.0225843366935073 0
0.465154640715078 0.0442307419616568 0
0.520997719075106 0.472778238670691 0
0.517105125542759 0.473494436238545 0
0.555082698092924 0.304678964745769 0
0.480821941835958 0.327923916030011 0
0.540898000758284 0.273408541950919 0
0.55434586825425 0.270887029558552 0
0.547740450834599 0.272960646282305 0
0.450004209091727 0.0232335059719624 0
0.491758720476278 0.503197860614289 0
0.488504579770386 0.505247641171353 0
0.46190530736357 0.796727183935868 0
0.459747803580144 0.802310106926164 0
0.20940439048797 0.720446653160777 0
0.464104734386029 0.791413894841598 0
0.473862249390682 0.792103479560405 0
0.471835449740797 0.797440154397886 0
0.446374496187747 0.785597894862075 0
0.465389455976016 0.786612833597289 0
0.471545504911559 0.777442141998756 0
0.519672342901357 0.21933361150726 0
0.456227736270982 0.767955653074248 0
0.466789589457657 0.767178727638054 0
0.510061852246815 0.291626844053946 0
0.485617634964458 0.788849175457082 0
0.492008082275771 0.778172979964662 0
0.526208730931597 0.261755956326346 0
0.435641611454569 0.762290861673647 0
0.555191931793285 0.491852477404572 0
0.554831155911743 0.475407276659102 0
0.555016411896684 0.463392922265384 0
0.638334102733548 0.716659096921327 0
0.536374360529606 0.491013797388899 0
0.545484984713105 0.502173454103065 0
0.536243797576781 0.502143273339243 0
0.533663132563362 0.486029629568163 0
0.53538781648184 0.477863106342093 0
0.545773255710222 0.50726185410336 0
0.545771435993639 0.517474362965997 0
0.527283728732535 0.485509177267843 0
0.517757454609406 0.48091659673882 0
0.522797036382984 0.48175836482702 0
0.459033617618064 0.276753890816 0
0.536098086117516 0.522333444551532 0
0.517120069255051 0.497207801278409 0
0.512992639163747 0.488443733003172 0
0.518369302062371 0.489285863353009 0
0.512930886519106 0.256305781246685 0
0.521768317270177 0.509378871986116 0
0.517039275102523 0.236374988839089 0
0.458416897741456 0.245767050688957 0
0.506401753296803 0.514100446765091 0
0.554108838228007 0.103737222661755 0
0.495508285870582 0.512702953254126 0
0.574480241144233 0.676245999016779 0
0.506345088066508 0.559988659389596 0
0.477264549462349 0.21875220057161 0
0.497597740292214 0.564938704126945 0
0.483185508628497 0.195390610095641 0
0.484264572142203 0.213179470163507 0
0.48993403351288 0.197836958838531 0
0.488353659685986 0.559841239004153 0
0.549988512318518 0.232182205987087 0
0.484037987416139 0.552196036648413 0
0.470817442277111 0.106176513270528 0
0.484648258929161 0.541751297572815 0
0.479135550743056 0.554586833800148 0
0.475566647359473 0.181030566651679 0
0.476083246178662 0.54703254272252 0
0.514704850943006 0.183675881373516 0
0.500238864596529 0.528675876271174 0
0.495342503324208 0.520858263522665 0
0.486463338355868 0.531222776609179 0
0.545419782279002 0.847827910648832 0
0.54583671788834 0.857509014648284 0
0.527479018091238 0.205483216567213 0
0.554460990716301 0.19922795313006 0
0.496928105826831 0.495836724805958 0
0.546138695468503 0.185847036903921 0
0.482771722078379 0.496344155721132 0
0.48813982073916 0.495468514340143 0
0.559912468110884 0.468049059959167 0
0.481961417303201 0.952405052490122 0
0.527034910666905 0.151539524350984 0
0.488445248659581 0.962727456991837 0
0.483531310883558 0.974514551936948 0
0.426698928716609 0.6759441836184 0
0.47331376212263 0.97688191919054 0
0.55591112159622 0.253696515477472 0
0.555372349701444 0.792540782723814 0
0.555841363284899 0.774676839523984 0
0.557891510526819 0.763025679157487 0
0.471742954055389 0.0590957750099792 0
0.546155819303124 0.7708874683088 0
0.54131802608996 0.757433705185544 0
0.548044874145923 0.747273151611721 0
0.55838872606933 0.74828694311159 0
0.355280939423428 0.369414612665678 0
0.449780238435781 0.043862009082611 0
0.439681302696873 0.0379843529374176 0
0.449437569372389 0.0172198880967006 0
0.507828601998279 0.0678113604440404 0
0.536814784547544 0.0992046993454279 0
0.444455472171813 0.127780915159416 0
0.546254356873453 1 1
0.559266932508185 0.0529171421865059 0
0.551542070885129 0.990388711915148 0
0.548944835952708 0.00498513258564027 0
0.458088111923616 0.53447162264994 0
0.540846573231424 0.0218345094557096 0
0.736868124654901 0.685526487314752 0
0.491596571990126 0.637258022994935 0
0.5477081197843 0.0535881202382763 0
0.565173783182159 0.0049372123250701 0
0.496313254425705 0.645499174383172 0
0.466036392474975 1 1
0.544230194981407 0.0417787024145658 0
0.549029746747368 0.0465362883441857 0
0.47029793567991 0.988282975562361 0
0.470526961194998 0.991983471611526 0
0.458966895770766 0.990973981636658 0
0.510194171141775 0.925901100428019 0
0.510018733554067 0.936995840955632 0
0.499562014812344 0.941624288481046 0
0.448861367854114 0.652229900832165 0
0.444175461991735 0.642759935411458 0
0.561065370361629 0.589229617130699 0
0.547892504157709 0.89024867292417 0
0.451058650882555 0.758891890764174 0
0.450885602602885 0.754533495291395 0
0.528258599163111 0.762672522715 0
0.518758505223482 0.760128081855577 0
0.545680090540778 0.917120508374629 0
0.524405226508802 0.632332107903926 0
0.525010370351789 0.627164903336604 0
0.470002480724881 0.0117729511517439 0
0.550202384437694 0.615957401427509 0
0.578343024558814 0.289899156614569 0
0.472977077707299 0.823376530827276 0
0.520294569529626 0.768581236690836 0
0.496856852974673 0.627229638500253 0
0 0.5625305485176 0
0.909289014400001 0 0
0.474125601974446 0.63248670213473 0
0.660314415366862 0.988482522957927 0
0.528374773851991 0.466961808514442 0
0.953458732 0 0
0.441572057678 0 0
0.558417058913838 1 1
0.516523661933418 0.464145248048829 0
1 0.615656751848549 0
0.613678587712375 0.776151601780851 0
0.445204830395108 0.530072476404539 0
0.387270084590778 0.294107856789263 0
0.504197670206958 0.861586393292988 0


Corners
6
1
905
1637
1638
1711
2059


RequiredVertices
2
1638
2059


Edges
323
308 4786 0
341 4790 0
280 252 0
304 280 0
118 135 0
103 118 0
100 92 0
286 4804 0
95 103 0
135 158 0
227 176 0
89 95 0
208 4807 0
252 227 0
92 89 0
151 130 0
158 406 0
7853 1637 0
176 151 0
324 304 0
130 100 0
905 934 0
1711 1688 0
1702 1711 0
901 905 0
934 952 0
1399 1378 0
915 908 0
1186 1200 0
1686 1702 0
1005 1017 0
1500 1514 0
1324 4812 0
1616 1599 0
1061 1047 0
1121 1137 0
1620 1635 0
1473 1451 0
971 986 0
1471 1487 0
1663 1640 0
1092 1075 0
1225 4817 0
1577 1560 0
1033 1018 0
1151 1170 0
1658 1675 0
1435 1414 0
933 925 0
952 971 0
1452 1471 0
1378 1363 0
908 901 0
1200 1219 0
1688 1663 0
1104 1092 0
1079 1106 0
1571 4630 0
1326 4623 0
993 966 0
1017 1049 0
1514 7738 0
1047 1033 0
1137 1151 0
1635 1658 0
1390 1408 0
1451 1435 0
945 933 0
986 1005 0
1487 1500 0
1640 1616 0
1075 1061 0
1106 1121 0
1049 1079 0
1560 4625 0
1018 993 0
1170 1186 0
1675 1686 0
7506 1117 0
1421 1439 0
1414 1399 0
925 915 0
1343 4825 0
4800 5843 0
1 2 0
1854 2188 1
1838 2193 1
1766 7593 0
1795 1780 1
1780 1767 1
1767 1753 1
1753 1744 1
1728 1716 1
1716 7540 1
1727 4925 0
2045 3323 0
2056 2059 0
2052 2056 0
2033 2028 1
935 7398 0
614 666 0
666 727 0
2743 467 0
2757 3878 0
2849 3885 0
3924 307 0
3323 7409 0
727 779 0
779 839 0
839 896 0
1155 7189 0
1441 1274 0
1274 7439 0
667 5031 0
1541 1441 0
1645 4937 0
1639 1645 0
67 7166 0
41 4905 0
17 4881 0
387 6011 0
2036 2033 1
1744 1728 1
1974 3545 1
4 4800 0
2 4 0
2059 2058 1
3551 188 0
145 166 0
2015 2005 1
32 40 0
2049 4785 1
1917 4084 1
1649 1646 1
1637 1639 0
21 27 0
1824 935 0
968 1036 0
1638 1541 0
53 66 0
40 53 0
1884 4105 1
4111 1884 1
2053 2049 1
896 968 0
2058 2057 1
1646 1638 1
2021 2015 1
27 32 0
1273 7849 0
468 7848 0
1036 1154 0
2057 2053 1
66 85 0
1669 1649 1
2039 2036 1
7848 387 0
1257 5788 0
1313 5789 0
1247 5790 0
1373 5792 0
1341 5793 0
1291 5794 0
1283 5795 0
1408 4820 0
1239 5796 0
1308 5797 0
1265 5798 0
1172 5799 0
1233 5800 0
1205 5801 0
1270 5803 0
1302 5804 0
7855 3609 1
2188 1838 1
5988 667 0
4427 2629 1
343 4470 0
307 4481 0
4529 3162 0
3545 1960 1
166 3551 0
188 3554 0
3554 214 0
3595 4714 1
121 7128 0
3610 7136 0
1997 7143 1
6047 3620 1
4747 3622 1
3627 1948 1
3635 4768 0
2629 3845 1
3878 386 0
3885 343 0
3162 3924 0
4084 3595 1
4105 3618 1
3622 4111 1
7419 428 0
7398 7345 0
7489 1854 1
1930 4427 1
7512 1669 1
4470 2757 0
7857 6854 0
4481 2849 0
7171 5988 0
275 4529 0
6590 208 0
4625 1473 0
4630 1620 0
4714 1899 1
3609 7811 1
3618 7822 1
1899 4747 1
4768 275 0
428 2743 0
4786 327 0
4789 341 0
4790 352 0
327 4789 0
7849 7853 0
338 324 0
7167 259 0
1682 7512 1
7169 356 0
4807 235 0
2005 1997 1
1439 1452 0
4812 1308 0
4814 1172 0
7854 3610 0
1219 1233 0
4817 1205 0
1150 5975 0
4820 1421 0
4826 1373 0
1133 7506 0
5786 1 0
4825 1324 0
5843 21 0
4881 5786 0
4905 17 0
4925 1766 0
2193 1825 1
1825 7483 1
1809 1795 1
1154 1273 0
5031 468 0
7166 41 0
2028 2021 1
7439 1155 0
3845 1917 1
563 7422 0
2722 515 0
467 2722 0
2759 7419 0
101 121 0
515 563 0
85 101 0
1948 7855 1
214 7854 0
1960 3627 1
5770 1974 1
5787 286 0
5788 1239 0
5789 1326 0
5790 1265 0
1188 4814 0
5792 1390 0
5793 1360 0
5794 1270 0
5795 1302 0
5796 1225 0
5797 1291 0
5798 1283 0
5799 1150 0
5800 1247 0
5801 1188 0
1360 4826 0
5803 1257 0
5804 1313 0
4785 2039 1
386 2759 0
6255 67 0
7540 1682 1
7738 1571 0
6159 2045 0
350 338 0
259 5787 0
356 350 0
6005 1727 0
7593 1824 0
1363 1343 0
406 6590 0
7128 145 0
7136 245 0
7143 5770 1
1869 6047 1
3620 7489 1
235 7167 0
352 7169 0
7345 7857 0
7355 3635 0
7409 2052 0
5778 6159 0
7422 614 0
245 7355 0
5975 1133 0
309 6255 0
6011 309 0
7483 1809 1
4937 6005 0
7189 7171 0
6854 5778 0
966 945 0
1599 1577 0
4623 1341 0
1117 1104 0
7811 1930 1
7822 1869 1
4804 308 0


Triangles
15436
308 4786 4788 2
295 4787 4791 2
7860 4788 4792 2
2060 341 4790 2
1688 7817 1667 1
279 4793 300 2
2061 2060 352 2
279 300 266 2
266 300 285 2
279 266 248 2
285 300 319 2
266 285 253 2
4794 248 260 2
260 248 234 2
234 248 219 2
4795 234 246 2
219 248 238 2
234 219 203 2
246 234 216 2
4795 246 4797 2
285 319 306 2
238 248 266 2
238 266 253 2
238 253 226 2
226 253 244 2
238 226 209 2
234 203 216 2
226 244 215 2
238 209 219 2
219 209 191 2
191 209 183 2
219 191 203 2
215 244 236 2
226 215 195 2
183 209 195 2
183 195 175 2
236 244 265 2
195 215 190 2
226 195 209 2
175 195 190 2
265 244 273 2
190 215 210 2
175 190 168 2
273 244 253 2
210 215 236 2
190 210 184 2
168 190 184 2
273 253 285 2
184 210 200 2
168 184 162 2
200 210 230 2
162 200 156 2
162 184 200 2
168 162 146 2
230 210 236 2
156 200 194 2
146 162 141 2
194 200 224 2
162 156 141 2
224 200 230 2
141 156 151 2
224 230 250 2
250 230 262 2
224 250 252 2
252 250 280 2
262 230 236 2
250 262 280 2
262 236 265 2
262 265 291 2
291 265 299 2
262 304 280 2
299 265 273 2
299 273 306 2
291 299 4798 2
2062 233 4799 2
202 216 189 2
233 202 2064 2
189 216 203 2
202 189 180 2
180 189 167 2
4801 180 4802 2
167 189 181 2
180 167 154 2
181 189 203 2
167 181 155 2
154 167 142 2
155 181 171 2
167 155 142 2
154 142 135 2
171 181 191 2
142 155 132 2
132 155 147 2
142 132 122 2
147 155 171 2
132 147 124 2
122 132 111 2
142 118 135 2
124 147 137 2
122 111 103 2
122 103 118 2
122 118 142 2
137 147 160 2
124 137 129 2
160 147 171 2
137 160 150 2
104 124 129 2
150 160 175 2
137 150 129 2
129 150 146 2
111 132 124 2
111 124 104 2
111 104 95 2
160 171 183 2
194 224 227 2
4802 154 158 2
100 92 129 2
123 129 146 2
100 129 123 2
191 183 171 2
203 191 181 2
146 141 123 2
183 175 160 2
156 194 176 2
319 300 2061 2
285 306 273 2
175 168 150 2
168 146 150 2
299 306 4808 2
4804 4805 286 2
286 4805 2063 2
111 95 103 2
158 154 135 2
304 262 291 2
5912 113 5919 1
4808 306 319 2
7169 7804 4806 2
176 194 227 2
95 104 89 2
4807 2064 208 2
252 227 224 2
129 89 104 2
92 89 129 2
4830 905 897 1
6569 4798 299 2
151 130 141 2
158 406 4802 2
7853 1637 1595 1
176 151 156 2
324 304 291 2
130 100 123 2
123 141 130 2
905 934 4696 1
1711 1688 1701 1
1702 1711 1731 1
901 905 877 1
934 952 972 1
4809 1452 1468 1
1399 1378 1368 1
915 908 880 1
1186 1200 1221 1
1686 1702 1718 1
4810 7793 1089 1
2066 2065 1228 1
2067 5789 4811 1
1005 1017 1044 1
1500 1514 4581 1
1324 4812 4837 1
2069 5790 4813 1
1616 1599 1594 1
1061 1047 1027 1
1121 1137 1159 1
1620 1635 1652 1
5791 4814 2070 1
2072 2071 1405 1
1473 1451 1465 1
971 986 1010 1
1471 1487 1497 1
7761 1343 4815 1
4816 4838 1248 1
1663 1640 1633 1
1092 1075 1055 1
1225 4817 4848 1
2075 2074 1372 1
2077 2076 1262 1
2078 5795 4818 1
1577 1560 1554 1
1033 1018 998 1
1151 1170 1185 1
1658 1675 1685 1
4819 7526 1120 1
4877 4820 2079 1
1435 1414 1409 1
933 925 893 1
952 971 983 1
1452 1471 1483 1
1378 1363 1350 1
908 901 873 1
1200 1219 4836 1
1688 1663 7817 1
1104 1092 1076 1
1079 1106 1126 1
1571 4630 1615 1
2080 5796 4821 1
1326 4623 4846 1
993 966 960 1
1017 1049 1069 1
1514 7738 4581 1
2081 5797 4823 1
2083 2082 1304 1
1047 1033 1013 1
1137 1151 1169 1
1635 1658 1665 1
2085 2084 1131 1
1390 1408 4824 1
1451 1435 1427 1
945 933 918 1
986 1005 1024 1
1487 1500 1515 1
4815 4825 4592 1
2087 2086 1268 1
1640 1616 1611 1
1075 1061 1045 1
1106 1121 1138 1
2089 2088 1171 1
5802 4826 2090 1
4595 945 918 1
1049 1079 1099 1
2091 5803 4827 1
2093 2092 1327 1
1560 4625 1518 1
1018 993 4875 1
1170 1186 1204 1
1675 1686 1703 1
4810 7506 1117 1
1421 1439 5824 1
1414 1399 1385 1
925 915 892 1
4696 934 972 1
1701 1688 1667 1
1711 1701 1732 1
4829 1711 1732 1
1702 1731 1718 1
901 877 873 1
972 952 983 1
4831 983 4860 1
4823 1291 2077 1
1385 1399 1368 1
1385 1368 1355 1
4813 1265 2083 1
2096 2095 4833 1
893 925 892 1
893 892 846 1
1138 1121 1159 1
1138 1159 1180 1
1585 1571 1615 1
1585 1615 1632 1
4818 1302 2093 1
2098 2097 4834 1
1427 1435 1409 1
4879 1409 1384 1
4827 1257 2066 1
2100 2099 4835 1
1221 1200 4836 1
4595 918 883 1
1169 1151 1185 1
1169 1185 1211 1
1652 1635 1665 1
1652 1665 1692 1
1685 1675 1703 1
1685 1703 1730 1
1316 4592 4837 1
5816 4838 2087 1
7608 2103 1295 1
1204 1186 1221 1
2105 2101 1264 1
1368 1378 1350 1
1368 1350 4839 1
4156 4840 1382 1
4841 2107 5842 1
1027 1047 1013 1
4842 1013 998 1
1483 1471 1497 1
1483 1497 4843 1
4844 5791 1157 1
4845 2109 5835 1
4811 1326 4846 1
2112 2111 1376 1
998 1018 4875 1
998 4875 944 1
1024 1005 1044 1
1024 1044 1072 1
1497 1487 1515 1
4847 1515 4873 1
4821 1225 4848 1
1168 2113 5827 1
1089 7793 1076 1
4849 4819 1120 1
4850 2116 4865 1
4851 2071 5822 1
4852 2118 4878 1
7817 1663 1633 1
4853 4783 1626 1
4854 2079 5824 1
2121 2120 1485 1
1611 1616 1594 1
1611 1594 7624 1
1055 1075 1045 1
5863 1055 4882 1
4855 4810 1089 1
2122 2115 1043 1
1468 1452 1483 1
1194 2073 2124 1
4856 2124 5826 1
1304 2082 2126 1
4159 4857 2127 1
892 915 880 1
892 880 4858 1
4859 1554 1544 1
983 971 1010 1
983 1010 4860 1
1615 1620 1652 1
1615 1652 1657 1
1228 2065 2128 1
4162 4861 2129 1
1554 1560 1518 1
1554 1518 1507 1
918 933 893 1
918 893 868 1
1010 986 1024 1
2166 4862 1072 1
1327 2092 2130 1
4157 4863 2131 1
1069 1049 1099 1
1069 1099 1118 1
1665 1658 1685 1
1665 1685 4906 1
1157 2070 2132 1
1157 2132 4864 1
5853 4816 1248 1
7608 2104 2103 1
1044 1017 1069 1
1044 1069 1097 1
7501 4828 5837 1
2116 2135 4865 1
2086 1247 2069 1
4866 2096 4833 1
1633 1640 1611 1
4783 1611 1581 1
960 4595 883 1
1703 1686 1718 1
1703 1718 4867 1
880 908 873 1
880 873 832 1
1479 1473 1465 1
1479 1465 1440 1
1013 1033 998 1
1159 1137 1169 1
4868 1169 1211 1
1350 1331 4870 1
1382 2090 2137 1
4871 2137 5841 1
1518 4625 1479 1
1518 1479 1466 1
1185 1170 1204 1
4872 1204 2105 1
1515 1500 4581 1
4873 4581 1557 1
4815 1343 4825 1
2139 2102 1285 1
2140 2075 1372 1
4874 2140 5844 1
4875 993 960 1
5843 7005 4800 1
1099 1079 1126 1
1099 1126 1146 1
1262 2076 2142 1
4876 2142 5846 1
4824 1408 4877 1
2118 2144 4878 1
1465 1451 1427 1
4879 1427 1409 1
1076 1092 1055 1
2115 2145 4899 1
6296 1571 1585 1
6296 1585 1593 1
2068 1308 2081 1
5858 2094 1241 1
1409 1414 1385 1
4897 1385 1355 1
1045 1061 1027 1
1045 1027 4882 1
1126 1106 1138 1
1126 1138 1180 1
1446 4809 1468 1
2120 2147 1485 1
897 936 942 1
4884 1701 1714 1
1718 1731 4567 1
873 877 4885 1
4696 972 982 1
942 936 982 1
4887 942 899 1
4884 1714 4912 1
4888 4853 1626 1
4889 982 4917 1
4890 1676 4918 1
1264 2101 2149 1
1405 2119 4892 1
4893 2097 4157 1
4894 2102 5857 1
4895 2095 4159 1
1434 2121 4896 1
1146 1126 1180 1
1466 1479 1440 1
6296 1593 4883 1
4869 25 14 1
1295 2103 4898 1
2145 2156 4899 1
4900 2099 4162 1
5834 4901 3646 1
5844 4902 3647 1
2160 2139 1285 1
5826 4903 3648 1
960 911 4875 1
4842 975 4904 1
1118 1099 1146 1
1072 1044 1097 1
1544 1554 1507 1
1097 1069 1118 1
1507 1518 1466 1
1615 1657 1632 1
1652 1692 1657 1
918 868 883 1
5533 5719 3228 1
960 883 911 1
893 846 868 1
5780 4859 1544 1
4906 1730 5781 1
832 873 828 1
832 828 4907 1
880 832 4858 1
3649 4783 1581 1
4567 1731 4908 1
1718 4567 4867 1
4885 877 4909 1
4831 1023 2162 1
4888 1626 4910 1
899 942 4911 1
897 2164 2163 1
1755 4884 4912 1
4914 4913 2165 1
4829 1732 4914 1
4830 897 2163 1
4907 828 4915 1
4916 4928 791 1
997 4889 4917 1
4911 997 947 1
947 997 1007 1
1690 4890 4918 1
7676 1690 1712 1
828 4885 4915 1
7630 831 4920 1
4921 2162 5867 1
4910 1626 3649 1
4934 7720 4924 1
4923 1734 7629 1
4924 1007 948 1
1007 1053 1063 1
1712 1661 1681 1
1053 1038 1098 1
1661 1641 1608 1
4920 831 4926 1
783 7630 737 1
781 4927 735 1
791 4928 738 1
4916 791 4929 1
1797 4930 1815 1
4931 6127 1779 1
2167 2166 1072 1
2429 3649 1581 1
1681 1661 1623 1
4921 1084 4932 1
1641 4933 1608 1
1712 1681 1733 1
4934 4924 948 1
948 1007 1011 1
1760 1712 1733 1
1063 1053 1107 1
4922 4943 2169 1
4887 4935 2164 1
4923 1778 4936 1
1007 1063 1011 1
4944 791 801 1
1053 1098 1107 1
1661 1608 1623 1
788 4920 4938 1
690 737 694 1
735 690 688 1
781 735 4939 1
791 738 747 1
4934 948 4940 1
4941 1815 4947 1
4931 1779 4942 1
2165 2168 1770 1
801 791 747 1
801 747 761 1
761 747 706 1
801 761 817 1
706 747 687 1
761 706 723 1
817 761 778 1
1733 1681 1707 1
1063 1107 1116 1
1681 1623 1653 1
846 4944 868 1
948 1011 953 1
4936 1778 6836 1
737 742 694 1
694 742 698 1
3651 3650 2171 1
1802 7611 4945 1
761 723 778 1
698 742 760 1
1209 3645 3653 1
747 738 687 1
687 738 4946 1
1823 6127 1848 1
1344 3643 3655 1
688 690 641 1
1848 4941 4947 1
817 778 836 1
1376 3657 3656 1
4940 948 953 1
706 687 653 1
3659 3658 2179 1
690 694 645 1
1778 1802 6836 1
1123 3662 3661 1
1317 3644 3664 1
694 698 649 1
1168 3667 3666 1
723 706 671 1
1 2 3 1
1854 2188 2187 1
1816 2186 2190 1
4950 2187 2192 1
2189 1838 2193 1
1832 2191 2195 1
1791 2194 2197 1
1832 2195 4951 1
1723 1766 7593 1
1772 2196 2200 1
4952 2199 2202 1
1772 2200 2203 1
1844 4953 7794 1
1757 4954 4962 1
1772 2203 2206 1
1821 2204 4955 1
1784 1800 4956 1
1725 4957 1709 1
1786 4958 7383 1
1709 1757 4959 1
4960 4963 1677 1
4959 1757 4962 1
1677 4963 1656 1
1656 4964 7572 1
4971 6366 4965 1
4965 1784 4967 1
1689 4966 4968 1
1602 4969 1630 1
4968 4966 4970 1
1689 1722 1671 1
1671 1722 1705 1
7572 1671 1630 1
1705 1722 1751 1
1630 1671 1613 1
1705 1751 1738 1
1613 1671 1650 1
1738 1751 1780 1
1650 1671 1705 1
1780 1751 1795 1
1650 1705 1684 1
1684 1705 1738 1
1650 1684 1629 1
1684 1738 1724 1
1629 1684 1673 1
1650 1629 1598 1
1724 1738 1767 1
1673 1684 1724 1
1598 1629 1580 1
1767 1738 1780 1
1580 1629 1614 1
1598 1580 1546 1
1614 1629 1673 1
1546 1580 1536 1
1598 1546 1564 1
1614 1673 1654 1
1536 1580 1565 1
1564 1546 1520 1
1654 1673 1706 1
1565 1580 1614 1
1520 1546 1503 1
1706 1673 1724 1
1565 1614 1603 1
1503 1546 1536 1
1706 1724 1753 1
1603 1614 1654 1
1503 1536 1492 1
1753 1724 1767 1
1603 1654 1636 1
1492 1536 1524 1
1636 1654 1691 1
1524 1536 1565 1
1492 1524 1474 1
1691 1654 1706 1
1524 1565 1553 1
1474 1524 1508 1
1691 1706 1744 1
1553 1565 1603 1
1508 1524 1553 1
1744 1706 1753 1
1508 1553 1495 1
1495 1553 1588 1
1588 1553 1603 1
1588 1603 1636 1
1563 1495 1588 1
1588 1636 1679 1
1679 1636 1691 1
1588 1679 1666 1
1666 1679 1716 1
1563 1588 1666 1
1716 1679 1728 1
1728 1679 1691 1
1592 1563 1666 1
1563 1512 1486 1
1512 1563 1592 1
1486 1512 1463 1
1512 1592 1573 1
7540 1592 1666 1
7540 1666 1716 1
1723 1672 1766 1
1579 1672 1723 1
7531 1579 1723 1
7531 1723 7223 1
1748 2212 2214 1
4973 2213 2216 1
1748 2214 2217 1
1719 2215 2219 1
1748 2217 2218 1
1719 2219 2222 1
1697 2220 2223 1
1668 2221 2225 1
4974 2222 2227 1
1697 2223 2224 1
4975 2226 2229 1
1631 2228 2231 1
4975 2229 4977 1
1610 2230 2234 1
1631 2231 2236 1
1610 2234 2238 1
1583 2235 2240 1
4980 4976 1619 1
2239 1610 2238 1
4980 1619 4981 1
4981 1619 4982 1
1590 4983 1542 1
1548 1602 1582 1
1582 1602 1630 1
1582 1630 1613 1
1505 1548 1538 1
1476 7477 1505 1
1582 1613 1564 1
1538 1548 1582 1
1564 1613 1598 1
1582 1564 1538 1
1598 1613 1650 1
1538 1564 1520 1
1538 1520 1491 1
1491 1520 1472 1
1538 1491 1505 1
1472 1520 1503 1
1505 1491 1454 1
1472 1503 1450 1
1454 1491 1436 1
1450 1503 1492 1
1436 1491 1472 1
1450 1492 1438 1
1436 1472 1416 1
1438 1492 1474 1
1416 1472 1450 1
1416 1450 1400 1
1400 1450 1438 1
1400 1438 1381 1
1381 1438 1420 1
1420 1438 1474 1
1381 1420 1370 1
1370 1420 1411 1
1381 1370 1330 1
1411 1420 1460 1
1330 1370 1272 1
1381 1330 1346 1
1460 1420 1474 1
1272 1370 1357 1
1346 1330 1293 1
1460 1474 1508 1
1357 1370 1411 1
1293 1330 1277 1
1357 1411 1394 1
1277 1330 1272 1
1394 1411 1486 1
1357 1394 1340 1
1486 1411 1460 1
1486 1460 1495 1
1495 1460 1508 1
1486 1495 1563 1
1672 1579 1552 1
1727 4925 1552 1
1552 1579 1502 1
1552 1502 1459 1
1345 1459 1502 1
1432 1459 1356 1
7336 1459 1345 1
1345 1502 1437 1
1345 1348 1217 1
1348 1345 1437 1
1348 1437 1423 1
1493 1643 1584 1
1643 7531 7223 1
1643 1792 1742 1
1792 1824 1828 1
1742 1792 1828 1
1828 1824 6014 1
2001 2018 1986 1
1986 2018 1978 1
1978 2018 1991 1
1991 2018 2016 1
2016 2018 2025 1
1991 2016 2013 1
1984 1991 1998 1
2013 2016 2034 1
1991 2013 1998 1
1998 2013 2008 1
2008 2013 2022 1
2022 2013 2034 1
2025 2034 2016 1
2042 2034 2025 1
2025 5983 2045 1
2025 2045 3323 1
2043 2042 7409 1
2042 2025 3323 1
2047 2051 2055 1
2054 2047 2055 1
2056 2051 7063 1
2055 2051 2056 1
2055 2056 2059 1
2056 7063 2052 1
4973 2216 4987 1
4988 2242 2244 1
1764 2243 4989 1
4988 2244 4990 1
1786 3671 3670 1
5903 2246 4991 1
1761 3675 3674 1
1786 3670 3677 1
1761 3674 3679 1
1803 3682 3681 1
1737 3685 3684 1
1761 3679 3687 1
1683 3690 3689 1
1783 3693 3692 1
7391 3689 2261 1
1769 3696 3695 1
1627 4993 7182 1
3698 3697 2270 1
1710 3701 3700 1
3702 7182 4994 1
1660 3705 3704 1
7107 4995 5913 1
1627 3702 3707 1
1556 4996 2279 1
1605 3710 3709 1
1556 2279 2283 1
4997 3711 7183 1
1605 3709 3713 1
1537 2282 2288 1
1575 3716 3715 1
1530 3719 3718 1
3715 2291 3720 1
1509 2292 2298 1
4998 3721 7186 1
3723 2296 3722 1
1509 2298 2303 1
4998 2299 4999 1
1511 3725 3724 1
2302 1537 2308 1
1484 5000 2309 1
2308 1537 2288 1
1480 5001 7314 1
1455 5927 5003 1
1542 1561 5004 1
5005 4986 5008 1
5005 5008 7472 1
1430 2314 2317 1
5007 2315 2319 1
1457 2316 2320 1
1402 2318 2322 1
1457 2320 2323 1
1375 2321 2325 1
1457 2323 2326 1
1406 2324 2327 1
1375 2325 2328 1
1433 5009 5016 1
2327 1457 2326 1
1349 5010 5013 1
1464 1489 5011 1
1379 1406 5012 1
1379 1433 5014 1
1325 5015 1358 1
5014 1433 5016 1
1358 7324 1333 1
1389 1444 1422 1
1333 1389 1367 1
1422 1444 1476 1
1389 1422 1367 1
1367 1422 1403 1
1403 1422 1454 1
1367 1403 1347 1
1454 1422 1476 1
1403 1454 1436 1
1347 1403 1380 1
1454 1476 1505 1
1380 1403 1436 1
1347 1380 1329 1
1380 1436 1416 1
1329 1380 1365 1
1347 1329 1294 1
1380 1416 1365 1
1294 1329 1271 1
1365 1416 1400 1
1271 1329 1311 1
1294 1271 1236 1
1365 1400 1346 1
1311 1329 1365 1
1236 1271 1216 1
1346 1400 1381 1
1216 1271 1256 1
1236 1216 1179 1
1256 1271 1311 1
1179 1216 1156 1
1236 1179 1198 1
1156 1216 1195 1
1179 1156 1124 1
1198 1179 1139 1
1195 1216 1256 1
1124 1156 5020 1
1124 5021 2167 1
1139 1179 1124 1
1139 1124 5022 1
1572 1552 1459 1
3992 1572 1432 1
1432 1572 1459 1
3992 1432 1453 1
1320 1432 1356 1
1453 1432 1320 1
1278 1320 1356 1
1453 1320 1354 1
1202 1320 1278 1
1354 1202 1298 1
1298 1202 3971 1
1152 1202 1278 1
1189 1298 3971 1
1078 1189 1091 1
1189 1078 7303 1
3971 1202 1152 1
7303 1078 1074 1
1122 1074 1036 1
1074 967 961 1
967 1074 1078 1
961 967 904 1
904 967 912 1
912 967 974 1
974 967 1078 1
912 974 920 1
847 904 851 1
974 1078 1091 1
920 974 981 1
851 904 912 1
974 1091 981 1
851 912 860 1
981 1091 1040 1
860 912 920 1
851 860 805 1
805 860 814 1
851 805 809 1
814 860 870 1
805 814 759 1
809 805 751 1
870 860 920 1
759 814 766 1
751 805 759 1
766 814 819 1
759 766 713 1
819 814 870 1
766 819 775 1
713 766 726 1
819 870 878 1
775 819 829 1
726 766 775 1
878 870 928 1
829 819 878 1
726 775 732 1
928 870 920 1
732 775 785 1
726 732 684 1
785 775 829 1
732 785 743 1
684 732 692 1
785 829 840 1
743 785 795 1
692 732 743 1
840 829 887 1
795 785 840 1
692 743 701 1
887 829 878 1
701 743 757 1
692 701 5023 1
757 743 795 1
701 757 717 1
5023 701 661 1
757 795 815 1
717 757 774 1
661 701 717 1
815 795 853 1
774 757 815 1
5024 717 683 1
853 795 840 1
683 717 733 1
5024 683 5025 1
733 717 774 1
5026 733 695 1
5025 683 5026 1
733 774 787 1
695 733 746 1
5027 5026 695 1
787 774 825 1
746 733 787 1
5027 695 657 1
825 774 815 1
644 657 5028 1
5029 710 681 1
710 746 771 1
5030 5029 681 1
771 746 806 1
1328 1182 1273 1
5030 681 5032 1
806 746 787 1
5032 681 5034 1
5933 5033 2329 1
597 2329 2331 1
5037 5038 721 1
612 2330 2332 1
597 2331 2334 1
754 3934 789 1
721 5038 754 1
612 2332 2335 1
789 734 771 1
637 5040 5939 1
5041 2336 2338 1
5043 5037 721 1
5041 2338 5044 1
813 754 789 1
5045 776 799 1
603 5047 2342 1
799 776 835 1
5045 799 5048 1
5046 5042 5045 1
5050 2341 5939 1
835 776 813 1
5049 5046 5045 1
5050 691 5051 1
2540 2539 5180 1
5053 772 739 1
2343 5940 5054 1
862 799 835 1
2344 5053 739 1
4948 4009 7325 1
5056 5058 824 1
5052 5055 5057 1
689 2344 2345 1
889 826 862 1
5059 5056 824 1
5941 739 5060 1
5059 824 5063 1
2347 2346 740 1
921 856 889 1
5064 5062 857 1
740 2346 2348 1
923 884 954 1
5064 857 5065 1
740 2348 2350 1
954 884 921 1
5066 857 890 1
767 2349 2351 1
959 923 990 1
767 2351 2353 1
990 923 954 1
5067 5071 5068 1
792 2352 2354 1
990 954 1021 1
995 7243 1026 1
5068 5071 5069 1
5070 5066 890 1
1021 954 989 1
1026 959 990 1
5069 5071 7445 1
989 954 921 1
1026 990 1052 1
5072 963 939 1
1052 990 1021 1
1026 1052 1087 1
5076 5074 5078 1
2356 2355 875 1
1052 1021 1085 1
1087 1052 1112 1
5101 5074 5075 1
875 2355 2358 1
1085 1021 1051 1
1112 1052 1085 1
1030 5075 995 1
913 2357 2359 1
1051 1021 989 1
1112 1085 1142 1
5076 5073 5074 1
913 2359 2361 1
1051 989 1025 1
1142 1085 1111 1
955 2360 2362 1
913 2361 2364 1
1025 989 958 1
1111 1085 1051 1
1020 5077 3516 1
888 2363 2366 1
958 989 921 1
1111 1051 1086 1
930 2365 2368 1
1086 1051 1025 1
1111 1086 1143 1
1000 2367 2369 1
5079 2368 2371 1
1143 1086 1114 1
1111 1143 1218 1
977 2370 2373 1
5079 2371 5080 1
1114 1086 1056 1
1218 1143 1207 1
1039 2372 2377 1
5950 2374 5081 1
1056 1086 1025 1
1207 1143 1181 1
2376 1000 2369 1
5082 5956 2381 1
1181 1143 1114 1
1207 1181 1292 1
1022 5083 2382 1
5082 2381 5084 1
1292 1181 1245 1
1207 1292 1261 1
5085 5961 2386 1
5086 3728 7190 1
1245 1181 1148 1
3729 7413 5088 1
1148 1181 1114 1
1083 2389 2393 1
7192 5089 3730 1
1292 1245 277 1
5090 3731 7191 1
7427 7228 3733 1
984 3732 3735 1
1095 5092 7356 1
970 3738 3737 1
1019 3741 3740 1
5093 3742 7193 1
1019 3740 3744 1
1067 3747 3746 1
1019 3744 3749 1
1140 3751 3750 1
1009 3754 3753 1
1458 1407 1493 1
3755 7195 5094 1
3757 2419 7435 1
1493 1359 1423 1
7434 2422 3758 1
7198 2423 4305 1
3761 3760 2428 1
1458 1493 1584 1
1407 1458 1428 1
1458 1584 1534 1
1534 1584 1607 1
1428 1458 1534 1
1523 1534 1625 1
1643 1742 1584 1
1523 1625 1566 1
1566 1625 1628 1
1628 1625 5151 1
1862 5151 1736 1
1736 5151 1607 1
1607 1625 1534 1
1742 1736 1607 1
1742 1607 1584 1
1828 1862 1736 1
1914 1842 1862 1
3756 1842 1863 1
1782 1842 1805 1
1900 1863 1931 1
1863 1900 1866 1
3756 1863 1866 1
1742 1828 1736 1
1830 3756 1866 1
1914 6006 1863 1
1830 1866 1851 1
1851 1866 1886 1
1830 1851 1808 1
1886 1866 1900 1
1808 1851 1833 1
1830 1808 1787 1
1886 1900 1920 1
1833 1851 1870 1
1787 1808 1765 1
1886 1920 1903 1
1870 1851 1886 1
1765 1808 1793 1
1903 1920 1937 1
1886 1903 1870 1
1793 1808 1833 1
1765 1793 1750 1
1870 1903 1892 1
1750 1793 1773 1
1765 1750 1720 1
5984 1920 1900 1
1892 1903 1925 1
1773 1793 1818 1
1720 1750 1699 1
1925 1903 1937 1
1818 1793 1833 1
1699 1750 1729 1
1925 1937 1956 1
1729 1750 1773 1
1699 1729 1678 1
1925 1956 1944 1
1678 1729 1707 1
1699 1678 1644 1
1962 1956 1986 1
1644 1678 1621 1
1699 1644 1670 1
1986 1956 2001 1
1944 1956 1962 1
1621 1678 1653 1
1621 1653 1600 1
1600 1653 1623 1
1600 1623 1574 1
1621 1600 1569 1
1574 1623 1608 1
1600 1574 1547 1
1569 1600 1547 1
1569 1547 1527 1
1621 1569 1596 1
1527 1547 1501 1
1569 1527 1545 1
1547 1574 1531 1
1596 1569 1545 1
1596 1545 7150 1
1501 1547 1531 1
1501 1531 1481 1
1481 1531 1510 1
1501 1481 1449 1
1545 1527 1498 1
1621 1596 1644 1
1644 1596 1618 1
1644 1618 1670 1
1670 1618 1693 1
1693 1618 1587 1
1494 7150 1475 1
7150 1494 1522 1
1587 1522 1566 1
1587 1566 1628 1
1717 1628 5151 1
1628 1717 1693 1
1717 5151 1782 1
1693 1587 1628 1
1670 1693 1720 1
1720 1693 1745 1
1745 1693 1717 1
1475 7150 1545 1
1475 1498 1447 1
1447 1498 1482 1
1475 1447 1419 1
1522 1494 1499 1
1745 1717 1805 1
1745 1787 1765 1
1482 1498 1527 1
1482 1527 1501 1
1482 1501 1449 1
1419 1447 1398 1
1717 1782 1805 1
1745 1805 1787 1
1498 1475 1545 1
1447 1482 1429 1
1475 1419 1494 1
1494 1419 1391 1
1391 1419 1366 1
1494 1391 1417 1
1366 1419 1398 1
1366 1398 1342 1
1342 1398 1374 1
1366 1342 1314 1
1391 1366 1335 1
1417 1391 1332 1
1494 1417 1499 1
1374 1398 1429 1
1342 1374 1321 1
1314 1342 1290 1
1366 1314 1335 1
1335 1314 1287 1
1287 1314 1258 1
1335 1287 1332 1
1374 1429 1410 1
1258 1314 1290 1
1258 1290 1232 1
1232 1290 1267 1
1258 1232 1197 1
1287 1258 1229 1
1232 1267 1210 1
1258 1197 1229 1
1229 1197 1167 1
1167 1197 1136 1
1229 1167 1193 1
1332 1287 1253 1
1267 1290 1321 1
1267 1321 1305 1
1197 1232 1174 1
1136 1197 1174 1
1136 1174 1109 1
1109 1174 1144 1
1136 1109 1077 1
1167 1136 1103 1
1193 1167 1130 1
1229 1193 1253 1
1253 1193 1226 1
1429 1482 1449 1
1429 1449 1410 1
1410 1449 1442 1
1442 1449 1481 1
1442 1481 1469 1
1469 1481 1510 1
1469 1510 1496 1
1442 1469 1415 1
1496 1510 1543 1
1469 1496 1445 1
1410 1442 1396 1
1415 1469 1445 1
1415 1445 1393 1
1393 1445 1426 1
1415 1393 1364 1
1442 1415 1396 1
1396 1415 1364 1
1396 1364 1352 1
1352 1364 1306 1
1396 1352 1410 1
1543 1510 1555 1
1445 1496 1490 1
5095 1364 1337 1
1352 1306 1305 1
1352 1305 1321 1
1426 1445 1490 1
1426 1490 1456 1
1456 1490 5096 1
1426 1456 1404 1
1393 1426 1371 1
1364 1393 1337 1
1555 1510 1531 1
1555 1531 1574 1
1555 1574 1608 1
1490 1496 1529 1
1543 1555 5097 1
5098 1109 5103 1
5095 1337 1276 1
5099 1456 1466 1
1398 1447 1429 1
1144 1174 1210 1
1144 1210 1184 1
1267 1305 1246 1
1136 1077 1103 1
5100 1077 5101 1
5101 1077 2430 1
1426 1404 1371 1
1371 1404 1351 1
5102 1404 1397 1
1371 1351 1318 1
1109 1144 5103 1
1332 1391 1335 1
1130 1167 1103 1
1371 1318 1337 1
1290 1342 1321 1
1332 1253 1281 1
1281 1253 1226 1
1281 1226 1254 1
1254 1226 1192 1
1281 1254 1310 1
1192 1226 1164 1
1254 1192 1218 1
1393 1371 1337 1
1281 1310 1332 1
1332 1310 1388 1
1388 1310 1336 1
1336 1310 1286 1
1395 1388 1336 1
1395 1336 1369 1
1395 1369 1428 1
1388 1395 1461 1
1369 1336 1286 1
1369 1286 1261 1
1286 1310 1254 1
1286 1254 1218 1
1286 1218 1261 1
1499 1388 1461 1
1321 1374 1352 1
1374 1410 1352 1
1210 1267 1246 1
1210 1246 1184 1
5104 1246 1231 1
1231 1246 5758 1
2431 1231 5106 1
1184 1163 1119 1
1226 1193 1164 1
5102 1397 5107 1
1287 1229 1253 1
1193 1130 1164 1
1174 1232 1210 1
1417 1332 1388 1
1461 1395 1428 1
1318 1351 5108 1
2001 1956 1979 1
1670 1720 1699 1
1318 1303 5109 1
1979 1956 1937 1
5109 1303 5110 1
5110 1303 5111 1
1263 1240 5112 1
2433 2432 1223 1
2435 2434 1183 1
1223 2432 2437 1
1183 2434 2438 1
1252 2436 2440 1
1183 2438 2442 1
5113 2439 5979 1
1252 2440 2443 1
5114 2441 2445 1
2447 2446 1355 1
2447 1355 2106 1
2449 2448 5115 1
5115 2448 5985 1
1259 2450 5116 1
1296 2449 2443 1
1220 5117 5118 1
7200 5118 3762 1
3764 3763 2459 1
7163 5120 3765 1
1259 2457 5121 1
1196 5981 5122 1
5114 2445 5123 1
1196 2462 5124 1
1196 2465 5125 1
2035 2034 2043 1
2034 2035 2022 1
2022 2035 2017 1
2043 2034 2042 1
2044 2035 2043 1
2017 2035 7081 1
7081 2035 2046 1
2046 2035 2044 1
2040 2046 2051 1
7081 2046 2040 1
2040 2051 2047 1
2040 2047 2037 1
2037 2047 2050 1
2041 2037 2050 1
2050 2047 2054 1
2048 2041 2050 1
2024 2037 2029 1
2037 2041 2029 1
2038 2048 2049 1
2029 2041 2026 1
2026 2041 2038 1
2029 2026 2019 1
2019 2026 2004 1
2012 2026 2023 1
2004 2026 2012 1
2023 2026 2032 1
2004 2012 1982 1
2032 2026 2038 1
2023 2032 2030 1
1982 2012 2011 1
2030 2032 2039 1
2023 2030 2020 1
2011 2012 2023 1
2020 2030 2033 1
2023 2020 2011 1
2011 2020 2009 1
2009 2020 5126 1
2011 2009 1996 1
1981 1982 2011 1
2028 2020 2033 1
2009 5126 2007 1
1996 2009 1992 1
1996 1981 2011 1
2009 2007 1992 1
1992 2007 1989 1
1989 2007 2006 1
1992 1989 1972 1
2006 2007 5126 1
1989 2006 1994 1
1972 1989 1970 1
5127 2006 2015 1
1989 1994 1970 1
1972 1970 1949 1
1970 1994 1966 1
1949 1970 1945 1
1972 1949 1951 1
1966 1994 1987 1
1970 1966 1945 1
1951 1949 1922 1
1987 1994 5127 1
1945 1966 1943 1
1922 1949 1918 1
1951 1922 1926 1
5130 1943 1967 1
1945 1943 1915 1
1918 1949 1945 1
1926 1922 1893 1
1967 1966 1987 1
1915 1943 5128 1
1918 1945 1915 1
1893 1922 1891 1
2467 5129 1997 1
5128 1943 5130 1
1918 1915 1888 1
1891 1922 1918 1
1912 1939 5131 1
1888 1915 5132 1
5130 1967 5133 1
5131 1939 5134 1
5132 1915 5128 1
5134 1939 5136 1
1888 6578 1858 1
5137 5135 5141 1
1888 1858 1891 1
5139 5137 5141 1
2471 2470 1852 1
1891 1858 1860 1
1852 2470 2473 1
1853 2471 2475 1
5142 5140 6578 1
1860 1858 7086 1
1879 2472 2476 1
1817 2474 2478 1
1860 1827 1831 1
1910 5144 1912 1
5145 2477 2480 1
1831 1827 7048 1
1860 1831 1867 1
1847 2479 2481 1
5145 2480 6010 1
5146 7048 1789 1
1867 1831 1835 1
5147 2482 2485 1
1835 1831 1798 1
5150 6016 2489 1
7203 3766 7202 1
1798 1831 1794 1
1877 5152 2492 1
1877 2492 2496 1
5153 2493 4319 1
1908 2495 2499 1
5154 6021 2501 1
1908 2499 2502 1
1908 2502 2503 1
1936 2505 5156 1
1835 1798 1804 1
1804 1798 1763 1
1835 1804 1841 1
1763 1798 1759 1
1841 1804 1810 1
1835 1841 1871 1
1759 1798 1794 1
1810 1804 1771 1
1871 1841 1874 1
5157 1794 1752 1
1771 1804 1763 1
1874 1841 1849 1
1849 1841 1810 1
1874 1849 1882 1
5146 1789 5158 1
1882 1849 1856 1
1874 1882 1906 1
5158 1789 5159 1
1856 1849 1819 1
1906 1882 1916 1
1819 1849 1810 1
1916 1882 1890 1
1819 1810 1777 1
1890 1882 1856 1
1916 1890 1924 1
1777 1810 1771 1
1890 1856 1864 1
1924 1890 1895 1
1864 1856 1829 1
1890 1864 1895 1
1829 1856 1819 1
1895 1864 1872 1
1829 1819 1788 1
1872 1864 1834 1
1788 1819 1777 1
1829 1788 1796 1
1834 1864 1829 1
1796 1788 1754 1
1829 1796 1834 1
1754 1788 1747 1
1834 1796 5161 1
1747 1788 1777 1
5162 1747 1696 1
1747 1777 1735 1
1696 1747 1698 1
1735 1777 1771 1
1747 1735 1698 1
1698 1735 1687 1
1687 1735 1726 1
1698 1687 5163 1
1726 1735 1771 1
1687 1726 1680 1
1647 1698 5163 1
1726 1771 1763 1
1680 1726 1721 1
5205 1687 1680 1
1721 1726 1763 1
1680 1721 1674 1
1721 1763 1759 1
1674 1721 5164 1
1721 1759 5164 1
5165 5157 1752 1
5165 1752 5166 1
2508 2507 1659 1
1715 1664 5168 1
1659 2507 2510 1
5168 1664 5169 1
1704 2509 2511 1
2513 2512 1612 1
1674 5170 5204 1
1612 2512 2514 1
1617 2513 2516 1
7858 1617 5171 1
1612 2514 2518 1
1570 2515 2520 1
2521 2516 1570 1
5172 2517 2523 1
5173 2519 2524 1
1655 2522 2525 1
5172 2523 5174 1
5175 2525 2529 1
3769 7204 5176 1
1700 2528 2533 1
5175 2529 5177 1
1746 2532 2535 1
3770 7205 5178 1
1746 2535 2538 1
5179 6043 2540 1
1746 2538 2542 1
1743 5180 2543 1
1781 2541 2544 1
1746 2542 2543 1
5181 5160 5149 1
5182 2545 2547 1
1817 2548 2550 1
5183 2549 2551 1
1817 2550 2475 1
5183 2551 5184 1
1740 3773 3772 1
1776 2554 5186 1
3772 2555 3774 1
7007 2556 5187 1
1694 3777 3776 1
5188 3778 7207 1
1694 3776 3779 1
5188 2562 3780 1
5189 2563 4337 1
1648 3784 3783 1
1648 3783 3786 1
1601 3789 3788 1
1648 3786 3791 1
1604 3794 3793 1
5190 3791 7210 1
3796 2576 3795 1
5191 2581 4360 1
3798 7480 5192 1
3800 2580 3799 1
1559 3804 3803 1
1559 3803 3805 1
1519 3808 3807 1
1559 3805 3810 1
1525 3813 3812 1
5193 3810 7216 1
1478 3816 3815 1
3817 7217 5194 1
3819 2596 3818 1
1478 3815 3821 1
3823 3822 2604 1
3824 7455 5195 1
7219 5196 3825 1
3824 2606 3826 1
5197 2607 2610 1
7519 5198 3827 1
3829 3828 2614 1
5199 3830 7222 1
1813 3833 3832 1
1811 3829 3835 1
1850 3838 3837 1
1813 3832 3840 1
3844 5200 2623 1
1850 3837 3843 1
7171 5039 5105 1
1917 4083 3846 1
5202 3847 7226 1
7523 3848 2628 1
5203 2631 2501 1
3851 3850 2635 1
1680 1674 5204 1
5205 5206 1622 1
1622 5206 1586 1
5207 2636 4883 1
1850 3843 3853 1
1857 3856 3855 1
1850 3853 5208 1
1683 3698 3859 1
6093 2642 4447 1
1206 1278 1356 1
1278 1206 1178 1
7336 1206 1356 1
1278 1178 1152 1
1165 1206 1237 1
1128 1178 1206 1
1237 1206 7336 1
1165 1237 1135 1
1152 1178 1062 1
1135 1237 1217 1
1062 1178 1128 1
1091 3971 1040 1
1040 1152 1062 1
1135 1217 1115 1
991 1040 1002 1
1135 1115 1058 1
1002 1040 1062 1
1058 1115 1082 1
1135 1058 1037 1
1082 1115 1199 1
1058 1082 1016 1
1037 1058 996 1
7004 1115 1217 1
1016 1082 1041 1
996 1058 1016 1
1041 1082 1102 1
1016 1041 978 1
1102 1082 1199 1
1041 1102 1066 1
978 1041 1006 1
1066 1102 1125 1
1041 1066 1006 1
1125 1102 1199 1
1006 1066 1029 1
1125 1199 1245 1
1029 1066 1093 1
1125 1245 1148 1
1093 1066 1125 1
1093 1125 1148 1
1245 1199 6996 1
6996 1199 7004 1
7004 1217 1348 1
1245 1284 277 1
1359 1284 1423 1
1423 1284 1348 1
1348 1284 6996 1
1009 3753 3862 1
999 3864 3863 1
7235 5209 3865 1
5210 3863 7236 1
3867 3866 2653 1
5210 2651 3868 1
5211 3869 7238 1
926 2656 5212 1
7240 5213 3871 1
3873 3872 2664 1
5214 3874 7241 1
5215 7558 2668 1
876 2665 5216 1
5214 2666 5217 1
6109 2667 5218 1
822 5219 2677 1
5220 6121 2678 1
867 2674 2680 1
816 2676 2681 1
822 2677 2683 1
919 2679 2684 1
867 2680 2686 1
773 2682 2688 1
822 2683 2690 1
2685 919 2691 1
867 2686 2692 1
2687 816 2693 1
780 2689 2695 1
6131 2691 2697 1
812 5221 808 1
812 2693 2692 1
976 2696 2698 1
5222 808 758 1
976 2698 2700 1
7152 5223 3876 1
6978 808 5225 1
850 6947 5226 1
750 802 800 1
5226 855 2702 1
924 2702 2703 1
800 850 5227 1
5228 855 861 1
5229 2703 6131 1
5227 850 5230 1
2704 2697 976 1
969 2704 5231 1
730 2694 2708 1
2707 773 2688 1
730 2708 2709 1
719 5232 708 1
680 5233 669 1
708 5234 5237 1
669 5235 5240 1
758 5236 5222 1
705 6402 704 1
704 755 750 1
704 750 702 1
702 750 749 1
749 750 800 1
702 749 703 1
749 800 793 1
703 749 753 1
793 800 5238 1
753 749 793 1
793 5238 5239 1
753 793 778 1
753 778 723 1
924 2711 2710 1
660 5241 705 1
5242 5243 621 1
660 705 656 1
621 5243 615 1
5242 621 5244 1
656 705 704 1
615 660 656 1
669 629 5245 1
615 656 609 1
2713 2712 640 1
609 656 652 1
640 2712 2715 1
652 656 704 1
609 652 607 1
576 2714 2716 1
652 704 702 1
607 652 651 1
5246 5244 621 1
651 652 702 1
607 651 608 1
651 702 703 1
608 651 654 1
651 703 654 1
615 609 574 1
574 609 568 1
615 574 577 1
568 609 607 1
577 574 530 1
530 574 527 1
577 530 542 1
530 527 489 1
542 530 5247 1
582 577 542 1
530 489 5247 1
453 489 448 1
495 5248 451 1
448 489 484 1
453 448 413 1
451 453 416 1
484 489 527 1
413 448 412 1
416 453 413 1
412 448 446 1
413 412 376 1
446 448 484 1
412 446 411 1
376 412 375 1
446 484 483 1
411 446 447 1
375 412 411 1
483 484 525 1
447 446 483 1
525 484 527 1
483 525 526 1
525 527 568 1
526 525 566 1
568 527 574 1
525 568 566 1
566 568 607 1
566 607 608 1
566 608 572 1
572 608 611 1
566 572 526 1
611 608 654 1
526 572 528 1
611 654 671 1
528 572 575 1
575 572 611 1
528 575 533 1
533 575 579 1
528 533 491 1
579 575 616 1
491 533 494 1
528 491 487 1
616 575 611 1
494 533 538 1
487 491 450 1
616 611 671 1
538 533 579 1
538 579 586 1
450 491 494 1
586 579 623 1
538 586 536 1
623 579 616 1
586 623 633 1
536 586 593 1
623 616 653 1
653 616 671 1
5249 653 687 1
5249 623 653 1
593 586 633 1
593 633 641 1
641 633 688 1
593 641 604 1
604 641 645 1
604 645 606 1
606 645 649 1
606 649 613 1
604 606 561 1
613 649 662 1
606 613 567 1
561 606 567 1
561 567 523 1
523 567 532 1
561 523 520 1
604 561 559 1
662 649 698 1
662 698 712 1
712 698 760 1
712 760 765 1
662 712 677 1
712 765 728 1
613 662 631 1
567 613 578 1
677 712 728 1
677 728 686 1
686 728 736 1
677 686 636 1
662 677 631 1
631 677 636 1
631 636 589 1
589 636 610 1
631 589 578 1
578 589 512 1
512 589 557 1
578 512 532 1
578 532 567 1
532 512 496 1
557 589 610 1
610 659 628 1
557 610 6868 1
7596 557 6868 1
557 486 512 1
659 610 686 1
659 686 736 1
659 736 756 1
796 736 804 1
628 659 724 1
628 639 545 1
724 659 756 1
628 724 639 1
639 724 744 1
610 628 6868 1
486 436 512 1
512 436 496 1
496 415 493 1
415 496 436 1
496 493 532 1
532 493 523 1
493 444 482 1
523 493 520 1
444 493 415 1
482 444 443 1
493 482 520 1
520 482 536 1
444 415 404 1
728 765 784 1
756 736 796 1
804 736 784 1
784 736 728 1
756 796 790 1
790 796 849 1
756 790 724 1
849 796 841 1
790 849 854 1
561 520 559 1
559 520 536 1
559 536 593 1
559 593 604 1
436 402 355 1
402 436 486 1
436 355 415 1
486 7596 466 1
636 686 610 1
443 404 372 1
438 443 372 1
443 438 479 1
578 613 631 1
545 639 564 1
443 444 404 1
404 415 346 1
346 415 355 1
346 355 289 1
289 355 298 1
482 443 479 1
744 724 790 1
784 765 820 1
364 402 427 1
404 346 310 1
310 346 289 1
310 276 335 1
310 335 372 1
333 276 271 1
310 289 258 1
854 849 906 1
276 310 258 1
796 804 841 1
402 364 355 1
372 404 310 1
790 854 807 1
849 841 900 1
371 335 333 1
403 372 371 1
438 403 450 1
333 335 276 1
372 335 371 1
403 371 408 1
337 333 284 1
333 337 371 1
298 355 364 1
479 438 494 1
289 298 264 1
371 337 373 1
438 372 403 1
545 564 466 1
649 645 694 1
820 5701 838 1
330 364 427 1
483 526 487 1
487 526 528 1
483 487 447 1
447 487 450 1
447 450 408 1
2019 2004 1995 1
1995 2004 1973 1
1995 1973 1977 1
2019 1995 1999 1
1995 1977 1999 1
1973 2004 1963 1
1999 1977 1983 1
1963 2004 1982 1
1973 1963 1940 1
1983 1977 1958 1
1940 1963 1934 1
1973 1940 1947 1
1958 1977 1953 1
1934 1963 1957 1
1947 1940 1916 1
1953 1977 1973 1
1957 1963 1982 1
1916 1940 1906 1
1957 1982 1981 1
1906 1940 1934 1
1957 1981 1955 1
1955 1981 1975 1
1957 1955 1929 1
1975 1981 1996 1
1929 1955 1926 1
1975 1996 1992 1
1926 1955 1951 1
1929 1926 1896 1
1951 1955 1975 1
1896 1926 1893 1
1951 1975 1972 1
1896 1893 1867 1
1972 1975 1992 1
1867 1893 1860 1
1896 1867 1871 1
1860 1893 1891 1
1871 1867 1835 1
1896 1871 1901 1
1901 1871 1874 1
1896 1901 1929 1
1929 1901 1934 1
1934 1901 1906 1
1929 1934 1957 1
1906 1901 1874 1
2019 2024 2029 1
2024 2019 1999 1
2024 1999 2002 1
2002 1999 1983 1
2002 1983 1988 1
1988 1983 1965 1
1965 1983 1958 1
2002 1988 1993 1
1965 1958 1935 1
1993 1988 1971 1
1935 1958 1927 1
1971 1988 1965 1
1927 1958 1953 1
1935 1927 1902 1
1927 1953 1924 1
1902 1927 1895 1
1924 1953 1947 1
1927 1924 1895 1
1947 1953 1973 1
1971 1965 1946 1
1946 1965 1935 1
1971 1946 1954 1
1946 1935 1913 1
1954 1946 1923 1
1971 1954 1980 1
1913 1935 1902 1
1946 1913 1923 1
1980 1954 1961 1
1913 1902 1878 1
1923 1913 1889 1
1961 1954 1932 1
1878 1902 1872 1
1923 1889 1897 1
1932 1954 1923 1
1872 1902 1895 1
7201 2816 5654 1
1980 1961 1985 1
1985 1961 1968 1
1980 1985 2000 1
1968 1961 1942 1
2000 1985 2003 1
1942 1961 1932 1
1968 1942 1950 1
2003 1985 1990 1
1942 1932 1904 1
1950 1942 1919 1
1990 1985 1968 1
1904 1932 1897 1
1919 1942 1904 1
1897 1932 1923 1
1904 1897 1868 1
1889 1913 1878 1
1889 1878 1859 1
1859 1878 1843 1
5250 1859 1848 1
1848 1859 1823 1
1823 1859 1843 1
1843 1878 1872 1
1843 1872 1834 1
6014 935 7398 1
1843 1806 1823 1
1990 1968 1976 1
1976 1968 1950 1
1990 1976 1998 1
1976 1950 1959 1
1998 1976 1984 1
1990 1998 2008 1
1959 1950 1928 1
1976 1959 1984 1
1990 2008 2003 1
1928 1950 1919 1
1984 1959 1969 1
2003 2008 2017 1
1928 1919 1894 1
1969 1959 1941 1
1984 1969 1991 1
2017 2008 2022 1
1894 1919 1885 1
1941 1959 1928 1
1991 1969 1978 1
1941 1928 1905 1
1978 1969 1952 1
1905 1928 1894 1
1941 1905 1921 1
1952 1969 1941 1
1978 1952 1962 1
1905 1894 1873 1
1952 1941 1921 1
1978 1962 1986 1
1873 1894 1861 1
1952 1921 1933 1
1861 1894 1885 1
1873 1861 1836 1
1933 1921 1898 1
1836 1861 1822 1
1836 1822 6836 1
5252 1802 1790 1
1836 1839 1873 1
1898 1921 1887 1
1887 1921 1905 1
1898 1887 1865 1
1887 1905 1873 1
1865 1887 1839 1
1887 1873 1839 1
1962 1952 1933 1
1962 1933 1944 1
1944 1933 1911 1
1911 1933 1898 1
1944 1911 1925 1
1911 1898 1875 1
1925 1911 1892 1
1875 1898 1865 1
1892 1911 1875 1
1892 1875 1855 1
1855 1875 1840 1
1840 1875 1865 1
1855 1840 1818 1
1818 1840 1801 1
1855 1818 1833 1
1801 1840 1826 1
1855 1833 1870 1
1826 1840 1865 1
1855 1870 1892 1
1826 1865 1839 1
1826 1839 5252 1
1801 1826 1790 1
1165 1135 1060 1
1165 1060 1128 1
1001 1060 1015 1
1028 1001 964 1
1128 1060 1028 1
1001 1015 951 1
1060 1001 1028 1
951 1015 973 1
973 1015 1037 1
951 973 903 1
1135 1015 1060 1
903 973 929 1
916 964 932 1
929 973 996 1
932 964 1001 1
996 973 1037 1
932 1001 951 1
932 951 885 1
885 951 903 1
932 885 872 1
885 903 843 1
872 885 825 1
843 903 866 1
825 885 843 1
866 903 929 1
825 843 787 1
866 929 882 1
787 843 806 1
882 929 950 1
806 843 866 1
950 929 996 1
806 866 823 1
950 996 1016 1
823 866 882 1
950 1016 978 1
823 882 844 1
950 978 909 1
844 882 909 1
909 978 937 1
909 882 950 1
937 978 1006 1
937 1006 962 1
962 1006 1029 1
962 1029 994 1
994 1029 1056 1
1056 1029 1093 1
994 1056 1025 1
1056 1093 1114 1
994 1025 958 1
1114 1093 1148 1
932 872 916 1
806 823 771 1
771 823 789 1
789 823 844 1
789 844 813 1
813 844 874 1
874 844 909 1
874 909 937 1
874 937 894 1
894 937 962 1
874 894 835 1
894 962 927 1
835 894 862 1
874 835 813 1
927 962 994 1
862 894 927 1
927 994 958 1
927 958 889 1
889 958 921 1
427 466 454 1
564 454 466 1
1015 1135 1037 1
1206 1165 1128 1
5253 2700 6138 1
614 666 643 1
643 666 696 1
614 643 595 1
696 666 727 1
643 696 672 1
595 643 617 1
7422 595 5254 1
672 696 729 1
5255 617 6826 1
5254 595 5255 1
672 729 700 1
5257 5255 565 1
700 729 5736 1
700 751 707 1
707 751 759 1
707 759 713 1
707 713 664 1
664 713 674 1
674 713 726 1
664 674 5258 1
700 5259 5260 1
664 5261 620 1
5262 620 598 1
598 620 5263 1
2763 5263 605 1
598 573 5264 1
5264 573 5265 1
565 549 5266 1
5266 549 5267 1
543 519 5268 1
5267 549 5269 1
2719 2718 477 1
2721 2720 474 1
5661 497 5270 1
2724 2723 452 1
477 2718 2726 1
501 2719 2728 1
452 2723 2729 1
452 2729 2731 1
432 2730 2733 1
455 2732 2728 1
432 2733 2736 1
2734 474 2720 1
5271 2736 6145 1
452 2731 2741 1
467 2724 2743 1
5272 7823 2745 1
5271 2739 5273 1
407 2746 5274 1
507 2725 2749 1
477 2726 2751 1
5275 6162 2753 1
6167 2748 7420 1
3878 3877 2757 1
452 2741 2742 1
7820 2758 5276 1
5277 2744 2761 1
5272 2745 3879 1
5265 573 5278 1
401 7403 2766 1
5258 674 5697 1
477 2751 2768 1
5279 2767 6176 1
477 2768 2727 1
5280 2769 6705 1
6174 2770 2766 1
5281 2772 6184 1
5282 2773 6187 1
5281 2774 5283 1
405 5284 2779 1
5285 2779 7759 1
5285 2781 5287 1
5282 2776 5288 1
6222 362 6786 1
5290 6202 2761 1
6776 2790 5291 1
5292 2791 6208 1
3880 6776 5293 1
5294 2795 6213 1
6246 6212 5295 1
5294 2797 5296 1
322 6726 5299 1
5300 2804 6230 1
5292 2794 5302 1
303 6234 6365 1
7051 2811 6239 1
270 6240 6697 1
5305 2816 2799 1
476 2817 2819 1
2818 485 2820 1
476 2819 2822 1
7277 6676 5308 1
7244 5309 3881 1
5310 7035 6256 1
5311 6232 6670 1
5312 2832 6263 1
5313 2833 7033 1
5312 2834 5314 1
5315 2783 2839 1
5316 2785 2786 1
5317 2840 6275 1
358 6274 5318 1
5317 2842 3883 1
5319 6663 6282 1
6284 2846 4478 1
3885 7248 2849 1
2820 485 2764 1
6286 5320 2749 1
5321 5322 580 1
6287 5322 2763 1
5321 580 560 1
518 5323 560 1
518 560 5324 1
5324 560 5325 1
2821 6288 5326 1
2851 2850 534 1
534 2850 2853 1
508 2851 2855 1
5325 560 5327 1
2852 6290 5328 1
5328 6290 5698 1
534 2853 2856 1
508 2855 2860 1
5330 2859 6292 1
508 2860 2822 1
5331 2861 6294 1
5330 2862 6299 1
5477 2865 5332 1
5333 2867 6305 1
6588 5334 2872 1
7012 2871 6307 1
5335 2873 5337 1
3284 5566 6130 1
5331 2864 5339 1
2883 2881 7242 1
470 2882 2884 1
470 2884 2886 1
5340 2883 5341 1
503 2885 2890 1
5342 2886 6322 1
431 5343 2893 1
5344 2893 6330 1
418 6329 5345 1
5344 2895 5346 1
546 2889 2900 1
5347 2891 2902 1
3886 7249 5348 1
6341 2903 5349 1
5350 2905 6347 1
5351 2906 6350 1
5350 2907 5352 1
5353 2910 6356 1
5354 2911 6359 1
5353 2912 5355 1
5357 2917 6368 1
5358 2908 6518 1
5351 2909 5359 1
5360 2924 6379 1
5361 6497 2928 1
5360 2926 5362 1
5354 2914 3888 1
3915 5363 2932 1
5333 2870 3889 1
509 2879 2899 1
6390 5364 2933 1
6390 569 5365 1
5365 569 6709 1
5366 626 5025 1
2900 2934 546 1
5366 644 5367 1
6440 6448 5368 1
7251 6440 5369 1
3890 7251 5370 1
5371 6401 2835 1
267 2836 5372 1
663 3411 5636 1
6332 2896 5375 1
5376 2946 6415 1
480 5377 6530 1
5376 2948 5378 1
379 2953 5380 1
6372 2954 5381 1
6320 5383 6435 1
6940 2959 6436 1
5385 2960 6441 1
334 6437 5386 1
5384 2961 5387 1
6443 2962 5388 1
366 2966 5389 1
6452 2967 5390 1
366 6295 5391 1
5392 2963 6291 1
5394 6467 2928 1
5395 2977 6469 1
5395 2979 5397 1
294 2982 5398 1
6477 2983 5399 1
5400 2984 2988 1
281 6471 5401 1
281 2989 2991 1
272 2990 2993 1
281 2991 2995 1
5402 2981 6281 1
2996 281 2995 1
2998 2997 232 1
232 2997 3000 1
6480 5403 2986 1
2999 251 3003 1
232 3000 3004 1
6486 2992 5404 1
302 3006 5405 1
360 3009 5407 1
302 5408 3011 1
325 5406 5409 1
272 2993 3015 1
251 2994 3003 1
3016 3015 269 1
249 3016 3018 1
268 2987 5410 1
5400 2988 5411 1
5412 3895 3894 1
7257 5413 7547 1
6769 3027 6520 1
471 6521 6178 1
6526 3030 7546 1
5414 3029 5416 1
517 5417 3035 1
3896 3032 3897 1
5419 2971 6142 1
6507 3012 5420 1
6132 3042 5421 1
6541 3043 5422 1
5429 5423 6548 1
7259 5425 3898 1
5426 3052 6551 1
351 6547 5428 1
321 3059 3061 1
318 3060 3063 1
321 3061 3065 1
293 3010 3066 1
302 3011 3014 1
3068 3067 263 1
3067 293 3069 1
269 3068 3017 1
3071 3070 235 1
6563 3062 5430 1
353 6089 5431 1
5433 3074 6576 1
5434 3064 6577 1
316 3887 5435 1
3900 3080 3901 1
3902 7263 5436 1
318 3063 3082 1
5437 3065 3066 1
5438 5514 223 1
5439 3035 6583 1
5440 3083 5784 1
384 6086 5441 1
5433 3078 3081 1
3088 345 7168 1
5442 4804 286 1
7264 5443 3903 1
5444 3090 3092 1
345 3077 3094 1
5445 5438 223 1
5445 223 5446 1
197 5450 5449 1
5448 5446 6080 1
6221 3346 6919 1
196 5450 6715 1
6080 182 5452 1
5453 178 157 1
5452 182 5454 1
6711 3033 5456 1
5457 3095 6602 1
5458 3096 3099 1
6608 3100 5459 1
7310 3102 5460 1
5461 3103 5989 1
7268 5462 3907 1
3908 7269 5463 1
6620 3111 5464 1
5465 5455 212 1
3113 3112 239 1
239 3112 3115 1
232 3113 2998 1
5466 3001 3019 1
243 3116 3117 1
228 3118 3120 1
198 3119 3124 1
228 3120 3126 1
5468 6629 3128 1
243 5467 5934 1
218 3114 3123 1
5470 3034 6592 1
7271 5471 3910 1
240 5472 7124 1
157 178 3133 1
4784 5473 3134 1
5392 2974 3911 1
5860 3914 3913 1
462 4880 5474 1
297 5475 7706 1
7273 5363 3915 1
460 5476 7275 1
6654 5836 4517 1
6657 3141 4518 1
211 3125 3144 1
5307 2824 5825 1
5479 3145 6660 1
5480 3146 6662 1
220 5481 3918 1
5480 3148 6666 1
199 3151 3154 1
5482 3152 3156 1
3920 3919 3023 1
331 3882 3922 1
307 3925 3924 1
6613 3104 6565 1
3926 7276 5487 1
5772 3168 5488 1
198 3124 3173 1
3928 3927 3175 1
5490 5735 6692 1
5492 6490 5750 1
5491 3179 5493 1
5444 3092 5494 1
5495 2829 2866 1
5492 3181 5496 1
516 2857 2933 1
3930 7280 5497 1
5498 187 193 1
5499 172 5500 1
5500 172 5501 1
5502 5504 149 1
152 5502 149 1
5503 5505 163 1
149 5504 144 1
131 149 126 1
126 149 144 1
126 144 120 1
131 126 110 1
5505 143 163 1
5507 5506 5743 1
5503 163 5509 1
5509 163 5510 1
3189 6710 5511 1
3191 3190 170 1
170 3190 3192 1
120 144 139 1
126 120 106 1
5743 143 119 1
128 119 107 1
107 119 99 1
128 107 116 1
99 119 110 1
107 99 90 1
116 107 96 1
3932 3931 3142 1
7283 3933 3195 1
4807 222 3071 1
5513 3937 7284 1
5449 223 5514 1
5373 3344 5597 1
3133 6715 5515 1
5516 116 125 1
125 116 105 1
585 6695 5517 1
585 3196 5518 1
3939 3938 3199 1
5519 6723 3201 1
676 5521 7114 1
5519 3201 5522 1
5524 6736 3210 1
5524 3210 5526 1
5520 3203 5527 1
5529 3216 6750 1
5530 3217 6753 1
5529 3218 5531 1
625 3219 5306 1
5530 3220 5532 1
5533 3221 5719 1
5534 3222 3187 1
5535 3229 6768 1
7286 5536 3940 1
5537 3206 6770 1
714 3211 5538 1
3941 5525 5539 1
5540 6546 3223 1
3943 3942 3239 1
5541 3144 3240 1
420 5542 6585 1
423 5329 5543 1
6781 3242 5544 1
7652 498 3944 1
5547 3945 7288 1
5547 3249 5548 1
3253 5680 6793 1
7290 5550 3947 1
7290 3256 5551 1
5552 5676 6802 1
6140 3258 6803 1
630 6801 5554 1
5555 3262 6810 1
673 6809 5666 1
673 5627 5557 1
5555 3264 5558 1
3949 3948 3270 1
3273 5610 6822 1
763 3271 5561 1
5559 6827 5562 1
5552 3260 5563 1
5564 3261 3281 1
5553 6110 5565 1
678 6818 5566 1
678 3284 5567 1
5568 3285 6728 1
5570 3269 3278 1
7231 3291 5571 1
5572 3292 6852 1
5447 3293 6855 1
5574 3297 6862 1
5575 3299 6865 1
5574 3300 5576 1
647 6864 5577 1
647 3305 5578 1
3952 3951 3309 1
6066 3307 6068 1
5580 3953 7294 1
3952 3309 3954 1
5581 3310 3317 1
5579 3311 5582 1
5575 3302 5583 1
600 3320 5584 1
6887 3321 5585 1
5586 3322 3303 1
3327 3325 7014 1
513 5588 3329 1
5587 3327 5589 1
2042 3323 7409 1
718 5592 3336 1
5593 3336 3287 1
3957 3956 3339 1
833 5594 3341 1
5595 3957 7297 1
5596 3295 3312 1
715 5373 5597 1
5598 3345 6921 1
6922 6221 4558 1
5598 3347 3959 1
5549 3253 5599 1
505 3350 5600 1
6927 3351 5601 1
3960 3352 5602 1
5603 6933 6934 1
6930 3353 5604 1
472 3358 3360 1
473 3359 3361 1
473 3361 3363 1
472 3360 3365 1
478 3362 3366 1
473 3363 3368 1
6965 5605 3370 1
434 3364 3371 1
6938 3365 3369 1
3373 3372 398 1
3372 434 3374 1
433 3373 3376 1
3374 434 3371 1
396 5606 6942 1
410 435 5607 1
3378 3377 356 1
5608 396 3378 1
433 3376 3381 1
3383 3382 385 1
385 3382 3384 1
5609 3375 3385 1
385 3384 3094 1
5611 3383 3247 1
5607 435 3367 1
3388 478 3366 1
5613 5612 5616 1
3390 3389 535 1
535 3389 3391 1
3390 535 3392 1
5643 410 5613 1
5614 4789 327 1
3386 3393 345 1
5620 5616 5615 1
5607 6948 5613 1
422 457 5617 1
5617 457 5618 1
5619 429 390 1
457 5620 5618 1
469 500 5621 1
5621 500 5622 1
469 514 481 1
390 429 5624 1
5619 390 382 1
5622 500 3392 1
3395 3394 584 1
584 3394 3396 1
584 3396 3397 1
548 3395 3399 1
3401 3400 576 1
481 514 5625 1
5626 481 441 1
441 481 451 1
3961 7299 5628 1
596 3398 3404 1
5629 6959 6961 1
433 3381 3370 1
548 3399 3400 1
5630 3276 3340 1
821 3406 3407 1
3962 7300 5631 1
3963 7301 5632 1
602 5633 6897 1
618 3409 5634 1
6976 3410 5635 1
5638 663 5636 1
6055 6982 3412 1
7533 5638 6990 1
632 5648 5639 1
5640 3419 5660 1
7786 3964 3422 1
3966 3965 3424 1
5647 6991 5641 1
3968 3967 3348 1
833 3341 3431 1
7737 3970 3433 1
3377 382 5644 1
5644 382 5645 1
5645 382 390 1
3434 3401 576 1
596 3404 5646 1
675 5647 3437 1
5648 3403 3415 1
3966 3424 3972 1
5649 529 495 1
5516 125 5650 1
192 3153 5651 1
105 116 96 1
105 96 88 1
88 96 79 1
105 88 97 1
79 96 90 1
88 79 72 1
97 88 82 1
5652 97 114 1
79 90 73 1
385 3093 3387 1
139 157 133 1
3975 7307 5653 1
5655 7201 3976 1
288 7201 5655 1
198 3173 3143 1
7747 3978 3446 1
213 5656 3448 1
3980 3979 3248 1
144 159 139 1
7134 3450 3449 1
126 106 110 1
110 106 94 1
94 106 91 1
110 94 99 1
91 106 102 1
94 91 75 1
5642 3429 5657 1
131 110 119 1
7529 148 3565 1
240 7124 7805 1
106 120 102 1
102 120 117 1
117 120 139 1
102 117 98 1
98 117 115 1
102 98 83 1
3982 3981 3455 1
297 3985 3984 1
5652 114 7027 1
3457 7027 114 1
261 3988 3987 1
3192 3453 7529 1
139 133 117 1
107 90 96 1
685 3436 3462 1
3462 730 2709 1
7034 5659 2713 1
3437 3420 5660 1
696 727 748 1
748 727 779 1
696 748 729 1
748 779 811 1
729 748 782 1
811 779 839 1
748 811 782 1
811 839 871 1
782 811 847 1
871 839 896 1
811 871 847 1
871 896 961 1
617 643 672 1
515 5201 5661 1
3990 3989 3464 1
7316 3991 3466 1
5662 3993 7315 1
1480 7314 3994 1
3996 3995 3471 1
3998 3997 3473 1
1480 3994 4000 1
5663 4001 7320 1
1424 3996 4002 1
5664 4003 7322 1
4005 4004 2601 1
4007 4006 3482 1
1338 5665 3484 1
1322 3483 3485 1
1338 3484 4008 1
1322 3485 3488 1
1300 5667 5668 1
1322 3488 3489 1
1266 5669 1238 1
5670 3489 7052 1
5671 5675 1238 1
1266 1238 5672 1
3490 3491 5673 1
1180 5674 1213 1
1180 1213 1146 1
1146 1213 1187 1
1187 1213 1243 1
1146 1187 1118 1
1118 1187 1162 1
1243 1213 5675 1
1162 1187 1224 1
1118 1162 1097 1
5677 1162 1139 1
1187 1243 1224 1
1224 1243 1279 1
1307 1269 5678 1
1279 1307 1333 1
1162 1224 1198 1
1224 1279 1255 1
1255 1279 1312 1
1224 1255 1198 1
1198 1255 1236 1
1312 1279 1333 1
1312 1333 1367 1
1255 1312 1294 1
576 2716 3434 1
1065 1155 7189 1
1065 1070 1158 1
1008 1070 1065 1
1158 1070 1166 1
941 1008 5105 1
1014 941 914 1
5105 1008 1065 1
914 941 865 1
1158 1166 1251 1
1260 1166 1176 1
1323 1260 1214 1
1214 1260 1176 1
1260 1251 1166 1
1249 1323 1214 1
1249 1214 1190 1
1361 1323 1289 1
1190 1214 1149 1
1249 1190 1230 1
1289 1323 1249 1
1149 1214 1176 1
1230 1190 1173 1
1149 1176 1113 1
1173 1190 1127 1
1230 1173 1212 1
1113 1176 1166 1
1127 1190 1149 1
1212 1173 1147 1
1127 1149 1096 1
1147 1173 1108 1
1096 1149 1113 1
1127 1096 1071 1
1108 1173 1127 1
1096 1113 1054 1
1071 1096 1032 1
1108 1127 1071 1
1054 1113 1081 1
1032 1096 1054 1
1108 1071 1050 1
1081 1113 1166 1
1032 1054 992 1
1050 1071 1012 1
992 1054 1014 1
1032 992 965 1
1012 1071 1032 1
1014 1054 1081 1
965 992 906 1
1014 1081 1070 1
1014 1070 1008 1
1070 1081 1166 1
1014 1008 941 1
992 914 906 1
992 1014 914 1
906 914 854 1
1289 1249 1230 1
1289 1230 1297 1
1297 1230 1212 1
1289 1297 1377 1
1297 1212 1250 1
1289 1377 1361 1
1250 1212 1191 1
1377 1340 1394 1
1250 1191 1234 1
1394 1486 1463 1
1377 1394 1463 1
1361 1463 1462 1
1234 1191 1175 1
1250 1234 1299 1
1175 1191 1129 1
1234 1175 1222 1
1299 1234 1272 1
1129 1191 1147 1
1222 1175 1161 1
1234 1222 1272 1
1147 1191 1212 1
1161 1175 1116 1
1116 1175 1129 1
1161 1116 1107 1
1161 1107 1153 1
1153 1107 1098 1
1227 1153 1195 1
1195 1153 5679 1
1222 1227 1277 1
1272 1222 1277 1
7189 5105 1065 1
1158 1251 1244 1
1244 1251 1383 1
1383 1251 1392 1
1244 1383 1274 1
1392 1251 1260 1
1383 1392 1470 1
1274 1383 1441 1
1441 1383 1516 1
1401 1392 1260 1
1401 1260 1323 1
1470 1516 1383 1
1589 1516 1470 1
1597 1589 1470 1
1597 1470 1504 1
5061 1649 1597 1
1504 5061 1597 1
1504 1401 1462 1
914 865 854 1
1244 1274 7439 1
941 5105 5039 1
941 837 865 1
837 807 865 1
837 941 5039 1
837 7541 744 1
7541 667 658 1
658 667 5031 1
7541 658 744 1
744 658 639 1
639 658 564 1
564 468 454 1
1050 1012 988 1
988 1012 943 1
1050 988 1031 1
943 1012 965 1
988 943 917 1
1031 988 5762 1
965 1012 1032 1
943 965 900 1
900 965 906 1
917 943 879 1
879 943 900 1
917 879 858 1
5681 879 841 1
917 858 886 1
888 2366 5682 1
7057 3492 5683 1
4010 7739 5685 1
7327 5686 4012 1
845 4010 7329 1
4015 4014 3446 1
7746 7329 6023 1
5687 3507 3451 1
798 7464 5688 1
4018 4017 3511 1
4020 4019 3464 1
891 4016 4022 1
869 4011 4024 1
1516 1541 1441 1
1344 3655 4026 1
1182 1122 1154 1
1328 1288 1182 1
1182 1288 1189 1
1189 1288 1298 1
1425 1288 1328 1
1387 1288 1425 1
1298 1288 1387 1
1535 1387 1517 1
1517 1387 1425 1
1595 1645 1517 1
4937 1535 1645 1
1645 1535 1517 1
1645 1595 1639 1
7853 1595 1425 1
1595 1517 1425 1
1298 1387 1354 1
1387 1535 1453 1
1354 1387 1453 1
3992 1453 1535 1
1160 7470 7159 1
1552 1572 1727 1
1672 1552 4925 1
1425 1328 7849 1
5098 1088 1042 1
1042 1088 3516 1
1062 1128 1028 1
1028 964 949 1
1062 1028 1002 1
949 964 898 1
1028 949 1002 1
898 964 916 1
949 898 887 1
1002 949 940 1
898 916 853 1
949 887 940 1
1002 940 991 1
853 916 872 1
940 887 878 1
991 940 928 1
853 872 815 1
940 878 928 1
815 872 825 1
887 898 840 1
840 898 853 1
991 928 981 1
981 928 920 1
991 981 1040 1
1647 5207 1593 1
740 2350 3235 1
714 7497 5690 1
1063 1116 1073 1
1073 1116 1129 1
1063 1073 1011 1
1805 1830 1787 1
938 3729 4028 1
922 4031 4030 1
938 4028 4033 1
922 4030 4035 1
902 4038 4037 1
922 4035 4040 1
957 4043 4042 1
902 4037 4045 1
5691 4046 7331 1
957 4042 4048 1
4045 3530 4049 1
957 4048 4051 1
842 7333 4052 1
946 4055 4054 1
957 4051 4057 1
842 4052 4059 1
922 4040 4060 1
5692 3540 4690 1
5693 3541 4691 1
900 841 879 1
5681 841 804 1
207 6255 134 1
7496 207 278 1
6003 134 6255 1
6003 67 64 1
64 67 7166 1
30 41 4905 1
47 41 30 1
6003 64 109 1
41 47 64 1
24 30 18 1
47 30 24 1
11 17 4881 1
18 17 11 1
18 13 24 1
13 18 11 1
24 13 22 1
22 13 985 1
3 6 5786 1
6 8 7 1
16 4886 23 1
16 10 12 1
6 10 8 1
28 23 20 1
4133 4718 245 1
31 28 20 1
39 28 31 1
48 39 36 1
39 48 51 1
45 48 36 1
51 48 58 1
36 39 31 1
58 48 59 1
36 31 29 1
45 36 34 1
59 48 45 1
58 59 73 1
34 36 29 1
34 29 27 1
29 31 20 1
19 29 20 1
29 19 21 1
19 20 15 1
278 207 264 1
207 206 264 1
173 206 138 1
173 138 112 1
169 173 112 1
127 1540 112 1
6003 109 134 1
1540 169 112 1
47 87 64 1
134 109 138 1
64 87 109 1
134 138 206 1
47 54 87 1
54 47 24 1
42 54 24 1
42 24 22 1
42 22 35 1
42 35 52 1
35 22 985 1
33 25 4869 1
25 35 985 1
35 25 33 1
16 4869 14 1
38 33 26 1
26 33 4869 1
4869 16 26 1
38 26 37 1
26 16 23 1
37 23 28 1
37 26 23 1
37 28 44 1
44 28 39 1
37 44 49 1
44 39 51 1
49 44 55 1
37 49 38 1
44 51 55 1
38 49 60 1
55 51 65 1
60 49 61 1
65 51 58 1
61 49 55 1
60 61 69 1
61 55 71 1
69 61 83 1
38 60 43 1
71 55 65 1
60 69 74 1
43 60 70 1
71 65 75 1
75 65 78 1
78 65 58 1
78 58 73 1
78 73 90 1
75 78 94 1
74 69 84 1
70 60 74 1
84 69 83 1
74 84 93 1
70 74 86 1
93 84 98 1
74 93 86 1
57 43 70 1
86 93 103 1
57 70 80 1
80 70 86 1
80 86 95 1
89 80 95 1
57 80 89 1
68 57 89 1
46 57 52 1
46 52 35 1
52 68 76 1
42 52 63 1
100 68 92 1
52 76 63 1
63 76 77 1
77 76 108 1
108 76 100 1
42 63 54 1
77 127 81 1
54 63 77 1
81 127 112 1
77 81 54 1
54 81 87 1
87 81 112 1
11 7 8 1
11 8 13 1
13 8 14 1
985 13 14 1
14 8 10 1
207 134 206 1
173 169 217 1
169 165 217 1
217 165 205 1
205 165 176 1
217 205 237 1
217 237 271 1
227 205 176 1
254 237 227 1
227 237 205 1
237 254 284 1
284 254 283 1
283 254 252 1
252 254 227 1
284 283 313 1
284 333 271 1
284 271 237 1
284 313 340 1
340 313 347 1
284 340 337 1
337 340 373 1
373 340 375 1
375 340 347 1
373 375 411 1
375 347 376 1
376 347 344 1
344 347 311 1
376 344 380 1
311 347 313 1
311 313 283 1
311 283 280 1
5694 311 280 1
380 344 348 1
376 380 413 1
413 380 416 1
416 380 378 1
378 380 348 1
378 348 357 1
357 348 324 1
357 324 338 1
378 357 393 1
416 378 417 1
348 5694 304 1
357 338 5695 1
417 378 393 1
417 393 5624 1
417 441 451 1
416 417 451 1
6011 365 387 1
7848 365 454 1
365 7430 330 1
330 7430 278 1
330 278 298 1
38 43 33 1
33 43 46 1
46 43 57 1
33 46 35 1
206 173 221 1
206 221 258 1
1540 127 108 1
108 127 77 1
1540 108 130 1
1407 1428 1369 1
165 1540 151 1
2036 2033 2030 1
5696 5161 1796 1
684 692 642 1
5697 642 619 1
5676 3257 6802 1
1918 1888 1891 1
1294 1236 1255 1
5190 2579 4063 1
1744 1728 1691 1
1112 1142 1192 1
1192 1142 1218 1
1264 2149 5699 1
1947 1916 1924 1
1376 3656 4065 1
7687 4066 3422 1
1087 1112 1164 1
1164 1112 1192 1
5700 1263 5754 1
2017 2031 2014 1
2031 7081 2040 1
2017 2014 2003 1
2031 2040 2027 1
2003 2014 2000 1
2027 2040 2037 1
2000 2014 2010 1
2000 2010 1993 1
2002 2027 2024 1
1993 2010 2002 1
2000 1993 1980 1
2002 2010 2027 1
1980 1993 1971 1
2027 2010 2031 1
2031 2010 2014 1
2024 2027 2037 1
837 744 807 1
1974 3545 2506 1
848 2169 4938 1
797 838 5701 1
88 72 82 1
5 4 4800 1
7005 5843 15 1
9 15 12 1
4800 9 5 1
4 5 3 1
3 5 6 1
6 5 10 1
5786 6 7 1
4 3 2 1
4071 4070 3547 1
4073 3548 4074 1
6582 4796 5702 1
1346 1293 1311 1
1311 1293 1256 1
1346 1311 1365 1
1256 1293 1227 1
2059 2058 2055 1
1848 5703 5250 1
61 71 83 1
3551 188 3550 1
179 3550 3553 1
166 5704 5707 1
201 3552 3555 1
179 3553 5705 1
7604 5706 3558 1
166 5707 145 1
201 3555 5708 1
5709 3560 7084 1
161 3558 3563 1
161 3563 3565 1
1909 5155 2504 1
3457 5711 140 1
1462 1512 1573 1
1570 2520 3567 1
1570 3567 3570 1
7090 3568 5713 1
1539 3569 5715 1
5716 3571 3576 1
7097 3573 5717 1
5716 3576 5718 1
1570 3570 2521 1
1578 3579 3581 1
1521 3580 3582 1
4078 3572 4077 1
7342 5720 4079 1
4081 4080 3577 1
1026 1087 1057 1
5721 1087 1130 1
1130 1087 1164 1
1026 1057 995 1
995 1057 1030 1
1030 1057 5100 1
1103 5721 1130 1
2048 2050 2053 1
784 820 858 1
858 820 886 1
2015 2005 5127 1
7112 5722 3585 1
599 3585 3188 1
32 40 34 1
1796 1754 5696 1
689 2345 3205 1
5723 3586 7115 1
1198 1139 1162 1
1522 1499 1566 1
2435 1183 3587 1
1860 7086 1827 1
3591 3590 1145 1
1145 3590 3593 1
5724 3591 7121 1
5725 1145 3624 1
1108 1050 1094 1
1094 1050 1031 1
1108 1094 1147 1
1094 1031 1073 1
1147 1094 1129 1
1129 1094 1073 1
2049 4785 2038 1
5697 674 684 1
7084 5726 7123 1
1142 1111 1218 1
72 79 59 1
91 102 83 1
91 83 71 1
807 854 865 1
1818 1801 1773 1
1773 1801 1758 1
5727 1801 1790 1
1773 1758 1729 1
1729 1758 1707 1
1917 4084 4083 1
556 5483 3597 1
261 3987 4086 1
3600 5162 5729 1
7456 2340 3455 1
1428 1534 1461 1
264 298 278 1
1660 3704 4088 1
1634 7861 4090 1
1367 1347 1312 1
542 495 529 1
542 529 5730 1
1074 961 1036 1
3457 7128 5711 1
5206 7858 5732 1
5733 3581 3580 1
1649 1646 1597 1
895 2356 3604 1
1681 1653 1707 1
1637 1639 1595 1
408 371 373 1
1317 3664 4092 1
4094 4093 2634 1
21 27 29 1
6014 1824 935 1
5734 2343 7130 1
5507 5743 128 1
1246 1305 5758 1
411 447 408 1
1207 1261 1218 1
809 751 5736 1
1345 1217 1237 1
97 82 5689 1
875 2358 5737 1
1401 1323 1361 1
1361 1377 1463 1
1361 1462 1401 1
7859 7502 3608 1
213 3448 4095 1
1359 1493 1407 1
277 1407 1369 1
1292 277 1369 1
4432 7855 5739 1
723 671 654 1
1345 1237 7336 1
83 98 84 1
603 5740 3166 1
45 34 50 1
1534 1523 1461 1
968 1036 961 1
1340 1377 1297 1
1340 1297 1299 1
1299 1297 1250 1
847 851 809 1
847 809 782 1
782 5736 729 1
3559 7854 5741 1
822 2690 5742 1
4097 4096 3538 1
1638 1541 1589 1
3613 3604 821 1
1799 1822 1837 1
1837 1822 1861 1
1765 1720 1745 1
217 276 221 1
2467 7143 5744 1
1168 3666 4098 1
79 73 59 1
53 66 62 1
62 66 82 1
53 62 50 1
50 62 56 1
53 50 40 1
56 62 72 1
50 56 45 1
50 34 40 1
1347 1294 1312 1
1696 1698 5745 1
1733 1707 1758 1
1782 5151 1862 1
1782 1862 1842 1
1261 1292 1369 1
1123 3661 4100 1
450 494 438 1
913 2364 5746 1
1209 3653 4102 1
5108 1351 5747 1
1884 4105 4104 1
5748 4106 7349 1
1832 5749 5870 1
1844 4109 4108 1
1884 4112 4111 1
1525 3812 4114 1
889 862 927 1
186 3447 3564 1
1589 1597 1646 1
641 690 645 1
1769 3695 4116 1
1119 1163 5751 1
5752 1101 1059 1
2377 3625 1039 1
59 45 56 1
4886 16 12 1
1276 1337 5700 1
5106 1231 5753 1
5754 5724 1215 1
849 900 906 1
2020 2028 5126 1
5843 19 15 1
3692 2263 4117 1
4119 4118 2257 1
1861 1885 4363 1
1919 1904 1885 1
1885 1904 1868 1
2053 2049 2048 1
706 653 671 1
777 3973 4121 1
98 115 93 1
494 538 479 1
1388 1499 1417 1
4945 1760 1733 1
2038 2041 2048 1
5755 3627 4728 1
988 917 5762 1
896 968 961 1
1357 1340 1299 1
75 91 71 1
2058 2057 2055 1
2055 2057 2054 1
836 778 793 1
904 847 871 1
904 871 961 1
5756 4122 7352 1
7832 3628 5757 1
7851 1997 5129 1
1272 1357 1299 1
2430 5078 5101 1
5758 5753 1231 1
2050 2054 2053 1
538 536 479 1
12 10 9 1
3630 3516 1088 1
605 5759 6287 1
115 117 133 1
1195 1256 1227 1
5760 2393 7154 1
4947 1815 5761 1
1646 1638 1589 1
5762 1011 1031 1
1132 3755 4124 1
403 408 450 1
2021 2015 2006 1
258 289 264 1
27 32 34 1
5763 907 5767 1
1293 1277 1227 1
4126 4125 3482 1
1273 7849 1328 1
1105 2407 5764 1
468 7848 454 1
5765 3659 7353 1
90 99 78 1
5767 5766 2710 1
5763 5767 944 1
114 5689 101 1
1523 1566 1499 1
264 206 258 1
760 742 5768 1
1183 2442 3588 1
2032 2038 2039 1
4128 4127 2427 1
1036 1154 1122 1
2057 2053 2054 1
4133 4132 3599 1
10 5 9 1
427 454 365 1
4134 7356 5769 1
5744 5770 2468 1
838 5771 820 1
66 85 82 1
1698 1647 5745 1
148 5710 161 1
1669 1649 5061 1
5111 1303 5773 1
5774 2390 7162 1
790 807 744 1
2039 2036 2030 1
726 684 674 1
640 2715 3435 1
5775 157 5779 1
5061 1504 1462 1
1140 3750 4136 1
4899 2156 2706 1
5229 5776 2711 1
3636 3602 1384 1
3636 2446 1315 1
86 103 95 1
280 283 252 1
3630 5752 1059 1
1386 4139 4138 1
1418 4142 4141 1
1478 4144 4143 1
5777 2636 1586 1
4146 4145 2426 1
4148 4147 2652 1
944 4875 5785 1
217 221 173 1
276 258 221 1
1466 1440 5099 1
1507 1466 1456 1
373 411 408 1
82 72 62 1
130 151 1540 1
118 103 93 1
905 936 897 1
89 92 68 1
3379 3385 398 1
3639 3070 263 1
158 135 5775 1
280 304 5694 1
3393 7168 345 1
3079 3640 5434 1
151 176 165 1
338 5645 5695 1
3133 5779 157 1
68 100 76 1
3378 7169 5608 1
135 118 115 1
100 130 108 1
304 324 348 1
1632 1657 1696 1
3639 3640 259 1
1707 1653 1678 1
886 953 917 1
1657 5729 1696 1
271 276 217 1
99 94 78 1
1555 1608 5097 1
1499 1461 1523 1
2429 5780 1529 1
1529 5096 1490 1
804 784 5681 1
1153 1098 5679 1
3641 4906 5781 1
1462 1463 1512 1
818 4150 4149 1
4152 4151 3349 1
2105 5673 3491 1
1468 2123 5782 1
3638 4873 1557 1
115 133 135 1
4860 4862 2166 1
330 427 365 1
5783 5754 1215 1
1073 1031 1011 1
5784 3110 3085 1
1868 4363 1885 1
4520 4784 3150 1
482 479 536 1
56 72 59 1
148 161 3565 1
2934 3157 546 1
115 118 93 1
5785 5239 863 1
3641 3600 1692 1
5760 3631 3593 1
330 298 364 1
1541 1516 1589 1
314 341 2060 2
7848 387 365 1
4797 246 2062 2
246 233 2062 2
319 2061 4806 2
5787 2063 6597 2
1257 5788 2066 1
1313 5789 2067 1
1247 5790 2069 1
5791 2070 1157 1
1373 5792 2072 1
1341 5793 2075 1
1291 5794 2077 1
1283 5795 2078 1
1408 4820 4877 1
1239 5796 2080 1
1308 5797 2081 1
1265 5798 2083 1
1172 5799 2085 1
1233 5800 2087 1
1205 5801 2089 1
5802 2090 1382 1
1270 5803 2091 1
1302 5804 2093 1
5805 2077 1262 1
5805 1262 5806 1
5808 5807 1304 1
4155 5807 5808 1
5809 2093 1327 1
5809 1327 5810 1
2098 5828 5811 1
5812 2066 1228 1
5812 1228 5813 1
2100 5846 5814 1
1221 1235 2101 1
1316 1301 2102 1
5735 3176 6692 1
5816 2087 1268 1
5816 1268 5817 1
5138 3105 5489 1
1204 1221 2105 1
2105 1221 2101 1
1368 2106 1355 1
4902 4840 4156 1
2108 4156 2107 1
4844 1157 5818 1
5819 1353 4874 1
2112 5819 2111 1
5820 1194 4856 1
2114 5820 2113 1
1089 1076 2115 1
4849 1120 5821 1
4851 1413 5823 1
2079 1421 5824 1
4854 1446 2120 1
5486 3168 5772 1
4855 1089 2122 1
2122 1089 2115 1
1468 1483 2123 1
2073 1205 2089 1
2124 2089 1171 1
2124 2073 2089 1
5826 1171 4903 1
5827 2125 5866 1
2113 4856 2125 1
2082 1283 2078 1
2126 2078 1309 1
2126 2082 2078 1
2127 5828 2098 1
4160 5829 1344 1
2065 1239 2080 1
2128 2080 1208 1
2128 2065 2080 1
2129 5830 2114 1
4163 5831 1168 1
2129 4861 5830 1
2092 1313 2067 1
2130 2067 1339 1
2130 2092 2067 1
2131 5832 2112 1
4158 5833 1376 1
2131 4863 5832 1
2070 1172 2085 1
2132 2085 1131 1
2132 2070 2085 1
5834 1131 4901 1
5835 2133 5864 1
5853 1248 2134 1
2134 1248 2104 1
5821 1120 5838 1
5839 2069 1280 1
5839 1280 5840 1
2136 5840 2096 1
2090 1373 2072 1
2137 2072 1405 1
2137 2090 2072 1
2137 1405 5841 1
2107 2138 5842 1
2107 4871 2138 1
7855 3609 5739 1
2139 1316 2102 1
4822 1341 2075 1
5844 1372 4902 1
5845 2141 5865 1
2111 4874 2141 1
2076 1270 2091 1
2142 2091 1242 1
2142 2076 2091 1
5846 1242 5814 1
5847 2100 4835 1
2143 5846 2100 1
1413 5848 5849 1
5823 1413 5849 1
1076 1055 2145 1
2115 1076 2145 1
5850 2081 1282 1
5850 1282 5851 1
1446 1468 2147 1
4891 4876 2143 1
5852 5847 1209 1
2101 1235 5853 1
2149 2101 2134 1
4852 1443 5854 1
2138 4892 5855 1
4892 2119 5856 1
4157 5810 4863 1
4158 7366 5833 1
7366 4893 4157 1
5857 1301 5850 1
2152 5857 2146 1
4159 5808 4857 1
4160 7367 5829 1
7367 4895 4159 1
2121 1485 5859 1
2144 4896 4161 1
4896 2121 2154 1
5817 1268 5861 1
5862 4866 1317 1
5863 1004 2156 1
2145 1055 5863 1
4162 5813 4861 1
4163 7368 5831 1
7368 4900 4162 1
4850 1090 4164 1
5835 5864 3662 1
2133 3646 5864 1
4841 1412 4165 1
5845 5865 3657 1
2141 3647 5865 1
4870 1331 2139 1
4845 1123 4166 1
5827 5866 3667 1
2125 3648 5866 1
982 2162 4917 1
2163 4926 831 1
1732 4913 4914 1
877 4830 4909 1
2162 1023 5867 1
5867 1023 2166 1
899 4935 4887 1
1815 5868 5761 1
2165 1755 5869 1
4167 4102 2170 1
4169 4168 1177 1
3650 2148 4167 1
2157 4163 4170 1
2173 4173 4172 1
2173 3652 4173 1
2151 4158 4174 1
2175 4177 4176 1
2175 3654 4177 1
2159 4165 4178 1
2177 4180 4179 1
4180 4178 2176 1
4182 4181 2178 1
4184 4183 1467 1
3658 2150 4182 1
2158 4164 4186 1
2181 4188 4187 1
2181 3660 4188 1
2153 4160 4189 1
2183 4192 4191 1
2183 3663 4192 1
2161 4166 4193 1
2185 4196 4195 1
2185 3665 4196 1
2188 1838 2186 1
2187 2186 1816 1
2187 2188 2186 1
2186 1838 2189 1
2190 2189 1800 1
2190 2186 2189 1
2187 1816 2191 1
5870 2191 1832 1
2192 2187 2191 1
1800 2189 4956 1
2191 1816 2194 1
5871 2194 1791 1
2195 2191 2194 1
2194 1816 2196 1
2197 2196 1772 1
2197 2194 2196 1
5871 1791 7485 1
5872 5883 1807 1
4951 2195 5873 1
2196 1816 2190 1
2200 2190 1800 1
2200 2196 2190 1
5872 1807 5874 1
2202 2199 5875 1
2203 4954 1757 1
5874 1807 5876 1
2205 5877 7339 1
2205 5878 5877 1
2206 4957 1725 1
5876 1807 5879 1
5880 4958 1786 1
4955 2204 5881 1
5879 1807 5883 1
2210 2209 1764 1
2210 5882 2209 1
5884 5879 5883 1
2211 7485 1791 1
4961 2209 5884 1
2211 1791 2212 1
2213 2212 1748 1
2213 2211 2212 1
2212 1791 2197 1
2214 2197 1772 1
2214 2212 2197 1
2213 1748 2215 1
5885 2215 1719 1
2216 2213 2215 1
2214 1772 2206 1
2217 2206 1725 1
2217 2214 2206 1
2215 1748 2218 1
2219 2218 1697 1
2219 2215 2218 1
2217 1725 2220 1
2218 2220 1697 1
2218 2217 2220 1
2219 1697 2221 1
2222 2221 1668 1
2222 2219 2221 1
2223 4960 1677 1
2221 1697 2224 1
2225 2224 1642 1
2225 2221 2224 1
2222 1668 2226 1
2227 2222 2226 1
2223 1677 5887 1
2226 1668 2228 1
5888 2228 1631 1
2229 2226 2228 1
2228 1668 2230 1
2231 2230 1610 1
2231 2228 2230 1
5888 1631 5889 1
5890 4978 1662 1
4977 2229 5891 1
2230 1668 2225 1
2234 2225 1642 1
2234 2230 2225 1
2231 1610 2235 1
2236 2235 1583 1
2236 2231 2235 1
5889 1631 5892 1
2234 1642 5895 1
2235 1610 2239 1
2240 2239 1561 1
2240 2235 2239 1
5892 1631 2236 1
2241 2236 1583 1
2241 2237 2236 1
1561 2239 5004 1
5885 1719 5896 1
5897 2242 1741 1
5898 4974 2227 1
5886 5898 2227 1
5897 1741 4197 1
7383 5900 3671 1
4989 2243 5901 1
5899 5886 5902 1
4198 7384 5903 1
4990 2244 5904 1
2245 4197 4199 1
2249 4201 4200 1
2249 3669 4201 1
5902 5886 5905 1
4202 5890 1662 1
4991 2246 5906 1
4203 3668 2247 1
2251 4205 4204 1
2251 3673 4205 1
2249 4200 4207 1
2253 4209 4208 1
2253 3676 4209 1
2251 4204 4211 1
2255 4213 4212 1
2255 3678 4213 1
2252 4206 4214 1
2257 4216 4119 1
2257 3680 4216 1
2254 4210 4218 1
2259 4220 4219 1
2259 3683 4220 1
2255 4212 4222 1
2256 4223 4215 1
2256 3686 4223 1
2258 4217 4224 1
4225 2250 4202 1
2261 3688 4225 1
2260 4221 4227 1
2263 4229 4228 1
2263 3691 4229 1
2261 5907 7391 1
2262 4226 4231 1
2267 4233 4232 1
2267 3694 4233 1
2264 5908 7170 1
2268 2264 7173 1
4235 4234 2269 1
7393 3705 1660 1
3697 2265 4235 1
2266 4230 4236 1
2271 4237 3859 1
2271 3699 4237 1
5893 4979 5911 1
4238 4995 1576 1
4994 2268 5910 1
2269 4234 4239 1
2275 4242 4241 1
2275 3703 4242 1
5909 5893 5911 1
5912 4996 1556 1
2273 4238 4243 1
2274 4244 4240 1
2274 3706 4244 1
5911 4979 2241 1
2279 2241 1583 1
2279 2276 2241 1
4246 4245 2280 1
2281 4248 4247 1
2281 3708 4248 1
2279 1583 2282 1
2283 2282 1537 1
2283 2279 2282 1
5914 5917 2284 1
5915 113 1533 1
5916 5914 2284 1
2281 4247 4250 1
2287 4252 4251 1
2287 3712 4252 1
2282 1583 2240 1
2288 2240 1561 1
2288 2282 2240 1
2284 5917 5919 1
5918 5912 1556 1
2286 4249 4254 1
2291 4256 4255 1
2291 3714 4256 1
5918 1556 2292 1
2293 2292 1509 1
2293 2289 2292 1
2290 4253 4258 1
4259 2294 3721 1
2295 3717 4259 1
4255 1530 7401 1
4260 2296 3723 1
2297 3720 4260 1
2292 1556 2283 1
2298 2283 1537 1
2298 2292 2283 1
5920 4997 2285 1
5923 5915 1533 1
5921 5920 2285 1
7401 1530 4261 1
4262 2300 3725 1
2301 3722 4262 1
2298 1537 2302 1
2303 2302 1489 1
2303 2298 2302 1
5922 5000 1484 1
4999 2299 5923 1
2300 4261 4263 1
2307 7408 4000 1
7407 4263 2306 1
1489 2302 5011 1
2309 2293 1509 1
2309 2304 2293 1
2295 7845 3718 1
7410 2295 5925 1
1513 2308 5002 1
2310 5926 2311 1
2312 5927 1455 1
2312 5928 5927 1
2311 1506 5929 1
2313 5922 1484 1
5003 2311 5930 1
2313 1484 2314 1
2315 2314 1430 1
2315 2313 2314 1
2314 1484 2316 1
2317 2316 1457 1
2317 2314 2316 1
2315 1430 2318 1
5931 2318 1402 1
2319 2315 2318 1
2316 1484 2309 1
2320 2309 1509 1
2320 2316 2309 1
2318 1430 2321 1
2322 2321 1375 1
2322 2318 2321 1
2320 1509 2303 1
2323 2303 1489 1
2323 2320 2303 1
2321 1430 2324 1
2325 2324 1406 1
2325 2321 2324 1
2326 5009 1433 1
2324 1430 2317 1
2327 2317 1457 1
2327 2324 2317 1
2328 5010 1349 1
1406 2327 5012 1
1124 2167 5022 1
5028 657 5932 1
5933 2329 597 1
2329 646 2330 1
2331 2330 612 1
2331 2329 2330 1
2332 5035 665 1
2331 612 2333 1
2334 7313 562 1
7313 2331 2333 1
2335 5040 637 1
2333 612 5937 1
2337 2336 5935 1
6197 2333 2336 1
5937 612 2335 1
5936 2335 637 1
2338 2336 5937 1
5936 637 2339 1
5938 5047 603 1
5044 2338 2339 1
2339 637 2341 1
2342 2341 655 1
2342 7844 2341 1
2341 637 5939 1
655 5940 2343 1
2344 739 5941 1
720 5942 2347 1
2346 769 5943 1
2348 794 2349 1
2350 2349 767 1
2350 2348 2349 1
2349 794 5944 1
2351 827 2352 1
2353 2352 792 1
2353 2351 2352 1
5945 2352 827 1
5072 939 2355 1
2355 939 2357 1
2358 2357 913 1
2358 2355 2357 1
2357 939 5946 1
2359 979 2360 1
2361 2360 955 1
2361 2359 2360 1
2362 5077 1020 1
2361 955 2363 1
2364 2363 888 1
2364 2361 2363 1
2363 955 2365 1
5947 2365 930 1
2366 2363 2365 1
2365 955 2367 1
2368 2367 1000 1
2368 2365 2367 1
2367 955 2362 1
2369 2362 1020 1
2369 2367 2362 1
2368 1000 2370 1
5948 2370 977 1
2371 2368 2370 1
2370 1000 2372 1
2373 2372 1039 1
2373 2370 2372 1
5948 977 5949 1
2375 2374 5950 1
5080 2371 5951 1
2372 1000 2376 1
2377 2376 1059 1
2377 2372 2376 1
5949 977 5952 1
4264 7411 5953 1
5081 2374 5954 1
5955 2369 1020 1
5957 5083 1022 1
2382 2373 1039 1
2382 2380 2373 1
4265 7412 5958 1
5084 2381 5959 1
2386 5961 2385 1
5962 4265 7414 1
4266 5962 2387 1
2390 2389 1083 1
2390 2385 2389 1
4268 5089 984 1
5088 2387 4267 1
2389 1022 2382 1
2393 2382 1039 1
2393 2389 2382 1
7414 1003 4269 1
7418 5963 3731 1
2395 3730 5963 1
5964 5085 2386 1
5965 5964 2386 1
5966 5969 2397 1
5967 5091 1035 1
5968 5966 2397 1
7421 5969 4270 1
7428 5092 1095 1
4272 4271 2401 1
4273 3738 970 1
3734 2398 4272 1
5970 4270 7425 1
5971 5970 2403 1
2401 4271 4275 1
4276 2405 3741 1
2406 3736 4276 1
5972 5090 2396 1
5973 5960 5087 1
5974 5972 2396 1
2405 4274 4278 1
2409 4280 4279 1
2409 3739 4280 1
4281 7427 2400 1
2409 4279 4283 1
2412 4285 4284 1
2412 3743 4285 1
2411 4282 4287 1
2414 4289 4288 1
2414 3745 4289 1
2412 4284 4291 1
2416 4293 4292 1
2416 3748 4293 1
2413 4286 4294 1
2418 4296 4295 1
4296 4294 2417 1
2415 4290 4298 1
2420 4300 4299 1
2420 3752 4300 1
4301 5093 2410 1
4302 7428 1095 1
5094 2417 4301 1
4297 1067 7433 1
4303 2422 7434 1
2423 7196 4303 1
6013 1067 3746 1
4304 2414 4288 1
2424 3758 4304 1
4146 2425 5976 1
5977 7198 4305 1
4306 4128 2427 1
4307 7840 1177 1
3760 2425 4306 1
1077 1109 2430 1
5104 1231 2431 1
1240 5978 2433 1
5112 1240 2434 1
2432 1275 2436 1
2437 2436 1252 1
2437 2432 2436 1
2434 1240 2433 1
2438 2433 1223 1
2438 2434 2433 1
2436 1275 2439 1
2440 2439 1315 1
2440 2436 2439 1
2438 1223 2441 1
2442 2441 1160 1
2442 2438 2441 1
2439 1275 5979 1
2440 1315 5980 1
2441 1223 2444 1
5981 2444 5122 1
2445 2441 2444 1
5980 1315 2446 1
5982 2106 1319 1
5982 1319 2448 1
2448 1319 2160 1
2450 5985 1285 1
2450 5115 5985 1
2450 1285 5986 1
5987 5117 1220 1
7673 5212 6103 1
2443 2453 5999 1
2443 2449 2453 1
5990 4894 2152 1
5991 5858 1241 1
5992 5990 2152 1
5991 1241 3651 1
7444 5993 4169 1
2455 3762 5993 1
5987 1220 5994 1
5119 2452 5987 1
4309 4308 2458 1
4311 4310 1140 1
3763 2455 4309 1
4312 3764 2459 1
4136 4311 1140 1
3765 2456 4312 1
5120 1201 5995 1
2453 2461 5999 1
2444 1223 2437 1
2462 2437 1252 1
5122 2444 2437 1
5981 1196 5996 1
4124 7451 5997 1
5123 2445 5998 1
2462 1252 5999 1
2465 5995 1201 1
5124 2462 5999 1
2465 1201 6000 1
5997 6001 4313 1
5133 5129 2467 1
1853 6004 2471 1
2470 1881 2472 1
2473 2472 1879 1
2473 2470 2472 1
2471 1852 2474 1
2475 2474 1817 1
2475 2471 2474 1
2476 5144 1910 1
2474 1852 2477 1
2478 2477 1814 1
2478 2474 2477 1
2477 1852 2479 1
6007 2479 1847 1
2480 2477 2479 1
2479 1852 2473 1
2481 2473 1879 1
2481 2479 2473 1
6007 1847 6008 1
7145 2483 6010 1
6008 1847 7001 1
6012 2482 2484 1
5148 2483 7453 1
6015 5152 1877 1
6575 6016 7001 1
7839 4315 1812 1
4316 6017 2490 1
2492 2481 1879 1
2492 2488 2481 1
4318 7458 6018 1
7203 2491 4317 1
2492 1879 2495 1
2496 2495 1908 1
2496 2492 2495 1
6019 4319 7220 1
4116 2497 6020 1
4319 7457 1774 1
2495 1879 2476 1
2499 2476 1910 1
2499 2495 2476 1
2496 1908 2500 1
2501 5155 5203 1
2499 1910 6022 1
2500 1908 2503 1
2504 2503 1936 1
2504 2500 2503 1
2502 1938 2505 1
2503 2505 1936 1
2503 2502 2505 1
3507 4629 7066 1
5156 2505 2469 1
5167 1708 2507 1
2507 1708 2509 1
2510 2509 1704 1
2510 2507 2509 1
2509 1708 6024 1
5169 1664 2512 1
2512 1664 2508 1
2514 2508 1659 1
2514 2512 2508 1
2513 1612 2515 1
2516 2515 1570 1
2516 2513 2515 1
2514 1659 2517 1
2518 2517 1609 1
2518 2514 2517 1
2515 1612 2519 1
2520 2519 1567 1
2520 2515 2519 1
5171 1617 2516 1
2517 1659 2522 1
6026 2522 1655 1
2523 2517 2522 1
2519 1612 2518 1
6027 2518 1609 1
2524 2519 2518 1
2522 1659 2510 1
2525 2510 1704 1
2525 2522 2510 1
6026 1655 6028 1
6029 7204 1606 1
5174 2523 6030 1
2525 1704 2528 1
6031 2528 1700 1
2529 2525 2528 1
6028 1655 6032 1
3798 7459 6033 1
5176 2526 6034 1
2528 1704 2532 1
2533 2532 1746 1
2533 2528 2532 1
6031 1700 6035 1
2530 6036 6033 1
5177 2529 6037 1
2532 1704 2511 1
2535 2511 1749 1
2535 2532 2511 1
6035 1700 6038 1
4320 7460 6039 1
5178 2534 6040 1
2535 1749 6041 1
7007 5180 1743 1
2538 1785 2541 1
2542 2541 1781 1
2542 2538 2541 1
2543 2533 1746 1
2543 2539 2533 1
2541 1785 6044 1
667 7541 5988 1
2542 1781 2545 1
2543 2545 1743 1
2543 2542 2545 1
2545 1781 2546 1
2547 2546 1776 1
2547 2545 2546 1
2546 1781 2548 1
2549 2548 1817 1
2549 2546 2548 1
2548 1781 2544 1
2550 2544 1820 1
2550 2548 2544 1
2549 1817 2478 1
6045 2478 1814 1
2551 2549 2478 1
2550 1820 6046 1
6045 1814 6618 1
2552 2487 6048 1
5185 2552 7461 1
7834 4321 4322 1
2555 4324 4323 1
2555 3771 4324 1
2554 6051 6052 1
5186 2554 6052 1
4323 1739 4325 1
4326 2557 3777 1
2558 3774 4326 1
1931 6006 7345 1
5187 2556 7466 1
2557 4325 4329 1
2561 4331 4330 1
2561 3775 4331 1
6013 7433 1067 1
4332 7468 2558 1
2561 4330 4333 1
2564 4335 4334 1
4335 4333 2563 1
7469 1694 4336 1
2566 3780 7474 1
4088 7478 6057 1
3505 6023 7753 1
2565 4336 4338 1
2569 4340 4339 1
2569 3782 4340 1
2569 4339 4342 1
2571 4344 4343 1
2571 3785 4344 1
2570 4341 4345 1
2573 4348 4347 1
2573 3787 4348 1
2571 4343 4350 1
2575 4352 4351 1
2575 3790 4352 1
2574 4349 4354 1
2577 4356 4355 1
2577 3792 4356 1
6058 4351 7479 1
4357 6058 2578 1
4353 1601 4358 1
4359 2580 3800 1
2581 3795 4359 1
4360 7484 6060 1
4361 7487 6061 1
7487 5191 4360 1
7479 1604 6062 1
3769 7213 1606 1
5192 2578 4362 1
4358 1601 3788 1
7491 7492 4347 1
2297 3799 7491 1
6062 1604 6063 1
7493 6064 3804 1
2585 3801 6064 1
4364 3793 2577 1
2586 4366 4365 1
2586 3802 4366 1
2586 4365 4367 1
2588 4369 4368 1
4369 4367 2587 1
4370 3797 2582 1
2589 4372 4371 1
2589 3806 4372 1
2588 4368 4374 1
2591 4376 4375 1
2591 3809 4376 1
2590 4373 4378 1
2593 4380 4379 1
2593 3811 4380 1
6065 4375 7498 1
2595 4381 7341 1
4381 6065 2594 1
2592 4377 4383 1
2597 4385 4384 1
2597 3814 4385 1
4075 7499 6067 1
5194 2594 4386 1
4382 1519 3807 1
4387 2589 4371 1
2600 3818 4387 1
2597 4384 4388 1
2602 4390 4141 1
2602 3820 4390 1
4391 4114 2603 1
4393 4392 1467 1
3822 2598 4391 1
4395 5196 1811 1
5195 2490 4394 1
6069 5147 2485 1
7509 6070 4314 1
2607 3825 6070 1
4395 1811 3835 1
4397 2608 4396 1
2497 3826 4397 1
6071 6073 2609 1
4398 5198 1846 1
6072 6071 2609 1
7514 6073 4399 1
7515 6074 3830 1
2612 3827 6074 1
2610 4398 4401 1
4402 3833 1813 1
3828 2610 4401 1
6075 5150 2489 1
6076 6075 2489 1
2613 4400 4404 1
2617 4406 4405 1
2617 3831 4406 1
2614 4402 4408 1
2608 4410 4396 1
2608 3834 4410 1
2616 4403 4412 1
2620 4414 4413 1
2620 3836 4414 1
2617 4405 4415 1
2622 4418 4417 1
2622 3839 4418 1
4424 6078 1876 1
2620 4413 4420 1
2625 4423 4422 1
2625 3842 4423 1
7805 7124 5658 1
2627 3844 6079 1
243 5934 5469 1
2630 4129 4131 1
2629 6081 4427 1
6083 4424 7527 1
2632 6084 1909 1
5778 1979 7503 1
7525 4431 1930 1
6087 3848 6085 1
6088 5199 2615 1
2501 6088 5154 1
2632 1909 4094 1
2635 2634 4432 1
2635 3850 2634 1
2636 1557 4883 1
2625 4422 4434 1
2638 4436 4435 1
2638 3852 4436 1
2637 4433 4438 1
2640 4441 4440 1
2640 3854 4441 1
2638 4435 6090 1
2621 6092 6091 1
2270 7393 4445 1
2271 4446 3700 1
4446 4445 2642 1
4447 6057 2567 1
4068 7476 4803 1
6086 3076 5441 1
2420 4299 4449 1
2645 4451 4450 1
2645 3861 4451 1
2644 4448 4452 1
2647 4454 4453 1
4454 4452 2646 1
7542 6094 4455 1
7543 6095 4456 1
2649 3865 6095 1
6096 4453 7544 1
7149 3619 3620 1
4457 6096 2650 1
4458 4148 2652 1
4460 4459 1064 1
3866 2650 4458 1
7545 987 4461 1
7551 6097 3869 1
2655 3868 6097 1
6098 4461 7550 1
2657 6099 6112 1
6049 3578 6050 1
3578 7104 6050 1
4054 5213 946 1
7239 2655 4462 1
7550 987 6101 1
5212 2656 6103 1
7551 931 4463 1
7555 6104 3874 1
2663 3871 6104 1
4464 3867 2653 1
4465 4460 1064 1
3872 2660 4464 1
6105 4463 7557 1
2666 6106 6114 1
6053 6029 1606 1
7555 881 6108 1
4467 7558 6109 1
6054 7780 2537 1
6111 5211 2657 1
5216 6111 2657 1
6113 5219 822 1
5217 2666 6114 1
6108 881 6115 1
7559 6116 3875 1
5218 2667 6117 1
2669 6118 2674 1
2675 2674 867 1
2675 2669 2674 1
2670 6119 2676 1
2677 2676 816 1
2677 2670 2676 1
6115 881 6120 1
2678 6121 7133 1
2674 6118 2679 1
2680 2679 919 1
2680 2674 2679 1
2681 2675 867 1
2681 2676 2675 1
2677 816 2682 1
2683 2682 773 1
2683 2677 2682 1
2679 6118 6122 1
2661 2679 6122 1
2680 919 2685 1
2686 2685 861 1
2686 2680 2685 1
2682 816 2687 1
2688 2687 762 1
2688 2682 2687 1
2683 773 2689 1
6123 2689 780 1
2690 2683 2689 1
3991 2312 7719 1
861 2685 5228 1
6998 4554 6056 1
2692 5221 812 1
6126 2693 812 1
2689 773 2694 1
2695 2694 730 1
2695 2689 2694 1
2691 919 2696 1
2697 2696 976 1
2697 2691 2696 1
2693 816 2681 1
2692 2681 867 1
2692 2693 2681 1
2696 919 2684 1
2698 2684 980 1
2698 2696 2684 1
2698 980 2699 1
2700 5223 1034 1
2700 2698 2699 1
2699 980 3873 1
5756 6128 4465 1
2701 3876 6128 1
850 5226 5230 1
2702 855 6129 1
6089 3072 5431 1
969 5229 6131 1
2704 6131 2697 1
5231 5253 2705 1
2706 2705 6133 1
5231 2704 5253 1
2694 773 2707 1
2708 2707 719 1
2708 2694 2707 1
6974 3318 6880 1
719 2707 5232 1
2709 5233 680 1
2710 4904 975 1
5245 629 2712 1
6068 6872 693 1
2712 629 2714 1
2715 2714 576 1
2715 2712 2714 1
2714 629 6136 1
3300 6861 6077 1
6138 1034 5757 1
2705 2717 6133 1
2705 6138 2717 1
501 6139 2719 1
3292 6850 6082 1
5268 519 2720 1
5270 497 6141 1
6141 497 2723 1
7326 3046 5427 1
2718 521 2725 1
2726 2725 507 1
2726 2718 2725 1
2719 477 2727 1
2728 2727 455 1
2728 2719 2727 1
2723 497 2721 1
2729 2721 474 1
2729 2723 2721 1
2729 474 2730 1
2731 2730 432 1
2731 2729 2730 1
2730 474 2732 1
2733 2732 455 1
2733 2730 2732 1
2732 474 2734 1
2728 2734 501 1
2728 2732 2734 1
2733 455 2735 1
2736 2733 2735 1
6143 2720 519 1
2735 455 2737 1
2738 2737 439 1
2738 2735 2737 1
6145 414 7824 1
6147 6145 7824 1
2731 432 6148 1
2741 2740 407 1
2741 2731 2740 1
2724 452 2742 1
2743 2742 7820 1
2743 2724 2742 1
6149 7824 7819 1
6150 2744 5277 1
6151 6149 2744 1
6146 392 6152 1
2740 6153 407 1
5273 2739 6154 1
6152 392 6155 1
2748 7816 6156 1
5274 2746 6157 1
2725 521 6158 1
5567 6840 7655 1
2726 507 2750 1
2751 2750 461 1
2751 2726 2750 1
6155 392 6160 1
2753 6162 6161 1
6165 367 6163 1
6168 2754 6164 1
7420 2748 6165 1
4468 3884 2756 1
4470 4469 343 1
3877 2754 4468 1
2741 407 6166 1
2742 2758 7820 1
6166 407 6167 1
386 7814 6168 1
5276 2758 6169 1
2761 6170 5290 1
6150 374 3880 1
7563 6172 4471 1
2752 3879 6172 1
3350 5599 6100 1
2750 507 2764 1
2765 2764 485 1
2765 2750 2764 1
6173 414 7812 1
6174 2738 439 1
6175 6173 2738 1
2751 461 2767 1
2768 2767 439 1
2768 2751 2767 1
6177 2769 419 1
2770 6176 2769 1
2768 439 2737 1
2727 2737 455 1
2727 2768 2737 1
6179 7118 2771 1
6192 5297 442 1
6179 6705 7118 1
6177 419 6180 1
2766 6181 401 1
2766 2770 6181 1
6180 419 6182 1
6183 2773 5282 1
2774 5281 6184 1
6182 419 6185 1
6186 5284 405 1
2776 5282 6187 1
6183 377 6188 1
6189 2777 6786 1
5283 2774 6190 1
6191 5280 6179 1
6192 6191 6179 1
3283 6107 6834 1
2783 2782 476 1
2783 2780 2782 1
6193 5286 5315 1
6194 2784 394 1
5287 2781 7080 1
6196 7809 2786 1
6195 6271 368 1
359 5420 6132 1
6188 377 7265 1
2789 7405 6198 1
5289 2777 6199 1
6189 362 6200 1
2761 6201 5277 1
2761 6202 6201 1
6200 362 6203 1
2792 2791 6204 1
5291 2790 6205 1
6203 362 6206 1
7808 2793 5298 1
2794 5292 6208 1
4472 7565 6209 1
4471 7566 6210 1
5293 2792 4472 1
6209 336 6211 1
6212 2796 5295 1
2797 5294 6213 1
6211 336 6214 1
2799 6215 5305 1
5295 2796 6216 1
6212 315 6217 1
2801 2800 6218 1
5296 2797 6219 1
2771 7118 2765 1
2802 2765 485 1
618 5251 3415 1
6206 362 6222 1
2803 5298 7400 1
5298 2793 6224 1
2803 339 6225 1
2805 2804 6226 1
5299 2803 6227 1
6225 339 6228 1
6229 5309 328 1
2807 5300 6230 1
2805 305 6231 1
2809 7055 6232 1
5301 2805 7055 1
6207 322 6233 1
6234 2810 6365 1
5302 2794 7062 1
6233 322 6236 1
7397 2810 6238 1
6239 290 6242 1
6240 6241 6697 1
6244 6239 6242 1
7049 7799 6243 1
5304 6697 6244 1
6245 288 2815 1
6246 6648 315 1
6247 6245 2815 1
2802 485 2817 1
2782 2817 476 1
2782 2802 2817 1
2817 485 2818 1
2819 2818 518 1
2819 2817 2818 1
518 2818 5323 1
2819 518 2821 1
2822 2821 508 1
2822 2819 2821 1
6249 5311 2823 1
6250 6259 7382 1
6251 6249 2823 1
6253 5472 240 1
5308 2814 7049 1
6228 339 4473 1
7246 6254 4474 1
2828 3881 6254 1
6217 315 6257 1
4476 5475 297 1
7245 2800 4475 1
6231 305 6258 1
6259 2832 5312 1
6670 2808 6260 1
6258 305 6261 1
6262 2833 296 1
2834 5312 6263 1
7028 5300 2807 1
2835 6265 5371 1
7132 6142 3041 1
6262 296 6266 1
2837 6267 6408 1
5314 2834 6268 1
2783 476 2838 1
6269 2838 464 1
2839 2783 2838 1
6194 394 6270 1
6271 2840 368 1
2786 2785 6272 1
6270 394 6273 1
6274 2841 5318 1
2842 5317 6275 1
6273 394 6276 1
2844 2843 6277 1
5318 2841 6278 1
6274 358 3890 1
7244 6279 4477 1
2828 3883 6279 1
6280 7571 2846 1
2753 6282 5275 1
5418 2970 3039 1
4478 7571 6283 1
4469 2847 7248 1
5414 3027 6769 1
4479 3922 2848 1
4481 4480 307 1
7575 7248 4479 1
3279 6124 6829 1
531 2820 5320 1
6286 2749 555 1
6287 2763 605 1
518 6288 2821 1
5326 547 2850 1
2850 547 2852 1
2853 2852 599 1
2853 2850 2852 1
2851 534 2854 1
2855 2854 488 1
2855 2851 2854 1
547 6290 2852 1
2856 6709 569 1
2854 534 2857 1
2858 2857 516 1
2858 2854 2857 1
2855 488 2859 1
2860 2859 464 1
2860 2855 2859 1
6292 488 7026 1
6293 2861 445 1
2862 6292 2861 1
2860 464 2838 1
2822 2838 476 1
2822 2860 2838 1
6294 7026 2863 1
7242 5338 475 1
5338 6294 2863 1
6293 445 6297 1
2866 6298 5495 1
2866 5330 6299 1
6297 445 6300 1
2868 6025 6301 1
5332 2865 6302 1
6300 445 6303 1
6304 6997 440 1
2870 5333 6305 1
6306 2868 2871 1
7009 6306 7377 1
7790 7020 7378 1
6993 6277 2843 1
6256 6310 5310 1
6312 7790 7119 1
2875 2874 6311 1
5336 6309 6312 1
6308 370 6313 1
7518 2876 6314 1
5337 2873 6315 1
2863 7026 2858 1
2878 6042 516 1
2878 516 2879 1
2880 2879 509 1
2880 2878 2879 1
6317 2881 440 1
5339 2864 6318 1
7242 475 2882 1
6319 2882 470 1
2883 7242 2882 1
3336 6902 6901 1
2884 2880 509 1
2884 2882 2880 1
2884 509 2885 1
2886 2885 503 1
2886 2884 2885 1
7785 6319 5342 1
6321 5343 431 1
5341 2883 6319 1
2885 509 2889 1
2890 2889 546 1
2890 2885 2889 1
6322 503 7783 1
6323 2891 458 1
2892 6322 2891 1
7785 5342 2892 1
6326 6323 458 1
6327 7785 2892 1
6326 458 6328 1
6329 2894 5345 1
2895 5344 6330 1
6328 458 6331 1
2897 7782 6332 1
5345 2894 6333 1
6329 418 6334 1
6335 7776 391 1
5346 2895 6336 1
2889 509 2899 1
2900 2899 553 1
2900 2889 2899 1
6337 7273 2901 1
6338 7625 490 1
6339 6337 2901 1
6321 431 6340 1
4483 7576 6341 1
5348 2888 4482 1
6340 431 6342 1
6343 6335 391 1
5349 2903 6344 1
6343 391 6345 1
6346 2906 5351 1
2907 5350 6347 1
6345 391 6348 1
6349 2908 354 1
2909 5351 6350 1
6346 363 6351 1
6352 2910 370 1
5352 2907 6353 1
6351 363 6354 1
6355 2911 332 1
2912 5353 6356 1
6354 363 6357 1
6358 6375 326 1
2914 5354 6359 1
6355 332 6360 1
6130 6838 3273 1
5355 2912 6362 1
6360 332 7577 1
2917 6363 316 1
2917 6364 6363 1
3267 6969 6822 1
4485 2918 7579 1
5392 6291 2974 1
6368 7261 2920 1
6369 7603 323 1
6954 6368 2920 1
6952 5379 2922 1
2923 6373 5385 1
6295 2968 5391 1
6349 354 6374 1
6375 2924 326 1
5359 2909 6376 1
6374 354 6377 1
6378 2925 7774 1
2926 5360 6379 1
6377 354 6380 1
2928 6381 5394 1
2928 6382 6381 1
6378 317 6383 1
6384 6474 294 1
5362 2926 6385 1
6358 326 3902 1
5558 6819 6134 1
2918 3888 7579 1
6387 546 6669 1
4512 6388 556 1
6388 6387 6669 1
6304 440 3886 1
3269 6135 6848 1
2874 7119 7580 1
2899 5364 553 1
6390 2933 569 1
2900 6391 2934 1
2900 553 6391 1
2935 5368 6393 1
5368 2844 6394 1
6395 5357 2921 1
6396 6369 323 1
5369 6395 2921 1
4487 6396 6397 1
4477 7582 6398 1
5370 2936 4487 1
6397 323 6399 1
2835 6400 5313 1
2835 6401 6400 1
6399 323 4488 1
6110 6137 6804 1
2940 6950 7584 1
6266 296 7252 1
7643 7771 6403 1
5372 2836 6404 1
6405 6622 2942 1
6406 6621 409 1
6407 6405 2942 1
7585 6408 4490 1
2945 3892 7586 1
6412 5347 2902 1
6411 6338 490 1
5384 2959 6940 1
6411 490 6413 1
6414 5377 480 1
2948 5376 6415 1
6413 490 6416 1
6417 5462 524 1
7769 6418 2949 1
6414 480 6419 1
6420 6522 437 1
5378 2948 6421 1
6334 418 6422 1
6423 2953 379 1
6426 5374 2943 1
6425 6406 409 1
379 5383 6320 1
6425 409 6427 1
2956 2955 6428 1
5381 2954 6429 1
6427 409 6430 1
6431 7269 399 1
2958 5356 6432 1
6434 6433 2959 1
7767 6434 349 1
7767 6435 6434 1
7766 369 6442 1
6437 6438 5386 1
7765 349 5384 1
2923 6441 6935 1
5356 2955 6432 1
6444 7766 6442 1
2963 7763 6443 1
5386 6438 6444 1
6437 334 6445 1
6446 5393 312 1
5387 2961 6447 1
6450 5382 2958 1
6449 6431 399 1
379 5380 6372 1
6449 399 6451 1
5389 2966 6453 1
6451 399 6454 1
6455 5413 7340 1
5390 2967 6456 1
2968 395 6457 1
2972 6899 6458 1
5391 2968 6899 1
6459 6504 2973 1
6460 6503 329 1
6461 6459 2973 1
6445 334 6462 1
2976 6463 6484 1
2976 6464 6463 1
6446 312 6465 1
2928 6466 5361 1
2928 6467 6466 1
6465 312 6875 1
6468 5396 287 1
2979 5395 6469 1
6875 312 6470 1
6310 2872 7009 1
2981 6472 6471 1
6468 287 6473 1
6474 2982 294 1
5397 2979 6475 1
6473 287 6476 1
2984 2983 6477 1
5398 2982 6478 1
6476 5402 2985 1
2986 2985 6480 1
5399 6476 2985 1
6481 5466 2987 1
6482 2987 268 1
6125 6801 7661 1
2989 5401 6484 1
5401 2980 2976 1
2989 6485 2990 1
2991 2990 272 1
2991 2989 2990 1
2993 2992 6486 1
2993 2990 2992 1
2991 272 2994 1
2995 2994 251 1
2995 2991 2994 1
6487 281 2996 1
2985 6488 6480 1
2985 6281 6488 1
6489 2995 251 1
6763 6754 6171 1
6763 6171 3227 1
6489 251 2997 1
2997 251 2999 1
3000 2999 225 1
3000 2997 2999 1
3002 239 3001 1
6477 6492 5466 1
2986 3002 6492 1
6493 3003 249 1
3004 5448 204 1
3219 6751 5306 1
7587 6496 4491 1
5379 6410 2922 1
7587 329 6498 1
3008 5406 325 1
5405 3006 6500 1
6498 329 6501 1
6506 7757 360 1
5409 6771 6502 1
6501 329 6503 1
2972 2973 6504 1
5407 3009 6505 1
3008 325 3010 1
3011 3010 293 1
3011 3008 3010 1
3013 3012 6507 1
2993 302 3014 1
3015 3014 269 1
3015 2993 3014 1
5531 6756 6248 1
6509 2994 272 1
6510 272 3015 1
3016 249 6510 1
3016 269 3017 1
3018 3017 242 1
3018 3016 3017 1
6248 6285 3221 1
3020 3019 243 1
5410 5466 3019 1
6482 268 6512 1
6513 7619 301 1
5411 2988 6514 1
6516 4495 4494 1
3024 3893 6517 1
6454 399 3908 1
3027 7547 6519 1
5374 7374 2943 1
3028 7756 6522 1
6521 3028 6178 1
6769 6520 3028 1
3028 6520 7756 1
6523 6419 480 1
5415 3028 6524 1
6523 480 6525 1
4497 5417 517 1
6440 2935 5369 1
6521 471 6527 1
6635 7754 6528 1
5416 3029 6529 1
6525 480 6530 1
6417 6531 2950 1
4497 517 4498 1
4499 3036 3914 1
3037 3897 4499 1
6532 5470 3038 1
6533 6636 430 1
6534 6532 3038 1
6457 395 6535 1
6536 7280 389 1
6142 2971 6537 1
6539 7132 3041 1
6538 6536 389 1
6448 2844 5368 1
6538 389 6540 1
3044 3043 6541 1
5421 3042 6542 1
6540 389 6543 1
6544 5425 426 1
5422 3043 6545 1
3044 7749 3047 1
3048 6547 351 1
3048 6548 6547 1
6682 5429 3049 1
5424 6682 3049 1
6543 389 3930 1
7599 6550 4500 1
3052 3898 6550 1
6551 7271 3053 1
6552 7621 463 1
6553 6551 3053 1
6544 426 6554 1
3056 3055 6555 1
5427 3046 6556 1
6559 7749 6557 1
5428 3047 6559 1
6560 351 3059 1
5526 6741 6289 1
3049 6560 6549 1
3059 351 3060 1
3061 3060 318 1
3061 3059 3060 1
3060 351 6562 1
3063 3062 6563 1
3063 3060 3062 1
3061 318 3064 1
3065 3064 292 1
3065 3061 3064 1
3066 6564 5437 1
5437 6564 3050 1
3216 5528 6740 1
3014 6566 269 1
269 6566 3068 1
3213 6739 6144 1
6568 3069 292 1
3068 263 6570 1
3209 6734 6386 1
3205 3200 6727 1
6570 263 3070 1
3203 5520 6389 1
3072 5430 6572 1
6497 6382 2928 1
3072 381 6573 1
6573 381 6574 1
6587 5443 420 1
6576 6634 3077 1
3078 3077 345 1
3078 6576 3077 1
5738 7691 6389 1
3079 5442 286 1
3079 6577 5442 1
2919 4485 6579 1
3080 6581 6580 1
4502 282 4489 1
4503 2939 4488 1
2920 3901 4503 1
3199 6721 6409 1
4486 6513 301 1
5436 2930 4504 1
3082 3081 320 1
3065 292 3069 1
3066 3069 293 1
3066 3065 3069 1
6583 524 3083 1
3084 5439 6583 1
5440 5784 3085 1
6587 420 6585 1
3087 3086 6586 1
5441 3076 6587 1
3078 345 3088 1
3081 3088 320 1
3081 3078 3088 1
6589 7168 308 1
6723 3199 6409 1
6574 381 4505 1
7610 6593 4506 1
3090 3903 6593 1
6594 6651 3091 1
6595 5476 460 1
6596 6594 3091 1
3077 6634 3093 1
3094 3093 385 1
3094 3077 3093 1
6195 368 4474 1
2788 3904 7612 1
6527 471 6599 1
3095 5456 7733 1
5456 3033 6601 1
6598 6602 3096 1
6604 7712 3098 1
6605 7311 550 1
6606 6604 3098 1
6603 506 6607 1
4508 7615 6608 1
7266 3097 4507 1
6607 506 6609 1
6615 7730 6610 1
5459 3100 6611 1
6609 506 6612 1
5460 3102 6614 1
6616 4880 462 1
6617 6615 3106 1
4509 5461 3107 1
7574 6616 462 1
7267 3054 4509 1
4511 4510 3109 1
7127 2340 3165 1
3907 2949 4511 1
6430 409 6619 1
4496 7618 6620 1
5463 2957 4513 1
6619 409 6621 1
2952 7727 6622 1
5464 3111 6623 1
6689 6511 6494 1
3176 6689 6494 1
5465 212 3112 1
3112 212 3114 1
3115 3114 218 1
3115 3112 3114 1
3113 239 3002 1
2998 5403 257 1
2998 3113 3002 1
3001 239 3116 1
3019 3116 243 1
3019 3001 3116 1
3116 239 3115 1
3117 3115 218 1
3117 3116 3115 1
3117 218 3118 1
6625 3118 228 1
5467 3117 3118 1
3118 218 3119 1
3120 3119 198 1
3120 3118 3119 1
6625 228 6626 1
3122 5934 6627 1
3119 218 3123 1
3124 3123 193 1
3124 3119 3123 1
3120 198 3125 1
3126 3125 211 1
3126 3120 3125 1
6626 228 6642 1
6628 3127 5473 1
3128 6629 3127 1
6631 255 6632 1
5469 3122 6631 1
342 6314 6364 1
3021 6512 6633 1
6512 268 3909 1
6508 6688 6690 1
3123 5498 193 1
6635 6638 3130 1
6636 5471 430 1
6637 6635 3130 1
7620 6638 3905 1
7621 6639 4508 1
3053 3910 6639 1
6640 5479 3131 1
406 3133 6590 1
6642 228 3126 1
3134 3126 211 1
3134 5473 6642 1
6460 329 4491 1
6643 6495 6485 1
3036 4498 4515 1
7713 7623 6645 1
3912 3036 4515 1
6647 6571 3137 1
6656 6647 6646 1
6352 6308 5336 1
6257 315 6648 1
3139 6649 7308 1
3139 6650 6649 1
2932 6388 4512 1
4516 3109 4510 1
2901 3915 4516 1
3091 6651 3140 1
3141 6652 7628 1
3141 6653 6652 1
7539 6555 3055 1
3906 6554 426 1
6588 2872 6310 1
4518 7628 6655 1
3932 3142 7600 1
5335 7082 7012 1
3125 198 3143 1
3144 3143 185 1
3144 3125 3143 1
6250 7382 7253 1
3145 5478 6658 1
5825 2824 6659 1
6660 247 3146 1
6661 6660 3146 1
6662 247 5513 1
6665 5481 220 1
5481 6662 3147 1
4519 3936 3149 1
3150 6664 4520 1
3918 3147 4519 1
3152 6666 199 1
6665 220 3153 1
3154 3153 192 1
3154 3151 3153 1
3152 199 3155 1
6667 5656 213 1
3156 3152 3155 1
6669 546 3157 1
3158 3157 601 1
3158 6669 3157 1
4522 4521 3159 1
4493 4523 282 1
3919 3128 4522 1
2831 4476 4525 1
2848 4526 4480 1
2848 3921 4526 1
3160 4524 4527 1
3162 4530 4529 1
3162 3923 4530 1
6672 5458 3099 1
6671 6605 550 1
421 2865 5477 1
6671 550 6673 1
6673 550 4531 1
3166 5485 6675 1
6677 590 3167 1
6678 7276 587 1
6679 6677 3167 1
6680 3167 7710 1
6681 3169 7134 1
3104 6612 6565 1
6678 587 6683 1
6511 3171 6684 1
5488 3168 6685 1
3124 193 6686 1
3145 6658 6567 1
4533 4532 3174 1
4534 3988 261 1
3927 7707 4533 1
3176 5489 6689 1
5489 3105 6690 1
6691 539 7702 1
3137 6692 6646 1
6491 7702 3178 1
6490 6491 3178 1
6694 539 7693 1
6695 6696 5517 1
6696 6694 3180 1
6699 5535 3182 1
3183 6699 6698 1
5313 7033 6265 1
6595 460 6700 1
3185 3184 6701 1
5494 3092 6702 1
6703 5315 2839 1
5330 6269 464 1
6269 6703 2839 1
7635 6704 4506 1
6649 2815 288 1
6695 585 6706 1
3187 6707 5534 1
5496 3181 6708 1
2857 534 2856 1
2933 2856 569 1
2933 2857 2856 1
4535 5418 3039 1
4500 6533 430 1
5497 3040 4535 1
6676 2814 5308 1
185 6710 3189 1
6571 5490 3137 1
5511 174 3190 1
7029 5508 5506 1
5508 3190 174 1
3191 170 3193 1
3154 3193 6712 1
6641 6661 229 1
4537 4536 3194 1
3917 4538 460 1
3931 3183 4537 1
4539 4523 3159 1
6483 6713 4521 1
3933 2941 4539 1
6714 4490 7645 1
6483 3195 6713 1
3935 6714 4540 1
4807 3071 235 1
178 6715 3133 1
6717 6684 3171 1
6716 6683 587 1
5307 7389 2824 1
6716 587 6718 1
3198 3197 6719 1
5518 3196 6720 1
4541 3926 3170 1
6721 6681 634 1
3938 3197 4541 1
6721 634 6722 1
5521 6723 6409 1
6725 7691 3202 1
6724 5523 627 1
6725 6389 7691 1
6722 634 3204 1
3205 6727 689 1
5579 7689 6066 1
5521 676 6729 1
6730 7282 6737 1
5522 3201 6731 1
3202 6732 3207 1
6730 6733 3207 1
6730 6737 6734 1
6735 3209 670 1
2661 7673 6102 1
6738 3211 714 1
6735 670 6739 1
6740 7686 624 1
5526 3210 6741 1
6724 627 6742 1
6743 3215 588 1
5527 3203 6744 1
6742 627 6745 1
6746 6740 624 1
5528 3215 6747 1
6746 624 6748 1
6749 3217 581 1
3218 5529 6750 1
6748 624 6751 1
6752 3219 625 1
3220 5530 6753 1
6749 581 6754 1
6755 3221 540 1
5531 3218 6756 1
6758 5540 3223 1
6812 7685 6757 1
5303 2811 7051 1
6752 625 6759 1
3226 3225 6760 1
5532 3220 6761 1
6754 581 7703 1
6762 7307 537 1
5719 3221 6285 1
6755 540 6764 1
6765 3229 7682 1
3187 3222 6766 1
6764 540 6767 1
7306 6640 6641 1
3182 5535 6768 1
6767 540 4542 1
3038 5470 6592 1
3232 3940 7538 1
6770 5723 3233 1
3234 6770 3233 1
3235 7116 740 1
5538 5537 3234 1
6738 714 3236 1
6772 3236 731 1
5539 3212 6738 1
6739 670 6773 1
3223 6774 6757 1
3223 6144 6774 1
4543 3941 3237 1
6775 6772 731 1
3144 185 3189 1
5651 3240 192 1
3240 3144 3189 1
6778 6777 3241 1
3086 6778 6586 1
3086 6779 6778 1
1594 1577 1554 1
3243 3242 6781 1
6780 456 6782 1
7289 5546 498 1
5544 3242 6783 1
6784 5603 3246 1
5611 6784 3246 1
6782 456 3980 1
3232 3944 6785 1
6785 3944 7654 1
5459 6611 7730 1
6787 6762 537 1
4545 7656 3228 1
6787 537 6788 1
3251 3250 6789 1
5548 3249 6790 1
6788 537 6791 1
6792 5550 552 1
3253 5549 5680 1
7657 6794 3960 1
7658 6795 4546 1
3245 3946 6795 1
6791 537 3975 1
3256 3947 6796 1
6615 6610 6591 1
7660 583 6797 1
3258 3257 6798 1
5551 3256 6799 1
6797 583 6800 1
6801 3259 5554 1
3260 5552 6802 1
6803 592 7670 1
6140 6803 3261 1
6807 6760 3225 1
6806 6759 625 1
322 6207 7808 1
6806 625 6808 1
6809 3263 5666 1
3264 5555 6810 1
6808 625 6811 1
3265 5556 7666 1
5556 3263 6813 1
3265 668 6814 1
3267 3266 6815 1
5557 3265 6816 1
6809 673 6817 1
6818 3268 5566 1
5558 3264 6819 1
4548 3943 3239 1
6820 6775 731 1
3948 3266 4548 1
6820 731 3271 1
6827 6821 763 1
6827 5559 6821 1
6824 6969 3272 1
6823 5592 718 1
6824 6822 6969 1
3271 731 6825 1
3275 3274 792 1
5561 3271 6825 1
6828 7663 764 1
7663 6827 3276 1
6830 7661 3278 1
6829 6847 638 1
374 2790 6776 1
6831 7683 3280 1
6832 7301 594 1
6833 6831 3280 1
6835 5629 3282 1
6834 6962 510 1
6222 6786 5289 1
6838 5560 3273 1
6837 6823 718 1
6837 718 6839 1
5567 3284 6840 1
6841 5593 3287 1
6842 6904 770 1
6843 6841 3287 1
3286 722 6844 1
3290 4430 6845 1
5569 3286 4430 1
6818 678 6846 1
6847 3291 638 1
3278 3269 6848 1
6846 678 6849 1
3292 5571 7227 1
5571 3291 6851 1
6853 3294 7650 1
3294 6852 3293 1
6855 679 6914 1
6856 6857 5596 1
6857 6855 3295 1
6853 635 6858 1
3963 7664 6859 1
7292 3294 4549 1
6858 635 6860 1
6861 3299 7648 1
3300 5574 6862 1
6860 635 6863 1
6864 3301 5577 1
3302 5575 6865 1
6867 7647 3303 1
6866 6892 554 1
5255 6826 565 1
6870 7644 3296 1
6869 6856 682 1
6869 682 6871 1
3307 3306 6872 1
5578 3305 6873 1
4551 4550 3308 1
4552 3953 741 1
3951 3306 4551 1
7640 6068 7642 1
4553 7667 3312 1
4552 741 4554 1
4555 3314 3969 1
3315 3954 4555 1
6877 7680 3316 1
6878 7300 699 1
6879 6877 3316 1
6874 650 6880 1
6881 5633 602 1
5582 3311 6882 1
6864 647 6883 1
6884 6881 602 1
5583 3302 6885 1
6884 602 6886 1
3322 3321 6887 1
5584 3320 6888 1
6886 602 6889 1
6891 558 7014 1
6892 3325 554 1
6893 6891 3325 1
7014 558 3326 1
5573 7650 5447 1
3326 558 3328 1
3329 3328 522 1
3329 3326 3328 1
5588 513 6894 1
5589 3327 6896 1
6889 602 6897 1
3333 3332 6898 1
5590 6890 6889 1
3324 7634 3334 1
3328 3334 522 1
3328 3324 3334 1
6866 554 3961 1
3095 6600 6624 1
3281 3955 7672 1
1868 4947 4363 1
6901 6828 764 1
6828 6902 3277 1
6901 764 6903 1
6904 7296 770 1
6905 3336 6901 1
6903 764 6906 1
6907 5594 833 1
6908 3956 7674 1
6909 5630 3340 1
3341 6910 6999 1
6907 833 6912 1
3074 3073 6634 1
4557 7297 6913 1
6914 679 7637 1
6915 5373 715 1
6916 6914 3344 1
6917 6845 3289 1
6918 6844 722 1
7215 6917 3289 1
6918 722 6919 1
6920 7298 768 1
3347 5598 6921 1
3968 6842 770 1
6920 768 4152 1
3313 3959 6923 1
6923 3959 7677 1
6792 552 6924 1
6925 6834 510 1
5599 3253 6792 1
6925 510 6926 1
3352 3351 6927 1
5430 6562 3058 1
6926 510 6929 1
5601 3351 6931 1
6932 6965 3355 1
4546 7678 6933 1
6934 6965 3356 1
3246 6934 3356 1
6929 510 6936 1
3358 5604 6937 1
5604 3353 3357 1
3358 511 3359 1
3360 3359 473 1
3360 3358 3359 1
3361 6894 513 1
3361 3359 3330 1
3361 513 3362 1
3363 3362 478 1
3363 3361 3362 1
3360 473 3364 1
3365 3364 434 1
3365 3360 3364 1
3362 513 3329 1
3366 3329 522 1
3366 3362 3329 1
3363 478 3367 1
3368 3367 435 1
3368 3363 3367 1
3354 6938 3369 1
3370 3369 433 1
3370 3354 3369 1
3364 473 3368 1
3371 3368 435 1
3371 3364 3368 1
3369 6939 433 1
3369 3365 6939 1
433 6939 3373 1
5416 6529 7754 1
6941 3374 396 1
3373 398 3375 1
3376 3375 397 1
3376 3373 3375 1
396 3374 5606 1
396 6942 3378 1
3031 6525 2950 1
3380 5609 6944 1
3376 397 6945 1
7132 6506 5419 1
6945 397 3382 1
3382 397 3380 1
3384 3380 361 1
3384 3382 3380 1
6944 5609 3385 1
486 466 427 1
3384 361 3386 1
3094 3386 345 1
3094 3384 3386 1
3383 385 3387 1
3247 3383 3387 1
5613 6948 5612 1
6949 3366 522 1
6771 6498 3009 1
6875 6470 2980 1
6949 522 3389 1
3389 522 3334 1
3391 3334 7634 1
3391 3389 3334 1
492 3390 5615 1
5614 327 3393 1
6876 2965 6467 1
6953 3392 535 1
6953 535 3394 1
3394 535 3391 1
3396 3391 570 1
3396 3394 3391 1
3396 570 6956 1
3397 3396 6956 1
3395 584 3398 1
3399 3398 596 1
3399 3395 3398 1
514 6957 3401 1
6911 5413 6455 1
6895 511 6958 1
4556 7679 6959 1
5628 3331 6960 1
3398 584 3403 1
3404 3403 632 1
3404 3398 3403 1
6961 6937 3357 1
6962 6936 510 1
6963 6961 3357 1
3381 424 6964 1
3370 3356 6965 1
3370 3381 3356 1
3399 596 3405 1
3400 3405 576 1
3400 3399 3405 1
6967 3406 821 1
3340 6968 3406 1
2962 6442 6928 1
3407 3275 792 1
4560 7680 6970 1
4561 7681 6971 1
5631 3316 4560 1
4562 7683 6972 1
3950 6829 638 1
5632 3280 4562 1
6880 650 6973 1
3332 6974 6898 1
3332 6897 6974 1
6973 650 6975 1
6984 7632 6976 1
5634 3409 6977 1
6980 5581 3317 1
6979 6878 699 1
6979 699 6981 1
6988 7006 6982 1
5636 3411 6983 1
6984 7533 6990 1
3415 5251 5648 1
6981 699 6985 1
6986 7302 752 1
3417 5637 6055 1
3413 6988 3418 1
7626 6989 6991 1
3414 6984 6990 1
3419 5639 7626 1
3166 7710 590 1
5386 6444 7763 1
3421 5660 3420 1
4563 3962 3408 1
7337 6992 745 1
3964 3416 4563 1
4565 4564 3423 1
3965 7617 4565 1
5641 3418 6995 1
7695 4149 3427 1
3958 4568 768 1
3967 3343 7692 1
6441 2927 6935 1
7000 6999 3430 1
3431 7000 875 1
3431 3341 7000 1
6912 833 7131 1
7003 3432 7002 1
7003 3970 7698 1
5643 382 3377 1
5625 514 3401 1
5646 5640 3421 1
5646 3404 5640 1
3437 3436 685 1
3437 3426 3436 1
3403 584 3397 1
3415 3397 6955 1
3415 3403 3397 1
4566 777 4570 1
3425 3972 4571 1
3423 4564 4572 1
3440 4574 4573 1
4574 4572 3439 1
3153 220 7008 1
3240 3441 5541 1
5385 6952 6423 1
3387 3087 7010 1
3387 3093 7011 1
7359 2951 6420 1
4547 7704 7013 1
5653 3227 6171 1
7392 5303 2812 1
7015 6240 270 1
7199 7392 2812 1
7015 270 3928 1
7017 7016 4534 1
3443 3976 7016 1
3443 7016 7017 1
3139 3977 7018 1
1199 1115 7004 1
3173 177 7019 1
6523 6943 6419 1
4578 4577 3445 1
4015 4579 803 1
3978 3428 4578 1
3155 199 3447 1
3448 3447 186 1
3448 3155 3447 1
4580 4538 3194 1
4544 4536 502 1
3979 3184 4580 1
5740 603 2342 1
5375 2896 6946 1
2947 6413 6416 1
7022 5687 3451 1
3452 7022 7021 1
1743 5182 7007 1
7023 5482 3156 1
7024 6667 213 1
7025 7023 3156 1
7714 3913 3136 1
2896 6331 6946 1
3981 3098 7712 1
3444 4576 4583 1
3161 4585 4528 1
3161 3983 4585 1
140 7027 3457 1
3174 4532 4587 1
6404 6950 2940 1
3459 3986 4588 1
3192 5508 7029 1
7031 7030 2353 1
3274 7031 792 1
3274 3460 7031 1
3436 725 7032 1
3462 3461 730 1
3462 3436 3461 1
2925 6379 6951 1
685 3462 5659 1
7034 2713 640 1
7034 640 3420 1
6952 2922 6423 1
4590 4589 3463 1
4020 4591 798 1
3989 3439 4590 1
7036 1455 5007 1
7721 3993 1424 1
2921 5357 6954 1
7037 5007 2319 1
7038 5931 1402 1
7039 7037 2319 1
3466 7718 4593 1
3469 7723 4594 1
7722 4593 3468 1
7038 1402 4596 1
4597 4001 1362 1
7040 3995 7724 1
4598 4002 3472 1
4138 4599 1386 1
3997 3468 4598 1
3469 4594 4601 1
2307 4602 3724 1
2307 3999 4602 1
7041 4596 7045 1
7042 4603 1338 1
4603 7041 3475 1
3471 4597 4604 1
3472 4605 4599 1
4605 4604 3477 1
4606 7043 3478 1
7044 4606 1477 1
4606 7322 7043 1
4608 4607 3479 1
4389 4609 1418 1
4004 3478 4608 1
7046 7045 2322 1
3480 7046 1375 1
3480 3475 7046 1
7042 1338 4610 1
4126 4611 1295 1
7047 4006 7734 1
3480 1375 3483 1
3484 3483 1322 1
3484 3480 3483 1
3483 1375 2328 1
3485 2328 1349 1
3485 3483 2328 1
3487 3486 7050 1
3487 4008 3486 1
7776 6966 6410 1
3488 5667 1300 1
5345 6333 7782 1
3489 5669 1266 1
7052 1266 7054 1
3486 3490 7050 1
3486 7052 3490 1
1266 7053 7054 1
3490 7052 7054 1
3434 5730 529 1
5947 930 7056 1
3493 3492 7057 1
7056 930 7058 1
4612 7735 7059 1
5683 3492 7060 1
4613 4024 3495 1
7304 4614 818 1
7788 3493 4613 1
7614 4612 910 1
6997 2869 6317 1
4615 7061 3496 1
5337 6315 7518 1
4617 5686 891 1
5685 3496 4616 1
6993 2843 6276 1
4619 7743 7064 1
7528 3497 4618 1
7740 910 3727 1
7745 7065 4264 1
3502 4012 7065 1
3499 4617 4621 1
3504 4624 7751 1
3504 4013 4624 1
7748 7746 3505 1
7309 4626 786 1
4014 3500 7746 1
4627 5086 2388 1
4628 7164 938 1
7184 3502 4627 1
3504 7751 4629 1
3505 7753 4626 1
7752 4629 3507 1
7066 830 3508 1
3451 7464 7021 1
3451 7066 7464 1
7069 830 7067 1
3510 3509 7068 1
5688 3508 7069 1
4631 4622 3503 1
4022 4620 891 1
4017 3509 4631 1
4632 4061 3512 1
3990 4633 810 1
4019 3510 4632 1
3506 4628 4634 1
3511 4636 4018 1
3511 4021 4636 1
3501 4619 4638 1
3495 4639 4614 1
3495 4023 4639 1
2175 4176 4641 1
2182 4642 4190 1
2182 4025 4642 1
2350 767 3517 1
3235 2350 3517 1
3236 6825 731 1
2392 4268 4644 1
3519 4646 4645 1
3519 4027 4646 1
3518 4643 4647 1
3520 4649 4648 1
3520 4029 4649 1
3519 4645 4650 1
3513 4652 4635 1
3513 4032 4652 1
3520 4648 4654 1
3523 4656 4655 1
3523 4034 4656 1
4653 970 4657 1
4658 3524 4043 1
3525 4036 4658 1
3523 4655 4660 1
3527 4662 4661 1
3527 4039 4662 1
3524 4657 4663 1
3528 4665 4664 1
3528 4041 4665 1
4666 4057 3529 1
4668 4667 7424 1
4044 3525 4666 1
7070 4659 7332 1
7071 4669 7772 1
4669 7070 3531 1
3528 4664 4670 1
3533 4672 4671 1
3533 4047 4672 1
4668 7424 7773 1
4673 3534 7333 1
3531 4049 4673 1
3533 4671 4675 1
3536 4677 4676 1
3536 4050 4677 1
3534 7773 4678 1
3537 4680 4679 1
4680 4678 2673 1
3535 4674 4681 1
2659 4682 3870 1
2659 4053 4682 1
3536 4676 4683 1
3529 4684 4667 1
3529 4056 4684 1
3537 4679 4685 1
3539 4687 4121 1
3539 4058 4687 1
3527 4661 4688 1
3521 4689 4651 1
4689 4688 3540 1
4690 7777 7072 1
4633 7778 7073 1
7778 5692 4690 1
4691 5691 3532 1
4692 7071 842 1
7779 5693 4691 1
7144 1651 3770 1
2566 4063 6054 1
2149 7608 4611 1
3487 3481 4610 1
2177 4179 4694 1
2174 4695 4175 1
2174 4064 4695 1
7787 4591 3463 1
7302 4589 752 1
7605 3452 7784 1
3545 1960 3544 1
5156 3544 1936 1
2506 3545 3544 1
2169 838 797 1
2560 4328 4698 1
2643 4700 3860 1
2643 4067 4700 1
4701 3677 2253 1
4702 4208 1803 1
4070 2208 4701 1
3547 4702 4703 1
4704 1857 4706 1
4707 3549 4109 1
2205 4074 4707 1
7075 6645 3135 1
7795 7075 3135 1
166 3551 5704 1
3550 188 3552 1
3553 3552 201 1
3553 3550 3552 1
3552 188 3554 1
3555 3554 214 1
3555 3552 3554 1
3553 201 7078 1
3557 3556 7079 1
5710 7604 161 1
3555 214 3559 1
3560 5708 7083 1
5708 3555 3559 1
7084 231 5726 1
7028 2807 6229 1
3562 7084 3561 1
3558 179 5705 1
3563 3558 3557 1
3563 186 3564 1
3565 3564 170 1
3565 3563 3564 1
2520 1567 7087 1
3567 3566 7088 1
7087 1567 7089 1
7091 3568 7090 1
7091 3566 3568 1
3567 1532 3569 1
3570 3569 1539 1
3570 3567 3569 1
7089 1567 7092 1
3817 7796 7093 1
5713 3568 7094 1
2833 6263 7033 1
7798 7096 4078 1
5714 5712 7091 1
3569 1532 7097 1
3575 3574 7098 1
7100 5173 2524 1
7101 6027 1609 1
6027 7100 2524 1
4709 4081 3577 1
3574 7102 7098 1
5717 3573 4709 1
7101 1609 7103 1
7104 6053 1606 1
5718 3576 7105 1
7104 1606 7213 1
2595 7106 5193 1
2595 7341 7106 1
3570 1539 3579 1
2521 3579 1578 1
2521 3570 3579 1
3581 1539 3580 1
5733 3580 1521 1
7108 1539 5715 1
7109 3575 7098 1
3582 7108 3575 1
4708 1528 3823 1
4710 2604 4393 1
3583 4077 4710 1
7801 7110 4183 1
7802 7111 4181 1
3584 4079 7111 1
4711 4161 2154 1
4080 3584 4711 1
7112 3585 599 1
3585 661 7113 1
3188 3585 7113 1
2345 720 3586 1
7114 3586 676 1
3205 2345 3586 1
7115 720 2347 1
7116 2347 740 1
3233 7115 2347 1
7117 3587 1141 1
5304 6244 7799 1
3589 3588 7120 1
3587 1183 3588 1
7117 1141 3590 1
3590 1141 3592 1
3593 3592 1083 1
3593 3590 3592 1
3591 1145 7121 1
3458 4586 4712 1
7122 7024 213 1
7806 7123 4712 1
3595 4714 4713 1
3594 4716 4715 1
3594 4082 4716 1
7388 5825 5478 1
3158 3596 5483 1
7125 5933 597 1
6584 7125 597 1
5302 7062 6235 1
3599 4719 4133 1
3599 4085 4719 1
5162 1696 5729 1
3982 4531 550 1
2275 4241 4721 1
2568 4722 3781 1
2568 4087 4722 1
3601 4720 4723 1
2572 4724 4346 1
2572 4089 4724 1
121 7128 3457 1
5732 1578 3581 1
2356 875 3430 1
3604 3430 821 1
3604 2356 3430 1
2183 4191 4725 1
3605 4727 4726 1
4727 4725 3477 1
2504 1936 7129 1
4432 4728 1948 1
2634 4093 3606 1
7130 689 3204 1
3449 3204 7134 1
3449 7130 3204 1
2358 913 5746 1
3431 5737 7131 1
5737 2358 3607 1
7502 730 3461 1
3608 7502 3461 1
6199 7074 2788 1
3562 3556 7078 1
3562 4095 3556 1
4729 4431 2633 1
3851 4429 1907 1
5739 3609 4729 1
7135 7134 3169 1
3166 7135 7710 1
3166 5740 7135 1
3610 7136 7138 1
3559 7137 7083 1
5741 3610 7138 1
6123 780 7139 1
2678 7140 5220 1
5742 2690 7141 1
4731 4730 3612 1
7597 4732 4570 1
4096 3611 4731 1
864 7142 3613 1
2787 5288 7076 1
1997 7143 2467 1
2185 4195 4733 1
2172 4734 4171 1
4734 4733 3614 1
2181 4187 4736 1
2184 4738 4194 1
2184 4099 4738 1
2787 7076 6195 1
2776 6186 7077 1
5746 7002 3432 1
2173 4172 4739 1
2170 4740 4168 1
2170 4101 4740 1
4742 4741 3616 1
4108 4106 1844 1
4103 3618 4742 1
2202 7146 4952 1
2784 7080 7085 1
3620 3619 6047 1
2192 7149 4950 1
3549 4706 4744 1
3617 4745 4104 1
3617 4107 4745 1
3621 4743 4746 1
3622 4748 4747 1
3622 4110 4748 1
2593 4379 4749 1
2603 4751 4392 1
2603 4113 4751 1
3447 6712 3193 1
3564 3193 170 1
3564 3447 3193 1
2267 4232 4752 1
2498 4753 3768 1
2498 4115 4753 1
5751 5725 3624 1
1059 1101 3625 1
2377 1059 3625 1
4228 1769 4409 1
4754 2618 4407 1
3626 4117 4754 1
4755 3840 2622 1
3681 4417 1803 1
4118 3626 4755 1
3440 4573 4756 1
3539 4757 4059 1
3539 4120 4757 1
3627 1948 4728 1
3544 7129 1936 1
3544 5755 3606 1
4758 7151 3628 1
7152 4758 7832 1
4760 4759 3629 1
2717 7517 7153 1
5757 3628 4760 1
2779 7095 6192 1
5955 1020 3516 1
7154 1039 3625 1
3631 3625 1101 1
3631 7154 3625 1
2354 864 3613 1
3407 3613 821 1
7099 6189 6200 1
2421 4302 4761 1
7833 3632 7155 1
4123 2421 4761 1
4762 4092 3605 1
4007 4726 1362 1
4125 2155 4762 1
7406 5284 6186 1
5764 5774 7156 1
7157 4184 7837 1
7158 4763 7838 1
4763 7157 3633 1
907 5766 5767 1
7470 1160 7155 1
3588 3634 7120 1
3588 7159 3634 1
4764 4310 2458 1
7840 4308 1177 1
4127 2424 4764 1
2624 4129 4421 1
1880 4766 4715 1
3635 4768 4767 1
4086 4582 261 1
4132 3635 4767 1
3634 7161 7120 1
3632 7160 7155 1
5769 2404 5971 1
7162 1083 3592 1
7156 7162 3592 1
2715 576 3405 1
3435 3405 596 1
3435 2715 3405 1
2418 4295 4769 1
7163 6000 1201 1
4135 2418 4769 1
2706 5776 969 1
969 5776 5229 1
5113 1334 3602 1
4897 1355 2446 1
1088 7165 3630 1
3515 4640 4770 1
3473 4771 3998 1
3473 4137 4771 1
3543 4693 4773 1
2602 4774 3821 1
2602 4140 4774 1
3637 4772 4775 1
3623 4776 4750 1
4776 4775 3633 1
2636 1622 1586 1
5777 1586 3603 1
4777 4456 2648 1
3759 4455 1068 1
4145 3614 4777 1
4778 4737 3615 1
4459 4735 1064 1
4147 2649 4778 1
4790 341 3385 1
259 7167 3639 1
4786 308 7168 1
6121 2672 7133 1
5787 259 3640 1
1596 7150 1618 1
356 7169 3378 1
6568 292 3640 1
3514 4637 4779 1
3427 4780 4568 1
4780 4779 3642 1
4781 4579 3445 1
4559 4577 741 1
4151 3642 4781 1
2579 4357 7144 1
4872 2105 3491 1
2123 1521 3582 1
2147 7109 1485 1
5782 2123 3582 1
5733 4847 3638 1
7592 7153 3629 1
6016 2484 7001 1
1010 4862 4860 1
7174 556 3597 1
3085 7174 6584 1
3438 4570 4782 1
6600 3914 7147 1
4154 3438 4782 1
7175 211 5541 1
3918 7008 220 1
7176 7175 3441 1
7529 3565 170 1
591 7177 2934 1
6604 6624 5860 1
3641 1762 7178 1
3631 1101 3624 1
3593 3624 1145 1
3593 3631 3624 1
4834 2097 4893 1
4833 2095 4895 1
4835 2099 4900 1
5834 3646 2133 1
5844 3647 2141 1
5826 3648 2125 1
2449 5982 2448 1
1241 7179 3651 1
3645 2157 3652 1
3653 3652 2173 1
3653 3645 3652 1
3643 2151 3654 1
3655 3654 2175 1
3655 3643 3654 1
3657 2159 7180 1
5764 2407 5973 1
2398 7192 5968 1
3659 1412 7181 1
3662 2158 3660 1
3661 3660 2181 1
3661 3662 3660 1
3644 2153 3663 1
3664 3663 2183 1
3664 3644 3663 1
3667 2161 3665 1
3666 3665 2185 1
3666 3667 3665 1
7164 2388 4266 1
3671 2245 3669 1
3670 3669 2249 1
3670 3671 3669 1
3675 2248 3673 1
3674 3673 2251 1
3674 3675 3673 1
3670 2249 3676 1
3677 3676 2253 1
3677 3670 3676 1
3674 2251 3678 1
3679 3678 2255 1
3679 3674 3678 1
3682 2252 3680 1
3681 3680 2257 1
3681 3682 3680 1
3685 2254 3683 1
3684 3683 2259 1
3684 3685 3683 1
3679 2255 3686 1
3687 3686 2256 1
3687 3679 3686 1
3690 2258 3688 1
3689 3688 2261 1
3689 3690 3688 1
3693 2260 3691 1
3692 3691 2263 1
3692 3693 3691 1
3696 2262 3694 1
3695 3694 2267 1
3695 3696 3694 1
4992 2265 3697 1
3701 2266 3699 1
3700 3699 2271 1
3700 3701 3699 1
1627 7182 3702 1
3705 2269 3703 1
3704 3703 2275 1
3704 3705 3703 1
3702 2273 3706 1
3707 3706 2274 1
3707 3702 3706 1
3710 2278 3708 1
3709 3708 2281 1
3709 3710 3708 1
3711 2280 7183 1
3709 2281 3712 1
3713 3712 2287 1
3713 3709 3712 1
3716 2286 3714 1
3715 3714 2291 1
3715 3716 3714 1
3719 2290 3717 1
3718 3717 2295 1
3718 3719 3717 1
5912 2277 4996 1
2297 7185 3720 1
3721 2294 7186 1
7173 2264 7170 1
1551 3723 6060 1
7187 3725 2300 1
1480 7188 5001 1
3728 2384 7190 1
938 7413 3729 1
7192 3730 2395 1
3731 2394 7191 1
7427 3733 2400 1
3732 2398 3734 1
3735 3734 2402 1
3735 3732 3734 1
3738 2401 3736 1
3737 3736 2406 1
3737 3738 3736 1
3741 2405 3739 1
3740 3739 2409 1
3740 3741 3739 1
3742 2408 7193 1
3740 2409 3743 1
3744 3743 2412 1
3744 3740 3743 1
3747 2411 3745 1
3746 3745 2414 1
3746 3747 3745 1
3744 2412 3748 1
3749 3748 2416 1
3749 3744 3748 1
3751 2413 7194 1
3754 2415 3752 1
3753 3752 2420 1
3753 3754 3752 1
1132 7195 3755 1
7197 3758 2424 1
7196 2423 7198 1
5976 2425 3760 1
7200 3762 2455 1
1331 4815 1316 1
7200 2455 3763 1
1201 5120 7163 1
3766 2486 7202 1
1914 1863 1842 1
6018 2493 5153 1
1606 7204 3769 1
1651 7205 3770 1
3773 2553 7834 1
3772 3771 2555 1
3772 3773 3771 1
7206 3774 2558 1
3777 2557 3775 1
3776 3775 2561 1
3776 3777 3775 1
3778 2559 7207 1
3776 2561 7208 1
3181 5750 6696 1
7781 3780 2566 1
7861 7209 3781 1
3784 2565 3782 1
3783 3782 2569 1
3783 3784 3782 1
3783 2569 3785 1
3786 3785 2571 1
3786 3783 3785 1
3789 2570 3787 1
3788 3787 2573 1
3788 3789 3787 1
3786 2571 3790 1
3791 3790 2575 1
3791 3786 3790 1
3794 2574 3792 1
3793 3792 2577 1
3793 3794 3792 1
3791 2575 7210 1
7211 3795 2581 1
7211 2581 5191 1
1651 7480 3798 1
7212 3799 2297 1
1931 1863 6006 1
3804 2584 3802 1
3803 3802 2586 1
3803 3804 3802 1
3803 2586 7214 1
6042 2863 2858 1
3808 2587 3806 1
3807 3806 2589 1
3807 3808 3806 1
3805 2588 3809 1
3810 3809 2591 1
3810 3805 3809 1
3813 2590 3811 1
3812 3811 2593 1
3812 3813 3811 1
3810 2591 7216 1
3816 2592 3814 1
3815 3814 2597 1
3815 3816 3814 1
1562 7217 3817 1
1477 3819 7044 1
3815 2597 3820 1
3821 3820 2602 1
3821 3815 3820 1
6067 2598 3822 1
7750 7184 4627 1
1774 7455 3824 1
7219 3825 2607 1
7220 3826 2497 1
869 4948 4011 1
7519 3827 2612 1
5684 7002 888 1
5197 2610 3828 1
3830 2611 7222 1
3833 2613 3831 1
3832 3831 2617 1
3832 3833 3831 1
3829 2614 3834 1
3835 3834 2608 1
3835 3829 3834 1
3838 2616 3836 1
3837 3836 2620 1
3837 3838 3836 1
3832 2617 3839 1
3840 3839 2622 1
3840 3832 3839 1
3841 2619 7520 1
3837 2620 3842 1
3843 3842 2625 1
3843 3837 3842 1
5200 3844 2627 1
4765 2630 7224 1
3845 7225 2629 1
3847 2626 7226 1
7497 3517 5690 1
5202 2632 3850 1
3851 1907 3850 1
3843 2625 3852 1
3853 3852 2638 1
3853 3843 3852 1
3856 2637 3854 1
3855 3854 2640 1
3855 3856 3854 1
3853 2638 7229 1
3858 6092 2621 1
5208 3853 7229 1
3698 2270 7230 1
5668 5667 1325 1
1710 7232 3860 1
3753 2420 3861 1
3862 3861 2645 1
3862 3753 3861 1
3864 2644 7233 1
5256 6826 5262 1
7235 3865 2649 1
3863 2647 7236 1
987 7237 3867 1
7239 3868 2655 1
3869 2654 7238 1
1805 1842 3756 1
7240 3871 2663 1
6102 2660 3872 1
3874 2662 7241 1
3442 5654 7199 1
1034 5223 7152 1
6164 2754 3877 1
3878 386 6164 1
374 6776 3880 1
6279 7244 2828 1
6218 2800 7245 1
6254 7246 2828 1
367 7247 3884 1
7248 2847 4479 1
3885 343 5224 1
440 7249 3886 1
316 7250 3887 1
332 5354 7577 1
5624 429 441 1
358 7251 3890 1
7228 5091 3733 1
3893 3025 6515 1
7255 3893 3024 1
632 3419 5640 1
7257 7547 3027 1
471 7258 3896 1
471 3896 6599 1
7259 3898 3052 1
3887 2919 7260 1
3900 6581 3080 1
5435 3887 7260 1
7261 3901 2920 1
326 7263 3902 1
7264 3903 3090 1
7243 959 1026 1
5457 3097 7266 1
7328 3054 7267 1
7268 3907 3110 1
399 7269 3908 1
6370 3129 7270 1
7271 3910 3053 1
6918 7215 6844 1
3914 3036 3912 1
3913 3912 3136 1
3913 3914 3912 1
7273 3915 2901 1
6616 7574 3916 1
460 7275 3917 1
3441 7008 7176 1
5468 3128 3919 1
3882 2831 3921 1
3922 3921 2848 1
3922 3882 3921 1
3925 3160 3923 1
3924 3923 3162 1
3924 3925 3923 1
587 7276 3926 1
270 7277 3928 1
7218 6885 3319 1
388 7279 6557 1
389 7280 3930 1
6881 7221 5633 1
3932 499 7281 1
7284 2944 6714 1
3936 3935 3149 1
3936 7284 3935 1
7227 6851 6849 1
7573 3197 3938 1
638 7231 5572 1
7286 3940 3232 1
5525 3212 5539 1
668 7287 3943 1
7652 3944 3232 1
7288 3231 7656 1
7290 3947 3256 1
6815 3266 3948 1
5572 3294 7292 1
6872 3306 3951 1
7294 3308 7667 1
7680 7568 6970 1
6968 763 3275 1
594 7295 6832 1
6135 6134 6818 1
3957 5595 7296 1
7297 3339 6913 1
768 7298 3958 1
715 3959 7668 1
505 5600 3960 1
554 7299 3961 1
699 7300 3962 1
594 7301 3963 1
7256 6798 5676 1
5595 3343 3967 1
7564 3314 6998 1
5534 6707 6743 1
709 3966 6994 1
4575 7703 7272 1
3974 3423 7305 1
3222 6248 6755 1
537 7307 3975 1
5655 3976 3443 1
7308 3977 3139 1
5035 697 665 1
6701 3184 3979 1
3207 7282 6730 1
3982 550 7311 1
3985 3444 3983 1
3984 3983 3161 1
3984 3985 3983 1
3988 3174 3986 1
3987 3986 3459 1
3987 3988 3986 1
810 7312 3990 1
6658 3937 7285 1
3993 3465 7315 1
152 143 5505 1
7316 7314 3991 1
5662 3467 3995 1
3929 7291 7635 1
6646 6692 7293 1
3998 1448 7319 1
3994 3469 3999 1
4000 3999 2307 1
4000 3994 3999 1
7320 3470 7041 1
3996 3471 7321 1
4003 3474 7322 1
4005 4384 7323 1
5663 3476 4006 1
4610 4008 3487 1
4009 3494 7325 1
845 7739 4010 1
1189 3971 1091 1
7327 4012 3502 1
4010 3499 4013 1
7329 4013 3504 1
7329 4010 4013 1
7064 3500 4014 1
7068 3509 4017 1
798 7330 4020 1
3132 7306 6641 1
4016 3506 4021 1
4022 4021 3511 1
4022 4016 4021 1
4011 3501 4023 1
4024 4023 3495 1
4024 4011 4023 1
3655 2175 4025 1
4026 4025 2182 1
4026 3655 4025 1
3729 2392 4027 1
4028 4027 3519 1
4028 3729 4027 1
4031 3518 4029 1
4030 4029 3520 1
4030 4031 4029 1
4028 3519 4032 1
4033 4032 3513 1
4033 4028 4032 1
4030 3520 4034 1
4035 4034 3523 1
4035 4030 4034 1
4038 3522 4036 1
4037 4036 3525 1
4037 4038 4036 1
4035 3523 4039 1
4040 4039 3527 1
4040 4035 4039 1
4043 3524 4041 1
4042 4041 3528 1
4042 4043 4041 1
4037 3525 4044 1
4045 4044 3530 1
4045 4037 4044 1
7331 3526 7070 1
4042 3528 4047 1
4048 4047 3533 1
4048 4042 4047 1
7070 7332 3531 1
4048 3533 4050 1
4051 4050 3536 1
4051 4048 4050 1
7310 6610 3102 1
7324 1389 1333 1
4055 3535 4053 1
4054 4053 2659 1
4054 4055 4053 1
4051 3536 4056 1
4057 4056 3529 1
4057 4051 4056 1
4052 3537 4058 1
4059 4058 3539 1
4059 4052 4058 1
4060 4040 7334 1
7334 4040 3527 1
852 7335 4061 1
7073 3541 5693 1
7474 4063 2566 1
3656 2177 4064 1
4065 4064 2174 1
4065 3656 4064 1
7733 6601 3037 1
4069 2560 4067 1
4068 4067 2643 1
4803 4069 4067 1
1821 7338 4071 1
465 6711 5457 1
7339 4074 2205 1
172 5499 7317 1
1488 4078 5720 1
5720 4078 4077 1
7342 4079 3584 1
182 196 7318 1
7342 3584 4080 1
4084 3595 4082 1
4083 4082 3594 1
4083 4084 4082 1
3987 3459 4085 1
4086 4085 3599 1
4086 3987 4085 1
3704 2275 4087 1
4088 4087 2568 1
4088 3704 4087 1
4091 3601 4089 1
4090 4089 2572 1
4090 4091 4089 1
3664 2183 7344 1
3087 384 5441 1
4094 1909 4093 1
213 4095 7122 1
834 7346 4097 1
353 5431 5433 1
7348 3666 2185 1
3661 2181 4099 1
4100 4099 2184 1
4100 3661 4099 1
3653 2173 4101 1
4102 4101 2170 1
4102 3653 4101 1
4105 3618 4103 1
4104 4103 3617 1
4104 4105 4103 1
4106 3616 7349 1
4109 3549 4107 1
4108 4107 3617 1
4108 4109 4107 1
4112 3621 4110 1
4111 4110 3622 1
4111 4112 4110 1
3812 2593 4113 1
4114 4113 2603 1
4114 3812 4113 1
3695 2267 4115 1
4116 4115 2498 1
4116 3695 4115 1
7350 4117 3626 1
7350 3626 4118 1
4119 1783 7350 1
3973 3440 4120 1
4121 4120 3539 1
4121 3973 4120 1
4122 2180 7352 1
3755 2421 4123 1
4124 4123 2464 1
4124 3755 4123 1
25 985 14 1
7353 2179 7157 1
7197 2424 4127 1
7328 7267 3906 1
5461 5989 3107 1
4130 4131 2624 1
2624 4131 4129 1
3013 5409 3012 1
3046 5425 6544 1
1095 7356 4134 1
3750 2418 4135 1
4136 4135 2460 1
4136 3750 4135 1
4139 3515 4137 1
4138 4137 3473 1
4138 4139 4137 1
4142 3543 4140 1
4141 4140 2602 1
4141 4142 4140 1
7357 4144 3637 1
1134 7358 4146 1
7326 6541 5422 1
7235 2649 4147 1
2429 1591 3649 1
4150 3514 7361 1
768 7363 4152 1
725 7364 7032 1
1280 5807 4155 1
2096 4155 2095 1
1372 4840 4902 1
5810 1327 4863 1
2151 7366 4158 1
2151 4893 7366 1
5808 1304 4857 1
2153 7367 4160 1
2153 4895 7367 1
2144 4161 4878 1
5813 1228 4861 1
2157 7368 4163 1
2157 4900 7368 1
5864 7369 2158 1
5835 3662 1123 1
3646 2117 7369 1
5865 7370 2159 1
5845 3657 1376 1
3647 2108 7370 1
5866 7371 2161 1
3648 2110 7371 1
5852 1209 4102 1
2171 7372 4169 1
2929 7343 6474 1
287 6472 5402 1
2171 3650 7372 1
4163 1168 4098 1
4170 4098 2172 1
4170 4163 4098 1
4173 2172 4171 1
4172 4171 1134 1
4172 4173 4171 1
3652 2157 4170 1
4173 4170 2172 1
4173 3652 4170 1
4158 1376 4065 1
4174 4065 2174 1
4174 4158 4065 1
4177 2174 4175 1
4176 4177 4175 1
3654 2151 4174 1
4177 4174 2174 1
4177 3654 4174 1
4178 5765 2176 1
7347 312 5393 1
4179 7158 1431 1
7351 6456 2969 1
7180 2159 4178 1
5854 1443 4181 1
7354 6447 2964 1
4184 2179 7380 1
2179 3658 7381 1
2178 7381 4182 1
4164 1090 4185 1
4186 4185 2180 1
4186 4164 4185 1
4188 2180 4122 1
4187 4122 1064 1
4187 4188 4122 1
3660 2158 4186 1
4188 4186 2180 1
4188 3660 4186 1
4160 1344 4026 1
4189 4026 2182 1
4189 4160 4026 1
4192 2182 4190 1
4191 4190 1386 1
4191 4192 4190 1
3663 2153 4189 1
4192 4189 2182 1
4192 3663 4189 1
4166 1123 4100 1
4193 4100 2184 1
4193 4166 4100 1
4196 2184 4194 1
4195 4194 1100 1
4195 4196 4194 1
3665 2161 4193 1
4196 4193 2184 1
4196 3665 4193 1
7383 3671 1786 1
2247 7384 4198 1
4197 1741 7385 1
369 6428 5382 1
4201 2248 3675 1
4200 3675 1761 1
4200 4201 3675 1
3669 2245 4199 1
4201 4199 2248 1
4201 3669 4199 1
2250 7387 4202 1
7359 6421 2951 1
7385 1741 3668 1
4205 2247 4198 1
4204 4198 1713 1
4204 4205 4198 1
3673 2248 4203 1
4205 4203 2247 1
4205 3673 4203 1
4200 1761 4206 1
4207 4206 2252 1
4207 4200 4206 1
4209 2252 3682 1
4208 3682 1803 1
4208 4209 3682 1
3676 2249 4207 1
4209 4207 2252 1
4209 3676 4207 1
4204 1713 4210 1
4211 4210 2254 1
4211 4204 4210 1
4213 2254 3685 1
4212 3685 1737 1
4212 4213 3685 1
3678 2251 4211 1
4213 4211 2254 1
4213 3678 4211 1
4206 1761 3687 1
4214 3687 2256 1
4214 4206 3687 1
4216 2256 4215 1
4119 4215 1783 1
4119 4216 4215 1
3680 2252 4214 1
4216 4214 2256 1
4216 3680 4214 1
4210 1713 4217 1
4218 4217 2258 1
4218 4210 4217 1
4220 2258 3690 1
4219 3690 1683 1
4219 4220 3690 1
3683 2254 4218 1
4220 4218 2258 1
4220 3683 4218 1
4212 1737 4221 1
4222 4221 2260 1
4222 4212 4221 1
4223 2260 3693 1
4215 3693 1783 1
4215 4223 3693 1
3686 2255 4222 1
4223 4222 2260 1
4223 3686 4222 1
4217 1713 3672 1
4224 3672 2250 1
4224 4217 3672 1
7360 6415 2947 1
2261 4225 5907 1
3688 2258 4224 1
4225 4224 2250 1
4225 3688 4224 1
4221 1737 4226 1
4227 4226 2262 1
4227 4221 4226 1
4229 2262 3696 1
4228 3696 1769 1
4228 4229 3696 1
3691 2260 4227 1
4229 4227 2262 1
4229 3691 4227 1
7390 4993 1627 1
5927 2311 5003 1
4226 1737 4230 1
4231 4230 2266 1
4231 4226 4230 1
4233 2266 3701 1
4232 3701 1710 1
4232 4233 3701 1
3694 2262 4231 1
4233 4231 2266 1
4233 3694 4231 1
7390 1627 4234 1
5376 7362 449 1
1513 5002 1542 1
2270 3697 7394 1
2269 7394 4235 1
4230 1737 3684 1
4236 3684 2259 1
4236 4230 3684 1
4237 2259 4219 1
3859 4219 1683 1
3859 4237 4219 1
3699 2266 4236 1
4237 4236 2259 1
4237 3699 4236 1
2273 7395 4238 1
4234 1627 3707 1
4239 3707 2274 1
4239 4234 3707 1
4242 2274 4240 1
4241 4240 1605 1
4241 4242 4240 1
3703 2269 4239 1
4242 4239 2274 1
4242 3703 4239 1
4238 1576 7396 1
2913 7365 6375 1
4244 2278 3710 1
4240 3710 1605 1
4240 4244 3710 1
3706 2273 4243 1
4244 4243 2278 1
4244 3706 4243 1
7396 1576 4245 1
4248 2280 3711 1
4247 3711 1550 1
4247 4248 3711 1
3708 2278 4246 1
4248 4246 2280 1
4248 3708 4246 1
4247 1550 4249 1
4250 4249 2286 1
4250 4247 4249 1
4252 2286 3716 1
4251 3716 1575 1
4251 4252 3716 1
3712 2281 4250 1
4252 4250 2286 1
4252 3712 4250 1
4249 1550 4253 1
4254 4253 2290 1
4254 4249 4253 1
4256 2290 3719 1
4255 3719 1530 1
4255 4256 3719 1
3714 2286 4254 1
4256 4254 2290 1
4256 3714 4254 1
4253 1550 4257 1
4258 4257 2294 1
4258 4253 4257 1
7373 6336 6966 1
2295 4259 5925 1
3717 2290 4258 1
4259 4258 2294 1
4259 3717 4258 1
1576 4995 7107 1
2297 4260 7212 1
2869 7375 6317 1
4260 7401 2296 1
421 7376 5495 1
6306 2871 7377 1
7404 4261 2300 1
7378 6301 5333 1
7379 6278 2843 1
2301 4262 6061 1
2837 7382 5314 1
4262 7404 2300 1
4263 5924 2306 1
7386 7049 6252 1
4000 7407 1480 1
4992 3689 7391 1
7408 2300 4263 1
7407 4000 7408 1
7410 7845 2295 1
2379 7411 4264 1
2384 7412 4265 1
4265 1003 7414 1
7063 2044 2052 1
256 7388 5479 1
2392 7415 4268 1
7417 4269 2394 1
7418 3731 1048 1
7421 4270 2399 1
7397 6238 2809 1
5967 1035 4271 1
2402 7423 4273 1
303 6365 5303 1
2402 3734 7423 1
4270 1048 7425 1
4271 1035 4274 1
4275 4274 2405 1
4275 4271 4274 1
7426 3741 1019 1
7400 6224 2789 1
3736 2401 4275 1
4276 4275 2405 1
4276 3736 4275 1
4274 1035 4277 1
4278 4277 2408 1
4278 4274 4277 1
4280 2408 3742 1
4279 3742 1080 1
4279 4280 3742 1
3739 2405 4278 1
4280 4278 2408 1
4280 3739 4278 1
2025 2018 5983 1
2001 5983 2018 1
5296 6219 2800 1
4279 1080 4282 1
4283 4282 2411 1
4283 4279 4282 1
4285 2411 3747 1
4284 3747 1067 1
4284 4285 3747 1
3743 2409 4283 1
4285 4283 2411 1
4285 3743 4283 1
4282 1080 4286 1
4287 4286 2413 1
4287 4282 4286 1
4289 2413 3751 1
4288 3751 1140 1
4288 4289 3751 1
3745 2411 4287 1
4289 4287 2413 1
4289 3745 4287 1
4284 1067 4290 1
4291 4290 2415 1
4291 4284 4290 1
4293 2415 3754 1
4292 3754 1009 1
4292 4293 3754 1
3748 2412 4291 1
4293 4291 2415 1
4293 3748 4291 1
4286 1080 7429 1
6170 2760 7403 1
4295 7195 1132 1
7194 2413 4294 1
4290 1067 4297 1
4298 4297 2419 1
4298 4290 4297 1
4300 2419 3757 1
4299 4300 3757 1
3752 2415 4298 1
4300 4298 2419 1
4300 3752 4298 1
7405 6199 2788 1
2421 7431 4302 1
2785 7080 6194 1
7406 6187 2775 1
4303 7435 2422 1
7435 7196 3757 1
7436 3746 2414 1
7265 377 5288 1
7437 4288 1140 1
6202 7416 2778 1
428 5276 7419 1
4304 7436 2414 1
7434 1110 7440 1
2426 5977 4146 1
5977 4305 2425 1
7441 1110 4128 1
4306 2425 7441 1
4307 2428 7442 1
2428 3760 7442 1
5993 7443 2171 1
7444 4169 1177 1
3762 2454 7443 1
7444 1177 4308 1
2459 7446 4311 1
5215 7240 7558 1
999 5210 7239 1
2459 3763 7446 1
5994 1220 3764 1
6006 7398 7345 1
1680 5204 5205 1
4136 2460 7449 1
2460 3765 7450 1
2459 7450 4312 1
2464 7451 4124 1
2463 6001 5997 1
6012 2484 7452 1
6014 1862 1828 1
2487 7454 6048 1
7839 1812 7507 1
7455 1774 7457 1
2494 4317 7458 1
7458 4317 2493 1
6019 7220 2497 1
6019 2497 4116 1
2531 7459 3798 1
2537 7460 4320 1
2554 7462 6051 1
4321 1775 3767 1
4322 3767 2494 1
4322 4321 3767 1
4324 2494 4318 1
4323 4318 1739 1
4323 4324 4318 1
3771 7834 4322 1
4324 4322 2494 1
4324 3771 4322 1
7463 4325 2557 1
7465 3777 1694 1
2527 7432 6029 1
4326 7463 2557 1
2780 7759 442 1
2540 7467 5179 1
4325 1739 4328 1
4329 4328 2560 1
4329 4325 4328 1
4331 2560 4069 1
4330 4069 4803 1
4330 4331 4069 1
3775 2557 4329 1
4331 4329 2560 1
4331 3775 4329 1
7468 7206 2558 1
7469 7465 1694 1
4330 4803 7471 1
7553 7209 1634 1
2506 2469 7438 1
7208 2561 4333 1
1065 1158 1155 1
7473 4336 2565 1
7471 4803 7476 1
2568 7478 4088 1
7478 4337 2567 1
4336 1694 3779 1
4338 3779 2564 1
4338 4336 3779 1
4340 2564 4334 1
7553 4334 7209 1
4339 4340 4334 1
3782 2565 4338 1
4340 4338 2564 1
4340 3782 4338 1
7553 1634 4341 1
4342 4341 2570 1
4342 4339 4341 1
4344 2570 3789 1
4343 3789 1601 1
4343 4344 3789 1
3785 2569 4342 1
4344 4342 2570 1
4344 3785 4342 1
4341 1634 4090 1
4345 4090 2572 1
4345 4341 4090 1
4348 2572 4346 1
4347 4346 1575 1
4347 4348 4346 1
3787 2570 4345 1
4348 4345 2572 1
4348 3787 4345 1
4343 1601 4349 1
4350 4349 2574 1
4350 4343 4349 1
4352 2574 3794 1
4351 3794 1604 1
4351 4352 3794 1
3790 2571 4350 1
4352 4350 2574 1
4352 3790 4350 1
4349 1601 4353 1
4354 4353 2576 1
4354 4349 4353 1
4356 2576 3796 1
4355 3796 1558 1
4355 4356 3796 1
3792 2574 4354 1
4356 4354 2576 1
4356 3792 4354 1
4351 1604 7479 1
138 109 87 1
5092 2399 2404 1
7482 4358 2580 1
7484 3800 1551 1
7447 826 889 1
4359 7482 2580 1
7484 1551 6060 1
2582 7487 4361 1
2582 5191 7487 1
2531 7488 3769 1
772 5048 7448 1
7490 3788 2573 1
571 5041 7456 1
2297 7491 7185 1
7492 7490 2573 1
4347 7492 2573 1
7493 3804 1559 1
3801 2583 7494 1
6063 1604 3793 1
4366 2577 4355 1
4365 4355 1558 1
4365 4366 4355 1
3802 2584 4364 1
4366 4364 2577 1
4366 3802 4364 1
4365 1558 7495 1
4369 2587 3808 1
4368 3808 1519 1
4368 4369 3808 1
7214 2586 4367 1
7495 1558 3797 1
4372 2582 4361 1
4371 4361 1511 1
4371 4372 4361 1
3806 2587 4370 1
4372 4370 2582 1
4372 3806 4370 1
4368 1519 4373 1
4374 4373 2590 1
4374 4368 4373 1
4376 2590 3813 1
4375 3813 1525 1
4375 4376 3813 1
3809 2588 4374 1
4376 4374 2590 1
4376 3809 4374 1
4373 1519 4377 1
4378 4377 2592 1
4378 4373 4377 1
4380 2592 3816 1
4379 3816 1478 1
4379 4380 3816 1
3811 2590 4378 1
4380 4378 2592 1
4380 3811 4378 1
4375 1525 7498 1
2305 4999 5000 1
4377 1519 4382 1
4383 4382 2596 1
4383 4377 4382 1
4385 2596 3819 1
4384 3819 1477 1
4384 4385 3819 1
3814 2592 4383 1
4385 4383 2596 1
4385 3814 4383 1
2599 7499 4075 1
2243 4987 7475 1
7500 3807 2589 1
2600 4387 5664 1
2208 7486 4958 1
4387 7500 2589 1
4384 1477 7323 1
4388 4005 2601 1
4388 4384 4005 1
4390 2601 4389 1
4141 4389 1418 1
4141 4390 4389 1
3820 2597 4388 1
4390 4388 2601 1
4390 3820 4388 1
7504 1525 4114 1
4391 2598 7504 1
2604 7505 4393 1
2199 4951 5872 1
2604 3822 7505 1
4950 7489 1854 1
5008 4986 7477 1
2606 7508 4395 1
7155 7160 7470 1
7509 4314 1845 1
7511 3835 2608 1
2497 4397 6020 1
4397 7511 2608 1
4933 5097 1608 1
7514 4399 2611 1
7515 3830 1876 1
4398 1846 4400 1
4401 4400 2613 1
4401 4398 4400 1
2614 7516 4402 1
4912 4890 7676 1
2614 3828 7516 1
4400 1846 4403 1
4404 4403 2616 1
4404 4400 4403 1
4406 2616 3838 1
4405 3838 1850 1
4405 4406 3838 1
3831 2613 4404 1
4406 4404 2616 1
4406 3831 4404 1
4402 1813 4407 1
4408 4407 2618 1
4408 4402 4407 1
4410 2618 4409 1
4396 4409 1769 1
4396 4410 4409 1
3834 2614 4408 1
4410 4408 2618 1
4410 3834 4408 1
4403 1846 4411 1
4412 4411 2619 1
4412 4403 4411 1
4414 2619 3841 1
4413 3841 1883 1
4413 4414 3841 1
3836 2616 4412 1
4414 4412 2619 1
4414 3836 4412 1
4405 1850 3858 1
4415 3858 2621 1
4415 4405 3858 1
4418 2621 4416 1
4417 4416 1803 1
4417 4418 4416 1
3839 2617 4415 1
4418 4415 2621 1
4418 3839 4415 1
1526 1568 1548 1
1542 4985 4986 1
4413 1883 4130 1
4420 4130 2624 1
4420 4413 4130 1
4423 2624 4421 1
4422 4421 1880 1
4422 4423 4421 1
3842 2620 4420 1
4423 4420 2624 1
4423 3842 4420 1
6078 4424 2626 1
7521 3847 1907 1
4130 1883 7522 1
4425 7523 2628 1
7523 4131 3849 1
4428 7524 4426 1
4427 7525 1930 1
7525 4428 4426 1
7224 2630 4425 1
4428 6081 7224 1
4424 1876 7527 1
4846 4623 4822 1
2633 6087 4429 1
7524 7530 4426 1
7170 1662 7481 1
7510 2064 4807 2
3850 4094 2634 1
3850 2632 4094 1
4422 1880 4433 1
4434 4433 2637 1
4434 4422 4433 1
4436 2637 3856 1
4435 3856 1857 1
4435 4436 3856 1
3852 2625 4434 1
4436 4434 2637 1
4436 3852 4434 1
4433 1880 4437 1
4438 4437 2639 1
4438 4433 4437 1
4441 2639 4439 1
4440 4439 1899 1
4440 4441 4439 1
3854 2637 4438 1
4441 4438 2639 1
4441 3854 4438 1
4435 1857 7532 1
4443 4442 2641 1
6090 4435 7532 1
6091 7535 7534 1
7229 2638 6090 1
7534 7535 2641 1
6091 6092 7535 1
7393 1660 7536 1
7512 1669 1573 1
4808 7804 350 2
3700 7232 1710 1
4791 4787 7513 2
7230 2270 4445 1
2643 6093 4068 1
6093 4447 2567 1
4449 4448 2644 1
4449 4299 4448 1
4451 2644 3864 1
4450 3864 999 1
4450 4451 3864 1
3861 2420 4449 1
4451 4449 2644 1
4451 3861 4449 1
4452 6094 2646 1
7153 7517 3629 1
4453 5209 1046 1
7233 2644 4452 1
6095 7542 2648 1
7543 4456 1100 1
3865 2646 7542 1
4453 1046 7544 1
7545 7237 987 1
7544 1046 4148 1
2653 7548 4460 1
3501 7528 7743 1
2653 3866 7548 1
7549 4461 2654 1
7551 3869 931 1
4461 987 7550 1
2659 7552 4054 1
7554 4463 2662 1
7555 3874 881 1
1756 4919 4930 1
6101 987 3867 1
6922 4558 7537 1
2664 7556 4465 1
7538 7651 3231 1
2664 3872 7556 1
6654 4517 7539 1
4463 931 7557 1
2668 7558 4467 1
1549 1437 1502 1
7559 3875 834 1
6128 7560 2664 1
2701 6128 5756 1
3876 5223 7560 1
6163 367 3884 1
4470 2757 7561 1
2757 3877 7561 1
7562 3880 2762 1
7563 4471 7402 1
2792 7565 4472 1
2762 5293 7566 1
7566 4472 2795 1
7567 4473 2827 1
7246 4474 368 1
5984 7857 6854 1
2831 7245 7569 1
7569 4475 2830 1
6279 7570 2845 1
7244 4477 328 1
3883 2842 7570 1
2846 7571 4478 1
2756 6284 4469 1
6284 4478 2847 1
6283 331 3922 1
4339 4334 7553 1
4481 2849 7575 1
2848 7575 4479 1
1979 5984 7503 1
2904 5348 7576 1
7576 4482 2903 1
2919 6367 4485 1
6367 4484 2918 1
7578 3902 2931 1
1689 1671 7572 1
7581 3886 2904 1
2874 7580 6311 1
6396 323 6397 1
2845 5370 7582 1
7582 4487 2937 1
7584 7583 2939 1
2940 7584 6403 1
3891 2938 7583 1
7586 7585 2944 1
2945 7586 6658 1
3892 2837 7585 1
7587 4491 329 1
7589 255 3920 1
7588 3920 3023 1
6515 4492 7589 1
7590 3023 4493 1
7591 4493 282 1
1914 1862 6014 1
6519 3908 3026 1
7594 4496 437 1
3032 6526 4497 1
7595 4498 3036 1
3037 4499 6600 1
3969 3314 7564 1
4499 7595 3036 1
7598 3930 3051 1
7599 4500 430 1
6579 5412 3894 1
7601 7255 3024 1
6579 4485 5412 1
6580 6516 4494 1
4502 7591 282 1
7260 2919 6579 1
6516 7601 3024 1
6580 6581 7601 1
7602 4489 2939 1
7568 3952 6970 1
7603 4488 323 1
6719 3197 7573 1
7574 7274 3916 1
4503 7602 2939 1
6384 294 7606 1
2931 7607 4486 1
7254 3025 3893 1
7609 4505 3089 1
7610 4506 425 1
6018 5153 3768 1
7613 4474 2827 1
2788 7612 6198 1
1764 2209 4961 1
2122 7153 7592 1
3101 7266 7615 1
7615 4507 3100 1
5988 5039 7171 1
3108 7616 3916 1
5769 5971 7161 1
6416 490 4510 1
3619 7148 6047 1
4686 4732 7597 1
3109 3907 4511 1
3026 5463 7618 1
7618 4513 3111 1
7619 3895 5412 1
6633 3909 3025 1
6639 7620 3101 1
7621 4508 463 1
3910 3130 7620 1
7622 4491 3005 1
5484 6613 6565 1
4498 517 4514 1
4515 4514 3135 1
4515 4498 4514 1
3136 7623 7713 1
3567 2520 3566 1
3136 3912 7623 1
2932 4512 3109 1
7625 4510 490 1
3915 2932 3109 1
4516 3915 3109 1
3140 7627 4517 1
3108 6654 3906 1
7539 4517 6555 1
3141 7628 4518 1
3142 6657 7600 1
7600 4518 3138 1
4519 3147 3936 1
888 5682 3493 1
5473 4784 241 1
3150 3918 6664 1
7604 3558 161 1
6628 241 4521 1
4066 7337 7605 1
3023 7631 4493 1
7608 1295 4611 1
3023 3919 7631 1
5690 7030 3460 1
4476 297 4524 1
4525 4524 3160 1
4525 4476 4524 1
4526 3160 3925 1
4480 3925 307 1
4480 4526 3925 1
3921 2831 4525 1
4526 4525 3160 1
4526 3921 4525 1
4524 297 3984 1
4527 3984 3161 1
4527 4524 3984 1
4530 3161 4528 1
4529 4528 275 1
4529 4530 4528 1
3923 3160 4527 1
4530 4527 3161 1
4530 3923 4527 1
3164 4531 5485 1
6253 240 4532 1
7061 4612 7614 1
3175 7633 4534 1
3175 3927 7633 1
7635 4506 3089 1
3057 7636 6558 1
3051 7638 4500 1
6995 6988 6994 1
4537 3183 7639 1
3917 3142 7641 1
3142 3931 7641 1
675 7626 6991 1
4539 2941 7643 1
6483 4521 241 1
3195 3933 6713 1
7645 267 7283 1
4540 7645 3195 1
3195 7645 7283 1
3149 7646 4520 1
3149 3935 7646 1
7632 3410 6976 1
6718 587 3926 1
7649 4541 3170 1
3945 7538 3231 1
7611 7629 1760 1
3940 3230 7651 1
3391 7634 570 1
6773 670 3941 1
7653 4543 3237 1
7654 3980 3248 1
3944 3244 7654 1
7656 5533 3228 1
6914 7637 3344 1
3249 7288 4545 1
6795 7657 3254 1
7658 4546 459 1
3946 3251 7657 1
7659 3975 3255 1
7660 4547 583 1
3947 3252 7659 1
6814 668 3943 1
3272 6900 3277 1
7640 7642 3310 1
6059 7640 3310 1
3298 7292 7664 1
7664 4549 3297 1
6874 6059 650 1
6871 682 4550 1
3309 7665 4552 1
7644 5573 3296 1
3309 3951 7665 1
7667 5596 3312 1
7668 6915 715 1
3313 7294 4553 1
7669 4554 3314 1
7647 5586 3303 1
3315 4555 6971 1
6861 7648 600 1
4555 7669 3314 1
6853 7650 635 1
7671 3961 3335 1
3281 7672 5564 1
6852 6082 3293 1
3956 3337 7674 1
7675 7304 818 1
3343 7297 4557 1
4430 3289 6845 1
3348 6922 3968 1
7537 4558 5568 1
7677 4152 3349 1
3313 6923 5580 1
6923 7677 3349 1
3254 7678 4546 1
3335 7679 4556 1
3316 7680 4560 1
3408 7681 4561 1
3280 7683 4562 1
3298 7684 3950 1
6985 699 3962 1
7661 5570 3278 1
5562 6827 7663 1
6992 4066 7687 1
3422 3964 7688 1
3408 7688 4563 1
6986 752 4564 1
7663 3276 764 1
3424 7690 4566 1
3424 3965 7690 1
7692 818 4149 1
3265 7666 6812 1
3958 3348 7694 1
3348 3967 7695 1
4149 7695 7692 1
4554 741 7696 1
7697 7309 786 1
3970 3342 7698 1
6804 6137 551 1
3438 7699 4570 1
4571 7364 725 1
4571 7700 3438 1
7700 3972 3424 1
4564 752 7701 1
6803 7670 3261 1
3241 456 6780 1
4573 7312 810 1
3942 3238 4543 1
7305 3423 4572 1
1734 7676 1712 1
3255 7704 4547 1
7016 7705 3175 1
7017 4534 261 1
3976 3442 7705 1
7018 4576 3444 1
7706 3985 297 1
3977 3443 7018 1
7696 741 4577 1
6765 7682 541 1
7685 6758 3223 1
4015 3446 7708 1
3446 3978 7709 1
3445 7709 4578 1
6700 460 4538 1
3248 7711 4544 1
3210 6736 3209 1
7689 3307 6066 1
3248 3979 7711 1
7691 6732 3202 1
3455 7713 7456 1
3455 3981 7714 1
3913 7714 7712 1
4576 261 4582 1
4583 4582 3456 1
4583 4576 4582 1
4585 3456 4584 1
4528 4584 275 1
4528 4585 4584 1
3983 3444 4583 1
4585 4583 3456 1
4585 3983 4583 1
4532 240 4586 1
4587 4586 3458 1
4587 4532 4586 1
7715 5726 231 1
3986 3174 4587 1
4588 4587 3458 1
4588 3986 4587 1
7701 752 4589 1
4020 3464 7716 1
3464 3989 7717 1
3463 7717 4590 1
7718 3465 3993 1
1331 7761 4815 1
7719 7036 3465 1
6693 6490 541 1
7721 7718 3993 1
4594 7722 1448 1
4581 7738 4883 1
7723 3466 4593 1
7722 4594 7723 1
7040 7724 3470 1
7040 3470 4001 1
3995 3467 7724 1
7725 1424 4002 1
4598 3468 7725 1
3473 7726 4138 1
3473 3997 7726 1
6691 7702 3177 1
4594 1448 4600 1
4601 4600 3474 1
4601 4594 4600 1
4602 3474 4003 1
3724 4003 1511 1
3724 4602 4003 1
3999 3469 4601 1
4602 4601 3474 1
4602 3999 4601 1
7041 7045 3475 1
4603 5665 1338 1
3476 7320 4603 1
4597 1362 7728 1
6508 544 6688 1
4605 3477 7729 1
7707 2826 6253 1
7321 3471 4604 1
3172 3171 6511 1
4600 1448 7731 1
4606 7323 1477 1
7322 3474 7043 1
7731 1448 4607 1
6680 7710 3169 1
2601 7732 4389 1
2601 4004 7732 1
7047 7734 3481 1
7047 3481 4611 1
3148 6662 5481 1
4006 3476 7734 1
4008 5670 3486 1
3494 7735 4612 1
4613 3493 7736 1
7304 3970 7737 1
6590 208 4801 2
7614 910 7740 1
960 966 4595 1
3132 6641 5482 1
3499 7741 4617 1
3020 5469 6630 1
7739 845 7742 1
3501 4011 7528 1
7743 4618 3500 1
7744 3727 2379 1
7745 4264 956 1
4617 891 4620 1
4621 4620 3503 1
4621 4617 4620 1
4624 3503 4622 1
7751 4622 830 1
7751 4624 4622 1
4013 3499 4621 1
4624 4621 3503 1
4624 4013 4621 1
7746 845 7329 1
7727 2942 6622 1
7309 3978 7747 1
3446 4014 7748 1
6023 3505 7746 1
6615 6591 6571 1
3506 7750 4628 1
3105 3104 6613 1
7730 3102 6610 1
4625 1473 1479 1
6603 6598 506 1
4630 1620 1615 1
7753 3504 4629 1
7752 4626 7753 1
6602 6624 3096 1
7067 830 4622 1
3511 7755 4022 1
3095 7733 6600 1
3511 4017 7755 1
3510 7758 4632 1
2334 3085 6584 1
3464 7760 3990 1
3464 4019 7760 1
4628 938 4033 1
4634 4033 3513 1
4634 4628 4033 1
4636 3513 4635 1
4018 4635 852 1
4018 4636 4635 1
4021 3506 4634 1
4636 4634 3513 1
4636 4021 4634 1
4619 803 4637 1
4638 4637 3514 1
4638 4619 4637 1
4639 3514 4150 1
4614 4150 818 1
4614 4639 4150 1
4023 3501 4638 1
4639 4638 3514 1
4639 4023 4638 1
4176 1418 4640 1
4641 4640 3515 1
4641 4176 4640 1
4642 3515 4139 1
4190 4139 1386 1
4190 4642 4139 1
4025 2175 4641 1
4642 4641 3515 1
4642 4025 4641 1
4268 984 4643 1
4644 4643 3518 1
4644 4268 4643 1
4646 3518 4031 1
4645 4031 922 1
4645 4646 4031 1
4027 2392 4644 1
4646 4644 3518 1
4646 4027 4644 1
4643 984 3735 1
4647 3735 2402 1
4647 4643 3735 1
4649 2402 4273 1
4648 4273 970 1
4648 4649 4273 1
4029 3518 4647 1
4649 4647 2402 1
4649 4029 4647 1
4645 922 4060 1
4650 4060 3521 1
4650 4645 4060 1
4652 3521 4651 1
4635 4651 852 1
4635 4652 4651 1
4032 3519 4650 1
4652 4650 3521 1
4652 4032 4650 1
4648 970 4653 1
4654 4653 3522 1
4654 4648 4653 1
4656 3522 4038 1
4655 4038 902 1
4655 4656 4038 1
4034 3520 4654 1
4656 4654 3522 1
4656 4034 4654 1
7762 4657 3524 1
7764 4043 957 1
3058 3057 6558 1
4658 7762 3524 1
4655 902 4659 1
4660 4659 3526 1
4660 4655 4659 1
4662 3526 4046 1
4661 4046 859 1
4661 4662 4046 1
4039 3523 4660 1
4662 4660 3526 1
4662 4039 4660 1
4657 970 3737 1
4663 3737 2406 1
4663 4657 3737 1
7749 388 6557 1
4664 7426 1019 1
4041 3524 4663 1
4665 4663 2406 1
4665 4041 4663 1
3050 3049 6549 1
7764 957 4057 1
3530 7768 4668 1
3530 4044 7768 1
4659 902 7332 1
7754 3033 6528 1
3532 7331 4669 1
4664 1019 3749 1
4670 3749 2416 1
4670 4664 3749 1
4672 2416 4292 1
4671 4292 1009 1
4671 4672 4292 1
4047 3528 4670 1
4672 4670 2416 1
4672 4047 4670 1
7770 7773 3534 1
7756 437 6522 1
7772 7333 842 1
7772 4673 7333 1
7757 6502 360 1
4673 7770 3534 1
4671 1009 4674 1
4675 4674 3535 1
4675 4671 4674 1
4677 3535 4055 1
4676 4055 946 1
4676 4677 4055 1
4050 3533 4675 1
4677 4675 3535 1
4677 4050 4675 1
2981 6471 281 1
4679 7559 834 1
6899 2971 6458 1
7775 3534 4678 1
4680 3537 7775 1
4674 1009 3862 1
4681 3862 2645 1
4681 4674 3862 1
4682 2645 4450 1
3870 4450 999 1
3870 4682 4450 1
4053 3535 4681 1
4682 4681 2645 1
4682 4053 4681 1
4683 5215 2668 1
4684 2668 4467 1
4667 4467 7424 1
4667 4684 4467 1
4056 3536 4683 1
4684 4683 2668 1
4684 4056 4683 1
4679 834 4097 1
4685 4097 3538 1
4685 4679 4097 1
4687 3538 4686 1
4121 7597 777 1
4121 4687 4686 1
4058 3537 4685 1
4687 4685 3538 1
4687 4058 4685 1
4688 4661 7777 1
7777 4661 859 1
4651 7335 852 1
7335 4689 3540 1
7334 3527 4688 1
4689 3521 7334 1
7777 859 7072 1
3512 7778 4633 1
3512 5692 7778 1
7072 859 5691 1
3542 7779 4692 1
3542 5693 7779 1
7780 3770 2537 1
7763 2962 6443 1
2149 4611 5699 1
4008 4610 1338 1
4179 1431 4693 1
4694 4693 3543 1
4694 4179 4693 1
4695 3543 4142 1
4175 4695 4142 1
4064 2177 4694 1
4695 4694 3543 1
4695 4064 4694 1
6439 349 7765 1
905 4696 936 1
6436 369 7766 1
7302 3964 7786 1
3422 4066 7787 1
4591 7787 7605 1
4328 1739 7262 1
4698 4697 3546 1
4698 4328 4697 1
4700 3546 4699 1
3860 4699 1710 1
3860 4700 4699 1
4067 2560 4698 1
4700 4698 3546 1
4700 4067 4698 1
2960 6435 7767 1
5880 1786 3677 1
3547 7789 4702 1
3547 4070 7789 1
4703 7534 2641 1
4703 4702 4444 1
4705 2641 4442 1
4704 7532 1857 1
4705 7791 2641 1
4705 4072 7791 1
7792 4706 3549 1
2950 6418 7769 1
7794 4109 1844 1
7771 2940 6403 1
4707 7792 3549 1
3084 7795 5439 1
2599 7796 3817 1
7798 4078 1488 1
7798 1488 4081 1
3574 5717 7102 1
7800 3823 2604 1
7800 4708 3823 1
3583 4710 7110 1
7110 4710 4393 1
4710 7800 2604 1
4710 4077 7800 1
7111 7801 2178 1
7802 4181 1443 1
4079 3583 7801 1
7802 1443 4161 1
7803 4711 2154 1
6378 7774 317 1
7776 6410 5379 1
7805 4586 240 1
7806 4712 3454 1
4714 1899 4439 1
4713 4439 2639 1
4713 4714 4439 1
4716 2639 4437 1
4715 4437 1880 1
4715 4716 4437 1
4082 3595 4713 1
4716 4713 2639 1
4716 4082 4713 1
7715 231 7807 1
4719 3598 4718 1
5409 7757 3012 1
4133 4719 4718 1
4085 3459 4717 1
4719 4717 3598 1
4719 4085 4717 1
7782 2896 6332 1
7127 3165 4531 1
4241 1605 4720 1
4721 4720 3601 1
4721 4241 4720 1
4722 3601 4091 1
7209 7861 1634 1
3781 4722 4091 1
4087 2275 4721 1
4722 4721 3601 1
4722 4087 4721 1
4720 1605 3713 1
4723 3713 2287 1
4723 4720 3713 1
4724 2287 4251 1
4346 4251 1575 1
4346 4724 4251 1
4089 3601 4723 1
4724 4723 2287 1
4724 4089 4723 1
6322 7783 2891 1
4725 7729 3477 1
2887 6319 7785 1
4726 7728 1362 1
1776 2552 5185 1
7344 2183 4725 1
2634 3606 4728 1
4432 2634 4728 1
4095 7079 3556 1
3609 7811 4729 1
6307 7020 7790 1
2635 7813 3851 1
2872 6306 7009 1
6292 7026 2861 1
7049 256 6252 1
7799 2813 6243 1
7139 780 4730 1
3538 7815 4686 1
7055 2808 6232 1
3538 4096 7815 1
4195 1100 7818 1
4171 7358 1134 1
6207 2793 7808 1
7821 2185 4733 1
4734 2172 7821 1
4187 1064 4735 1
4736 4735 3615 1
4736 4187 4735 1
4738 3615 4737 1
4194 4737 1100 1
4194 4738 4737 1
4099 2181 4736 1
4738 4736 3615 1
4738 4099 4736 1
4172 1134 3761 1
4739 3761 2428 1
4739 4172 3761 1
4740 2428 4307 1
4168 4307 1177 1
4168 4740 4307 1
4101 2173 4739 1
4740 4739 2428 1
4740 4101 4739 1
3618 7822 4742 1
7809 5316 2786 1
5286 2781 2780 1
4108 3617 7825 1
3617 4103 7826 1
3616 7826 4742 1
7827 7148 3619 1
4706 1857 4743 1
4744 4743 3621 1
4744 4706 4743 1
4745 3621 4112 1
4104 4112 1884 1
4104 4745 4112 1
4107 3549 4744 1
4745 4744 3621 1
4745 4107 4744 1
4743 1857 3855 1
4746 3855 2640 1
4746 4743 3855 1
4748 2640 4440 1
4747 4440 1899 1
4747 4748 4440 1
4110 3621 4746 1
4748 4746 2640 1
4748 4110 4746 1
4379 1478 4143 1
4749 4143 3623 1
4749 4379 4143 1
4751 3623 4750 1
4392 4750 1467 1
4392 4751 4750 1
4113 2593 4749 1
4751 4749 3623 1
4751 4113 4749 1
4232 1710 4699 1
4752 4699 3546 1
4752 4232 4699 1
4753 3546 4697 1
6018 7262 1739 1
3768 4753 4697 1
4115 2267 4752 1
4753 4752 3546 1
4753 4115 4752 1
7828 4409 2618 1
7829 4407 1813 1
6173 7812 2738 1
4754 7828 2618 1
7829 1813 3840 1
4755 3626 7829 1
3681 7830 4417 1
3681 2257 7830 1
2257 4118 7830 1
2622 7830 4755 1
4573 810 4062 1
4756 4062 3542 1
4756 4573 4062 1
4757 3542 4692 1
4059 4692 842 1
4059 4757 4692 1
4120 3440 4756 1
4757 4756 3542 1
4757 4120 4756 1
5755 4728 3606 1
4185 1090 7831 1
4758 3628 7832 1
7831 1090 4759 1
7814 2755 6168 1
2717 5757 7517 1
4302 1095 4134 1
4761 4134 3632 1
4761 4302 4134 1
3632 7833 4761 1
5862 1317 4092 1
2753 6161 5319 1
7816 2747 6156 1
4007 3482 7835 1
3482 4125 7836 1
3605 7836 4762 1
4184 1467 7837 1
4763 3633 7838 1
2176 7353 4763 1
7437 1140 4310 1
6150 5277 374 1
6149 7819 2744 1
2427 4127 7841 1
2458 7841 4764 1
4765 3846 3594 1
3594 3846 4083 1
4129 2630 4766 1
4421 4766 1880 1
4421 4129 4766 1
4766 2630 4765 1
4715 4765 3594 1
4715 4766 4765 1
4768 275 4584 1
4767 4584 3456 1
4767 4768 4584 1
3599 7842 4086 1
2743 7820 428 1
6146 7823 392 1
3599 4132 7842 1
4295 1132 4313 1
4769 4313 2466 1
4769 4295 4313 1
6147 7824 7823 1
2466 7843 4769 1
4640 1418 4609 1
4770 4609 3479 1
4770 4640 4609 1
4771 3479 4607 1
3998 4607 1448 1
3998 4771 4607 1
4137 3515 4770 1
4771 4770 3479 1
4771 4137 4770 1
4693 1431 4772 1
4773 4772 3637 1
4773 4693 4772 1
4774 3637 4144 1
3821 4144 1478 1
3821 4774 4144 1
4140 3543 4773 1
4774 4773 3637 1
4774 4140 4773 1
4775 7838 3633 1
4750 7837 1467 1
7846 3637 4775 1
4776 3623 7846 1
7818 1100 4456 1
2426 7847 3759 1
2063 2062 6597 2
2426 4145 7847 1
7543 1100 4737 1
2652 7850 4459 1
2553 4321 7834 1
2501 6021 2500 1
2652 4147 7850 1
4637 803 7852 1
6017 4315 7839 1
4568 7363 768 1
7361 3514 4779 1
7852 803 4579 1
3349 7856 4559 1
3349 4151 7856 1
7844 2339 2341 1
2135 4759 4865 1
4153 7592 3629 1
4570 777 7597 1
4782 4732 3612 1
4782 4570 4732 1
314 4791 7513 2
3608 4154 7859 1
308 4788 7860 2
4783 1633 1611 1
7845 5924 3718 1
3649 1626 4783 1
7176 3918 3150 1
4784 4520 241 1
4788 4787 295 2
327 4786 3393 1
7513 4787 327 2
4786 327 4787 2
7860 4792 274 2
4788 4786 4787 2
7513 4789 341 2
361 6944 4789 1
2060 4790 352 2
352 4790 3379 1
4791 4793 279 2
4789 7513 327 2
4792 4794 260 2
4788 295 4792 2
4791 314 4793 2
279 248 4794 2
4792 295 4794 2
260 234 4795 2
260 4795 4792 2
7849 7853 1425 1
1592 1682 1573 1
4795 4797 274 2
4805 4797 2063 2
291 4798 324 2
338 324 4798 2
246 216 233 2
233 216 202 2
7167 259 6597 2
1682 7512 1573 1
5127 7851 1987 1
202 180 4801 2
4801 2064 202 2
180 154 4802 2
4802 6590 4801 2
299 4808 6569 2
350 6569 4808 2
7860 274 4805 2
6589 308 4804 1
4805 274 4797 2
356 7804 7169 2
4806 2061 352 2
7510 4799 233 2
233 2064 7510 2
235 7510 4807 2
4807 5512 222 1
2005 1997 7851 1
1439 1452 4809 1
5824 1439 4809 1
1117 7793 4810 1
4855 4828 4810 1
2067 4811 1339 1
1339 4811 1353 1
4812 1308 2068 1
2069 4813 1280 1
5807 4813 2083 1
4814 1172 2070 1
4796 6197 2336 1
7854 3610 5741 1
1219 1233 4838 1
4836 1219 4816 1
4817 1205 2073 1
2078 4818 1309 1
5809 4818 2093 1
1150 5975 4819 1
2084 1150 4819 1
4820 1421 2079 1
780 2695 7502 1
1235 4836 4816 1
2080 4821 1208 1
1208 4821 1194 1
1353 4822 2140 1
2081 4823 1282 1
5805 4823 2077 1
1390 4824 5822 1
1413 4824 5848 1
4826 1373 2090 1
2091 4827 1242 1
5812 4827 2066 1
1133 7506 4828 1
7501 1133 4828 1
7503 5984 6854 1
1446 5824 4809 1
936 4696 982 1
1731 1711 4829 1
1731 4829 4908 1
877 905 4830 1
4909 4830 2163 1
972 983 4831 1
982 972 4831 1
2094 4832 1241 1
1241 4832 7179 1
4866 4833 1317 1
1317 4833 3644 1
5829 4834 1344 1
1344 4834 3643 1
5847 4835 1209 1
1209 4835 3645 1
1221 4836 1235 1
1316 4837 1301 1
4837 2068 1301 1
4838 1233 2087 1
1368 4839 2106 1
4839 1319 2106 1
4840 5802 1382 1
1372 2074 4840 1
2108 2107 4841 1
7370 4841 4165 1
1027 1013 4842 1
1027 4842 4882 1
2123 4843 1521 1
1521 4843 5733 1
1171 2088 4844 1
1171 4844 4903 1
2110 2109 4845 1
7371 4845 4166 1
4811 4846 1353 1
4846 4822 1353 1
1497 1515 4847 1
4843 1497 4847 1
4821 4848 1194 1
4848 2073 1194 1
2114 2113 1168 1
5827 3667 1168 1
1131 2084 4849 1
1131 4849 4901 1
2117 2116 4850 1
7369 4850 4164 1
1405 2071 4851 1
1405 4851 5823 1
2119 2118 4852 1
2119 4852 5856 1
1667 7817 4853 1
4888 1667 4853 1
1434 2079 4854 1
1434 4854 2121 1
1055 1045 4882 1
7858 1578 5732 1
5837 4828 4855 1
5837 4855 4153 1
2123 1483 4843 1
1194 2124 4856 1
2113 5820 4856 1
4857 5828 2127 1
4857 1304 2126 1
892 4858 846 1
4858 832 4916 1
7624 1594 4859 1
4831 4860 1023 1
4860 2166 1023 1
4861 2128 5830 1
4861 1228 2128 1
4862 1024 1072 1
1010 1024 4862 1
4863 2130 5832 1
4863 1327 2130 1
1665 4906 1692 1
1692 4906 3641 1
1157 4864 5818 1
2109 4864 2133 1
1235 4816 5853 1
7861 4091 4090 1
2134 2104 7608 1
2149 2134 7608 1
1120 7501 5838 1
4850 4865 1090 1
4865 4759 1090 1
2136 2096 4866 1
5862 2136 4866 1
1703 4867 1730 1
4842 998 975 1
998 944 975 1
1159 1169 4868 1
1180 1159 4868 1
1350 1363 7761 1
3 5786 1 1
1350 4870 4839 1
1319 4870 2160 1
1382 2137 4871 1
4156 1382 4871 1
1185 1204 4872 1
1185 4872 1211 1
1515 4581 4873 1
3638 4847 4873 1
4815 4592 1316 1
4592 4825 1324 1
1353 2140 4874 1
2111 5819 4874 1
4796 2337 5702 1
5491 3177 6491 1
1262 2142 4876 1
5806 1262 4876 1
5848 4877 1434 1
4877 2079 1434 1
4852 4878 1443 1
4878 4161 1443 1
1465 1427 4879 1
1440 1465 4879 1
2146 2094 5858 1
2152 2146 5858 1
1409 1385 4897 1
1384 1409 4897 1
5863 4882 1004 1
4882 4842 4904 1
4068 4803 4067 1
5448 6080 204 1
5843 21 19 1
1732 1701 4884 1
1732 4884 4913 1
1756 4567 4919 1
873 4885 828 1
1701 1667 1676 1
1714 1701 1676 1
897 942 4887 1
4887 2164 897 1
982 4831 2162 1
1676 1667 4888 1
1676 4888 4918 1
942 982 4889 1
942 4889 4911 1
1714 1676 4890 1
1714 4890 4912 1
7179 4891 2148 1
2148 4891 2143 1
1405 4892 5841 1
5855 4892 2150 1
3643 4834 4893 1
2151 3643 4893 1
1285 2102 4894 1
5986 1285 4894 1
3644 4833 4895 1
2153 3644 4895 1
1440 5731 1397 1
1434 4896 2144 1
52 57 68 1
1384 4897 3636 1
2155 4898 2136 1
4868 5674 1180 1
2115 4899 1043 1
6133 4899 2706 1
3645 4835 4900 1
2157 3645 4900 1
4901 2117 3646 1
4901 4849 5821 1
4902 2108 3647 1
4902 4156 2108 1
4839 4870 1319 1
4903 2110 3648 1
4903 4844 5818 1
4882 4904 1004 1
2711 1004 4904 1
1585 1632 1593 1
1593 1632 1647 1
165 169 1540 1
1581 4859 5780 1
5780 2429 1581 1
1685 1730 4906 1
4928 4907 781 1
781 4907 4927 1
4919 4908 1770 1
4908 4829 4914 1
138 87 112 1
4915 4909 831 1
4909 2163 831 1
4918 4910 1641 1
1641 4910 4933 1
899 4911 947 1
4911 4889 997 1
4923 4912 1734 1
7676 4890 1690 1
4913 1755 2165 1
4913 4884 1755 1
4908 4914 1770 1
4914 2165 1770 1
4927 4915 783 1
4915 831 7630 1
832 4907 4916 1
4858 4916 4929 1
997 4917 1038 1
4917 2162 6668 1
997 1038 1053 1
1007 997 1053 1
15 4886 12 1
1690 4918 1641 1
4918 4888 4910 1
1690 1641 1661 1
1712 1690 1661 1
4886 15 20 1
4886 20 23 1
1756 4930 1797 1
4919 4567 4908 1
4885 4909 4915 1
4938 4920 4926 1
6668 2162 4921 1
1038 4921 4932 1
4933 3649 1591 1
7 11 4881 1
899 7720 4922 1
899 4922 4935 1
1755 4912 4923 1
1755 4923 5869 1
947 1007 4924 1
4934 4922 7720 1
1734 1712 1760 1
7629 1734 1760 1
7 4881 5786 1
18 4905 17 1
30 4905 18 1
4938 4926 848 1
2164 848 4926 1
7630 4920 788 1
7496 6255 207 1
4927 4907 4915 1
4928 781 738 1
4916 4907 4928 1
4858 4929 846 1
846 4929 4944 1
4930 5868 1815 1
4919 1770 4930 1
1038 4932 1098 1
5679 5020 1156 1
4933 1591 5097 1
4933 4910 3649 1
4943 4922 4934 1
4943 4934 4949 1
309 7496 278 1
1778 7611 1802 1
4935 848 2164 1
2169 848 4935 1
5869 4936 1799 1
1799 4936 1822 1
737 788 742 1
7630 788 737 1
788 4938 5768 1
4938 2169 797 1
4927 783 735 1
781 4939 738 1
4939 4946 738 1
4949 4940 886 1
886 4940 953 1
5868 1770 2168 1
4930 1770 5868 1
1797 1815 4941 1
4931 1797 6127 1
4867 4942 1730 1
4942 5781 1730 1
801 817 868 1
883 868 817 1
838 2169 4943 1
4943 5771 838 1
742 788 5768 1
5768 4938 797 1
4944 801 868 1
4944 4929 791 1
114 97 5689 1
1802 4945 1790 1
5727 4945 1733 1
687 4946 5249 1
1848 4947 5703 1
1672 4925 1766 1
3992 1535 4937 1
4949 886 5771 1
4949 4934 4940 1
1854 2187 4950 1
4950 7149 7489 1
1832 4951 2199 1
1832 2199 4952 1
4952 5749 1832 1
7794 5878 2205 1
2202 5875 5748 1
4954 1800 1784 1
2200 1800 4954 1
1821 4955 7338 1
1784 4956 4967 1
4956 2193 1825 1
4957 1757 1709 1
2203 1757 4957 1
7383 5882 2210 1
7486 2207 4958 1
1709 4959 4966 1
4966 4959 4970 1
1725 1709 4960 1
2220 1725 4960 1
1764 4961 4972 1
6366 4962 1784 1
4962 4954 1784 1
4963 4964 1656 1
4960 1709 4963 1
4970 6366 1768 1
4970 4959 4962 1
4964 4966 1689 1
4963 1709 4964 1
1677 1656 1619 1
5887 1677 1619 1
1768 6366 4971 1
7483 4965 4967 1
4982 4969 1602 1
1619 1656 4982 1
7483 4967 1825 1
4967 4956 1825 1
1689 4968 1722 1
4969 7572 1630 1
4982 1656 4969 1
4968 4970 1768 1
7572 4964 1689 1
1795 4971 1809 1
4971 4965 1809 1
4972 2211 2213 1
4972 4961 2211 1
4972 2213 4973 1
1764 4973 2243 1
1719 2222 4974 1
5896 1719 4974 1
5886 2226 4975 1
5886 4975 5905 1
1642 5887 4976 1
5895 1642 4976 1
5905 4977 2233 1
2233 4977 2232 1
7481 5894 7173 1
2233 2232 4978 1
4979 2237 2241 1
5894 2237 4979 1
1590 5895 4980 1
1590 4980 4983 1
4983 4981 1568 1
1568 4981 4984 1
4984 4982 1602 1
4983 4985 1542 1
4983 4980 4981 1
4984 1602 1548 1
4984 4981 4982 1
4985 1568 1526 1
4983 1568 4985 1
1568 4984 1548 1
4985 1526 4986 1
5008 7477 1476 1
4986 1526 7477 1
4973 4987 2243 1
7475 4987 5896 1
1741 2242 4988 1
1741 4988 3668 1
1764 4989 2210 1
2210 4989 5900 1
3668 4990 2247 1
2247 4990 7384 1
3672 4991 2250 1
2250 4991 7387 1
1683 3689 4992 1
1683 4992 3698 1
4993 2264 2268 1
7172 2264 4993 1
3702 4994 2273 1
2273 4994 7395 1
7107 5913 2277 1
4238 7395 4995 1
4996 2276 2279 1
5913 2276 4996 1
1550 3711 4997 1
4257 1550 4997 1
5915 2284 113 1
1533 2289 2293 1
1533 113 2289 1
1506 3721 4998 1
1506 4998 5929 1
5929 4999 2305 1
5000 4999 2304 1
5000 2304 2309 1
7188 2306 3726 1
7407 2306 7188 1
7314 5928 2312 1
5001 3726 2310 1
5002 1561 1542 1
5002 2288 1561 1
1455 5003 5006 1
2313 5003 2305 1
1542 5004 1590 1
5004 2238 1590 1
1513 4986 5005 1
5006 2313 2315 1
5006 5003 2313 1
5005 7472 1464 1
5006 2315 5007 1
7037 7036 5007 1
7472 5008 1444 1
1444 5008 1476 1
5009 1489 1464 1
2323 1489 5009 1
5010 1406 1379 1
2325 1406 5010 1
1464 5011 5005 1
5011 2308 1513 1
1379 5012 1433 1
5012 2326 1433 1
5013 5015 1325 1
5013 5010 1379 1
1379 5014 5017 1
5018 5017 5019 1
5015 5017 1358 1
5013 1379 5015 1
5019 5016 1464 1
5016 5009 1464 1
5017 5018 7324 1
5017 5014 5019 1
1358 5017 7324 1
1389 5018 1444 1
5018 5019 1444 1
1444 5019 7472 1
5019 5014 5016 1
1124 5020 5021 1
4932 1084 5020 1
5021 1084 2167 1
5021 5020 1084 1
1139 5022 5677 1
5022 2167 1072 1
648 5023 5722 1
661 717 5024 1
661 5024 7113 1
7113 5025 626 1
5366 5025 644 1
683 733 5026 1
5025 5026 5027 1
644 5025 5027 1
644 5027 657 1
1611 7624 1581 1
710 695 746 1
644 5028 5367 1
601 5028 5728 1
5932 657 5029 1
5728 5932 622 1
5030 5932 5029 1
1154 1273 1182 1
622 5932 5030 1
622 5030 5033 1
734 710 771 1
5034 710 734 1
5033 5032 646 1
646 5032 697 1
5032 5034 697 1
697 5034 5036 1
5033 646 2329 1
5033 5030 5032 1
5036 5034 734 1
646 697 5035 1
2330 646 5035 1
5036 3934 754 1
691 665 5037 1
5038 5036 754 1
5037 697 5038 1
562 6197 4796 1
2337 4796 2336 1
7464 3508 5688 1
5040 665 691 1
2332 665 5040 1
5935 2336 5041 1
7456 5041 5044 1
721 776 5042 1
5043 721 5042 1
691 5037 5043 1
5046 5043 5042 1
7456 5044 2340 1
5047 5044 2339 1
5042 776 5045 1
691 5043 5046 1
691 5046 5051 1
5047 7844 2342 1
5938 5044 5047 1
5049 5048 772 1
7448 5048 826 1
5051 5049 711 1
711 5049 772 1
655 2341 5050 1
655 5050 5940 1
5048 799 826 1
826 799 862 1
5049 5045 5048 1
5940 5051 711 1
5051 5046 5049 1
739 772 5052 1
711 772 5053 1
5054 711 5053 1
2343 5054 689 1
689 5054 2344 1
869 4009 4948 1
739 5052 5060 1
856 7447 889 1
5055 7447 856 1
5055 856 5056 1
5057 5055 5056 1
5060 5057 769 1
5059 5057 5056 1
5056 856 5058 1
769 5057 5059 1
769 5059 5943 1
720 5941 5942 1
5060 5052 5057 1
824 884 5062 1
5063 824 5062 1
5943 5063 794 1
5064 5063 5062 1
857 884 923 1
5062 884 857 1
794 5063 5064 1
794 5064 5944 1
5944 5065 827 1
5066 5065 857 1
890 923 959 1
857 923 890 1
827 5065 5066 1
5945 827 5066 1
890 959 5067 1
890 5067 5070 1
5071 7243 995 1
5067 959 7243 1
5070 5068 864 1
864 5068 7142 1
7142 5069 895 1
895 5069 963 1
864 5945 5070 1
5070 5067 5068 1
5069 7445 963 1
7445 5071 995 1
895 963 5072 1
895 5072 2356 1
939 963 5073 1
5946 939 5073 1
5101 5075 1030 1
5073 963 5074 1
5075 7445 995 1
5074 963 5075 1
979 5946 5076 1
1042 979 5076 1
5077 979 1042 1
2360 979 5077 1
1042 5076 5078 1
1042 5078 2430 1
930 2368 5079 1
930 5079 7058 1
7058 5080 2375 1
2375 5080 2374 1
3727 5081 2379 1
2379 5081 7411 1
5953 2378 5956 1
956 5082 3728 1
5083 2380 2382 1
3728 5084 2384 1
2384 5084 7412 1
5958 2383 5961 1
4269 1003 5085 1
956 3728 5086 1
7745 956 5086 1
5087 2385 2390 1
2386 2385 5087 1
3729 5088 2392 1
2392 5088 7415 1
5089 2391 3730 1
4268 7415 5089 1
1048 3731 5090 1
7425 1048 5090 1
3732 7192 2398 1
5091 5968 2397 1
5091 2397 3733 1
5967 5968 5091 1
2381 2380 5083 1
7421 2399 5092 1
1105 2403 2407 1
5971 2403 1105 1
1080 3742 5093 1
7429 1080 5093 1
3755 5094 2421 1
2421 5094 7431 1
564 658 5031 1
5977 3759 7198 1
564 5031 468 1
1306 1364 5095 1
5753 5095 1276 1
1456 5096 1507 1
1544 1507 5096 1
837 5039 7541 1
64 7166 41 1
2430 1109 5098 1
2430 5098 1042 1
1404 1456 5099 1
1397 1404 5099 1
1103 1077 5100 1
5100 1057 5721 1
1030 5100 5101 1
5101 5078 5074 1
1351 1404 5102 1
1351 5102 5747 1
5098 5103 1088 1
1088 5103 7165 1
1184 1246 5104 1
1184 5104 1163 1
5758 1305 1306 1
1163 5104 2431 1
2431 5106 1215 1
1215 5106 5783 1
5752 1119 5751 1
1144 1184 1119 1
5103 1144 1119 1
5099 1440 1397 1
5747 5107 1334 1
1334 5107 3602 1
1318 5108 1303 1
1303 5108 5773 1
1263 5109 1240 1
5109 5110 1240 1
1240 5110 5978 1
5978 5111 1275 1
1275 5111 5979 1
1263 5112 1203 1
1203 5112 2435 1
1315 2439 5113 1
1315 5113 3636 1
1160 2441 5114 1
7155 5114 5123 1
1259 5115 2450 1
2452 5116 2451 1
5061 1573 1669 1
1504 1470 1392 1
5117 2451 5992 1
2452 2451 5117 1
5118 2454 3762 1
5118 5117 2454 1
1259 5119 2457 1
2457 5119 2456 1
5120 2456 3765 1
2457 2456 5120 1
4880 3106 5474 1
2453 5121 2461 1
1196 5122 2462 1
2462 5122 2437 1
7155 5123 2464 1
2464 5123 7451 1
1196 5124 2465 1
2465 5124 2461 1
1196 5125 5996 1
2463 5125 6001 1
2006 5126 2021 1
2028 2021 5126 1
1994 2006 5127 1
1504 1392 1401 1
7851 5127 2005 1
1158 1244 7439 1
1943 1966 1967 1
5132 5128 5141 1
1912 5128 1939 1
5738 3198 7691 1
5129 1967 1987 1
5128 5130 1939 1
1939 5130 5136 1
1912 5131 1910 1
1910 5131 6022 1
1888 5132 5135 1
5135 5132 5141 1
5136 5133 1964 1
1964 5133 2467 1
6022 5134 1938 1
1938 5134 6002 1
5141 5128 1912 1
1888 5135 6578 1
5142 6578 5143 1
5133 1967 5129 1
6002 5136 1964 1
5136 5130 5133 1
5143 5137 1853 1
1853 5137 6004 1
6578 5140 1858 1
7438 2468 5770 1
2506 7438 1974 1
6004 5139 1881 1
1881 5139 1912 1
1858 5140 7086 1
5149 5140 5181 1
5139 5141 1912 1
5181 5142 1820 1
1820 5142 6046 1
6046 5143 1853 1
5143 5135 5137 1
1827 7086 5149 1
7086 5140 5149 1
5144 1881 1912 1
2472 1881 5144 1
1814 2477 5145 1
1814 5145 6618 1
5145 6010 2483 1
2483 7145 6009 1
7048 1827 1789 1
1752 1794 5146 1
6009 2482 5147 1
7507 1812 5147 1
2487 5148 7454 1
1789 1827 5149 1
5159 1789 5149 1
7452 2484 6016 1
4399 1845 5150 1
1775 3766 7203 1
1775 7203 3767 1
5152 2488 2492 1
6015 6575 5152 1
3767 7203 2494 1
2494 7203 4317 1
475 2878 2880 1
2498 3768 5153 1
1877 2496 6021 1
5154 6015 1877 1
5155 2500 2504 1
3544 5156 2506 1
2506 5156 2469 1
1759 1794 5157 1
1752 5146 5166 1
5166 5158 1749 1
1749 5158 6041 1
6041 5159 1785 1
5160 5159 5149 1
1785 5159 5160 1
6044 1785 5160 1
7439 1155 1158 1
5696 1806 5161 1
1754 1747 5162 1
1754 5162 3600 1
1647 5163 1622 1
1622 5163 5205 1
1674 5164 1715 1
1715 5164 5157 1
1708 5165 6024 1
6024 5166 1749 1
5166 5146 5158 1
1715 5167 1664 1
1664 5167 2508 1
1715 5168 1674 1
1674 5168 5170 1
5170 5169 1617 1
1617 5169 2513 1
5170 1617 1624 1
5170 5168 5169 1
1624 1617 7858 1
1578 5171 2521 1
1609 2517 5172 1
1609 5172 7103 1
1567 2519 5173 1
7092 1567 5173 1
7103 5174 2527 1
7432 5174 2526 1
1655 2525 5175 1
1655 5175 6032 1
3769 5176 2531 1
2531 5176 7459 1
6032 5177 2530 1
2530 5177 6036 1
3770 5178 2537 1
2537 5178 7460 1
6039 2536 6043 1
5179 3778 1695 1
5180 2539 2543 1
1820 6044 5181 1
5181 5140 5142 1
1743 2545 5182 1
5182 2556 7007 1
5183 5184 2552 1
2552 5184 2487 1
2554 5185 7462 1
1776 5186 2547 1
2547 5186 5182 1
2540 5187 7467 1
1695 3778 5188 1
7781 5188 3780 1
3781 7209 5189 1
2568 3781 5189 1
1648 3791 5190 1
7474 5190 4063 1
3797 7211 5191 1
2582 3797 5191 1
3798 5192 2531 1
2531 5192 7488 1
7213 2583 3801 1
3769 7488 7213 1
1559 3810 5193 1
5193 7493 1559 1
3817 5194 2599 1
2599 5194 7499 1
3824 5195 2606 1
2606 5195 7508 1
5196 2605 3825 1
4395 7508 5196 1
7219 2607 5197 1
1811 5197 3829 1
5198 2609 3827 1
6072 2609 5198 1
1876 3830 5199 1
7527 1876 5199 1
5200 3841 2623 1
1883 3841 5200 1
1883 5200 7522 1
1917 3846 3845 1
1907 3847 5202 1
1907 5202 3850 1
3849 3848 7523 1
1243 1307 1279 1
1909 6084 5203 1
5203 5155 1909 1
5204 5170 1624 1
5204 1624 5205 1
5205 5163 1687 1
5206 1624 7858 1
5205 1624 5206 1
1622 2636 5207 1
1647 1622 5207 1
1850 5208 3858 1
3858 5208 3857 1
3860 7232 6093 1
2643 3860 6093 1
5209 2646 3865 1
4454 2646 5209 1
999 3863 5210 1
6025 5332 2867 1
931 3869 5211 1
7557 931 5211 1
3870 7239 2659 1
2659 7239 7552 1
926 5212 6122 1
5213 2658 3871 1
4054 7552 5213 1
881 3874 5214 1
881 5214 6120 1
4676 946 5215 1
2669 5216 6112 1
6120 5217 2671 1
5219 5217 2670 1
2673 5218 6116 1
876 2669 2675 1
876 5216 2669 1
5219 2670 2677 1
834 3875 5220 1
5220 7346 834 1
5221 5225 808 1
2686 861 5221 1
812 808 5222 1
5222 6126 812 1
758 808 6978 1
5223 2699 7560 1
2700 2699 5223 1
802 6978 6947 1
6947 5225 855 1
855 5225 861 1
5221 861 5225 1
5230 5226 2702 1
802 850 800 1
802 6947 850 1
800 5227 5238 1
863 5227 907 1
6129 855 5228 1
5228 2691 6131 1
924 2703 5229 1
5229 2711 924 1
5227 5230 907 1
907 5230 5766 1
5766 5230 2702 1
5766 2702 924 1
969 5231 2706 1
2706 5231 2705 1
5232 5234 708 1
5232 2688 762 1
5233 5235 669 1
2708 719 5233 1
5237 5236 758 1
5232 762 5234 1
5235 719 708 1
5233 719 5235 1
5236 762 6126 1
5234 762 5236 1
5237 758 6402 1
5237 5234 5236 1
5239 5238 863 1
5238 5227 863 1
703 753 723 1
654 703 723 1
793 5239 836 1
1300 5668 5671 1
5240 5241 660 1
5240 5235 708 1
5241 5237 6402 1
5240 708 5241 1
5240 660 5243 1
669 5242 629 1
5243 660 615 1
5242 5240 5243 1
5242 5244 629 1
6136 629 5244 1
669 5245 680 1
680 5245 2713 1
582 6136 5246 1
5246 577 582 1
615 577 621 1
621 577 5246 1
542 5247 495 1
5247 5248 495 1
5201 5254 543 1
5201 543 5661 1
5248 489 453 1
5247 489 5248 1
5248 453 451 1
633 623 5249 1
688 633 5249 1
765 760 5701 1
820 765 5701 1
1897 1889 5250 1
5250 5703 1897 1
1889 1859 5250 1
2816 7201 6245 1
1843 1834 1806 1
1834 5161 1806 1
1836 5252 1839 1
4566 3974 777 1
1826 5252 1790 1
777 3974 3973 1
976 2700 5253 1
2704 976 5253 1
7422 5254 563 1
563 5254 5201 1
595 617 5255 1
5254 5255 5257 1
6826 617 5262 1
5256 549 565 1
543 5254 5257 1
5257 519 543 1
700 5736 751 1
410 5643 3377 1
707 664 5259 1
707 5259 700 1
664 5258 5261 1
605 5258 5759 1
5259 664 620 1
700 5260 672 1
617 672 5260 1
5261 605 5263 1
5261 5258 605 1
5259 620 5262 1
5262 5260 5259 1
598 5263 573 1
2763 573 5263 1
5263 620 5261 1
5642 7564 3429 1
598 5264 5256 1
549 5264 5269 1
5269 5265 521 1
521 5265 6158 1
5256 5264 549 1
565 5266 5257 1
519 5266 6143 1
6143 5267 501 1
501 5267 6139 1
5257 5266 519 1
5661 5268 497 1
497 5268 2721 1
6139 5269 521 1
5269 5264 5265 1
543 5268 5661 1
515 5270 2722 1
2722 6141 467 1
467 6141 2724 1
414 6805 7812 1
2738 7812 2735 1
432 2736 5271 1
432 5271 6148 1
392 5272 6160 1
6148 5273 2740 1
2740 5273 6153 1
6167 5274 2748 1
2748 5274 7816 1
6156 2747 6162 1
5275 7247 367 1
407 5274 6167 1
7419 5276 2759 1
2759 5276 7814 1
5277 2790 374 1
6158 5278 555 1
555 5278 2763 1
5642 3969 7564 1
5759 5697 619 1
439 2767 5279 1
439 5279 6174 1
419 2769 5280 1
6185 419 5280 1
401 2772 5281 1
7416 5281 5283 1
377 6183 5282 1
7416 5283 2778 1
2778 5283 2777 1
7095 2775 6191 1
405 2779 5285 1
5316 5285 5287 1
5286 2780 2783 1
5316 5287 2785 1
7265 5288 2787 1
6271 6196 2786 1
362 6189 6786 1
2789 5289 7405 1
401 5281 7416 1
5290 7403 401 1
2792 5291 2791 1
6204 2791 5292 1
336 5292 6214 1
3880 5293 2762 1
7566 5293 4472 1
6210 2795 5294 1
6663 7402 5296 1
315 6212 6246 1
2799 5295 6215 1
5319 7402 6663 1
1751 1768 1795 1
6179 2771 5297 1
6726 5298 2803 1
6223 2803 7400 1
322 5299 7399 1
2805 5299 2804 1
6226 2804 5300 1
6261 305 5300 1
322 7399 6236 1
2809 5301 7055 1
6214 5302 2798 1
2798 5302 6235 1
6365 7397 2811 1
6237 2811 7397 1
6365 2811 5303 1
7392 303 5303 1
270 5304 6676 1
2814 5304 7799 1
303 7392 5305 1
5305 6234 303 1
2780 442 2782 1
6243 2813 7389 1
270 6676 7277 1
2826 5308 7386 1
5309 2806 3881 1
2807 2806 5309 1
394 2784 5310 1
5310 6276 394 1
3882 7245 2831 1
7569 7245 4475 1
6232 2808 6670 1
6242 290 5311 1
7382 6259 5312 1
296 2833 5313 1
5313 7252 296 1
7253 7382 2837 1
2837 5314 6267 1
5286 2783 5315 1
7085 6193 5315 1
405 5285 5316 1
6186 405 5316 1
368 2840 5317 1
7246 5317 3883 1
358 5318 6448 1
2844 6448 7379 1
5319 7563 7402 1
3884 7247 6284 1
2756 3884 6284 1
5320 507 2749 1
5320 2764 507 1
6286 555 5322 1
5323 5321 560 1
5322 555 2763 1
5321 6286 5322 1
5323 531 5321 1
5323 2820 531 1
518 5324 6288 1
547 5324 6290 1
6290 5325 5698 1
2821 5326 508 1
508 5326 2851 1
5698 5327 619 1
2852 5328 599 1
599 5328 7112 1
7112 5698 648 1
642 648 5698 1
464 2859 5330 1
5311 6670 2823 1
445 2861 5331 1
445 5331 6303 1
5477 5332 5334 1
2868 5332 6025 1
6301 2867 5333 1
7790 7378 7119 1
5334 6306 2872 1
5334 5332 2868 1
383 7377 5335 1
383 5335 6392 1
6588 6256 7376 1
370 6308 6352 1
2875 5336 2874 1
6392 5337 2877 1
2877 5337 7518 1
2882 475 2880 1
6303 5339 2869 1
7375 5339 6318 1
440 2881 5340 1
440 5340 7249 1
410 5607 5613 1
7249 5341 2888 1
2888 5341 2887 1
470 2886 5342 1
5343 2887 6327 1
2888 2887 5343 1
431 2893 5344 1
431 5344 6342 1
7374 5345 2897 1
2897 5345 7782 1
6342 5346 2898 1
2898 5346 7373 1
458 2891 5347 1
6331 458 5347 1
3886 5348 2904 1
7576 5348 4482 1
400 5349 2905 1
6335 5349 2898 1
400 2905 5350 1
6311 5350 5352 1
363 6346 5351 1
6311 5352 2875 1
2875 5352 6353 1
370 2910 5353 1
370 5353 6313 1
332 2911 5354 1
6313 5355 2876 1
2876 5355 6362 1
2876 6362 6314 1
3887 7250 6367 1
2919 3887 6367 1
6364 2917 5357 1
6395 342 5357 1
354 2908 5358 1
5358 6935 354 1
6357 5359 7365 1
7365 5359 6376 1
326 2924 5360 1
326 5360 7263 1
7774 2925 6497 1
5361 2977 317 1
7263 5362 2930 1
2930 5362 2929 1
5363 2890 6387 1
503 2890 5363 1
5364 516 2933 1
2879 516 5364 1
553 6390 6391 1
591 5365 626 1
5365 6709 626 1
6709 3188 626 1
591 626 5366 1
591 5366 7177 1
7177 5367 601 1
5367 5028 601 1
358 6448 6440 1
6393 5368 6394 1
358 6440 7251 1
2936 5369 2921 1
3890 5370 2845 1
7582 5370 4487 1
6398 2937 6401 1
5371 6229 328 1
7252 2938 3891 1
5313 6400 7252 1
267 5372 7283 1
2941 5372 7771 1
5327 580 619 1
5327 560 580 1
418 5345 7374 1
6422 418 5374 1
7253 2837 3892 1
7382 5312 5314 1
449 5375 2946 1
6338 6412 2902 1
449 2946 5376 1
2952 7362 5378 1
6530 6418 2950 1
2948 7360 5377 1
6622 7362 2952 1
2952 5378 7359 1
391 7776 5379 1
6348 391 5379 1
6372 5380 2954 1
6406 6426 2943 1
6372 5381 5383 1
2956 5381 2955 1
6428 5356 5382 1
6370 7270 3909 1
6320 6435 2960 1
5383 5381 2956 1
349 2959 5384 1
6876 5384 5387 1
6320 2960 5385 1
5385 6423 379 1
5392 5386 2963 1
2963 5386 7763 1
6876 5387 2965 1
2965 5387 7354 1
366 5388 2966 1
6431 6450 2958 1
366 5389 6295 1
2968 5389 2967 1
4867 4931 4942 1
2970 5390 7351 1
6504 5391 2972 1
2972 5391 6899 1
334 5386 5392 1
334 5392 6462 1
6470 7347 2976 1
2965 7354 5393 1
7765 5384 5394 1
5394 6381 7765 1
317 2977 5395 1
317 5395 6383 1
2979 2978 5396 1
6383 5397 7343 1
7343 5397 6475 1
5400 5398 2984 1
2984 5398 2983 1
6492 5399 2986 1
2986 5399 2985 1
294 5398 5400 1
294 5400 7606 1
281 5401 2989 1
6484 5401 2976 1
6476 287 5402 1
5403 3002 2986 1
2998 3002 5403 1
302 5404 3006 1
3006 5404 6496 1
302 5405 5408 1
3008 5405 3007 1
5406 6771 5409 1
3008 3007 5406 1
6458 5407 2972 1
2973 5407 6505 1
5408 3008 3011 1
5408 5405 3008 1
325 5409 5424 1
6630 5410 3020 1
3020 5410 3019 1
7606 5411 3022 1
3022 5411 6514 1
301 7619 5412 1
4485 301 5412 1
5413 2969 7547 1
2970 7351 6911 1
7257 3027 5414 1
5470 7340 5416 1
471 6178 7258 1
6943 5415 6524 1
3896 7258 6526 1
3032 3896 6526 1
5470 5416 3034 1
3034 5416 7754 1
5417 6531 3035 1
4497 6526 7546 1
395 5390 5418 1
6535 395 5418 1
6458 2971 5419 1
6506 360 5419 1
6132 5420 3042 1
6536 6539 3041 1
6132 5421 5423 1
3044 5421 3043 1
3045 5422 6545 1
5429 6548 3048 1
5423 5421 3044 1
6361 5424 3050 1
5425 3045 3898 1
7259 3052 5426 1
426 7259 7328 1
388 7326 7279 1
3055 5427 6556 1
351 5428 6562 1
359 5423 5429 1
3013 6507 6682 1
353 6563 6089 1
6572 5430 3058 1
384 3073 6086 1
3076 5432 3075 1
5431 3074 5433 1
353 5433 3081 1
292 3064 5434 1
5434 3640 292 1
316 5435 3900 1
3900 5435 3899 1
3902 5436 2931 1
2931 5436 7607 1
321 3065 5437 1
5437 3050 321 1
249 3018 5438 1
6493 249 5438 1
517 3035 5439 1
5439 4514 517 1
6582 3083 5440 1
2334 562 5440 1
3087 5441 3086 1
320 5442 3082 1
5443 3075 3903 1
3076 3075 5443 1
7264 3090 5444 1
420 5444 5542 1
7265 2787 3904 1
377 5282 5288 1
225 6493 5445 1
225 5445 5446 1
6080 5446 196 1
196 5446 5450 1
5450 223 5449 1
197 5449 222 1
225 5446 5448 1
3000 225 5448 1
204 6080 5452 1
7298 3346 6221 1
6915 6916 5373 1
7318 6715 178 1
5450 5446 223 1
5451 7318 178 1
6080 196 182 1
182 7318 5451 1
182 5451 5454 1
5455 5452 187 1
5451 178 5453 1
159 5453 139 1
5454 159 164 1
5504 159 144 1
7317 5454 164 1
5454 5451 159 1
204 5452 5455 1
3004 204 5455 1
6711 5456 3095 1
6711 3095 5457 1
465 5457 3905 1
6598 3096 5458 1
6612 506 5458 1
3905 7266 3101 1
7615 7266 4507 1
5461 5459 3103 1
3103 5459 7730 1
504 7310 5138 1
463 5459 5461 1
6552 463 5461 1
3906 7267 3108 1
3108 7267 7616 1
5462 2949 3907 1
7769 2949 5462 1
3908 5463 3026 1
7618 5463 4513 1
437 6620 6420 1
2952 5464 7727 1
232 3004 5465 1
232 5465 3113 1
243 3117 5467 1
5934 5467 6627 1
255 5468 3920 1
243 5469 3020 1
3909 7270 3025 1
7270 4492 3025 1
6455 7340 5470 1
5471 3130 3910 1
6637 3130 5471 1
5472 2825 7306 1
2826 7386 5472 1
5473 3127 6642 1
6628 5473 241 1
462 5474 6655 1
6646 6647 3137 1
7706 6650 3139 1
4476 7569 5475 1
7275 6653 3141 1
6596 3091 5476 1
3916 7274 5836 1
3108 3916 6654 1
3917 7275 6657 1
3142 3917 6657 1
7388 5478 3145 1
6658 5478 2945 1
7388 3145 5479 1
6252 256 5479 1
6661 3146 5480 1
229 5480 3152 1
5481 3147 3918 1
5480 6666 3152 1
657 710 5029 1
7720 947 4924 1
556 6388 5483 1
498 5546 3944 1
139 5453 157 1
544 6613 5815 1
6605 6672 3099 1
5486 5815 6674 1
5815 5484 3163 1
590 5485 3166 1
6675 5485 3165 1
544 5486 5772 1
3926 5487 3170 1
6681 6680 3169 1
6688 5488 3172 1
3172 5488 3171 1
5735 5138 3176 1
6689 5489 6690 1
504 5735 5490 1
6591 504 5490 1
499 7293 5491 1
499 5491 7281 1
6490 3178 5750 1
541 5492 6765 1
7281 5493 3183 1
6698 6699 3182 1
5542 5494 3185 1
3185 5494 3184 1
7376 2829 5495 1
5495 2865 421 1
7279 5427 7291 1
7291 5427 3056 1
6765 5496 3187 1
3187 5496 6707 1
3930 5497 3051 1
3051 5497 7638 1
6709 599 3188 1
2853 599 6709 1
3114 212 5498 1
193 187 5499 1
193 5499 6686 1
172 7317 164 1
5499 187 7317 1
6686 5500 177 1
177 5500 5501 1
5505 5501 152 1
152 5501 5502 1
172 164 5502 1
5501 172 5502 1
152 149 131 1
177 5501 5503 1
177 5503 7019 1
5502 164 5504 1
5503 5501 5505 1
163 143 5506 1
163 5506 5510 1
5506 143 5743 1
5506 5507 7029 1
5510 5508 174 1
3192 3190 5508 1
7019 5509 185 1
185 5509 6710 1
6710 5510 174 1
5510 5506 5508 1
3189 5511 192 1
192 5511 3191 1
192 3191 3154 1
3154 3191 3193 1
5507 128 136 1
128 116 136 1
197 222 5512 1
5512 5515 197 1
208 5512 4807 1
247 7285 5513 1
3147 6662 5513 1
222 5514 242 1
3018 242 5514 1
222 242 3071 1
222 5449 5514 1
3133 5515 6590 1
5512 208 5515 1
136 116 5516 1
6597 4799 7167 2
148 5516 5650 1
585 5517 3196 1
6683 6717 3171 1
5520 585 5738 1
3198 5518 6720 1
6719 3939 5519 1
6732 5519 5522 1
585 5518 5738 1
585 5520 6706 1
3311 5579 6066 1
6732 5522 3207 1
7282 5522 6731 1
5523 6733 3208 1
6725 3202 5523 1
627 5524 6745 1
670 3209 5525 1
670 5525 3941 1
6745 5526 3214 1
7686 6289 3213 1
6706 5527 3186 1
3186 5527 6744 1
6740 5528 3214 1
588 3216 5529 1
5534 5529 5531 1
581 3217 5530 1
581 5530 7278 1
5534 5531 3222 1
625 5306 6811 1
6757 7685 3223 1
7272 5532 3226 1
3226 5532 3225 1
540 3221 5533 1
4542 540 5533 1
588 5529 5534 1
2779 6192 7759 1
7682 3229 5535 1
6693 541 5535 1
5536 3230 3940 1
3182 3230 6698 1
6737 3206 5537 1
714 5538 7497 1
3235 5538 3234 1
3941 5539 3237 1
3237 5539 3236 1
7686 3213 6546 1
6751 624 5540 1
211 3144 5541 1
5541 3441 7175 1
6585 6779 3086 1
5542 5444 5494 1
423 5543 5545 1
3243 5543 3242 1
459 6781 7658 1
3245 5544 3244 1
423 5545 3247 1
3247 5545 5611 1
5546 3244 3944 1
3245 3244 5546 1
498 3945 5547 1
498 5547 7289 1
7289 5548 3251 1
3251 5548 3250 1
6789 5680 5549 1
505 5549 3350 1
7289 3251 3946 1
7289 5547 5548 1
5550 3252 3947 1
3253 3252 5550 1
5553 5551 3258 1
3258 5551 6799 1
7256 5676 5552 1
592 7256 6972 1
552 5551 5553 1
552 5553 6924 1
630 5554 3262 1
6759 6807 3225 1
630 3262 5555 1
5570 5555 5558 1
673 5666 5627 1
7666 5556 6813 1
5560 673 5610 1
3267 5557 6816 1
5570 5558 3269 1
716 3949 5559 1
716 5559 5562 1
673 5557 5610 1
6817 673 5560 1
3275 5561 3274 1
6900 5562 3277 1
6972 5563 3279 1
6847 6124 3278 1
6137 3261 5564 1
5564 4556 551 1
6924 5565 3283 1
6962 6107 3282 1
678 5566 3284 1
6823 6130 3273 1
678 5567 7234 1
3286 5567 7655 1
7655 3285 5568 1
6919 722 5568 1
678 7234 6849 1
3290 5569 4430 1
630 5555 5570 1
6801 630 5570 1
7231 5571 3292 1
6850 3292 7227 1
7231 3292 5572 1
638 5572 3950 1
7650 3293 5447 1
6863 635 5573 1
3950 7292 3298 1
7664 7292 4549 1
6859 3297 5574 1
594 5574 7295 1
7648 3299 5575 1
600 5575 5583 1
7295 5576 3304 1
6892 6867 3303 1
647 5577 3305 1
6856 6870 3296 1
5579 647 7689 1
3306 5578 6873 1
647 5578 7689 1
647 5579 6883 1
741 3953 5580 1
5580 4559 741 1
6059 3310 5581 1
6975 650 5581 1
6883 5582 3319 1
7221 5582 6882 1
600 5583 3320 1
6881 3320 7218 1
5586 5584 3322 1
3322 5584 3321 1
558 6887 5591 1
3324 5585 6890 1
600 5584 5586 1
6861 600 5586 1
554 3325 5587 1
554 5587 7299 1
5588 3326 3329 1
3296 5573 5447 1
7299 5589 3331 1
3331 5589 3330 1
6956 570 3333 1
3333 5590 3332 1
5591 3324 3328 1
5591 5585 3324 1
7295 3304 3955 1
7295 5574 5576 1
5592 6902 3336 1
6824 3272 5592 1
718 3336 5593 1
6839 718 5593 1
6910 5594 6909 1
6908 3338 5594 1
770 7296 5595 1
770 5595 3968 1
682 6856 5596 1
4550 682 5596 1
715 5597 3345 1
7215 5597 6917 1
715 3345 5598 1
715 5598 3959 1
3958 7298 6221 1
3348 3958 6922 1
5549 5599 3350 1
6834 6100 3283 1
721 754 776 1
3352 5600 3351 1
6965 6927 5605 1
3354 5601 6930 1
3960 5602 3254 1
3254 5602 7678 1
6933 3355 6934 1
6784 3243 5603 1
472 5604 3358 1
6937 5604 3357 1
5605 3354 3370 1
5605 5601 3354 1
5606 435 410 1
5606 3371 435 1
6941 396 5608 1
5608 352 3379 1
397 3375 5609 1
3380 397 5609 1
3375 398 3385 1
424 3383 5611 1
5611 3246 424 1
6948 478 3388 1
6948 3367 478 1
5616 492 5615 1
5612 3388 492 1
5613 457 422 1
361 4789 5614 1
361 5614 3386 1
457 5616 5620 1
5615 3392 500 1
5616 457 5613 1
5616 5612 492 1
5619 5617 429 1
429 5617 5623 1
5623 5618 469 1
5618 500 469 1
422 5617 5619 1
422 5619 382 1
5620 500 5618 1
5620 5615 500 1
469 5621 514 1
514 5621 6957 1
6957 5622 548 1
6953 5622 3392 1
5623 5626 441 1
5623 5617 5618 1
390 5624 393 1
5553 3258 6140 1
5649 5625 529 1
529 5625 3434 1
469 481 5626 1
5623 469 5626 1
7234 5567 3286 1
495 451 5649 1
3961 5628 3335 1
3335 5628 7679 1
6959 3402 6961 1
6804 551 5629 1
764 3276 5630 1
6906 764 5630 1
3962 5631 3408 1
3408 5631 7681 1
3963 5632 3298 1
3298 5632 7684 1
279 4794 295 2
7221 3318 5633 1
618 5634 5251 1
5251 5634 7632 1
663 5635 3411 1
6878 6980 3317 1
3413 5636 7006 1
618 3415 6955 1
709 5637 3966 1
6990 6989 7626 1
5638 5636 3413 1
3404 632 5640 1
675 6991 5647 1
3426 5641 3425 1
745 3969 5642 1
745 5642 7337 1
6909 5594 3338 1
5643 422 382 1
5643 5613 422 1
3377 5644 356 1
356 5644 350 1
350 5644 5645 1
338 350 5645 1
429 5623 441 1
596 5646 3435 1
3435 5646 3421 1
5647 3426 3437 1
5647 5641 3426 1
632 3403 5648 1
5648 3414 5639 1
390 393 5695 1
5695 5645 390 1
481 5625 5649 1
5649 451 481 1
5710 5650 140 1
5650 7027 140 1
7399 2805 5301 1
3240 5651 3441 1
105 97 5652 1
125 105 5652 1
3975 5653 3255 1
3255 5653 7704 1
6119 876 2676 1
6240 7199 2812 1
7201 3442 3976 1
7201 5654 3442 1
7308 5655 3977 1
3977 5655 3443 1
5656 3155 3448 1
3156 3155 5656 1
7134 3204 634 1
7337 5657 3452 1
7021 7022 3451 1
3453 148 7529 1
5658 3132 7023 1
7124 5472 7306 1
125 5652 5650 1
3457 114 121 1
101 121 114 1
5256 5262 598 1
6825 3460 3274 1
3236 3460 6825 1
5659 680 2713 1
5659 2709 680 1
3437 5660 675 1
3419 675 5660 1
5262 617 5260 1
563 5201 515 1
5661 5270 515 1
1424 3993 5662 1
1424 5662 3996 1
1362 4001 5663 1
1362 5663 4007 1
1511 4003 5664 1
5664 4371 1511 1
5665 3475 3480 1
4603 3475 5665 1
5665 3480 3484 1
6843 6728 6841 1
5568 6728 3288 1
3485 1349 5667 1
5668 5678 1269 1
5669 5671 1238 1
3488 1300 5669 1
1322 3489 5670 1
3484 1322 5670 1
5668 1269 5671 1
5669 1300 5671 1
1266 5672 7053 1
1211 5672 4868 1
7050 5673 1264 1
2105 1264 5673 1
4868 5672 5674 1
5674 1238 5675 1
5672 1238 5674 1
1213 5674 5675 1
5671 1269 5675 1
1243 5675 1269 1
5610 5557 3267 1
5610 3267 6822 1
1097 1162 5677 1
1072 1097 5677 1
5668 1325 5678 1
1161 1153 1227 1
1161 1227 1222 1
1195 5679 1156 1
5679 1098 4932 1
5627 5556 3265 1
5762 917 953 1
858 879 5681 1
5681 784 858 1
5666 3263 5556 1
5627 5666 5556 1
3493 5682 3492 1
4009 5683 3494 1
3494 5683 7735 1
6992 4561 745 1
4010 5685 3499 1
3499 5685 7741 1
4011 4948 7528 1
7528 4948 3497 1
5686 3498 4012 1
4617 7741 5686 1
4016 7327 7184 1
3506 4016 7184 1
7752 3507 5687 1
7697 786 5687 1
798 5688 7330 1
3510 5688 3509 1
85 101 5689 1
5689 82 85 1
714 5690 3236 1
3236 5690 3460 1
859 4046 5691 1
4691 7072 5691 1
4061 7335 5692 1
3512 4061 5692 1
4062 7073 5693 1
3542 4062 5693 1
344 311 5694 1
348 344 5694 1
357 5695 393 1
417 5624 441 1
6110 5553 6140 1
1779 1806 1762 1
1779 1762 4942 1
1762 1806 5696 1
5696 7178 1762 1
642 692 648 1
692 5023 648 1
684 642 5697 1
6055 3412 6987 1
6798 3257 5676 1
642 5698 619 1
5698 5325 5327 1
7050 5699 3487 1
3487 5699 3481 1
5109 1263 5700 1
5700 1337 1318 1
797 5701 760 1
1821 4071 4073 1
4073 4071 4072 1
562 4796 6582 1
3084 5702 7795 1
5703 1868 1897 1
5707 5706 153 1
5704 3550 179 1
3558 5705 3557 1
3557 5705 3556 1
5706 179 3558 1
5704 179 5706 1
5707 153 5711 1
5707 5704 5706 1
201 5708 3560 1
7083 5708 3559 1
201 3560 5709 1
5709 7078 201 1
153 5710 140 1
148 5650 5710 1
5711 153 140 1
7088 3566 5712 1
1532 5712 3573 1
4075 5713 2599 1
2599 5713 7796 1
5712 5714 3573 1
3573 5714 7096 1
7108 5715 3575 1
3575 5715 3574 1
7093 3571 5716 1
1562 5716 4076 1
1532 3573 7097 1
7102 5717 4709 1
4076 5718 3578 1
6053 5718 2527 1
1562 4076 7341 1
7341 7217 1562 1
6789 3250 5680 1
5680 3250 6793 1
5720 3583 4079 1
5720 4077 3583 1
1057 1087 5721 1
1103 5100 5721 1
5722 661 3585 1
5722 5023 661 1
676 3586 5723 1
6729 676 5723 1
1141 3587 3589 1
3589 3587 3588 1
1203 3591 5724 1
5754 1203 5724 1
7121 1145 5725 1
5725 1163 2431 1
7084 7123 3561 1
4588 3458 5726 1
1758 1801 5727 1
5727 1733 1758 1
601 5728 3158 1
3158 5728 3596 1
5483 3596 3597 1
3600 5729 1692 1
1657 1692 5729 1
7456 7713 571 1
542 5730 582 1
2716 582 5730 1
3602 5731 1384 1
4879 1384 5731 1
5206 5732 1586 1
1586 5732 3603 1
3603 3581 5733 1
3638 3603 5733 1
655 2343 5734 1
5734 2342 655 1
1358 1333 1307 1
1325 1358 5678 1
809 5736 782 1
875 5737 3431 1
7131 5737 3607 1
780 7502 7859 1
7859 4730 780 1
5545 5543 3243 1
1948 7855 4432 1
2635 5739 7813 1
5740 3450 7135 1
3450 5740 2342 1
817 836 883 1
911 883 836 1
214 7854 3559 1
3559 5741 7137 1
6113 5742 2678 1
2678 5742 7140 1
6586 6778 5329 1
5329 3241 5543 1
1799 1837 5761 1
5761 2168 1799 1
2467 5744 1964 1
5744 2468 1964 1
1696 5745 1632 1
3228 5719 6763 1
2017 7081 2031 1
3607 5746 3432 1
5773 5747 1334 1
5747 5102 5107 1
1844 4106 5748 1
5748 4953 1844 1
5870 7149 2192 1
4952 7146 5749 1
588 5528 3216 1
588 3215 5528 1
5752 5751 1101 1
1101 5751 3624 1
5751 1163 5725 1
3630 7165 5752 1
5783 5753 1276 1
5758 5095 5753 1
1263 1203 5754 1
1276 5700 5754 1
1861 4363 1837 1
1960 3627 5755 1
3544 1960 5755 1
1064 4122 5756 1
5756 4465 1064 1
6138 5757 2717 1
7517 5757 4760 1
7851 5129 1987 1
5738 5518 3198 1
1306 5095 5758 1
1573 5061 1462 1
5759 619 580 1
5759 5258 5697 1
128 5743 119 1
7234 3286 5569 1
1083 2393 5760 1
1083 5760 3593 1
4363 5761 1837 1
792 2354 3407 1
3407 2354 3613 1
953 1011 5762 1
5627 3265 5557 1
863 907 5763 1
5763 5785 863 1
7120 5764 3589 1
3589 5764 7156 1
1412 3659 5765 1
4165 1412 5765 1
5766 924 2710 1
5767 975 944 1
5767 2710 975 1
760 5768 797 1
152 131 143 1
143 131 119 1
4131 4130 7522 1
4134 5769 3632 1
3632 5769 7160 1
5770 1974 7438 1
5771 886 820 1
4943 4949 5771 1
5492 5750 3181 1
5979 5773 1334 1
5773 5108 5747 1
5087 2390 5774 1
5973 5087 5774 1
133 157 5775 1
5775 135 133 1
5776 1004 2711 1
2156 1004 5776 1
1440 4879 5731 1
1557 2636 5777 1
1557 5777 3638 1
5733 4843 4847 1
4875 911 5785 1
3179 5491 6491 1
5745 1647 1632 1
5785 836 5239 1
5779 158 5775 1
158 5779 406 1
1529 1544 5096 1
5677 5022 1072 1
5780 1544 1529 1
5679 4932 5020 1
3641 5781 1762 1
4942 1762 5781 1
1468 5782 2147 1
7109 5782 3582 1
4153 4855 2122 1
1276 5754 5783 1
5783 5106 5753 1
7268 3110 5784 1
3083 524 5784 1
7364 3438 4154 1
4571 3438 7364 1
5249 4946 688 1
911 836 5785 1
5763 944 5785 1
300 4793 2061 2
2061 314 2060 2
2063 4797 2062 2
286 2063 5787 2
286 5787 3079 1
4801 208 2064 2
5788 2065 2066 1
5788 1239 2065 1
5789 1326 4811 1
4837 4812 2068 1
5790 1265 4813 1
1188 4814 5791 1
2088 1188 5791 1
5792 2071 2072 1
5792 1390 2071 1
4848 4817 2073 1
5793 2074 2075 1
5793 1360 2074 1
5794 2076 2077 1
5794 1270 2076 1
5795 1302 4818 1
5796 1225 4821 1
5797 1291 4823 1
5798 2082 2083 1
5798 1283 2082 1
5799 2084 2085 1
5799 1150 2084 1
5800 2086 2087 1
5800 1247 2086 1
5801 2088 2089 1
5801 1188 2088 1
1360 4826 5802 1
2074 1360 5802 1
5803 1257 4827 1
5804 2092 2093 1
5804 1313 2092 1
1282 4823 5805 1
1282 5805 5851 1
5851 5806 2094 1
2094 5806 4832 1
4891 5806 4876 1
5807 2083 1304 1
1280 4813 5807 1
4155 5808 2095 1
2095 5808 4159 1
5840 1280 4155 1
1309 4818 5809 1
1309 5809 5811 1
5811 5810 2097 1
2097 5810 4157 1
2098 5811 2097 1
5811 5809 5810 1
1242 4827 5812 1
1242 5812 5814 1
5814 5813 2099 1
2099 5813 4162 1
2100 5814 2099 1
5814 5812 5813 1
1248 4838 5816 1
1248 5816 2104 1
5816 5817 2104 1
2104 5817 2103 1
5138 7310 3105 1
4898 5817 5861 1
4840 2074 5802 1
4844 2088 5791 1
4903 5818 2110 1
2110 5818 2109 1
5818 4864 2109 1
1339 1353 5819 1
2112 5832 5819 1
1208 1194 5820 1
2114 5830 5820 1
4849 2084 4819 1
4901 5821 2117 1
2117 5821 2116 1
2116 5821 5838 1
4851 5822 1413 1
5822 4824 1413 1
1405 5823 2119 1
2119 5823 2118 1
2118 5823 5849 1
4854 5824 1446 1
7858 5171 1578 1
4854 2120 2121 1
2124 1171 5826 1
4856 5826 2125 1
2113 2125 5827 1
6911 2969 5413 1
5828 1309 5811 1
5828 2126 1309 1
5829 2098 4834 1
5829 2127 2098 1
4857 2126 5828 1
5830 1208 5820 1
5830 2128 1208 1
5831 2114 1168 1
5831 2129 2114 1
5832 1339 5819 1
5832 2130 1339 1
5833 2112 1376 1
5833 2131 2112 1
2132 1131 5834 1
2132 5834 4864 1
2109 2133 5835 1
4845 5835 1123 1
4864 5834 2133 1
6677 6561 590 1
590 3164 5485 1
5838 5837 2135 1
5837 4153 2135 1
2116 5838 2135 1
5838 7501 5837 1
1268 2086 5839 1
1268 5839 5861 1
5839 2086 2069 1
5861 5840 2136 1
2096 5840 4155 1
4871 5841 2138 1
5841 4892 2138 1
4841 5842 1412 1
5842 7181 1412 1
2140 4822 2075 1
2140 1372 5844 1
4874 5844 2141 1
2111 2141 5845 1
2111 5845 1376 1
2142 1242 5846 1
2143 4876 5846 1
2143 2100 5847 1
5852 2143 5847 1
5848 1434 2144 1
5848 4824 4877 1
2118 5849 2144 1
5849 5848 2144 1
1301 2068 5850 1
5857 5850 2146 1
5850 2068 2081 1
5850 5851 2146 1
2146 5851 2094 1
5851 5805 5806 1
2120 1446 2147 1
4832 5806 4891 1
2148 2143 5852 1
2148 5852 4167 1
2101 5853 2134 1
4785 2039 2038 1
5856 5854 2150 1
2150 5854 4182 1
2138 5855 5842 1
5842 5855 7181 1
4892 5856 2150 1
5856 4852 5854 1
2102 1301 5857 1
2152 4894 5857 1
544 5815 5486 1
5992 2152 5858 1
2121 5859 2154 1
7803 2154 5859 1
4896 2154 4161 1
4898 5861 2136 1
5861 5839 5840 1
2155 2136 5862 1
2155 5862 4762 1
4898 2103 5817 1
2145 5863 2156 1
3781 4091 7861 1
5864 2158 3662 1
5864 3646 7369 1
5865 2159 3657 1
5865 3647 7370 1
2160 4870 2139 1
5866 2161 3667 1
5866 3648 7371 1
2163 2164 4926 1
4921 5867 1084 1
1084 5867 2167 1
2167 5867 2166 1
5868 2168 5761 1
5869 1799 2168 1
5869 4923 4936 1
2165 5869 2168 1
4935 4922 2169 1
2192 2191 5870 1
5870 5749 7149 1
4956 2189 2193 1
2195 2194 5871 1
2195 5871 5873 1
5873 7485 2198 1
4951 2198 5872 1
2199 5872 5875 1
4951 5873 2198 1
5873 5871 7485 1
5875 5874 2201 1
5877 5874 2204 1
5748 2201 4953 1
5748 5875 2201 1
5875 5872 5874 1
2203 2200 4954 1
5874 5876 2204 1
2204 5876 5881 1
5877 2204 1821 1
5877 2201 5874 1
5878 2201 5877 1
4953 2201 5878 1
2206 2203 4957 1
5881 5879 2207 1
2208 4958 5880 1
2208 5880 4701 1
7486 5881 2207 1
5881 5876 5879 1
5879 5884 2209 1
5882 2207 2209 1
4958 2207 5882 1
5884 5883 2198 1
5872 2198 5883 1
7485 5884 2198 1
2216 2215 5885 1
2216 5885 4987 1
2223 2220 4960 1
2227 2226 5886 1
2223 5887 2224 1
4976 5887 1619 1
2224 5887 1642 1
2229 2228 5888 1
2229 5888 5891 1
5891 5889 2232 1
5894 5889 2237 1
2233 4978 5890 1
4202 7387 5890 1
4977 5891 2232 1
5891 5888 5889 1
5889 5892 2237 1
2237 5892 2236 1
7173 5894 5893 1
2268 7173 5893 1
7481 4978 5894 1
2234 5895 2238 1
4980 5895 4976 1
2238 5895 1590 1
5004 2239 2238 1
7475 5896 2242 1
5898 5896 4974 1
7475 2242 5897 1
2243 5897 5901 1
4987 5885 5896 1
2242 5896 5898 1
2244 2242 5898 1
2244 5898 5899 1
2244 5899 5904 1
5899 5898 5886 1
5900 2245 3671 1
5900 4989 5901 1
5900 5901 2245 1
5901 4197 2245 1
5904 5902 2246 1
2246 5902 5906 1
4198 5903 1713 1
1713 5903 3672 1
7384 5904 2246 1
5904 5899 5902 1
5906 5905 2233 1
5905 4975 4977 1
7387 5906 2233 1
5906 5902 5905 1
7172 5908 2264 1
5907 4202 1662 1
2265 7172 7390 1
2265 7390 4235 1
7172 7391 5907 1
7170 7481 7173 1
5907 1662 5908 1
2268 5893 5910 1
5910 5909 2272 1
2272 5909 2276 1
7395 5910 2272 1
5910 5893 5909 1
5909 5911 2276 1
2276 5911 2241 1
2289 113 5912 1
5913 2272 2276 1
4995 2272 5913 1
2280 4245 5914 1
7183 2280 5914 1
2285 5916 5915 1
5921 2285 5915 1
2285 7183 5916 1
5915 5916 2284 1
5919 7107 2277 1
4245 1576 5917 1
2289 5912 5918 1
2289 5918 2292 1
5919 5917 7107 1
2294 4257 5920 1
7186 2294 5920 1
2299 5921 5923 1
2299 7186 5921 1
5923 5921 5915 1
5923 1533 2304 1
2304 1533 2293 1
2305 5000 5922 1
2313 2305 5922 1
4999 5923 2304 1
5011 2302 2308 1
5924 1530 3718 1
4261 1530 5924 1
2310 3726 7410 1
5925 3721 1506 1
5926 7410 5925 1
5002 2308 2288 1
5926 1506 2311 1
5926 5925 1506 1
562 7313 6197 1
5927 2310 2311 1
5928 2310 5927 1
5001 2310 5928 1
2311 5929 5930 1
5929 4998 4999 1
5003 5930 2305 1
5930 5929 2305 1
2319 2318 5931 1
7039 2319 5931 1
2326 2323 5009 1
2328 2325 5010 1
5012 2327 2326 1
5028 5932 5728 1
622 5033 5933 1
5478 5825 6659 1
2332 2330 5035 1
2335 2332 5040 1
2333 5937 2336 1
7274 3140 5836 1
6645 5935 571 1
571 5935 5041 1
2338 5937 5936 1
2338 5936 2339 1
5936 5937 2335 1
5836 3140 4517 1
2340 5044 5938 1
2340 6675 3165 1
5050 5939 691 1
5939 5040 691 1
5940 711 5054 1
5940 5050 5051 1
2344 5054 5053 1
2344 5941 2345 1
5942 5941 5060 1
2345 5941 720 1
5942 2346 2347 1
5942 5060 769 1
5942 769 2346 1
2346 5943 2348 1
5943 5059 5063 1
2348 5943 794 1
2349 5944 2351 1
5944 5064 5065 1
2351 5944 827 1
2354 5945 864 1
5070 5945 5066 1
2354 2352 5945 1
2356 5072 2355 1
2357 5946 2359 1
5076 5946 5073 1
2359 5946 979 1
2362 2360 5077 1
2366 2365 5947 1
2366 5947 5682 1
2371 2370 5948 1
2371 5948 5951 1
5951 5949 2374 1
2374 5949 5954 1
2375 5950 7059 1
910 5950 3727 1
5080 5951 2374 1
5951 5948 5949 1
5954 5952 2378 1
2378 5952 2380 1
4264 5953 956 1
956 5953 5082 1
7411 5954 2378 1
5954 5949 5952 1
2376 2369 5955 1
1059 5955 3630 1
1059 2376 5955 1
5952 977 2380 1
2380 977 2373 1
5959 5083 5957 1
2381 5083 5959 1
5956 2378 2380 1
5082 5953 5956 1
5959 5957 2383 1
2383 5957 2385 1
4265 5958 1003 1
1003 5958 5085 1
7412 5959 2383 1
5957 1022 2385 1
2385 1022 2389 1
2386 5087 5960 1
5965 2386 5960 1
5961 2383 2385 1
5085 5958 5961 1
2384 4265 5962 1
7190 2384 5962 1
7164 4266 7413 1
4628 7750 7164 1
4267 7414 2391 1
7417 7414 4269 1
5963 2394 3731 1
5963 7417 2394 1
2394 4269 5964 1
7191 2394 5964 1
2396 5965 5960 1
5974 2396 5960 1
2396 7191 5965 1
7418 1048 5969 1
7192 2395 5966 1
2398 5968 5967 1
2398 5967 4272 1
5969 1048 4270 1
5966 7418 5969 1
2400 5092 7428 1
4281 2400 7428 1
2400 3733 7421 1
2400 7421 5092 1
2399 4270 5970 1
2404 2399 5970 1
7470 7160 3634 1
2404 5970 5971 1
2403 7425 5972 1
2407 2403 5972 1
2407 5974 5973 1
2407 5972 5974 1
5973 5974 5960 1
2408 4277 7427 1
7193 2408 7427 1
2410 4281 7428 1
4302 7431 7428 1
4305 7440 7441 1
2425 4305 7441 1
4146 5976 1134 1
1134 5976 3761 1
2426 3759 5977 1
5978 2432 2433 1
5978 5110 5111 1
5978 1275 2432 1
2435 5112 2434 1
5113 5979 1334 1
5979 5111 5773 1
2440 5980 2443 1
1296 5980 2447 1
2443 5980 1296 1
2445 2444 5981 1
2445 5981 5998 1
2447 5980 2446 1
1296 2447 5982 1
5982 2447 2106 1
5985 2160 1285 1
5985 2448 2160 1
2450 5986 5116 1
5990 5986 4894 1
2452 5117 5987 1
5116 5986 2451 1
2449 6479 2453 1
6616 6617 4880 1
2443 5999 1252 1
2451 5986 5990 1
5992 2451 5990 1
2454 5992 5991 1
7443 5991 3651 1
2454 5117 5992 1
5991 5992 5858 1
5993 2171 4169 1
5993 3762 7443 1
5987 5994 2456 1
2456 5994 4312 1
2457 5120 5995 1
5119 5987 2456 1
5121 5995 2461 1
2465 2461 5995 1
5121 2457 5995 1
5998 5996 2463 1
5996 5125 2463 1
4124 5997 1132 1
5997 4313 1132 1
7451 5998 2463 1
5998 5981 5996 1
5124 5999 2461 1
6624 7147 5860 1
2465 6000 5125 1
7843 2466 6000 1
6001 2466 4313 1
6001 5125 6000 1
6001 6000 2466 1
6002 2468 2469 1
6002 5134 5136 1
6002 1964 2468 1
6004 2470 2471 1
6004 5137 5139 1
6004 1881 2470 1
2476 2472 5144 1
2480 2479 6007 1
2480 6007 6010 1
7145 6008 2482 1
2482 6008 2484 1
2483 6009 7453 1
1812 6009 5147 1
7145 6010 6008 1
6010 6007 6008 1
6008 7001 2484 1
4314 7452 1845 1
1845 7452 5150 1
2485 2482 6012 1
2485 6012 4314 1
7453 1812 4315 1
7453 6009 1812 1
7454 2486 3766 1
7453 4315 2486 1
7001 1847 2488 1
2488 1847 2481 1
2489 6575 6015 1
6076 2489 6015 1
2489 6016 6575 1
5150 7452 6016 1
2486 4315 6017 1
7202 2486 6017 1
2491 4316 7455 1
2491 7455 7457 1
4317 7457 2493 1
4319 2493 7457 1
4318 6018 1739 1
7262 6018 3768 1
5153 4319 6019 1
2498 6019 4116 1
4116 6020 1769 1
6020 4396 1769 1
6021 2496 2500 1
5154 1877 6021 1
2499 6022 2502 1
6022 5131 5134 1
7424 5218 2673 1
2502 6022 1938 1
2505 1938 2469 1
1938 6002 2469 1
2508 5167 2507 1
2509 6024 2511 1
6024 5165 5166 1
2511 6024 1749 1
2513 5169 2512 1
2521 5171 2516 1
2523 2522 6026 1
2523 6026 6030 1
2524 2518 6027 1
7082 2871 7012 1
6030 6028 2526 1
2526 6028 6034 1
7432 2526 7204 1
6053 2527 6029 1
5174 6030 2526 1
6030 6026 6028 1
2529 2528 6031 1
2529 6031 6037 1
6034 6032 2530 1
6032 5175 5177 1
3798 6033 1651 1
6033 7205 1651 1
7459 6034 2530 1
6034 6028 6032 1
6037 6035 2534 1
2534 6035 6040 1
6036 2534 7205 1
6036 5177 6037 1
6036 6037 2534 1
6037 6031 6035 1
6040 6038 2536 1
2536 6038 2539 1
4320 6039 1695 1
1695 6039 5179 1
7460 6040 2536 1
6040 6035 6038 1
2535 6041 2538 1
6041 5158 5159 1
1931 7857 5984 1
2538 6041 1785 1
6038 1700 2539 1
2539 1700 2533 1
2540 5180 7007 1
7007 5187 2540 1
6043 2536 2539 1
5179 6039 6043 1
2541 6044 2544 1
5181 6044 5160 1
2544 6044 1820 1
2551 2478 6045 1
2551 6045 5184 1
2550 6046 2475 1
6046 5142 5143 1
2475 6046 1853 1
5184 6618 2487 1
6618 5148 2487 1
2552 6048 7461 1
6048 3766 1775 1
5184 6045 6618 1
7461 1775 4321 1
7461 6048 1775 1
7462 2553 3773 1
7462 5185 2553 1
5185 7461 2553 1
7461 4321 2553 1
6052 7466 2556 1
6051 3773 1740 1
2556 5186 6052 1
5182 5186 2556 1
6052 6051 7466 1
7466 1740 4327 1
6051 1740 7466 1
7467 2559 3778 1
7467 5187 2559 1
5187 7466 2559 1
7466 4327 2559 1
2559 4327 7468 1
7207 2559 7468 1
2562 4332 7469 1
7473 7469 4336 1
7474 2565 3784 1
7474 7473 2565 1
4337 7476 2567 1
4068 2567 7476 1
4088 6057 1660 1
7536 1660 6057 1
2568 5189 7478 1
2575 4351 6058 1
7210 2575 6058 1
7144 4357 7480 1
7780 7144 3770 1
4360 6060 2301 1
6060 3722 2301 1
4361 6061 1511 1
6061 3725 1511 1
4362 6062 2583 1
2583 6062 7494 1
7494 6063 2584 1
2584 6063 4364 1
6064 2584 3804 1
6064 3801 7494 1
2591 4375 6065 1
7216 2591 6065 1
4075 6067 1528 1
1528 6067 3823 1
4394 7507 2605 1
6069 7507 5147 1
2605 7507 6069 1
3825 2605 6069 1
6070 2485 4314 1
6070 6069 2485 1
7509 1845 6073 1
2610 2607 6071 1
2610 6071 6072 1
2610 6072 4398 1
6073 1845 4399 1
6071 7509 6073 1
6074 2611 3830 1
6074 7514 2611 1
2611 4399 6075 1
7222 2611 6075 1
5154 6076 6015 1
2615 7222 6076 1
2619 4411 7519 1
7520 2619 7519 1
6078 7515 1876 1
2623 4419 6078 1
5658 7124 3132 1
6079 6078 2626 1
7521 6079 3847 1
3847 6079 2626 1
5469 5934 3122 1
3844 2623 6078 1
2630 4131 4425 1
6617 5989 6615 1
6081 4428 7525 1
6081 7225 7224 1
1979 1937 5984 1
2626 4424 6083 1
7226 2626 6083 1
6084 2631 5203 1
6084 6083 2631 1
6452 2968 2967 1
6084 7226 6083 1
6085 1907 4429 1
6085 7521 1907 1
4426 4431 7525 1
465 6528 6711 1
2628 3848 6087 1
2628 6087 7530 1
2631 7527 6088 1
2501 2631 6088 1
5154 2615 6076 1
5154 6088 2615 1
212 187 5498 1
5455 187 212 1
159 5451 5453 1
5207 4883 1593 1
7229 6090 4443 1
4443 6090 4442 1
2621 6091 4416 1
4416 6091 4444 1
6092 3857 7535 1
3858 3857 6092 1
6086 5432 3076 1
7223 7593 1792 1
6094 1068 4455 1
4448 6325 6094 1
6095 2648 4456 1
6095 3865 7542 1
2647 4453 6096 1
7236 2647 6096 1
2651 4457 7545 1
7549 7545 4461 1
6097 2654 3869 1
6097 7549 2654 1
2654 4461 6098 1
7238 2654 6098 1
6099 2656 926 1
6099 6098 2656 1
7106 6049 6050 1
6099 7238 6098 1
4462 7551 2658 1
7554 7551 4463 1
2656 7550 6103 1
2660 6101 4464 1
980 6102 3873 1
7673 6103 2660 1
6103 6101 2660 1
6104 2662 3874 1
6104 7554 2662 1
2662 4463 6105 1
7241 2662 6105 1
6106 2665 876 1
6106 6105 2665 1
6054 4063 7780 1
6106 7241 6105 1
4466 6108 2667 1
2667 6108 6117 1
4467 6109 7424 1
7424 6109 5218 1
7558 2663 4466 1
2665 7557 6111 1
5216 2665 6111 1
2669 6112 6118 1
6112 6099 926 1
6114 6119 2670 1
6119 6106 876 1
2671 5219 6113 1
2678 2671 6113 1
5217 6114 2670 1
6117 6115 2672 1
6116 2672 3875 1
6116 5218 6117 1
6116 6117 2672 1
6117 6108 6115 1
6118 926 6122 1
6118 6112 926 1
6114 6106 6119 1
7133 6120 2671 1
6120 5214 5217 1
6113 822 5742 1
2678 7133 2671 1
3875 2672 6121 1
6122 5212 2661 1
2684 2661 980 1
2661 6102 980 1
2690 2689 6123 1
2690 6123 7141 1
6998 6056 4569 1
5228 2685 2691 1
2692 2686 5221 1
2687 2693 6126 1
5222 5236 6126 1
762 2687 6126 1
7560 2699 3873 1
6128 2664 4465 1
6128 3876 7560 1
2702 6129 2703 1
6131 6129 5228 1
2703 6129 6131 1
6089 5430 3072 1
6547 3047 5428 1
969 6131 2704 1
4899 6133 1043 1
6133 2717 7153 1
5232 2707 2688 1
3311 6066 6059 1
2709 2708 5233 1
3307 6872 6068 1
2710 2711 4904 1
5576 3300 6077 1
2713 5245 2712 1
2714 6136 2716 1
5246 6136 5244 1
2716 6136 582 1
2700 1034 6138 1
2705 5253 6138 1
6139 2718 2719 1
6139 5267 5269 1
3292 6082 6852 1
6139 521 2718 1
1493 1549 7531 1
2721 5268 2720 1
5270 6141 2722 1
6141 2723 2724 1
2734 2720 6143 1
6143 5266 5267 1
501 2734 6143 1
6805 414 6145 1
2739 5271 6145 1
6147 7823 6146 1
2739 6146 6154 1
2739 6145 6147 1
2739 6147 6146 1
2731 6148 2740 1
6148 5271 5273 1
7824 414 7819 1
2745 7823 6149 1
6151 2744 6150 1
7562 6150 3880 1
2745 6149 6151 1
2745 6151 6150 1
6154 6152 2746 1
2746 6152 6157 1
6153 2746 407 1
6153 5273 6154 1
6153 6154 2746 1
6154 6146 6152 1
6157 6155 2747 1
7126 6155 6160 1
6165 6156 367 1
367 6156 5275 1
7816 6157 2747 1
6157 6152 6155 1
2725 6158 2749 1
6158 5265 5278 1
2749 6158 555 1
7126 6160 2752 1
6160 3879 2752 1
6161 2752 7563 1
6161 7126 2752 1
6162 2747 7126 1
5275 6156 6162 1
2748 6156 6165 1
2754 6163 4468 1
2755 7420 6168 1
5151 1625 1607 1
7420 6165 2754 1
6165 6163 2754 1
5424 5409 3013 1
2758 6166 6169 1
428 7820 5276 1
2742 2741 2758 1
2741 6166 2758 1
6169 6167 2755 1
6167 7420 2755 1
2759 7814 386 1
6168 6164 386 1
5276 6169 7814 1
6169 6166 6167 1
2761 2744 6170 1
6170 7403 5290 1
6170 7819 2760 1
3350 6100 6925 1
6170 2744 7819 1
6172 2762 4471 1
6172 7562 2762 1
6834 6107 6962 1
2763 5278 573 1
7819 414 6173 1
6175 2760 6173 1
6175 2738 6174 1
6174 5279 2770 1
2766 2760 6175 1
2766 6175 6174 1
2767 461 6176 1
2770 5279 6176 1
2770 2769 6177 1
6181 6177 6180 1
6176 461 7118 1
6179 5280 6705 1
6192 6179 5297 1
6181 6180 2772 1
2772 6180 6184 1
6181 2772 401 1
6181 2770 6177 1
6184 6182 2773 1
2773 6182 6187 1
2774 2773 6183 1
2774 6183 6190 1
2774 6184 2773 1
6184 6180 6182 1
6187 6185 2775 1
6191 6185 5280 1
2776 7406 6186 1
6196 7077 7809 1
2776 6187 7406 1
6187 6182 6185 1
6190 6188 2777 1
2777 6188 6199 1
2778 2777 6189 1
6201 7099 6200 1
5283 6190 2777 1
6190 6183 6188 1
2775 6185 6191 1
2779 5284 7095 1
2781 5285 7759 1
2781 5286 6193 1
2781 6193 7080 1
7080 6193 7085 1
7080 2784 6194 1
2785 6194 6272 1
7077 6186 7809 1
3063 353 3081 1
7613 6195 4474 1
359 6132 5423 1
7076 5288 6196 1
6199 6188 7074 1
7265 3904 7074 1
2789 6198 6223 1
6198 4473 339 1
5289 6199 7405 1
7074 6188 7265 1
6201 6200 2790 1
2790 6200 6205 1
6201 2790 5277 1
6201 6202 7099 1
5290 7416 6202 1
6205 6203 2791 1
2791 6203 6208 1
2792 6204 7565 1
336 6204 5292 1
5291 6205 2791 1
6205 6200 6203 1
6208 6206 2793 1
2793 6206 6224 1
2794 2793 6207 1
2794 6207 7062 1
2794 6208 2793 1
6208 6203 6206 1
4472 6209 2795 1
2795 6209 6213 1
4471 6210 7402 1
7402 6210 5294 1
6213 6211 2796 1
2796 6211 6216 1
2797 2796 6212 1
2797 6212 6219 1
2797 6213 2796 1
6213 6209 6211 1
6216 6214 2798 1
6214 5292 5302 1
6215 2798 6234 1
6215 5295 6216 1
6215 6216 2798 1
6216 6211 6214 1
6219 6217 2800 1
2800 6217 4475 1
6280 6218 331 1
331 6218 3882 1
255 7810 5468 1
6219 6212 6217 1
67 6003 6255 1
2802 2771 2765 1
6316 2771 2802 1
6224 6222 2789 1
6222 5289 2789 1
2803 6223 339 1
6223 6198 339 1
5298 6224 7400 1
6224 6206 6222 1
2803 6225 6227 1
2804 6225 6230 1
2805 6226 305 1
305 6226 5300 1
5299 6227 2804 1
6227 6225 2804 1
6230 6228 2806 1
7567 6228 4473 1
2807 5309 6229 1
5371 6265 6229 1
2807 6230 2806 1
6230 6225 6228 1
2805 6231 7055 1
2808 6231 6260 1
2809 6232 6237 1
290 6232 5311 1
7055 6231 2808 1
6235 6233 2810 1
2810 6233 6238 1
2798 6235 6234 1
5305 6215 6234 1
6234 6235 2810 1
7062 6207 6233 1
6238 6236 2809 1
6236 5301 2809 1
2811 6237 290 1
6237 6232 290 1
6238 6233 6236 1
2811 290 6239 1
7015 7199 6240 1
7051 6239 6241 1
2812 6241 6240 1
6241 6239 6244 1
6249 6242 5311 1
2814 7799 7049 1
256 6243 5307 1
7799 6244 2813 1
6244 6242 2813 1
7201 288 6245 1
2799 2816 6245 1
6247 2815 6648 1
6246 5295 2799 1
2799 6245 6247 1
2799 6247 6246 1
5323 2818 2820 1
2813 6242 6249 1
7389 2813 6249 1
6251 2823 6259 1
2824 6250 6659 1
2824 6249 6251 1
2824 6251 6250 1
6640 6252 5479 1
2826 5472 6253 1
7707 6253 4533 1
5308 7049 7386 1
7386 6252 2825 1
6254 2827 4474 1
6254 7567 2827 1
6703 7085 5315 1
6256 2829 7376 1
6256 7035 2829 1
5310 2784 7035 1
4475 6257 2830 1
6649 6257 2815 1
6260 6258 2832 1
2832 6258 6263 1
2823 6260 6259 1
6250 6251 6259 1
6259 6260 2832 1
6260 6231 6258 1
6263 6261 7033 1
6264 6261 5300 1
2834 2833 6262 1
2834 6262 6268 1
2834 6263 2833 1
6263 6258 6261 1
7033 6261 6264 1
2835 5313 6265 1
6265 7028 6229 1
6265 6264 7028 1
3041 6142 6537 1
6268 6266 2836 1
2836 6266 6404 1
6267 2836 267 1
6267 5314 6268 1
6267 6268 2836 1
6268 6262 6266 1
2839 2838 6269 1
5983 2001 6159 1
6272 6270 2840 1
2840 6270 6275 1
2786 6272 6271 1
7076 6196 6271 1
6271 6272 2840 1
6272 6194 6270 1
6275 6273 2841 1
2841 6273 6278 1
2842 2841 6274 1
7570 6274 3890 1
2842 6275 2841 1
6275 6270 6273 1
6278 6276 2843 1
5310 6310 6276 1
2844 6277 6392 1
7009 383 6277 1
5318 6278 7379 1
6278 6273 6276 1
6279 2845 4477 1
6279 3883 7570 1
2801 6218 6280 1
2753 5319 6282 1
6282 2846 7247 1
6282 6280 2846 1
3039 2970 6532 1
6282 2801 6280 1
4478 6283 2847 1
2847 6283 4479 1
4469 5224 343 1
6178 3028 5415 1
3029 5414 6769 1
1682 1592 7540 1
5563 3260 6125 1
5320 2820 2764 1
531 5320 6286 1
531 6286 5321 1
580 5322 6287 1
6287 5759 580 1
6288 547 5326 1
6288 5324 547 1
3846 6499 7225 1
2851 5326 2850 1
6290 5324 5325 1
2853 6709 2856 1
2859 488 6292 1
2862 5330 6292 1
2862 2861 6293 1
6299 6293 6297 1
2864 5331 6294 1
2864 5338 6318 1
6488 6281 6487 1
2864 6294 5338 1
1572 6220 1727 1
6298 6297 2865 1
2865 6297 6302 1
6298 2865 5495 1
6299 2862 6293 1
2866 6299 6298 1
6298 6299 6297 1
6302 6300 2867 1
2867 6300 6305 1
2868 6301 7020 1
7020 6301 7378 1
5332 6302 2867 1
6302 6297 6300 1
6305 6303 2869 1
6303 5331 5339 1
2870 6997 6304 1
7581 6304 3886 1
2870 6305 6997 1
6305 6300 6303 1
7009 7377 383 1
2871 2868 7020 1
5334 2868 6306 1
2873 6308 6315 1
7012 6307 6309 1
2873 6309 6308 1
6256 6588 6310 1
6310 6993 6276 1
287 5396 6472 1
6309 6307 6312 1
5350 6311 400 1
6311 4483 400 1
5336 6312 2874 1
6312 7119 2874 1
6315 6313 2876 1
6313 5353 5355 1
5538 6737 5537 1
7518 6315 2876 1
6315 6308 6313 1
3966 7617 3965 1
4469 7248 5224 1
2878 2863 6042 1
5338 2863 2878 1
7375 6318 2881 1
440 6997 6317 1
6317 7375 2881 1
5402 6281 2985 1
4176 4175 1418 1
2883 5340 2881 1
2883 2882 6319 1
2449 5115 6479 1
1914 6014 7398 1
6470 312 7347 1
2888 5343 6321 1
2888 6321 4482 1
5341 6319 2887 1
5342 6319 470 1
2886 503 6322 1
2892 5342 6322 1
2892 2891 6323 1
6327 2892 6323 1
2453 6479 5121 1
7738 1571 6296 1
6779 3185 6777 1
6327 2887 7785 1
2893 6327 6326 1
2893 6326 6330 1
2893 5343 6327 1
6326 6327 6323 1
6330 6328 2894 1
2894 6328 6333 1
2895 2894 6329 1
2895 6329 6336 1
2895 6330 2894 1
6330 6326 6328 1
6333 6331 2896 1
6412 6331 5347 1
6622 6332 449 1
449 6332 5375 1
7782 6333 2896 1
6333 6328 6331 1
6336 6334 6966 1
6966 6334 6424 1
2898 7776 6335 1
2905 5349 6335 1
5346 6336 7373 1
6336 6329 6334 1
7783 503 7273 1
2902 2891 6337 1
6339 2901 7625 1
6411 6412 6338 1
2902 6337 6339 1
2902 6339 6338 1
4482 6340 2903 1
2903 6340 6344 1
4483 6341 400 1
400 6341 5349 1
6344 6342 2898 1
6342 5344 5346 1
2905 6335 6343 1
2905 6343 6347 1
5349 6344 2898 1
6344 6340 6342 1
6347 6345 2906 1
2906 6345 6350 1
2907 2906 6346 1
2907 6346 6353 1
2907 6347 2906 1
6347 6343 6345 1
6350 6348 2908 1
6371 6348 5379 1
2909 2908 6349 1
2909 6349 6376 1
2909 6350 2908 1
6350 6345 6348 1
6353 6351 2910 1
2910 6351 6356 1
2875 6353 6352 1
6352 5336 2875 1
6352 6353 2910 1
6353 6346 6351 1
6356 6354 2911 1
2911 6354 6359 1
2912 2911 6355 1
2912 6355 6362 1
2912 6356 2911 1
6356 6351 6354 1
6359 6357 2913 1
2914 2913 6358 1
7578 6358 3902 1
2914 6359 2913 1
6359 6354 6357 1
6362 6360 2915 1
2915 6360 2916 1
6316 5297 2771 1
6314 2915 6364 1
6314 6362 2915 1
6362 6355 6360 1
6360 7577 2916 1
2916 7577 4484 1
6363 7250 316 1
6363 2915 2916 1
6364 2915 6363 1
4484 7577 2918 1
7577 3888 2918 1
4485 7579 301 1
7579 4486 301 1
6461 6291 6459 1
1751 1722 1768 1
2917 316 6368 1
6954 5357 6368 1
6954 2920 7603 1
2936 2921 6369 1
3433 5684 7788 1
2921 6954 6369 1
6518 6348 6371 1
2923 5358 6373 1
6373 6371 6952 1
6295 5389 2968 1
6518 2908 6348 1
6376 6374 2924 1
2924 6374 6379 1
7365 6376 2924 1
6358 2913 6375 1
6375 7365 2924 1
6376 6349 6374 1
6379 6377 6951 1
6951 6377 6380 1
2926 2925 6378 1
2926 6378 6385 1
2926 6379 2925 1
6379 6374 6377 1
6382 6380 2927 1
5358 2923 6935 1
6381 2927 6439 1
6381 6382 2927 1
6382 6951 6380 1
5361 7774 6497 1
6385 6383 2929 1
6383 5395 5397 1
2930 2929 6384 1
2930 6384 4504 1
5362 6385 2929 1
6385 6378 6383 1
7579 2931 4486 1
7579 7578 2931 1
2890 546 6387 1
2932 5363 6387 1
6388 6669 5483 1
2932 6387 6388 1
7580 2904 4483 1
7580 7581 2904 1
2899 2879 5364 1
553 5364 6390 1
6391 6390 5365 1
6391 591 2934 1
6391 5365 591 1
2844 6392 6394 1
6392 5335 5337 1
2935 6393 342 1
5538 3211 6737 1
6394 6392 2877 1
5369 2935 6395 1
2936 6369 6396 1
2936 6396 4487 1
4487 6397 2937 1
6400 6401 6399 1
4477 6398 328 1
328 6398 5371 1
6400 6399 2938 1
7583 6399 4488 1
6400 2938 7252 1
6399 6401 6397 1
6401 2937 6397 1
5371 6398 6401 1
7584 2939 4489 1
7584 3891 7583 1
6404 6266 6950 1
7252 3891 6950 1
2941 7771 7643 1
6403 4489 282 1
7771 6404 2940 1
6950 6266 7252 1
2897 6332 6405 1
7374 2897 6405 1
6407 2942 6621 1
6425 6426 6406 1
2943 6405 6407 1
2943 6407 6406 1
6408 267 4490 1
6408 6267 267 1
7586 2944 3937 1
7586 3892 7585 1
6946 6331 6412 1
5375 6946 6412 1
2946 6412 6411 1
2946 6411 6415 1
2961 5384 6940 1
2946 5375 6412 1
6415 6413 2947 1
2948 5377 6414 1
2948 6414 6421 1
2948 6415 7360 1
6415 6411 6413 1
6418 6416 2949 1
2949 6416 4511 1
2950 7769 6417 1
3035 6531 6417 1
6324 6672 6671 1
5377 2947 6418 1
6421 6419 2951 1
3030 5415 6943 1
2952 7359 6420 1
6420 5464 2952 1
5378 6421 7359 1
6421 6414 6419 1
6424 6422 2953 1
6426 6422 5374 1
2922 6424 6423 1
5385 6373 6952 1
6423 6424 2953 1
6424 6334 6422 1
2953 6422 6426 1
5380 2953 6426 1
2954 6426 6425 1
2954 6425 6429 1
379 6320 5385 1
2954 5380 6426 1
6429 6427 2955 1
2955 6427 6432 1
2956 6428 6433 1
6567 7285 247 1
5381 6429 2955 1
6429 6425 6427 1
6432 6430 2957 1
2957 6430 4513 1
2958 2957 6431 1
6449 6450 6431 1
2958 6432 2957 1
6432 6427 6430 1
6433 369 2959 1
6433 6428 369 1
6434 2959 349 1
6434 6435 6433 1
6435 2956 6433 1
5383 2956 6435 1
2959 369 6436 1
2961 6437 6447 1
6940 6436 6438 1
2961 6438 6437 1
7767 349 6439 1
2923 5385 6441 1
6935 2927 6380 1
6441 6439 2927 1
6428 2955 5356 1
6441 2960 6439 1
6438 6436 6444 1
6450 6442 5382 1
6504 6443 366 1
366 6443 5388 1
7763 6444 2962 1
6444 6442 2962 1
6447 6445 2964 1
2964 6445 6462 1
2965 5393 6446 1
6466 6446 6465 1
5387 6447 7354 1
6447 6437 6445 1
6928 6442 6450 1
5388 6928 6450 1
2966 6450 6449 1
2966 6449 6453 1
379 6372 5383 1
2966 5388 6450 1
6453 6451 2967 1
2967 6451 6456 1
2968 6452 395 1
395 6452 5390 1
5389 6453 2967 1
6453 6449 6451 1
6456 6454 2969 1
6519 7547 3908 1
2970 6911 6455 1
6532 6455 5470 1
5390 6456 7351 1
6456 6451 6454 1
2968 6457 6899 1
2971 6457 6537 1
5407 6458 360 1
360 6458 5419 1
6899 6457 2971 1
2963 6443 6459 1
6291 2963 6459 1
6461 2973 6503 1
7622 6460 4491 1
2974 6291 6461 1
2974 6461 6460 1
2964 6462 2975 1
6462 3911 2975 1
6484 6643 6485 1
6463 6464 2975 1
6464 2964 2975 1
5393 2964 6464 1
6466 6465 2977 1
2977 6465 6469 1
6466 2977 5361 1
6466 6467 6446 1
6467 2965 6446 1
5394 6876 6467 1
6469 6875 2978 1
2979 5396 6468 1
2979 6468 6475 1
2979 6469 2978 1
6469 6465 6875 1
6472 6875 2980 1
2980 6470 2976 1
6471 2980 5401 1
6471 6472 2980 1
6325 3757 7196 1
5396 2978 6472 1
6475 6473 2982 1
2982 6473 6478 1
7343 6475 6474 1
6384 2929 6474 1
6474 6475 2982 1
6475 6468 6473 1
6478 6476 2983 1
268 6370 3909 1
6481 6477 5466 1
6492 6477 5399 1
5398 6478 2983 1
6478 6473 6476 1
5399 2983 6476 1
5403 6480 257 1
6480 6488 257 1
2984 6477 6481 1
2988 2984 6481 1
6481 2987 6482 1
2988 6482 6514 1
3223 6546 6144 1
2988 6481 6482 1
5684 3493 7788 1
7347 5393 6464 1
2989 6484 6485 1
6484 6463 6643 1
2990 6485 2992 1
2922 6410 6424 1
2993 6486 302 1
302 6486 5404 1
7518 6314 6393 1
6281 2981 6487 1
6488 2996 257 1
6488 6487 2996 1
2996 2995 6489 1
257 6489 2998 1
5653 6171 4575 1
257 2996 6489 1
2998 6489 2997 1
6492 3001 5466 1
6492 3002 3001 1
2999 3003 6493 1
5445 6493 5438 1
6318 7242 2881 1
225 2999 6493 1
3004 3000 5448 1
2992 6495 3005 1
6644 3005 6495 1
6496 3005 4491 1
6496 5404 3005 1
5404 2992 3005 1
2992 6485 6495 1
3006 7587 6500 1
6502 6771 3009 1
6310 7009 6993 1
4299 3757 6325 1
5405 6500 3007 1
6500 6498 3007 1
6498 6501 3009 1
3009 6501 6505 1
6502 3009 360 1
4299 6325 4448 1
5406 3007 6771 1
6505 6503 2973 1
6460 6461 6503 1
5391 6504 366 1
6459 6443 6504 1
6505 6501 6503 1
5409 6502 7757 1
6539 6687 7132 1
359 6507 5420 1
7757 6506 3012 1
3003 6509 249 1
249 6509 6510 1
3003 2994 6509 1
5719 6285 6763 1
3016 6510 3015 1
6510 6509 272 1
7686 3214 6289 1
5410 2987 5466 1
4867 1756 4931 1
6196 5288 7077 1
6514 6512 3021 1
6633 6512 3909 1
3022 3021 6513 1
4486 7607 6513 1
3022 6514 3021 1
6514 6482 6512 1
3025 4492 6515 1
2958 5382 5356 1
3024 6517 6516 1
6580 7601 6516 1
6516 6517 4495 1
7588 6517 6515 1
7594 6519 4496 1
4496 6519 3026 1
2943 7374 6405 1
7594 7756 6520 1
6769 3028 6521 1
3029 6521 6529 1
3029 6769 6521 1
3028 6522 6524 1
6420 2951 6522 1
3030 6943 6523 1
3030 6523 7546 1
6524 6522 2951 1
7546 6525 3031 1
5148 7453 2486 1
6440 5368 2935 1
6366 1784 4965 1
6529 6527 3033 1
3033 6527 6601 1
4386 7498 2598 1
7754 6529 3033 1
6529 6521 6527 1
6525 6530 2950 1
6530 5377 6418 1
3035 6417 6583 1
5417 3031 6531 1
2970 6455 6532 1
7454 5148 2486 1
6534 3038 6636 1
4500 7638 6533 1
3039 6532 6534 1
3039 6534 6533 1
6537 6535 3040 1
3040 6535 4535 1
3041 3040 6536 1
6538 6539 6536 1
3041 6537 3040 1
6537 6457 6535 1
5420 6687 6539 1
3042 6539 6538 1
3042 6538 6542 1
6448 5318 7379 1
3042 5420 6539 1
6542 6540 3043 1
3043 6540 6545 1
3044 6541 7749 1
388 6541 7326 1
5421 6542 3043 1
6542 6538 6540 1
6545 6543 3045 1
7598 6543 3930 1
3046 6544 6556 1
6545 6540 6543 1
7172 5907 5908 1
7749 6541 388 1
6547 6548 3047 1
6548 3044 3047 1
5423 3044 6548 1
5424 3013 6682 1
3050 6549 321 1
6549 3059 321 1
6550 3051 4500 1
6550 7598 3051 1
7599 430 7271 1
3054 5426 6551 1
6553 3053 7621 1
3054 6552 4509 1
3054 6551 6553 1
3054 6553 6552 1
6556 6554 3055 1
3906 6654 6554 1
3056 6555 6704 1
4517 7627 6555 1
6556 6544 6554 1
3047 7749 6559 1
3058 6558 6572 1
6558 4505 381 1
5428 6559 3057 1
6559 6557 3057 1
3048 351 6560 1
5983 6159 2045 1
4978 2232 5894 1
6549 6560 3059 1
3060 6562 3062 1
6497 2925 6382 1
3063 6563 353 1
6089 6563 5430 1
3010 325 6564 1
3066 3010 6564 1
3011 293 6566 1
3014 3011 6566 1
6566 3067 3068 1
6566 293 3067 1
3067 3069 6568 1
263 6568 3639 1
3212 5525 6386 1
263 3067 6568 1
3068 6570 3017 1
242 6570 3071 1
624 6546 5540 1
3017 6570 242 1
3203 6389 6725 1
3071 6570 3070 1
1776 5183 2552 1
6562 5428 3058 1
3072 6572 381 1
6572 6558 381 1
5430 3062 6562 1
1779 6127 1823 1
3072 6573 5431 1
3073 6573 5432 1
6634 3073 384 1
6086 3073 5432 1
5432 6574 3075 1
7609 6574 4505 1
3076 5443 6587 1
325 5424 6361 1
5432 6573 6574 1
3078 5433 6576 1
3064 318 6577 1
3079 5434 6577 1
7260 6579 4501 1
4501 6579 3894 1
3080 6580 4502 1
4502 6580 4494 1
6581 3899 7601 1
3900 3899 6581 1
4504 7606 3022 1
7606 5400 5411 1
7646 3195 6483 1
5438 3018 5514 1
3084 3083 6582 1
6582 5702 3084 1
3084 6583 3083 1
6583 6417 524 1
2334 6584 597 1
6584 3597 7125 1
6587 6585 3086 1
6585 5542 6779 1
3087 6586 7010 1
6586 5329 423 1
5441 6587 3086 1
755 758 6978 1
6373 6518 6371 1
5358 6518 6373 1
3088 7168 6589 1
320 6589 4804 1
320 3088 6589 1
3179 6491 6490 1
5442 320 4804 1
3082 5442 6577 1
6577 318 3082 1
6593 3089 4506 1
6593 7609 3089 1
7610 425 6651 1
3092 3090 6594 1
3092 6596 6595 1
3092 6595 6702 1
3092 6594 6596 1
6595 6596 5476 1
6634 384 3093 1
5241 6402 705 1
7612 2827 4473 1
7612 7613 2827 1
6601 6599 3037 1
6599 3897 3037 1
6575 2488 5152 1
6600 7147 6624 1
5456 6601 7733 1
6601 6527 6599 1
3097 5457 6602 1
3097 6603 4507 1
3097 6602 6598 1
3097 6598 6603 1
3099 3096 6604 1
6606 3098 7311 1
6671 6672 6605 1
3099 6604 6606 1
3099 6606 6605 1
4507 6607 3100 1
3100 6607 6611 1
4508 6608 463 1
463 6608 5459 1
6611 6609 3102 1
3102 6609 6614 1
6591 6610 504 1
504 6610 7310 1
7730 6611 3102 1
6611 6607 6609 1
6614 6612 3104 1
6672 6612 5458 1
3105 6613 6508 1
5815 6613 5484 1
5460 6614 3104 1
6614 6609 6612 1
3103 7730 6615 1
5989 3103 6615 1
3916 7616 6616 1
3107 6617 6616 1
6578 5135 5143 1
4513 6619 3111 1
3111 6619 6623 1
4496 6620 437 1
6420 6620 5464 1
6623 6621 2942 1
6406 6407 6621 1
7362 6622 449 1
6405 6332 6622 1
7727 6623 2942 1
6623 6619 6621 1
6557 3929 3057 1
5465 3004 5455 1
3113 5465 3112 1
5467 3118 6625 1
5467 6625 6627 1
6627 6626 3121 1
6629 6626 3127 1
3122 3121 7810 1
3122 7810 6631 1
3122 6627 3121 1
6627 6625 6626 1
6626 6642 3127 1
7250 2916 4484 1
3128 3127 6628 1
3128 6628 4522 1
6629 3121 6626 1
5468 7810 6629 1
6631 6632 3129 1
3129 6632 7270 1
5410 6630 268 1
268 6630 6370 1
6631 7810 255 1
342 6364 5357 1
4492 6632 7589 1
3021 6633 3895 1
7254 6633 3025 1
6494 6511 7693 1
3123 3114 5498 1
3034 7754 6635 1
6592 3034 6635 1
3038 6637 6636 1
6533 6534 6636 1
6592 6635 6637 1
6636 6637 5471 1
6638 465 3905 1
6528 465 6638 1
6639 3101 4508 1
6639 3910 7620 1
2825 6252 6640 1
7306 2825 6640 1
6641 6640 3131 1
6677 6674 6561 1
3134 6642 3126 1
2975 6644 6643 1
6463 2975 6643 1
2975 3911 6644 1
6643 6644 6495 1
7713 6645 571 1
2337 5935 6645 1
3106 6571 6647 1
5474 3106 6647 1
3138 6647 6656 1
6646 7293 499 1
6308 6309 5336 1
3138 5474 6647 1
6257 6648 2815 1
6246 6247 6648 1
7308 6649 288 1
6649 2830 6257 1
6650 2830 6649 1
5475 2830 6650 1
6651 7627 3140 1
6594 7610 6651 1
7628 7574 462 1
6652 3091 3140 1
6653 3091 6652 1
5476 3091 6653 1
1778 7629 7611 1
4518 6655 3138 1
6655 5474 3138 1
3932 6656 499 1
6656 6646 499 1
2873 5335 7012 1
6659 7253 2945 1
7253 3892 2945 1
6567 6658 7285 1
5478 6659 2945 1
6659 6250 7253 1
6567 247 6660 1
3131 5479 6660 1
5055 7448 7447 1
6641 3131 6661 1
3131 6660 6661 1
884 856 921 1
3146 247 6662 1
3148 5480 6662 1
3148 5481 6665 1
3148 6665 6666 1
421 5334 6588 1
6664 3149 4520 1
6664 4519 3149 1
3151 6665 3153 1
6666 3151 199 1
3156 5656 6667 1
7025 3156 6667 1
5482 229 3152 1
3158 5483 6669 1
6565 6612 6672 1
6324 6565 6672 1
3163 6324 6671 1
3163 6671 6673 1
421 5477 5334 1
3163 5484 6324 1
6561 6673 3164 1
3164 6673 4531 1
657 695 710 1
590 6561 3164 1
6561 3163 6673 1
5815 3163 6674 1
3166 6675 603 1
5938 603 6675 1
7026 488 2858 1
488 2854 2858 1
3168 5486 6677 1
6679 3167 7276 1
3168 6678 6685 1
3168 6677 6679 1
3168 6679 6678 1
3167 590 7710 1
5487 3167 6680 1
3170 6680 6681 1
7649 3170 6681 1
3145 6567 6660 1
3170 5487 6680 1
6685 6683 3171 1
6716 6717 6683 1
3180 6694 6684 1
5488 6685 3171 1
6685 6678 6683 1
3124 6686 3173 1
6686 5499 5500 1
1790 4945 5727 1
3173 6686 177 1
3105 6508 6690 1
6688 5772 5488 1
6691 6494 539 1
6494 7693 539 1
6690 6688 3172 1
3137 5490 6692 1
6692 3177 7293 1
6692 6691 3177 1
6663 5296 2801 1
6692 3176 6691 1
7702 539 3178 1
6699 6693 5535 1
3179 6490 6693 1
3178 539 6694 1
5750 3178 6694 1
6696 3180 5517 1
3181 6695 6708 1
5750 6694 6696 1
3181 6696 6695 1
3179 6693 6699 1
5493 3179 6699 1
3183 6698 7639 1
6698 5536 502 1
6265 7033 6264 1
3183 5493 6699 1
6702 6700 3184 1
3184 6700 4580 1
3185 6701 6777 1
456 6701 3980 1
5494 6702 3184 1
6702 6595 6700 1
2829 7035 6703 1
2866 2829 6703 1
2866 6269 5330 1
2823 6670 6260 1
2866 6703 6269 1
4917 6668 1038 1
6704 425 4506 1
6704 6555 425 1
7636 3089 4505 1
7636 7635 3089 1
6708 6706 3186 1
6706 5520 5527 1
6707 3186 6743 1
6707 5496 6708 1
6707 6708 3186 1
6708 6695 6706 1
6676 5304 2814 1
6710 174 5511 1
6710 5509 5510 1
5482 6641 229 1
3191 5511 3190 1
3154 6712 199 1
3447 199 6712 1
6713 3159 4521 1
6713 4539 3159 1
2944 4490 6714 1
3935 7284 6714 1
4520 6483 241 1
6715 197 5515 1
5450 197 6715 1
3180 6684 6717 1
5517 3180 6717 1
3196 6717 6716 1
3196 6716 6720 1
2824 7389 6249 1
3196 5517 6717 1
6720 6718 3197 1
3197 6718 4541 1
350 338 6569 2
6720 6716 6718 1
3199 7649 6721 1
6409 6721 6722 1
6409 6722 3200 1
6727 6722 3204 1
3201 6723 5521 1
3201 5521 6731 1
5521 6409 3200 1
3939 3199 6723 1
3198 6719 7691 1
6389 5520 5738 1
3203 6725 6724 1
3203 6724 6744 1
6724 6725 5523 1
6697 6241 6244 1
270 6697 5304 1
6727 3204 689 1
6727 3200 6722 1
3205 7114 3200 1
5787 6597 259 2
6731 6729 3206 1
6770 6729 5723 1
7282 3206 6737 1
3208 6733 6730 1
7282 6731 3206 1
6731 5521 6729 1
6732 6719 5519 1
6564 325 6361 1
3208 6730 6734 1
6733 3202 3207 1
5523 3202 6733 1
6736 6734 3209 1
6386 6734 6737 1
2661 5212 7673 1
3210 6735 6741 1
6736 3208 6734 1
5524 3208 6736 1
6386 6737 3211 1
3212 3211 6738 1
3212 6386 3211 1
5525 3209 6386 1
6741 6739 3213 1
6144 6739 3238 1
3214 7686 6740 1
6746 3216 6740 1
6289 6741 3213 1
6741 6735 6739 1
6744 6742 3215 1
3215 6742 6747 1
3186 6744 6743 1
6991 6989 3418 1
6743 6744 3215 1
6744 6724 6742 1
6747 6745 3214 1
6745 5524 5526 1
5678 1358 1307 1
3216 6746 6750 1
5528 6747 3214 1
6747 6742 6745 1
6750 6748 3217 1
3217 6748 6753 1
3218 3217 6749 1
3218 6749 6756 1
3218 6750 3217 1
6750 6746 6748 1
6753 6751 3219 1
6758 6751 5540 1
3220 3219 6752 1
3220 6752 6761 1
3220 6753 3219 1
6753 6748 6751 1
6756 6754 6285 1
6285 6754 6763 1
6248 3221 6755 1
3222 6755 6766 1
6248 6756 6285 1
6756 6749 6754 1
5306 6751 6758 1
3074 5431 3073 1
3224 7685 6812 1
6757 7287 668 1
2812 5303 7051 1
3224 5306 6758 1
6761 6759 3225 1
6806 6807 6759 1
3226 6760 7013 1
6800 583 6760 1
5532 6761 3225 1
6761 6752 6759 1
6393 6314 342 1
6171 7703 4575 1
3228 3227 6762 1
4545 3228 6762 1
3228 6763 3227 1
6171 6754 7703 1
6766 6764 3229 1
3229 6764 6768 1
3187 6766 6765 1
6765 5492 5496 1
6765 6766 3229 1
6766 6755 6764 1
6768 6767 3230 1
7651 6767 4542 1
3038 6592 6637 1
6698 3230 5536 1
3182 6768 3230 1
6768 6764 6767 1
7652 7538 3945 1
7652 3232 7538 1
3206 6729 6770 1
3234 5537 6770 1
3234 3233 7116 1
3235 3234 7116 1
3768 4697 7262 1
3237 3236 6772 1
7653 3237 6772 1
5539 6738 3236 1
6365 2810 7397 1
6739 6773 3238 1
3238 6773 4543 1
6774 3238 7287 1
6774 6144 3238 1
6546 3213 6144 1
3239 7653 6775 1
7662 3239 6775 1
3240 3189 192 1
7399 5299 2805 1
1594 1554 4859 1
6777 6701 456 1
6778 3241 5329 1
6778 6779 6777 1
2071 1390 5822 1
5542 3185 6779 1
3241 6780 5543 1
3242 6780 6783 1
3243 6781 459 1
7658 6781 5544 1
5543 6780 3242 1
6783 6782 3244 1
7654 6782 3980 1
3245 5546 7289 1
7289 3946 3245 1
5544 6783 3244 1
6783 6780 6782 1
5545 3243 6784 1
5611 5545 6784 1
3232 6785 7286 1
4544 6785 3248 1
6785 7654 3248 1
6726 7808 5298 1
3231 4542 7656 1
4545 7288 7656 1
3249 4545 6787 1
3249 6787 6790 1
6790 6788 3250 1
3250 6788 6793 1
3251 6789 6794 1
505 6789 5549 1
5548 6790 3250 1
6790 6787 6788 1
6793 6791 3252 1
7659 6791 3975 1
3253 5550 6792 1
3253 6793 3252 1
6793 6788 6791 1
6794 505 3960 1
6794 6789 505 1
6795 3254 4546 1
6795 3946 7657 1
7660 6796 4547 1
4547 6796 3255 1
6796 7659 3255 1
3256 7660 6799 1
3257 6797 6802 1
6803 6798 592 1
592 6798 7256 1
6799 6797 3257 1
6802 6800 3259 1
6807 6800 6760 1
3260 3259 6801 1
6830 6125 7661 1
3260 6802 3259 1
6802 6797 6800 1
3258 6798 6803 1
6140 3261 6137 1
6835 6804 5629 1
7788 4613 7737 1
6110 6140 6137 1
3259 6800 6807 1
5554 3259 6807 1
3262 6807 6806 1
3262 6806 6810 1
322 7808 6726 1
3262 5554 6807 1
6810 6808 3263 1
3263 6808 6813 1
3264 3263 6809 1
3264 6809 6819 1
3264 6810 3263 1
6810 6806 6808 1
6813 6811 3224 1
6811 5306 3224 1
3265 6812 668 1
6812 6757 668 1
7666 6813 3224 1
6813 6808 6811 1
3265 6814 6816 1
3266 6814 4548 1
6900 6815 716 1
716 6815 3949 1
6816 6814 3266 1
6819 6817 3268 1
6838 6817 5560 1
6134 3268 6818 1
3269 6134 6135 1
6134 6819 3268 1
6819 6809 6817 1
3270 7662 6820 1
6821 6820 3271 1
6821 3271 763 1
6821 3270 6820 1
5559 3270 6821 1
3949 3270 5559 1
3267 6815 6969 1
3273 5560 5610 1
3273 6824 6823 1
6837 6130 6823 1
3273 6822 6824 1
6823 6824 5592 1
5561 6825 3274 1
442 6316 2782 1
442 5297 6316 1
3277 7663 6828 1
6901 6902 6828 1
5563 6125 6830 1
3279 5563 6124 1
3950 7684 6829 1
6124 5563 6830 1
7670 592 7683 1
3281 3261 6831 1
6833 3280 7301 1
6832 3955 3281 1
3281 6831 6833 1
3281 6833 6832 1
6110 6804 6835 1
5565 6110 6835 1
3283 5565 6107 1
6100 5599 3283 1
6786 2777 5289 1
6107 5565 6835 1
3268 6817 6838 1
5566 3268 6838 1
3284 6130 6837 1
3284 6837 6840 1
2736 2735 6805 1
6130 5566 6838 1
6840 6839 3285 1
6841 6839 5593 1
3286 7655 722 1
722 7655 5568 1
7655 6840 3285 1
6840 6837 6839 1
3285 6839 6841 1
6728 3285 6841 1
6843 3287 6904 1
3968 6922 7537 1
3288 6728 6843 1
3288 6843 6842 1
3286 6844 4430 1
7215 3289 6844 1
3290 6845 6850 1
7637 679 6845 1
4430 6844 3289 1
6848 6846 3291 1
3291 6846 6851 1
3278 6848 6847 1
6829 6124 6847 1
6847 6848 3291 1
6135 6818 6846 1
7227 6849 3290 1
6849 5569 3290 1
6082 6850 679 1
6850 6845 679 1
5571 6851 7227 1
6851 6846 6849 1
3294 5572 6852 1
3294 3293 7650 1
3294 6853 4549 1
7617 6986 4565 1
6082 679 6855 1
6857 5447 6855 1
6857 3295 5596 1
6869 6870 6856 1
3296 5447 6857 1
3296 6857 6856 1
4549 6858 3297 1
3297 6858 6862 1
3963 6859 594 1
594 6859 5574 1
6862 6860 3299 1
3299 6860 6865 1
3300 3299 6861 1
6867 6077 7647 1
3300 6862 3299 1
6862 6858 6860 1
6865 6863 3301 1
6870 3301 7644 1
3302 3301 6864 1
3302 6864 6885 1
3302 6865 3301 1
6865 6860 6863 1
6077 6861 7647 1
5576 6077 6867 1
3304 6867 6866 1
7671 6866 3961 1
565 6826 5256 1
3304 5576 6867 1
3301 6863 7644 1
5577 3301 6870 1
3305 6870 6869 1
3305 6869 6873 1
3305 5577 6870 1
6873 6871 3306 1
3306 6871 4551 1
7642 6068 693 1
693 6872 7568 1
6873 6869 6871 1
6066 6068 7640 1
3311 6874 6882 1
6066 7640 6059 1
3311 6059 6874 1
3308 4550 7667 1
4553 7294 7667 1
3313 4553 7668 1
7668 3959 3313 1
7642 693 7680 1
3317 3310 6877 1
6879 3316 7300 1
6979 6980 6878 1
3317 6877 6879 1
3317 6879 6878 1
6882 6880 3318 1
6974 6880 3409 1
3319 7221 6881 1
3320 5583 7218 1
7221 6882 3318 1
6882 6874 6880 1
6885 6883 3319 1
6883 5579 5582 1
3320 6881 6884 1
3320 6884 6888 1
5583 6885 7218 1
6885 6864 6883 1
6888 6886 3321 1
3321 6886 5585 1
6891 6887 558 1
5591 6887 5585 1
5584 6888 3321 1
6888 6884 6886 1
5585 6889 6890 1
7804 356 350 2
3324 6890 7634 1
570 6890 5590 1
5585 6886 6889 1
3322 6887 6891 1
6893 3322 6891 1
6893 3325 6892 1
6866 6867 6892 1
3303 3322 6893 1
3303 6893 6892 1
363 5351 6357 1
3327 5587 3325 1
3327 5588 6896 1
3327 7014 3326 1
3327 3326 5588 1
558 5591 3328 1
6896 6894 3330 1
3361 3330 6894 1
3331 3330 6895 1
3331 6895 6960 1
5589 6896 3330 1
6896 5588 6894 1
6889 6897 3332 1
3333 6898 6955 1
6898 3409 618 1
5590 6889 3332 1
295 4791 279 2
7634 6890 570 1
7672 3335 4556 1
7672 7671 3335 1
6900 716 5562 1
6969 6815 6900 1
1727 6220 6005 1
6905 6901 6903 1
5703 4947 1868 1
5592 3272 6902 1
6905 6903 3337 1
3337 6903 7674 1
6905 3337 7296 1
6842 6843 6904 1
3287 3336 6905 1
3287 6905 6904 1
7674 6906 3338 1
6909 6906 5630 1
3339 6908 6907 1
3339 6907 6913 1
3339 3956 6908 1
6907 6908 5594 1
3338 6906 6909 1
6910 3341 5594 1
6999 6967 821 1
6910 6909 3340 1
3074 6634 6576 1
6913 6912 3342 1
3342 6912 7698 1
3343 4557 7675 1
3343 7675 7692 1
4557 6913 3342 1
6913 6907 6912 1
3295 6855 6914 1
6916 3295 6914 1
6916 3344 5373 1
4553 3312 6915 1
3312 3295 6916 1
3312 6916 6915 1
3344 7637 6917 1
5597 3344 6917 1
3345 7215 6918 1
3345 6918 6921 1
6921 6919 3346 1
6221 6919 4558 1
3347 3346 6920 1
7677 6920 4152 1
3347 6921 3346 1
6921 6918 6919 1
1836 1802 5252 1
5580 6923 4559 1
4559 6923 3349 1
6792 6924 3283 1
6924 5553 5565 1
6100 6834 6925 1
3350 6925 5600 1
5599 6792 3283 1
5600 6926 3351 1
3351 6926 6931 1
6932 6927 6965 1
5605 6927 5601 1
6682 6507 359 1
5600 6925 6926 1
6931 6929 3353 1
3353 6929 6936 1
3354 6930 6938 1
472 6930 5604 1
5601 6931 3353 1
6931 6926 6929 1
3352 6927 6932 1
5602 3352 6932 1
4546 6933 459 1
459 6933 5603 1
5420 3012 6687 1
7678 5602 6932 1
1792 7593 1824 1
3246 5603 6934 1
3246 3356 6964 1
424 3246 6964 1
3353 6936 3357 1
6963 3357 6936 1
3358 6937 511 1
6958 511 6937 1
3359 511 3330 1
6895 3330 511 1
6938 472 3365 1
6938 6930 472 1
5058 856 884 1
6939 3365 434 1
6939 3372 3373 1
1836 6836 1802 1
6479 5115 1259 1
6939 434 3372 1
3372 3374 6941 1
398 6941 3379 1
6635 6528 6638 1
398 3372 6941 1
6531 3031 2950 1
5606 3374 3371 1
6942 3377 3378 1
6942 5606 410 1
2598 7498 7504 1
6942 410 3377 1
3012 6506 6687 1
3379 6941 5608 1
3380 6944 361 1
4789 6944 341 1
3381 6945 424 1
424 6945 3383 1
3381 3376 6945 1
6771 3007 6498 1
3383 6945 3382 1
6944 3385 341 1
486 427 402 1
7759 6192 442 1
1914 7398 6006 1
6868 628 545 1
486 557 7596 1
5607 3367 6948 1
669 5240 5242 1
6948 3388 5612 1
3388 3366 6949 1
492 6949 3390 1
6325 1068 6094 1
492 3388 6949 1
6472 2978 6875 1
3390 6949 3389 1
5615 3390 3392 1
1363 1343 7761 1
3386 5614 3393 1
548 5622 6953 1
548 6953 3395 1
6911 7351 2969 1
3395 6953 3394 1
6402 758 755 1
6955 6898 618 1
3397 6956 6955 1
6402 755 704 1
6957 3400 3401 1
6957 5621 5622 1
6957 548 3400 1
6960 6958 3402 1
6961 6958 6937 1
4556 6959 551 1
551 6959 5629 1
7679 6960 3402 1
6960 6895 6958 1
3402 6958 6961 1
6963 5629 6961 1
3282 6963 6962 1
6107 6835 3282 1
3282 5629 6963 1
6962 6963 6936 1
3381 6964 3356 1
406 6590 4802 2
6934 3355 6965 1
6827 763 6968 1
3340 3276 6968 1
3340 3406 6967 1
6910 3340 6967 1
5388 2962 6928 1
3407 3406 3275 1
3406 6968 3275 1
4560 6970 3315 1
6970 3954 3315 1
4561 6971 745 1
6971 3969 745 1
4562 6972 3279 1
6972 5552 5563 1
6880 6973 3409 1
3409 6973 6977 1
6974 3409 6898 1
6974 6897 3318 1
5633 3318 6897 1
6977 6975 3410 1
6980 6975 5581 1
6984 6976 7533 1
663 6976 5635 1
7632 6977 3410 1
6977 6973 6975 1
3410 6975 6980 1
5635 3410 6980 1
3411 6980 6979 1
3411 6979 6983 1
5241 708 5237 1
3411 5635 6980 1
6983 6981 3412 1
3412 6981 6987 1
3413 7006 6988 1
709 6982 5637 1
5636 6983 3412 1
6983 6979 6981 1
5251 7632 6984 1
5251 3414 5648 1
5251 6984 3414 1
6987 6985 3416 1
3416 6985 4563 1
3417 3416 6986 1
3417 6986 7617 1
3417 6987 3416 1
6987 6981 6985 1
6705 6176 7118 1
6988 6982 709 1
6991 3418 5641 1
6989 3413 3418 1
5638 3413 6989 1
7118 461 2765 1
6990 5638 6989 1
3419 7626 675 1
5639 3414 6990 1
5639 6990 7626 1
3421 5640 5660 1
3421 3420 640 1
3435 3421 640 1
3418 6988 6995 1
6994 3972 3425 1
6618 5145 2483 1
3425 4571 725 1
5641 6995 3425 1
6995 6994 3425 1
6056 4554 7696 1
6998 3314 4554 1
3429 4569 7697 1
3429 7697 5687 1
3934 734 789 1
6999 821 3430 1
6999 6910 6967 1
7000 3430 875 1
7000 3341 6999 1
7698 7131 3432 1
3607 3432 7131 1
6992 7687 4561 1
2364 888 7002 1
3433 3970 7003 1
3433 7003 7002 1
6947 6978 5225 1
6947 855 5226 1
3434 5625 3401 1
3426 725 3436 1
3426 3425 725 1
755 6978 802 1
755 802 750 1
6318 5338 7242 1
3153 7008 5651 1
5893 5894 4979 1
7006 5636 3412 1
5651 7008 3441 1
1348 6996 7004 1
7011 384 3087 1
3387 7010 3247 1
7010 6586 423 1
3387 7011 3087 1
1245 6996 1284 1
7704 7272 3226 1
7278 5530 5532 1
4547 7013 583 1
7013 6760 583 1
3288 7537 5568 1
5654 2816 7392 1
3442 7199 7015 1
7705 7015 3928 1
7016 3175 4534 1
7016 3976 7705 1
3443 7017 4576 1
4576 7017 261 1
7706 7018 3985 1
3985 7018 3444 1
3173 7019 3143 1
7019 5503 5509 1
6418 2947 6416 1
3143 7019 185 1
3449 2342 5734 1
3449 3450 2342 1
3429 5687 7022 1
5657 3429 7022 1
3452 7021 7784 1
7021 7464 798 1
3452 5657 7022 1
5516 148 3453 1
3132 5482 7023 1
7025 5658 7023 1
3454 7025 7024 1
7806 3454 7024 1
3454 5658 7025 1
7024 7025 6667 1
7713 7714 3136 1
5650 5652 7027 1
3459 4588 7715 1
3459 7715 7807 1
7029 136 3453 1
7029 5507 136 1
3192 7029 3453 1
6382 2925 6951 1
7030 767 2353 1
3517 767 7030 1
7031 2353 792 1
7031 3460 7030 1
3436 7032 3461 1
3608 3461 7032 1
6952 6371 5379 1
5659 3462 2709 1
685 5659 7034 1
685 7034 3437 1
6324 5484 6565 1
3437 7034 3420 1
2312 1455 7036 1
7719 2312 7036 1
3466 3991 7719 1
3466 7719 7718 1
3465 7036 7037 1
7315 3465 7037 1
3467 7039 7038 1
7724 7038 4596 1
3467 7315 7039 1
7038 7039 5931 1
3471 3995 7040 1
3471 7040 4597 1
3470 4596 7041 1
4603 7320 7041 1
3476 4603 7042 1
7734 7042 4610 1
7043 4600 7731 1
7043 3474 4600 1
2600 4606 7044 1
7044 3818 2600 1
7045 1402 2322 1
4596 1402 7045 1
7046 2322 1375 1
7046 3475 7045 1
3482 4006 7047 1
3482 7047 4126 1
1776 2549 5183 1
1776 2546 2549 1
1715 5165 1708 1
1715 1708 5167 1
6410 6966 6424 1
4008 3484 5670 1
5699 7050 1264 1
7050 3490 5673 1
3488 3485 5667 1
3489 3488 5669 1
3489 1266 7052 1
3486 5670 7052 1
7053 4872 3491 1
7053 5672 1211 1
3490 7054 3491 1
7054 7053 3491 1
3434 2716 5730 1
5682 7056 3492 1
3492 7056 7060 1
3493 7057 7736 1
869 7057 4009 1
5682 5947 7056 1
7060 7058 2375 1
7058 5079 5080 1
4612 7059 910 1
7059 5950 910 1
7735 7060 2375 1
7060 7056 7058 1
3494 4612 7061 1
7325 3494 7061 1
3497 4615 7739 1
3497 7739 7742 1
4616 7740 3498 1
7744 7740 3727 1
4618 7742 3500 1
3500 7742 7746 1
4619 7064 803 1
803 7064 4015 1
7065 2379 4264 1
7065 7744 2379 1
7751 830 7066 1
3451 3507 7066 1
735 737 690 1
7464 7066 3508 1
3508 830 7069 1
3509 7067 4631 1
3510 7068 7758 1
852 7068 4018 1
5688 7069 3509 1
7069 7067 3509 1
2873 7012 6309 1
3516 5077 1042 1
3235 3517 7497 1
7497 5538 3235 1
3526 4659 7070 1
4669 7331 7070 1
3532 4669 7071 1
4692 7779 7071 1
4690 7072 3541 1
3541 7072 4691 1
4633 7073 810 1
810 7073 4062 1
7781 6054 4320 1
4320 6054 2537 1
6997 6305 2869 1
5699 4611 3481 1
6316 2802 2782 1
6969 6900 3272 1
3548 4705 4704 1
4704 4705 4442 1
3548 4072 4705 1
4073 4072 3548 1
2337 6645 7075 1
5702 2337 7075 1
7795 3135 4514 1
7795 5702 7075 1
5704 3551 3550 1
3553 7078 5705 1
5709 3562 7078 1
3448 186 7079 1
7028 6264 5300 1
5705 7078 3556 1
153 7604 5710 1
1909 2504 4093 1
3110 3907 3109 1
3110 3109 4512 1
3560 7083 231 1
7083 7807 231 1
3560 231 7084 1
3562 5709 7084 1
3562 3561 7122 1
7122 4095 3562 1
3563 3557 7079 1
3563 7079 186 1
3566 7087 3568 1
3567 7088 1532 1
1532 7088 5712 1
7087 7089 3568 1
3568 7089 7094 1
5714 7091 7797 1
1528 7090 4075 1
5712 3566 7091 1
7797 7091 7090 1
7094 7092 3571 1
7100 7092 5173 1
3817 7093 1562 1
1562 7093 5716 1
7796 7094 3571 1
7094 7089 7092 1
7797 1528 4708 1
7797 7090 1528 1
7096 3572 4078 1
7096 5714 7797 1
7096 7797 3572 1
7797 4708 3572 1
3569 7097 5715 1
7097 5717 3574 1
7109 7098 1485 1
7098 5859 1485 1
5472 7386 2825 1
5715 7097 3574 1
3571 7092 7100 1
3576 3571 7100 1
3576 7100 7101 1
3576 7101 7105 1
7101 7100 6027 1
7377 2871 7082 1
7102 3577 5859 1
7102 4709 3577 1
7105 7103 2527 1
7103 5172 5174 1
3578 6053 7104 1
6050 7104 2585 1
5718 7105 2527 1
7105 7101 7103 1
7104 7213 2585 1
7213 3801 2585 1
7106 2585 7493 1
7106 6050 2585 1
7341 6049 7106 1
4076 6049 7341 1
3579 1539 3581 1
5148 6618 2483 1
3580 1539 7108 1
3582 3580 7108 1
3582 3575 7109 1
2147 5782 7109 1
7110 1467 4183 1
7110 4393 1467 1
7111 2178 4181 1
7111 4079 7801 1
7098 7102 5859 1
648 5722 7112 1
7112 5328 5698 1
3188 7113 626 1
7113 5024 5025 1
1794 7048 5146 1
1831 7048 1794 1
3205 3586 7114 1
7114 5521 3200 1
3586 720 7115 1
3233 5723 7115 1
3233 2347 7116 1
2435 3587 7117 1
1203 7117 3591 1
7600 3138 6656 1
1203 2435 7117 1
2812 7051 6241 1
5764 7120 1105 1
1496 1543 1529 1
7804 319 4806 2
3591 7117 3590 1
5724 7121 1215 1
1215 7121 2431 1
6235 7062 6233 1
2431 7121 5725 1
3561 7806 7122 1
3846 4765 6499 1
7123 3458 4712 1
5726 3458 7123 1
5728 622 3596 1
3596 622 5933 1
3596 5933 7125 1
3597 3596 7125 1
4717 7807 3598 1
7083 7137 7807 1
7099 6202 2778 1
2340 5938 6675 1
3455 2340 7127 1
3455 7127 3982 1
5107 1397 5731 1
3602 5107 5731 1
7128 145 5711 1
3603 5732 3581 1
2504 7129 4093 1
3544 3606 7129 1
2343 689 7130 1
3449 5734 7130 1
2358 5746 3607 1
3431 7131 833 1
2695 730 7502 1
6561 6674 3163 1
7074 3904 2788 1
7032 7364 3608 1
3082 3063 3081 1
4095 3448 7079 1
7134 634 6681 1
2781 7759 2780 1
7135 3450 7134 1
7136 245 4718 1
7137 3598 7807 1
7137 5741 7138 1
7137 7138 3598 1
7138 4718 3598 1
7141 7139 3611 1
3611 7139 4731 1
7140 3611 7346 1
7140 5742 7141 1
7140 7141 3611 1
7141 6123 7139 1
7142 3604 3613 1
7142 5068 5069 1
6195 7076 6271 1
7142 895 3604 1
7143 5770 5744 1
5288 2776 7077 1
5746 2364 7002 1
3616 4741 7827 1
7349 3616 7827 1
7146 3619 5749 1
7146 7827 3619 1
7095 6191 6192 1
7146 7349 7827 1
7148 1869 6047 1
4741 1869 7148 1
7149 3620 7489 1
7596 6868 545 1
5749 3619 7149 1
1259 5116 2452 1
1259 2452 5119 1
7151 4185 7831 1
7151 2180 4185 1
2701 4758 7152 1
7152 3876 2701 1
4758 7352 7151 1
7352 2180 7151 1
6133 7153 1043 1
2122 1043 7153 1
7099 2778 6189 1
3630 5955 3516 1
2393 1039 7154 1
3631 5760 7154 1
5114 7155 1160 1
3885 5224 7248 1
2044 7063 2046 1
5764 5973 5774 1
3589 7156 1141 1
7156 3592 1141 1
2179 4184 7157 1
4763 7353 7157 1
2176 4763 7158 1
4180 2176 7158 1
2442 1160 7159 1
3588 2442 7159 1
7132 6687 6506 1
6499 4765 7224 1
7161 1105 7120 1
1529 1543 2429 1
7160 5769 7161 1
7160 7161 3634 1
7161 5971 1105 1
2390 1083 7162 1
7156 5774 7162 1
1587 7150 1522 1
2460 7843 7163 1
7163 3765 2460 1
7420 2754 6168 1
2706 2156 5776 1
6162 7126 6161 1
3636 5113 3602 1
5274 6157 7816 1
3636 4897 2446 1
7165 1119 5752 1
7165 5103 1119 1
2747 6155 7126 1
3638 5777 3603 1
4790 3385 3379 1
1618 7150 1587 1
7167 235 3070 1
235 7167 4799 2
6115 6120 7133 1
3639 7167 3070 1
4786 7168 3393 1
2672 6115 7133 1
5787 3640 3079 1
7169 352 5608 1
7169 4806 352 2
3107 5989 6617 1
3639 6568 3640 1
1543 1591 2429 1
1543 5097 1591 1
7144 7480 1651 1
7053 1211 4872 1
2135 4153 4759 1
4759 4153 3629 1
4512 556 7174 1
3085 3110 7174 1
6584 7174 3597 1
7859 3612 4730 1
7859 4782 3612 1
3134 211 7175 1
4784 3134 7175 1
3150 7175 7176 1
7176 7008 3918 1
7177 3157 2934 1
7177 5366 5367 1
7177 601 3157 1
7178 1754 3600 1
5696 1754 7178 1
3641 7178 3600 1
6617 3106 4880 1
1296 5982 2449 1
4853 1633 4783 1
7179 3650 3651 1
7179 4832 4891 1
7132 5419 6142 1
7179 2148 3650 1
3657 7180 3656 1
2177 7180 4180 1
3656 7180 2177 1
7181 5855 3658 1
5855 2150 3658 1
3659 7181 3658 1
7192 5966 5968 1
938 7164 7413 1
3668 4988 4990 1
2310 7410 5926 1
3672 5903 4991 1
1848 6127 4941 1
2265 7391 7172 1
5919 2277 5912 1
3698 4992 3697 1
7182 2268 4994 1
7182 4993 2268 1
4997 7183 2285 1
5916 7183 5914 1
1575 3715 7185 1
7185 7491 1575 1
7185 3715 3720 1
4998 7186 2299 1
5921 7186 5920 1
5908 1662 7170 1
6060 3723 3722 1
3724 7187 2307 1
2307 7187 7408 1
3724 3725 7187 1
7188 3726 5001 1
3727 5950 5081 1
3728 5082 5084 1
5086 7190 2388 1
2388 7190 4266 1
7413 2387 5088 1
4266 2387 7413 1
984 5089 7192 1
984 7192 3732 1
5090 7191 2396 1
5965 7191 5964 1
5984 1937 1920 1
4277 7228 7427 1
4277 1035 7228 1
5093 7193 2410 1
2410 7193 4281 1
3751 7194 3750 1
2418 7194 4296 1
2232 5889 5894 1
3750 7194 2418 1
7195 2417 5094 1
4296 2417 7195 1
1068 6325 7196 1
1068 7196 7198 1
5984 1900 1931 1
4961 5884 7485 1
1110 3758 7197 1
1110 7197 4128 1
4955 5881 7486 1
1110 7434 3758 1
1068 7198 3759 1
2207 5879 2209 1
3761 5976 3760 1
1220 5118 7200 1
1220 7200 3764 1
1331 1316 2139 1
3764 7200 3763 1
7203 7202 2491 1
2491 7202 4316 1
7204 2526 5176 1
6029 7432 7204 1
7205 2534 5178 1
6033 6036 7205 1
1740 3772 7206 1
4327 1740 7206 1
4793 314 2061 2
7206 3772 3774 1
5188 7207 2562 1
2562 7207 4332 1
3779 7208 2564 1
2564 7208 4335 1
3779 3776 7208 1
1695 5188 7781 1
7781 4320 1695 1
7209 2563 5189 1
4335 2563 7209 1
5190 7210 2579 1
2579 7210 4357 1
3796 3795 7211 1
1558 7211 3797 1
4947 5761 4363 1
1558 3796 7211 1
7480 2578 5192 1
4357 2578 7480 1
3800 3799 7212 1
7212 3723 1551 1
3578 5718 6053 1
1551 3800 7212 1
3803 7214 3805 1
2588 7214 4369 1
7119 3889 7580 1
3805 7214 2588 1
5193 7216 2595 1
2595 7216 4381 1
7217 2594 5194 1
4381 2594 7217 1
5707 5711 145 1
7044 3819 3818 1
3506 7184 7750 1
3823 6067 3822 1
7455 2490 5195 1
4316 2490 7455 1
1811 5196 7219 1
1811 7219 5197 1
3824 3826 7220 1
4319 1774 7220 1
1774 3824 7220 1
1846 5198 7519 1
4411 1846 7519 1
7002 5684 3433 1
3829 5197 3828 1
5199 7222 2615 1
6076 7222 6075 1
3841 7520 2623 1
2623 7520 4419 1
6499 7224 7225 1
7524 7224 4425 1
3845 3846 7225 1
2629 7225 6081 1
5202 7226 2632 1
2632 7226 6084 1
1931 7345 7857 1
7522 5200 2627 1
3849 2627 3848 1
7522 2627 3849 1
5208 7229 3857 1
3857 7229 4443 1
3698 7230 3859 1
2271 7230 4446 1
5667 5013 1325 1
3859 7230 2271 1
7232 2642 6093 1
4446 2642 7232 1
3864 7233 3863 1
2647 7233 4454 1
3863 7233 2647 1
1046 5209 7235 1
1046 7235 4148 1
5210 7236 2651 1
2651 7236 4457 1
7237 3866 3867 1
4457 2650 7237 1
7124 7306 3132 1
7237 2650 3866 1
6042 2858 516 1
999 7239 3870 1
5211 7238 2657 1
2657 7238 6099 1
1805 3756 1830 1
946 5213 7240 1
946 7240 5215 1
6025 2867 6301 1
3873 6102 3872 1
5214 7241 2666 1
2666 7241 6106 1
7199 5654 7392 1
5220 3875 6121 1
3878 6164 3877 1
2684 2679 2661 1
6160 5272 3879 1
6776 5291 5293 1
5293 5291 2792 1
7244 3881 2828 1
5309 7244 328 1
6218 7245 3882 1
7246 3883 2828 1
5317 7246 368 1
7247 2846 6284 1
5275 6282 7247 1
2849 7248 7575 1
7249 2888 5348 1
7249 5340 5341 1
7250 4484 6367 1
6363 2916 7250 1
5354 3888 7577 1
7119 7378 3889 1
7251 2936 5370 1
7251 5369 2936 1
1035 5091 7228 1
277 1284 1359 1
3895 6633 7254 1
3894 3895 7254 1
7254 3893 7255 1
4501 3894 7255 1
632 5639 3419 1
3894 7254 7255 1
7340 5413 7257 1
7340 7257 5414 1
7258 3030 6526 1
7258 5415 3030 1
6599 3896 3897 1
426 5425 7259 1
7328 7259 5426 1
5435 7260 3899 1
3899 7260 4501 1
3900 3901 7261 1
6368 316 7261 1
3243 459 5603 1
316 3900 7261 1
7263 2930 5436 1
7263 5360 5362 1
420 5443 7264 1
420 7264 5444 1
5071 5067 7243 1
5457 7266 3905 1
5426 3054 7328 1
524 5462 7268 1
524 7268 5784 1
7269 2957 5463 1
6431 2957 7269 1
6630 3129 6370 1
430 5471 7271 1
6551 7599 7271 1
3345 5597 7215 1
6462 5392 3911 1
503 5363 7273 1
6337 7783 7273 1
6652 3140 7274 1
7275 3141 6657 1
7275 5476 6653 1
570 5590 3333 1
3920 5468 3919 1
7276 3167 5487 1
6678 6679 7276 1
7277 7707 3927 1
7277 5308 2826 1
6881 7218 3319 1
3928 7277 3927 1
7279 3929 6557 1
7280 3040 5497 1
6536 3040 7280 1
7281 3183 3931 1
7281 5491 5493 1
3932 7281 3931 1
3319 5582 7221 1
7283 2941 3933 1
7283 5372 2941 1
824 5058 884 1
3307 5578 3306 1
3937 2944 7284 1
3936 5513 7284 1
6850 7227 3290 1
3939 7573 3938 1
638 3291 7231 1
5519 3939 6723 1
502 5536 7286 1
7286 4544 502 1
7287 3942 3943 1
6757 6774 7287 1
7234 5569 6849 1
2676 876 2675 1
7652 3945 498 1
3945 3231 7288 1
3249 5547 7288 1
552 5550 7290 1
552 7290 5551 1
6124 6830 3278 1
3949 6815 3948 1
5572 7292 3950 1
3952 6872 3951 1
3953 3308 7294 1
3313 5580 7294 1
763 5561 3275 1
6970 3952 3954 1
7295 3955 6832 1
7296 3337 3956 1
6904 6905 7296 1
3957 7296 3956 1
3269 5558 6134 1
3957 3339 7297 1
3343 5595 7297 1
3958 6221 6922 1
6920 3346 7298 1
5600 3352 3960 1
776 754 813 1
7299 3331 5628 1
7299 5587 5589 1
7300 3316 5631 1
6878 6879 7300 1
7301 3280 5632 1
6832 6833 7301 1
7302 3416 3964 1
6986 3416 7302 1
7313 2333 6197 1
3267 6816 3266 1
7256 5552 6972 1
3966 5637 7617 1
3258 6799 3257 1
3968 5595 3967 1
7564 6998 3429 1
5036 734 3934 1
7304 3342 3970 1
7675 3342 7304 1
5038 697 5036 1
5534 6743 588 1
7703 7278 7272 1
6994 3966 3972 1
3974 7305 3973 1
3440 7305 4574 1
3222 5531 6248 1
3973 7305 3440 1
7307 3227 5653 1
6762 3227 7307 1
288 5655 7308 1
1038 6668 4921 1
7309 3428 3978 1
7697 3428 7309 1
665 697 5037 1
581 7278 7703 1
3214 5526 6289 1
3980 6701 3979 1
7311 3098 3981 1
6605 6606 7311 1
3982 7311 3981 1
3207 5522 7282 1
7312 3439 3989 1
4574 3439 7312 1
3198 6720 3197 1
3990 7312 3989 1
7314 2312 3991 1
7314 5001 5928 1
1122 7303 1074 1
7285 3937 5513 1
5662 7315 3467 1
7039 7315 7037 1
3994 7316 3469 1
3469 7316 7723 1
3994 7314 7316 1
7279 7291 3929 1
3996 5662 3995 1
7319 3468 3997 1
7722 3468 7319 1
3998 7319 3997 1
7293 3177 5491 1
4001 3470 7320 1
3476 5663 7320 1
4002 7321 3472 1
3472 7321 4605 1
6689 6690 3172 1
4002 3996 7321 1
5664 7322 2600 1
2600 7322 4606 1
7323 3478 4004 1
4606 3478 7323 1
4005 7323 4004 1
504 5138 5735 1
544 5772 6688 1
4007 5663 4006 1
1182 7303 1122 1
1189 7303 1182 1
5486 6674 6677 1
4009 7057 5683 1
4948 7325 3497 1
3497 7325 4615 1
7739 3496 5685 1
4615 3496 7739 1
1040 3971 1152 1
891 5686 7327 1
891 7327 4016 1
5307 5825 7388 1
4015 7064 4014 1
1202 1354 1320 1
6023 7329 3504 1
1572 3992 6220 1
3916 5836 6654 1
4018 7068 4017 1
7330 4019 4020 1
7330 5688 3510 1
7330 3510 4019 1
4046 3526 7331 1
3532 5691 7331 1
7332 4049 3531 1
7332 4045 4049 1
5469 6631 3129 1
7332 902 4045 1
4052 7333 3537 1
3537 7333 7775 1
7324 5018 1389 1
7310 5460 3105 1
4060 7334 3521 1
4689 7334 4688 1
7335 3540 5692 1
4651 4689 7335 1
1648 5190 7474 1
7474 3784 1648 1
7337 3452 7605 1
7337 5642 5657 1
5015 1379 5017 1
7338 4070 4071 1
7338 4955 2208 1
2540 6043 2539 1
7338 2208 4070 1
4071 3547 4072 1
4072 3547 4703 1
4073 4074 7339 1
7339 5877 1821 1
5452 5454 7317 1
1821 4073 7339 1
164 159 5504 1
4075 7090 5713 1
187 5452 7317 1
4076 5716 5718 1
5667 1349 5013 1
1488 5720 7342 1
1488 7342 4081 1
196 6715 7318 1
4081 7342 4080 1
3664 7344 4092 1
3605 7344 4727 1
4092 7344 3605 1
1455 5006 5007 1
7346 4096 4097 1
5220 7140 7346 1
7346 3611 4096 1
4098 7348 2172 1
2172 7348 7821 1
4098 3666 7348 1
6682 359 5429 1
5748 7349 2202 1
2202 7349 7146 1
3692 4117 7350 1
4119 7350 4118 1
3056 5427 3055 1
1783 3692 7350 1
5756 7352 2701 1
2701 7352 4758 1
1295 2155 4125 1
1295 4898 2155 1
4126 1295 4125 1
7326 5427 7279 1
3659 2179 7353 1
2176 5765 7353 1
426 7328 3906 1
4128 7197 4127 1
7355 4132 4133 1
3046 3045 5425 1
7355 3635 4132 1
7356 2404 5769 1
6479 1259 5121 1
4143 7357 3623 1
3623 7357 7846 1
4143 4144 7357 1
3046 5422 3045 1
7358 3614 4145 1
4734 3614 7358 1
7326 5422 3046 1
4146 7358 4145 1
4497 7546 5417 1
4148 7235 4147 1
4150 7361 4149 1
3427 7361 4780 1
6419 6943 2951 1
4149 7361 3427 1
7363 3642 4151 1
4780 3642 7363 1
6178 5415 7258 1
4152 7363 4151 1
7364 4154 3608 1
7340 5414 5416 1
2107 4156 4871 1
7366 2131 5833 1
7366 4157 2131 1
7367 2127 5829 1
7367 4159 2127 1
7368 2129 5831 1
7368 4162 2129 1
7369 4164 2158 1
7369 2117 4850 1
7370 4165 2159 1
7370 2108 4841 1
7371 4166 2161 1
7371 2110 4845 1
2972 5407 2973 1
4167 5852 4102 1
7372 4168 4169 1
7372 4167 2170 1
2929 6383 7343 1
7372 2170 4168 1
5402 6472 2981 1
7372 3650 4167 1
7354 2964 5393 1
4178 4165 5765 1
7347 6464 2976 1
4179 4180 7158 1
4180 7180 4178 1
5418 5390 2970 1
4182 5854 4181 1
7380 2178 4183 1
7380 7381 2178 1
4184 7380 4183 1
7381 3658 4182 1
7380 2179 7381 1
5394 5384 6876 1
5901 5897 4197 1
2210 5900 7383 1
7383 4958 5882 1
7384 2246 5903 1
7384 4990 5904 1
4197 7385 4199 1
2248 7385 4203 1
6442 369 5382 1
4199 7385 2248 1
7387 2233 5890 1
7387 4991 5906 1
7006 3412 6982 1
4203 7385 3668 1
7360 2947 5377 1
5907 4225 4202 1
7172 4993 7390 1
2381 5956 2380 1
7362 5376 5378 1
4235 7390 4234 1
7393 7394 3705 1
1513 1542 4986 1
6393 6394 2877 1
7394 3697 4235 1
7393 2270 7394 1
7395 2272 4995 1
7395 4994 5910 1
4238 7396 4243 1
2278 7396 4246 1
2913 6357 7365 1
4243 7396 2278 1
6935 6380 354 1
4246 7396 4245 1
2935 342 6395 1
5914 4245 5917 1
7776 7373 6966 1
5925 4259 3721 1
2291 4255 7401 1
3720 2291 7401 1
5917 1576 7107 1
5374 418 7374 1
2869 5339 7375 1
7212 4260 3723 1
6588 7376 421 1
4260 3720 7401 1
7377 7082 5335 1
5920 4257 4997 1
7401 4261 7404 1
3722 2296 7404 1
7378 5333 3889 1
2296 7401 7404 1
2844 7379 2843 1
6061 4262 3725 1
2334 2331 7313 1
4262 3722 7404 1
4263 4261 5924 1
4992 7391 2265 1
1480 7407 7188 1
7407 7408 4263 1
7408 7187 2300 1
2306 7845 7410 1
3726 2306 7410 1
7411 2378 5953 1
7411 5081 5954 1
7412 2383 5958 1
7412 5084 5959 1
5962 7414 2387 1
2387 7414 4267 1
7063 2051 2046 1
256 5307 7388 1
4266 7190 5962 1
2044 2043 7409 1
7415 2391 5089 1
7415 4267 2391 1
6243 7389 5307 1
7415 5088 4267 1
2391 7414 7417 1
3730 2391 7417 1
2395 5963 7418 1
2395 7418 5966 1
7392 2816 5305 1
5963 3730 7417 1
5964 4269 5085 1
2397 5969 7421 1
3733 2397 7421 1
3049 3048 6560 1
6237 7397 2809 1
4272 5967 4271 1
7423 3738 4273 1
7423 4272 2401 1
113 2284 5919 1
7423 2401 3738 1
7399 5301 6236 1
7423 3734 4272 1
5970 7425 2403 1
5972 7425 5090 1
4276 3741 7426 1
4665 2406 7426 1
6223 7400 2789 1
2406 4276 7426 1
2044 7409 2052 1
2801 5296 2800 1
4281 7193 7427 1
4286 7429 4294 1
2417 7429 4301 1
7402 5294 5296 1
4294 7429 2417 1
7403 2760 2766 1
4295 4296 7195 1
401 7416 5290 1
4296 7194 4294 1
6198 7405 2788 1
4301 7429 5093 1
7431 2410 7428 1
7431 4301 2410 1
2785 5287 7080 1
7431 5094 4301 1
2419 4297 7433 1
7435 2419 7433 1
7406 2775 5284 1
2423 4303 7434 1
2423 7434 7440 1
6159 2001 5778 1
5284 2775 7095 1
4303 7196 7435 1
2422 7435 7433 1
2422 6013 7436 1
3758 2422 7436 1
2422 7433 6013 1
4304 4288 7437 1
2424 7437 4764 1
2424 4304 7437 1
4304 3758 7436 1
2423 7440 4305 1
5977 2425 4146 1
4306 7441 4128 1
7441 7440 1110 1
7442 2427 7840 1
7442 4306 2427 1
4307 7442 7840 1
614 595 7422 1
245 7355 4133 1
7442 3760 4306 1
7443 3651 2171 1
7443 2454 5991 1
2455 5993 7444 1
2455 7444 4309 1
2671 5217 5219 1
4309 7444 4308 1
7446 4310 4311 1
7446 4309 2458 1
7240 2663 7558 1
7446 2458 4310 1
7239 5210 3868 1
7446 3763 4309 1
1359 1407 277 1
4312 5994 3764 1
7449 2459 4311 1
7449 7450 2459 1
4136 7449 4311 1
7450 3765 4312 1
7449 2460 7450 1
7451 2463 5997 1
7451 5123 5998 1
6012 7452 4314 1
7454 3766 6048 1
7839 7507 4394 1
2490 7839 4394 1
4316 7202 6017 1
2491 7457 4317 1
5975 1133 7526 1
2494 7458 4318 1
6018 7458 2493 1
7459 2530 6033 1
7459 5176 6034 1
7460 2536 6039 1
7460 5178 6040 1
6255 7496 309 1
7462 3773 6051 1
6220 3992 6005 1
2555 4323 7463 1
3774 2555 7463 1
1776 5185 2554 1
7463 4323 4325 1
2558 4326 7465 1
4332 2558 7465 1
2527 5174 7432 1
7465 4326 3777 1
1715 5157 5165 1
4326 3774 7463 1
7467 3778 5179 1
7430 309 278 1
4327 7206 7468 1
4332 7465 7469 1
6013 3746 7436 1
5164 1759 5157 1
4332 7207 7468 1
4333 7471 2563 1
2563 7471 4337 1
4333 4330 7471 1
2469 2468 7438 1
4334 4335 7209 1
1318 5109 5700 1
4335 7208 4333 1
2562 7469 7473 1
3780 2562 7473 1
2898 7373 7776 1
7356 5092 2404 1
7474 3780 7473 1
7471 7476 4337 1
7394 2269 3705 1
7478 2567 6057 1
5189 4337 7478 1
1423 1549 1493 1
6058 7479 2578 1
2578 7479 4362 1
1423 1437 1549 1
5138 5489 3176 1
5075 963 7445 1
4357 7210 6058 1
4353 4358 7482 1
3795 2576 7482 1
2576 4353 7482 1
4359 3800 7484 1
2581 7484 4360 1
7448 826 7447 1
2581 4359 7484 1
5052 7448 5055 1
4359 3795 7482 1
7487 2301 6061 1
7487 4360 2301 1
772 7448 5052 1
4362 7479 6062 1
7488 2583 7213 1
7488 4362 2583 1
7488 5192 4362 1
4358 3788 7490 1
3799 2580 7490 1
2580 4358 7490 1
7491 4347 1575 1
681 710 5034 1
3799 7490 7492 1
7491 3799 7492 1
2585 6064 7493 1
5193 7106 7493 1
6064 7494 2584 1
7494 6062 6063 1
783 737 735 1
4364 6063 3793 1
4365 7495 4367 1
2587 7495 4370 1
4367 7495 2587 1
7472 5019 1464 1
4369 7214 4367 1
5005 5011 1513 1
4370 7495 3797 1
6065 7498 2594 1
2594 7498 4386 1
309 7430 6011 1
7341 4381 7217 1
2243 7475 5897 1
4381 7216 6065 1
7430 365 6011 1
7278 5532 7272 1
7499 2598 6067 1
7499 4386 2598 1
7499 5194 4386 1
4382 3807 7500 1
3818 2596 7500 1
1809 4965 7483 1
2596 4382 7500 1
2211 4961 7485 1
5664 4387 4371 1
2208 4955 7486 1
4387 3818 7500 1
4391 7504 4114 1
7504 7498 1525 1
7505 2603 4392 1
7505 4391 2603 1
4393 7505 4392 1
6005 3992 4937 1
7505 3822 4391 1
1356 1459 7336 1
7508 2605 5196 1
7508 4394 2605 1
7508 5195 4394 1
2607 6070 7509 1
2607 7509 6071 1
6070 3825 6069 1
4395 3835 7511 1
3826 2606 7511 1
2606 4395 7511 1
6020 4397 4396 1
14 10 16 1
4397 3826 7511 1
4398 6072 5198 1
2609 6073 7514 1
3827 2609 7514 1
2612 6074 7515 1
4419 2612 7515 1
6074 3827 7514 1
7516 3833 4402 1
7516 4401 2613 1
7516 2613 3833 1
7501 7526 1133 1
7516 3828 4401 1
6075 4399 5150 1
7477 1526 1505 1
6078 4419 7515 1
1526 1548 1505 1
4419 7520 7519 1
2627 6079 7521 1
3848 2627 7521 1
4131 7522 3849 1
4425 4131 7523 1
1243 1269 1307 1
7524 2628 7530 1
7524 4425 2628 1
4427 6081 7525 1
6528 3033 6711 1
4828 7506 4810 1
7524 4428 7224 1
6083 7527 2631 1
6088 7527 5199 1
7171 5105 7189 1
6087 6085 4429 1
7530 6087 2633 1
4426 2633 4431 1
7530 2633 4426 1
6085 3848 7521 1
235 4799 7510 2
1219 4838 4816 1
1662 4978 7481 1
1764 4972 4973 1
7860 4805 4804 2
4432 5739 2635 1
6090 7532 4442 1
4704 4442 7532 1
3192 7529 170 1
6091 7534 4444 1
4703 4444 7534 1
4416 4444 1803 1
4702 1803 4444 1
7535 4443 2641 1
7535 3857 4443 1
7393 7536 4445 1
2642 7536 4447 1
4445 7536 2642 1
3700 4446 7232 1
1581 7624 4859 1
4446 7230 4445 1
7673 2660 6102 1
4447 7536 6057 1
6093 2567 4068 1
3629 7517 4760 1
4452 4448 6094 1
7005 9 4800 1
4453 4454 5209 1
4454 7233 4452 1
7542 4455 2648 1
7542 2646 6094 1
2649 6095 7543 1
2649 7543 4778 1
6096 7544 2650 1
2650 7544 4458 1
4457 7237 7545 1
4076 3578 6049 1
1120 7526 7501 1
4457 7236 6096 1
7743 7528 4618 1
4458 7544 4148 1
7548 4459 4460 1
7548 4458 2652 1
6684 6694 7693 1
7548 2652 4459 1
624 7686 6546 1
7548 3866 4458 1
2651 7545 7549 1
3868 2651 7549 1
2655 6097 7551 1
2655 7551 4462 1
3429 6998 4569 1
6097 3868 7549 1
6098 7550 2656 1
6103 7550 6101 1
1643 7223 1792 1
7552 2658 5213 1
7552 4462 2658 1
1756 1797 4931 1
7552 7239 4462 1
2658 7551 7554 1
3871 2658 7554 1
2663 6104 7555 1
2663 7555 4466 1
3968 7537 6842 1
6104 3871 7554 1
7538 3940 7651 1
4464 6101 3867 1
7556 2653 4460 1
7556 4464 2653 1
6654 7539 6554 1
4465 7556 4460 1
7556 3872 4464 1
6105 7557 2665 1
6111 7557 5211 1
7270 6632 4492 1
4466 7555 6108 1
7558 2667 6109 1
7558 4466 2667 1
1549 1579 7531 1
663 5638 7533 1
2673 6116 7559 1
4680 2673 7559 1
7560 3873 2664 1
5988 7541 5039 1
4468 6163 3884 1
7561 2756 4469 1
7561 4468 2756 1
4470 7561 4469 1
7547 6454 3908 1
7561 3877 4468 1
2745 6150 7562 1
3879 2745 7562 1
2752 6172 7563 1
4853 7817 1633 1
5778 2001 1979 1
6172 3879 7562 1
7565 336 6209 1
7565 6204 336 1
2762 7566 4471 1
6210 7566 2795 1
2806 6228 7567 1
3881 2806 7567 1
6254 3881 7567 1
6079 3844 6078 1
4475 6217 6257 1
2831 7569 4476 1
5475 7569 2830 1
7570 3890 2845 1
7570 2842 6274 1
7571 331 6283 1
6280 331 7571 1
6284 2847 4469 1
1502 1579 1549 1
4339 7553 4341 1
4479 6283 3922 1
7575 2848 4480 1
5637 6982 6055 1
4481 7575 4480 1
7503 6854 5778 1
627 3208 5524 1
2498 5153 6019 1
4482 6321 6340 1
2904 7576 4483 1
6341 7576 2903 1
6367 2918 4485 1
1722 4968 1768 1
2914 6358 7578 1
3888 2914 7578 1
6848 6135 6846 1
7579 3888 7578 1
2870 6304 7581 1
3889 2870 7581 1
7580 4483 6311 1
4969 1656 7572 1
7580 3889 7581 1
2845 7582 4477 1
6398 7582 2937 1
7583 4488 2939 1
7583 2938 6399 1
7584 4489 6403 1
3433 7788 7737 1
7585 4490 2944 1
7585 2837 6408 1
7586 3937 6658 1
3260 6801 6125 1
3006 6496 7587 1
6500 7587 6498 1
6515 7589 7588 1
4495 6517 7588 1
7588 7589 3920 1
7589 6632 255 1
7588 3023 7590 1
4494 4495 7590 1
7590 4493 7591 1
4502 4494 7591 1
4494 7590 7591 1
6517 3893 6515 1
4495 7588 7590 1
2969 6454 7547 1
4964 1709 4966 1
3027 6519 7594 1
3027 7594 6520 1
627 5523 3208 1
7546 6523 6525 1
7546 3031 5417 1
4970 4962 6366 1
4497 4498 7595 1
3897 3032 7595 1
3032 4497 7595 1
6600 4499 3914 1
4499 3897 7595 1
3045 6543 7598 1
3898 3045 7598 1
3052 6550 7599 1
3052 7599 6551 1
7568 6872 3952 1
6550 3898 7598 1
7601 4501 7255 1
7601 3899 4501 1
4502 4489 7602 1
3901 3080 7602 1
3939 6719 7573 1
3080 4502 7602 1
4503 4488 7603 1
6369 6954 7603 1
7628 7274 7574 1
2920 4503 7603 1
5429 3048 3049 1
4503 3901 7602 1
6384 7606 4504 1
4798 6569 338 2
7607 3022 6513 1
7607 4504 3022 1
7607 5436 4504 1
3075 6574 7609 1
3903 3075 7609 1
3090 6593 7610 1
3090 7610 6594 1
4153 2122 7592 1
6593 3903 7609 1
2787 6195 7613 1
3904 2787 7613 1
7612 4473 6198 1
6691 3176 6494 1
475 5338 2878 1
7612 3904 7613 1
4507 6603 6607 1
3101 7615 4508 1
6608 7615 3100 1
4509 6552 5461 1
7616 3107 6616 1
7616 4509 3107 1
7814 6169 2755 1
7616 7267 4509 1
7470 3634 7159 1
4511 6416 4510 1
4121 4686 7597 1
3110 4512 7174 1
2520 7087 3566 1
4513 6430 6619 1
3026 7618 4496 1
6620 7618 3111 1
3021 3895 7619 1
6513 3021 7619 1
7620 3905 3101 1
7620 3130 6638 1
3053 6639 7621 1
6552 6553 7621 1
2974 6460 7622 1
3911 2974 7622 1
6644 7622 3005 1
6644 3911 7622 1
7623 3135 6645 1
7623 4515 3135 1
7623 3912 4515 1
1723 7593 7223 1
4939 735 4946 1
4516 4510 7625 1
6338 6339 7625 1
153 5706 7604 1
2901 4516 7625 1
7627 425 6555 1
6651 425 7627 1
7539 3055 6554 1
735 688 4946 1
7628 462 6655 1
7628 6652 7274 1
6657 4518 7600 1
7611 1760 4945 1
3147 5513 3936 1
4936 6836 1822 1
7787 4066 7605 1
6664 3918 4519 1
4522 6628 4521 1
7631 3159 4523 1
7631 4522 3159 1
5690 3517 7030 1
4493 7631 4523 1
7061 7614 3496 1
7631 3919 4522 1
4533 6253 4532 1
7633 3174 3988 1
7633 4533 3174 1
136 5516 3453 1
4534 7633 3988 1
3093 384 7011 1
7633 3927 4533 1
7291 6704 7635 1
7291 3056 6704 1
7636 4505 6558 1
6571 6591 5490 1
4569 6056 3428 1
7636 3929 7635 1
6988 709 6994 1
4535 6535 5418 1
7638 3039 6533 1
7638 4535 3039 1
5637 3417 7617 1
7638 5497 4535 1
7639 502 4536 1
7639 6698 502 1
4537 7639 4536 1
7641 3194 4538 1
7641 4537 3194 1
3917 7641 4538 1
1795 1768 4971 1
7641 3931 4537 1
7643 282 4523 1
7643 6403 282 1
4539 7643 4523 1
7533 6976 663 1
6713 3933 4539 1
4490 267 7645 1
4540 6714 7645 1
7646 6483 4520 1
7646 4540 3195 1
7632 5634 6977 1
7646 3935 4540 1
6955 6956 3333 1
4541 6718 3926 1
3938 4541 7649 1
6721 7649 6681 1
6127 1797 4941 1
3199 3938 7649 1
7651 4542 3231 1
7651 3230 6767 1
7596 545 466 1
3247 7010 423 1
4543 6773 3941 1
3942 4543 7653 1
6775 7653 6772 1
6930 5601 3353 1
3239 3942 7653 1
3244 6782 7654 1
6726 2803 5299 1
6917 7637 6845 1
7286 6785 4544 1
4542 5533 7656 1
6902 3272 3277 1
6787 4545 6762 1
7657 3960 3254 1
7657 3251 6794 1
3245 6795 7658 1
7658 5544 3245 1
3252 6791 7659 1
6796 3947 7659 1
3256 6796 7660 1
6799 7660 6797 1
888 3493 5684 1
4548 6814 3943 1
3270 3948 7662 1
6820 7662 6775 1
3239 7662 4548 1
7662 3948 4548 1
650 6059 5581 1
4549 6853 6858 1
3298 7664 3963 1
6859 7664 3297 1
3310 7642 6877 1
4551 6871 4550 1
7665 3953 4552 1
7665 4551 3308 1
7644 6863 5573 1
7665 3308 3953 1
7647 6861 5586 1
7665 3951 4551 1
4550 5596 7667 1
4553 6915 7668 1
3095 6624 6602 1
3309 4552 7669 1
3954 3309 7669 1
600 7648 5575 1
7669 4552 4554 1
635 7650 5573 1
6971 4555 3969 1
3293 6082 6855 1
4555 3954 7669 1
3304 6866 7671 1
3955 3304 7671 1
7672 4556 5564 1
6575 7001 2488 1
1643 1493 7531 1
7672 3955 7671 1
6908 7674 3338 1
7674 6903 6906 1
4557 3342 7675 1
1779 1823 1806 1
4558 6919 5568 1
7537 3288 6842 1
4923 7629 1778 1
3347 6920 7677 1
3959 3347 7677 1
7678 3355 6933 1
7678 6932 3355 1
7679 3402 6959 1
7679 5628 6960 1
7680 693 7568 1
6877 7642 7680 1
7681 3315 6971 1
7681 4560 3315 1
7681 5631 4560 1
7683 592 6972 1
6831 7670 7683 1
7684 3279 6829 1
7684 4562 3279 1
7661 6801 5570 1
7684 5632 4562 1
3277 5562 7663 1
4563 6985 3962 1
7687 3408 4561 1
7687 7688 3408 1
7337 4066 6992 1
7688 3964 4563 1
7687 3422 7688 1
3276 6827 6968 1
4565 6986 4564 1
7690 3423 3974 1
7690 4565 3423 1
4566 7690 3974 1
6812 7666 3224 1
7690 3965 4565 1
783 4915 7630 1
7692 7675 818 1
7694 3427 4568 1
7694 7695 3427 1
3958 7694 4568 1
551 6137 5564 1
7695 3967 7692 1
7694 3348 7695 1
6056 7696 3428 1
3428 7696 4578 1
4569 3428 7697 1
2961 6940 6438 1
7003 7698 3432 1
7698 6912 7131 1
3424 4566 7699 1
7700 3424 7699 1
7699 4566 4570 1
3261 7670 6831 1
4571 3972 7700 1
3438 7700 7699 1
4564 7701 4572 1
3439 7701 4590 1
6777 456 3241 1
4572 7701 3439 1
7287 3238 3942 1
4573 4574 7312 1
4574 7305 4572 1
2951 6943 6524 1
7704 3226 7013 1
7704 4575 7272 1
541 7682 5535 1
7704 5653 4575 1
7705 3928 3175 1
7705 3442 7015 1
3443 4576 7018 1
4912 7676 1734 1
3139 7018 7706 1
7706 5475 6650 1
3224 6758 7685 1
4578 7696 4577 1
7708 3445 4579 1
7708 7709 3445 1
4015 7708 4579 1
7709 3978 4578 1
7708 3446 7709 1
3210 3209 6735 1
4580 6700 4538 1
7711 4536 4544 1
7711 4580 3194 1
7689 5578 3307 1
7711 3194 4536 1
7691 6719 6732 1
7711 3979 4580 1
7712 5860 3913 1
6604 5860 7712 1
4567 1756 4867 1
6950 3891 7584 1
7714 3981 7712 1
7713 3455 7714 1
4588 5726 7715 1
6511 6684 7693 1
4590 7701 4589 1
7716 3463 4591 1
7716 7717 3463 1
4020 7716 4591 1
541 6490 5492 1
7717 3989 4590 1
7716 3464 7717 1
7718 7719 3465 1
3417 6055 6987 1
4593 7721 3468 1
3468 7721 7725 1
4593 7718 7721 1
1448 7722 7319 1
7722 7723 4593 1
7723 7316 3466 1
7724 4596 3470 1
7724 3467 7038 1
6282 6663 2801 1
4597 7040 4001 1
4598 7725 4002 1
7725 7721 1424 1
7726 3472 4599 1
7726 4598 3472 1
3177 7702 6491 1
4138 7726 4599 1
6508 6613 544 1
7726 3997 4598 1
4604 7728 3477 1
4727 3477 7728 1
7277 2826 7707 1
4604 4597 7728 1
4599 7729 1386 1
4191 1386 7729 1
3172 6511 6689 1
4599 4605 7729 1
7135 3169 7710 1
4605 7321 4604 1
7043 7731 3478 1
3478 7731 4608 1
5485 4531 3165 1
4608 7731 4607 1
7732 3479 4609 1
7732 4608 3479 1
6666 6665 3151 1
4389 7732 4609 1
7732 4004 4608 1
7734 4610 3481 1
7734 3476 7042 1
229 6661 5480 1
4126 7047 4611 1
7735 2375 7059 1
7735 5683 7060 1
7736 869 4024 1
7736 7057 869 1
4613 7736 4024 1
7737 3495 4614 1
7737 4613 3495 1
7304 7737 4614 1
899 947 7720 1
208 6590 5515 1
1557 4581 4883 1
7614 7740 4616 1
3496 7614 4616 1
4592 1324 4837 1
9 7005 15 1
6630 5469 3129 1
4615 7325 7061 1
966 945 4595 1
6993 7009 6277 1
7741 3498 5686 1
7741 4616 3498 1
7810 3121 6629 1
7741 5685 4616 1
3497 7742 4618 1
7793 1104 1076 1
3501 7743 4619 1
7064 7743 3500 1
3498 7740 7744 1
4012 3498 7744 1
3502 7065 7745 1
3502 7745 4627 1
7727 5464 6623 1
7065 4012 7744 1
1594 1599 1577 1
7746 7742 845 1
7747 3505 4626 1
7747 7748 3505 1
7309 7747 4626 1
3106 6615 6571 1
7748 4014 7746 1
7747 3446 7748 1
3105 5460 3104 1
4627 7745 5086 1
7750 2388 7164 1
7750 4627 2388 1
4328 7262 4697 1
7184 7327 3502 1
4629 7751 7066 1
7738 6296 4883 1
506 6598 5458 1
4626 7752 786 1
786 7752 5687 1
4623 1341 4822 1
3096 6624 6604 1
7752 7753 4629 1
7753 6023 3504 1
6600 7733 3037 1
4631 7067 4622 1
7755 4620 4022 1
7755 4631 3503 1
7755 3503 4620 1
2334 5440 3085 1
7755 4017 4631 1
7758 4061 4632 1
7758 7068 852 1
562 6582 5440 1
7758 852 4061 1
7760 4633 3990 1
7760 4632 3512 1
7760 3512 4633 1
6564 6361 3050 1
7760 4019 4632 1
4653 4657 7762 1
4036 3522 7762 1
3522 4653 7762 1
4658 4043 7764 1
3525 7764 4666 1
3058 5428 3057 1
3525 4658 7764 1
3057 3929 7636 1
4658 4036 7762 1
3050 5424 3049 1
4664 4665 7426 1
4666 7764 4057 1
7768 4667 4668 1
7768 4666 3529 1
7768 3529 4667 1
406 5779 3133 1
7768 4044 4666 1
4669 3531 7772 1
7071 7772 842 1
4668 7773 7770 1
4049 3530 7770 1
3530 4668 7770 1
3531 4673 7772 1
7594 437 7756 1
2981 281 6487 1
4673 4049 7770 1
4678 7773 2673 1
7773 7424 2673 1
1331 1350 7761 1
4679 4680 7559 1
4680 7775 4678 1
7775 7333 3534 1
4683 4676 5215 1
4688 7777 3540 1
3540 7777 4690 1
7778 3541 7073 1
7778 4690 3541 1
7779 3532 7071 1
7779 4691 3532 1
2579 7144 7780 1
4063 2579 7780 1
4819 5975 7526 1
2871 7020 6307 1
7765 6381 6439 1
7781 2566 6054 1
7784 798 4591 1
7784 7021 798 1
6444 6436 7766 1
7786 3463 4589 1
7786 7787 3463 1
7302 7786 4589 1
2960 7767 6439 1
4591 7605 7784 1
7786 3422 7787 1
4701 5880 3677 1
7789 4208 4702 1
7789 4701 2253 1
7789 2253 4208 1
6417 7769 5462 1
7789 4070 4701 1
7791 4703 2641 1
7791 4072 4703 1
4704 4706 7792 1
4074 3548 7792 1
3548 4704 7792 1
4707 4109 7794 1
7794 4953 5878 1
7771 5372 6404 1
2205 4707 7794 1
6392 6277 383 1
4707 4074 7792 1
7795 4514 5439 1
4175 4142 1418 1
7796 3571 7093 1
7796 5713 7094 1
7035 7085 6703 1
3573 7096 7798 1
3573 7798 4709 1
4709 7798 4081 1
3572 4708 7800 1
4077 3572 7800 1
7801 4183 2178 1
7801 3583 7110 1
3584 7111 7802 1
3584 7802 4711 1
317 7774 5361 1
4711 7802 4161 1
4080 4711 7803 1
3577 7803 5859 1
3577 4080 7803 1
4712 7805 3454 1
7805 5658 3454 1
4712 4586 7805 1
6891 7014 3325 1
3561 7123 7806 1
7122 7806 7024 1
3459 7807 4717 1
2891 7783 6337 1
3982 7127 4531 1
4725 4191 7729 1
6357 5351 5359 1
4726 4727 7728 1
2877 7518 6393 1
4727 7344 4725 1
6312 6307 7790 1
4093 7129 3606 1
7811 4431 4729 1
1117 1104 7793 1
7811 1930 4431 1
7813 4429 3851 1
7813 4729 2633 1
2861 7026 6294 1
7813 2633 4429 1
7049 6243 256 1
7813 5739 4729 1
3932 7600 6656 1
7138 7136 4718 1
4731 7139 4730 1
7815 4732 4686 1
7815 4731 3612 1
7804 4808 319 2
7815 3612 4732 1
7815 4096 4731 1
4733 7818 3614 1
3614 7818 4777 1
4733 4195 7818 1
7809 6186 5316 1
4171 4734 7358 1
4734 7821 4733 1
7821 7348 2185 1
7822 1869 4741 1
461 2750 2765 1
4742 7822 4741 1
7825 3616 4106 1
7825 7826 3616 1
4108 7825 4106 1
5431 6573 3073 1
7826 4103 4742 1
7825 3617 7826 1
4741 7148 7827 1
2784 7085 7035 1
4228 4409 7828 1
4117 2263 7828 1
2769 6176 6705 1
2263 4228 7828 1
4754 4407 7829 1
4755 7829 3840 1
7812 6805 2735 1
3626 4754 7829 1
2760 7819 6173 1
4754 4117 7828 1
7830 2622 4417 1
7830 4118 4755 1
7151 7831 3628 1
3628 7831 4760 1
7152 7832 1034 1
1034 7832 5757 1
4760 7831 4759 1
4792 4795 274 2
2464 4123 7833 1
2464 7833 7155 1
7833 4123 4761 1
5319 6161 7563 1
4762 5862 4092 1
7835 3605 4726 1
7835 7836 3605 1
4007 7835 4726 1
7836 4125 4762 1
7835 3482 7836 1
7157 7837 3633 1
4776 3633 7837 1
7158 7838 1431 1
4772 1431 7838 1
4764 7437 4310 1
7840 2458 4308 1
7840 7841 2458 1
7841 4127 4764 1
7840 2427 7841 1
7842 4582 4086 1
7842 4767 3456 1
392 7823 5272 1
7842 3456 4582 1
7823 7824 6149 1
7842 4132 4767 1
2460 4135 7843 1
7163 7843 6000 1
7843 4135 4769 1
2736 6805 6145 1
6112 5216 2657 1
4775 4772 7838 1
4750 4776 7837 1
4776 7846 4775 1
7846 7357 3637 1
2062 4799 6597 2
4777 7818 4456 1
7847 2648 4455 1
7847 4777 2648 1
2612 4419 7519 1
3759 7847 4455 1
7847 4145 4777 1
3771 3773 7834 1
4778 7543 4737 1
7850 4735 4459 1
7850 4778 3615 1
2501 2500 5155 1
7850 3615 4735 1
6017 7839 2490 1
7850 4147 4778 1
4637 7852 4779 1
3642 7852 4781 1
4779 7852 3642 1
6009 7145 2482 1
4568 4780 7363 1
4780 7361 4779 1
4781 7852 4579 1
7856 3445 4577 1
7856 4781 3445 1
5047 2339 7844 1
4559 7856 4577 1
2306 5924 7845 1
7856 4151 4781 1
314 7513 341 2
7147 3914 5860 1
4154 4782 7859 1
308 7860 4804 2
2277 5913 4996 1
3150 4784 7175 1


End
